IsBadBuy,PurchDate,Auction,VehYear,VehicleAge,Make,Model,Trim,SubModel,Color,Transmission,WheelTypeID,WheelType,VehOdo,Nationality,Size,TopThreeAmericanName,MMRAcquisitionAuctionAveragePrice,MMRAcquisitionAuctionCleanPrice,MMRAcquisitionRetailAveragePrice,MMRAcquisitonRetailCleanPrice,MMRCurrentAuctionAveragePrice,MMRCurrentAuctionCleanPrice,MMRCurrentRetailAveragePrice,MMRCurrentRetailCleanPrice,PRIMEUNIT,AUCGUART,BYRNO,VNZIP1,VNST,VehBCost,IsOnlineSale,WarrantyCost
0,1257292800,ADESA,2006,3,FORD,FIVE HUNDRED,SE,4D SEDAN SE,BLUE,AUTO,1.0,Alloy,62725,AMERICAN,LARGE,FORD,6088.0,7038.0,7075.0,8101.0,7091.0,8072.0,10653.0,11656.0,,,21053,85226,AZ,8245.0,0,1313
0,1241049600,OTHER,2003,6,CHRYSLER,VOYAGER FWD 4C 2.4L,LX,MINIVAN 2.4L LX,SILVER,AUTO,2.0,Covers,81661,AMERICAN,VAN,CHRYSLER,2866.0,3798.0,3595.0,4602.0,2866.0,3798.0,3595.0,4602.0,,,99761,85018,AZ,3600.0,0,2063
0,1280793600,MANHEIM,2004,6,CHRYSLER,PT CRUISER,Tou,4D SEDAN TOURING,BLUE,AUTO,1.0,Alloy,78663,AMERICAN,MEDIUM,CHRYSLER,3816.0,4843.0,7354.0,8839.0,3349.0,4265.0,6396.0,7401.0,,,16044,21075,MD,4550.0,0,1389
0,1239235200,MANHEIM,2006,3,DODGE,STRATUS 4C 2.4L I4 S,SXT,4D SEDAN,WHITE,AUTO,1.0,Alloy,78026,AMERICAN,MEDIUM,CHRYSLER,4297.0,5635.0,5141.0,6586.0,4297.0,5635.0,5141.0,6586.0,,,21053,92337,CA,4230.0,0,1155
1,1282089600,OTHER,2006,4,FORD,TAURUS,SE,4D SEDAN SE,GOLD,AUTO,2.0,Covers,51975,AMERICAN,MEDIUM,FORD,4233.0,5587.0,7666.0,8694.0,4216.0,5578.0,7533.0,8973.0,,,19638,35004,AL,5500.0,0,754
0,1255996800,MANHEIM,2006,3,CHEVROLET,EQUINOX FWD V6 3.4L,LT,4D SUV LT,MAROON,AUTO,1.0,Alloy,79678,AMERICAN,MEDIUM SUV,GM,9146.0,11182.0,10378.0,12577.0,9319.0,11409.0,13828.0,16245.0,,,22916,80022,CO,7580.0,0,1389
0,1277164800,MANHEIM,2005,5,HYUNDAI,ACCENT,GLS,4D SEDAN GLS,GREEN,AUTO,2.0,Covers,55700,OTHER ASIAN,COMPACT,OTHER,2923.0,3967.0,5987.0,7363.0,2933.0,3921.0,5869.0,6622.0,,,20234,97217,OR,5835.0,0,754
0,1259107200,MANHEIM,2005,4,CHRYSLER,PT CRUISER,Tou,4D SEDAN TOURING,RED,AUTO,2.0,Covers,70041,AMERICAN,MEDIUM,CHRYSLER,4085.0,4995.0,4912.0,5895.0,3939.0,4781.0,7575.0,8497.0,,,20207,75236,TX,4610.0,0,1389
0,1260835200,ADESA,2006,3,CHRYSLER,SEBRING 4C,Bas,4D SEDAN,SILVER,AUTO,1.0,Alloy,67009,AMERICAN,MEDIUM,CHRYSLER,4414.0,5511.0,7951.0,9574.0,4732.0,5901.0,7990.0,9166.0,,,20207,78754,TX,5810.0,0,1020
0,1253232000,MANHEIM,2004,5,FORD,EXPEDITION 4WD V8 5.,XLT,4D SUV 5.4L XLT,WHITE,AUTO,1.0,Alloy,92609,AMERICAN,LARGE SUV,FORD,8812.0,10643.0,10017.0,11994.0,9013.0,10951.0,13369.0,15337.0,,,835,85040,AZ,10140.0,0,1630
0,1287446400,OTHER,2006,4,HONDA,ACCORD 4C,LX,2D COUPE LX AUTO,RED,AUTO,1.0,Alloy,71538,TOP LINE ASIAN,MEDIUM,OTHER,8142.0,10046.0,11666.0,14017.0,7773.0,9227.0,12003.0,13406.0,,,21053,95673,CA,9805.0,0,569
0,1236902400,OTHER,2006,3,DODGE,CARAVAN,SE,BASE,SILVER,AUTO,2.0,Covers,81469,AMERICAN,VAN,CHRYSLER,0.0,0.0,0.0,0.0,0.0,0.0,0.0,0.0,,,20740,29461,SC,4800.0,0,1763
0,1290470400,ADESA,2008,2,CHRYSLER,TOWN & COUNTRY FWD V,LX,MINIVAN 3.8L,BLUE,AUTO,2.0,Covers,90294,AMERICAN,VAN,CHRYSLER,8961.0,10611.0,12781.0,14551.0,9839.0,11104.0,13815.0,15027.0,,,1231,55369,MN,8235.0,1,1918
0,1272931200,OTHER,2005,5,CHEVROLET,MALIBU V6,LS,4D SEDAN LS,BLUE,AUTO,1.0,Alloy,69255,AMERICAN,MEDIUM,GM,5049.0,6357.0,8001.0,9534.0,5016.0,6473.0,8404.0,10154.0,,,1235,84104,UT,7475.0,1,1118
0,1238025600,ADESA,2004,5,GMC,ENVOY 4WD 6C 4.2L I6,SLE,4D UTILITY 4.2L,GREY,AUTO,1.0,Alloy,72757,AMERICAN,MEDIUM SUV,GM,9224.0,10397.0,10462.0,11729.0,7891.0,9398.0,9022.0,10650.0,,,17675,28273,NC,7645.0,0,1974
0,1270512000,OTHER,2008,2,CHRYSLER,PT CRUISER,Bas,4D SEDAN,RED,AUTO,2.0,Covers,47761,AMERICAN,MEDIUM,CHRYSLER,7342.0,7851.0,10457.0,10931.0,6949.0,7818.0,10167.0,11231.0,,,99761,74135,OK,6800.0,0,975
1,1242259200,MANHEIM,2005,4,CHEVROLET,IMPALA 3.4L V6 SFI,Bas,4D SEDAN,BLACK,AUTO,2.0,Covers,81822,AMERICAN,LARGE,GM,4573.0,5967.0,5439.0,6944.0,4573.0,5967.0,5439.0,6944.0,,,23359,92337,CA,5250.0,0,2152
0,1289952000,MANHEIM,2008,2,CHEVROLET,IMPALA V6,LS,4D SEDAN LS 3.5L FFV,BLACK,AUTO,2.0,Covers,83141,AMERICAN,LARGE,GM,7845.0,8694.0,11713.0,12629.0,7737.0,8893.0,11957.0,13225.0,,,19638,33809,FL,8350.0,0,2152
0,1287532800,OTHER,2007,3,CHEVROLET,IMPALA,LS,4D SEDAN LS,WHITE,AUTO,2.0,Covers,78967,AMERICAN,LARGE,GM,7541.0,8751.0,10660.0,11937.0,6814.0,7885.0,10481.0,11725.0,,,99750,83687,ID,6500.0,0,1974
0,1256688000,MANHEIM,2008,1,DODGE,AVENGER 4C 2.4L I4 S,SE,4D SEDAN,ORANGE,AUTO,2.0,Covers,46298,AMERICAN,MEDIUM,CHRYSLER,7893.0,8711.0,9024.0,9908.0,8419.0,9318.0,12029.0,12635.0,,,20207,75236,TX,8240.0,0,834
0,1288137600,MANHEIM,2007,3,SUZUKI,FORENZA,,4D SEDAN,BLUE,AUTO,2.0,Covers,45474,OTHER ASIAN,MEDIUM,OTHER,4324.0,5261.0,7744.0,9422.0,4417.0,5536.0,8001.0,9460.0,,,18881,37122,TN,5525.0,0,482
1,1234828800,ADESA,2004,5,DODGE,STRATUS V6 2.7L V6 M,SE,4D SEDAN,RED,AUTO,,,65282,AMERICAN,MEDIUM,CHRYSLER,3089.0,4009.0,3836.0,4830.0,3089.0,4009.0,3836.0,4830.0,,,22916,50111,IA,4690.0,0,1215
1,1254182400,MANHEIM,2004,5,SATURN,L SERIES 3.0L V6 EFI,L30,4D SEDAN L300,MAROON,AUTO,1.0,Alloy,93074,AMERICAN,MEDIUM,GM,4063.0,5545.0,4888.0,6489.0,3984.0,5427.0,4803.0,6361.0,,,21973,19440,PA,4235.0,0,2639
1,1266969600,OTHER,2005,5,CHEVROLET,AVEO,LS,4D SEDAN,RED,AUTO,2.0,Covers,57836,AMERICAN,COMPACT,GM,3204.0,4128.0,6242.0,7095.0,3401.0,4218.0,6099.0,7122.0,,,17675,27407,NC,5000.0,0,671
0,1291852800,OTHER,2005,5,FORD,TAURUS,SE,4D SEDAN SE,GREY,AUTO,2.0,Covers,65495,AMERICAN,MEDIUM,FORD,3132.0,4146.0,6538.0,7092.0,3740.0,4840.0,6317.0,7853.0,NO,GREEN,22808,73108,OK,6045.0,0,825
0,1277942400,ADESA,2008,2,DODGE,AVENGER 4C,SE,4D SEDAN,WHITE,AUTO,2.0,Covers,53722,AMERICAN,MEDIUM,CHRYSLER,7942.0,9060.0,12145.0,12957.0,8018.0,9189.0,11685.0,12739.0,,,18881,28273,NC,7680.0,0,920
0,1267660800,ADESA,2008,2,CHEVROLET,AVEO,LS,4D SEDAN LS,RED,AUTO,2.0,Covers,54810,AMERICAN,COMPACT,GM,6664.0,7283.0,10031.0,11191.0,6247.0,6943.0,9519.0,10127.0,,,20740,32219,FL,6500.0,0,671
0,1244678400,ADESA,2004,5,CHEVROLET,CAVALIER 4C 2.2L I4,Bas,4D SEDAN,SILVER,AUTO,2.0,Covers,81043,AMERICAN,COMPACT,GM,2604.0,3540.0,3312.0,4323.0,2604.0,3540.0,3312.0,4323.0,,,20833,78227,TX,2660.0,0,1243
1,1238544000,MANHEIM,2005,4,FORD,FREESTAR FWD V6 3.9L,SE,PASSENGER 3.9L SE,BLUE,AUTO,,,77707,AMERICAN,VAN,FORD,4798.0,6220.0,5682.0,7218.0,4798.0,6220.0,5682.0,7218.0,,,20392,75236,TX,5850.0,0,1506
1,1248825600,MANHEIM,2003,6,SATURN,ION 2.2L I-4 MPI DOH,3,2D QUAD COUPE LEVEL 3,BLUE,AUTO,1.0,Alloy,78967,AMERICAN,MEDIUM,GM,3815.0,5160.0,4620.0,6073.0,3396.0,4367.0,4168.0,5216.0,,,5546,33809,FL,4975.0,0,1103
0,1273536000,OTHER,2007,3,CHEVROLET,IMPALA V6,LT,4D SEDAN LT 3.5L,GREY,AUTO,1.0,Alloy,73046,AMERICAN,LARGE,GM,8629.0,10043.0,12115.0,13989.0,8635.0,10383.0,12606.0,14322.0,,,3453,84104,UT,6960.0,0,1974
1,1236643200,MANHEIM,2005,4,FORD,TAURUS 3.0L V6 EFI,SE,4D SEDAN SE,GREY,AUTO,2.0,Covers,76266,AMERICAN,MEDIUM,FORD,4179.0,5141.0,5013.0,6052.0,3215.0,4355.0,3972.0,5203.0,,,19638,37210,TN,5415.0,0,920
0,1286236800,MANHEIM,2007,3,CHEVROLET,COBALT,LT,4D SEDAN LT,RED,AUTO,2.0,Covers,56712,AMERICAN,COMPACT,GM,6164.0,7552.0,9632.0,11336.0,5887.0,7017.0,9011.0,10125.0,,,19662,60440,IL,6230.0,0,671
0,1269907200,MANHEIM,2006,4,MAZDA,MAZDA6,i,4D SEDAN I,GREY,AUTO,2.0,Covers,75193,OTHER ASIAN,MEDIUM,OTHER,8477.0,10136.0,11727.0,13053.0,8004.0,9598.0,11552.0,12684.0,,,8655,63044,MO,8070.0,0,1272
1,1270080000,MANHEIM,2002,8,JEEP,LIBERTY 2WD V6,Spo,4D SUV SPORT,BLUE,AUTO,1.0,Alloy,79791,AMERICAN,SMALL SUV,CHRYSLER,5376.0,6347.0,7958.0,8855.0,4944.0,5785.0,7594.0,8561.0,,,21973,33411,FL,6935.0,0,986
0,1273017600,MANHEIM,2006,4,PONTIAC,G6 V6,GT,4D SEDAN GT,GREEN,AUTO,1.0,Alloy,69948,AMERICAN,MEDIUM,GM,7205.0,8798.0,11023.0,12527.0,7342.0,8680.0,10614.0,12135.0,,,19662,78219,TX,7635.0,0,1118
1,1280966400,MANHEIM,2005,5,FORD,ESCAPE 2WD 4C,XLS,4D CUV 2.3L XLS,RED,AUTO,1.0,Alloy,60628,AMERICAN,SMALL SUV,FORD,5249.0,6761.0,8936.0,11511.0,5758.0,7562.0,9605.0,12445.0,,,22808,76040,TX,7440.0,0,825
0,1280275200,ADESA,2007,3,CHRYSLER,SEBRING 4C,Bas,4D SEDAN,WHITE,AUTO,2.0,Covers,70316,AMERICAN,MEDIUM,CHRYSLER,7523.0,8562.0,11445.0,12454.0,7145.0,8326.0,11017.0,11962.0,,,21053,85226,AZ,7900.0,0,1155
0,1269475200,ADESA,2007,3,TOYOTA,CAMRY 4C,LE,4D SEDAN CE,RED,AUTO,1.0,Alloy,74083,TOP LINE ASIAN,MEDIUM,OTHER,10262.0,11101.0,13945.0,14949.0,10298.0,11285.0,14349.0,15585.0,,,8172,28273,NC,10195.0,0,569
0,1286409600,OTHER,2003,7,CHEVROLET,IMPALA,Bas,4D SEDAN,WHITE,AUTO,2.0,Covers,77750,AMERICAN,LARGE,GM,2882.0,4017.0,5917.0,7189.0,2822.0,3976.0,5937.0,7317.0,,,20833,73108,OK,5935.0,0,2274
0,1292371200,MANHEIM,2004,6,SATURN,ION,3,2D QUAD COUPE LEVEL 2,BLACK,AUTO,1.0,Alloy,72006,AMERICAN,MEDIUM,GM,3603.0,4597.0,6414.0,7407.0,3816.0,5143.0,6431.0,7686.0,NO,GREEN,20740,8505,NJ,5285.0,0,803
0,1243987200,MANHEIM,2007,2,CHRYSLER,SEBRING 4C 2.4L I4 E,Bas,4D SEDAN,BLACK,AUTO,2.0,Covers,79992,AMERICAN,MEDIUM,CHRYSLER,7025.0,8164.0,8087.0,9317.0,7025.0,8164.0,8087.0,9317.0,,,3453,80011,CO,6485.0,0,1155
0,1248307200,MANHEIM,2005,4,CHEVROLET,TRAILBLAZER 4WD 6C 4,LS,4D SUV 4.2L LS,WHITE,AUTO,1.0,Alloy,83415,AMERICAN,MEDIUM SUV,GM,9145.0,10820.0,10377.0,12186.0,8277.0,10398.0,9439.0,11730.0,,,16044,22403,VA,7920.0,0,2152
0,1259712000,MANHEIM,2003,6,FORD,FOCUS,ZX5,5D SEDAN ZX5,BLACK,AUTO,1.0,Alloy,78723,AMERICAN,COMPACT,FORD,2819.0,3677.0,3545.0,4471.0,2973.0,4107.0,6002.0,7756.0,,,19619,32824,FL,3600.0,0,1455
0,1257897600,MANHEIM,2006,3,CHEVROLET,UPLANDER FWD V6,LT,PASSENGER EXT 3.5L LT,PURPLE,AUTO,1.0,Alloy,84184,AMERICAN,VAN,GM,7648.0,9203.0,8760.0,10439.0,7797.0,9518.0,12200.0,14554.0,,,19638,32824,FL,7300.0,0,2282
0,1263859200,MANHEIM,2006,4,KIA,SPECTRA,EX,4D SEDAN,BLACK,AUTO,2.0,Covers,71978,OTHER ASIAN,MEDIUM,OTHER,4457.0,5112.0,7517.0,8292.0,5156.0,5902.0,8346.0,8974.0,,,8655,77041,TX,5775.0,0,569
0,1256515200,MANHEIM,2005,4,FORD,TAURUS 3.0L V6 EFI,SEL,4D SEDAN SEL FFV,GREEN,AUTO,,,61031,AMERICAN,MEDIUM,FORD,5041.0,6143.0,5944.0,7134.0,4394.0,5495.0,7783.0,8959.0,,,18881,27542,NC,4800.0,0,825
0,1235520000,ADESA,2005,4,CHEVROLET,CAVALIER 4C 2.2L I4,Bas,4D SEDAN,BLACK,AUTO,1.0,Alloy,85015,AMERICAN,COMPACT,GM,3554.0,4467.0,4338.0,5324.0,7063.0,8582.0,8128.0,9769.0,,,18111,30212,GA,4250.0,0,1243
0,1277856000,MANHEIM,2005,5,CHEVROLET,EQUINOX AWD V6,LS,4D SUV LS,BLACK,AUTO,2.0,Covers,66274,AMERICAN,MEDIUM SUV,GM,6910.0,8669.0,10535.0,12350.0,7621.0,9263.0,10854.0,12763.0,,,21973,32824,FL,8650.0,0,1313
0,1260921600,MANHEIM,2004,5,DODGE,1500 RAM PICKUP 2WD,ST,QUAD CAB 4.7L SLT,RED,AUTO,1.0,Alloy,83464,AMERICAN,LARGE TRUCK,CHRYSLER,6527.0,8135.0,10627.0,12847.0,7128.0,8804.0,11302.0,13318.0,,,20833,75236,TX,9395.0,0,983
0,1242691200,MANHEIM,2006,3,DODGE,STRATUS V6 2.7L V6 M,SXT,4D SEDAN SXT FFV,BLACK,AUTO,2.0,Covers,53486,AMERICAN,MEDIUM,CHRYSLER,5480.0,6461.0,6418.0,7478.0,5753.0,6492.0,6713.0,7511.0,,,99750,46803,IN,6500.0,0,1086
0,1292371200,OTHER,2005,5,KIA,SORENTO 2WD,EX,4D SPORT UTILITY EX,BLACK,AUTO,1.0,Alloy,90485,OTHER ASIAN,MEDIUM SUV,OTHER,5886.0,7159.0,9721.0,10768.0,5788.0,7034.0,9535.0,10546.0,,,52492,29697,SC,7200.0,0,2062
0,1280275200,MANHEIM,2005,5,FORD,FOCUS,ZX4,4D SEDAN ZX4,GOLD,AUTO,1.0,Alloy,61041,AMERICAN,COMPACT,FORD,3957.0,5031.0,7468.0,8798.0,3103.0,4017.0,6035.0,7108.0,,,19638,33809,FL,5650.0,0,1020
0,1233014400,MANHEIM,2005,4,CHEVROLET,UPLANDER FWD V6 3.5L,Bas,PASSENGER EXT 3.5L,SILVER,AUTO,2.0,Covers,62770,AMERICAN,VAN,GM,6373.0,7337.0,7383.0,8424.0,7824.0,9013.0,8950.0,10234.0,,,19619,28625,NC,6230.0,0,1801
0,1251244800,MANHEIM,2005,4,DODGE,MAGNUM V6 3.5L V6 MP,SE,WAGON 3.5L,BLACK,AUTO,1.0,Alloy,66865,AMERICAN,SPECIALTY,CHRYSLER,8446.0,9954.0,9622.0,11250.0,7033.0,8556.0,11004.0,12642.0,,,18822,78219,TX,9165.0,0,1215
0,1274313600,MANHEIM,2003,7,HONDA,ELEMENT 4WD,EX,4D SPORT UTILITY EX,SILVER,AUTO,1.0,Alloy,82002,TOP LINE ASIAN,SMALL SUV,OTHER,6995.0,8693.0,9999.0,11475.0,6019.0,7443.0,9216.0,10700.0,,,8655,75236,TX,8485.0,0,1023
0,1249516800,MANHEIM,2006,3,PONTIAC,GRAND PRIX 3.8L V6 S,Bas,4D SEDAN,SILVER,AUTO,1.0,Alloy,77448,AMERICAN,LARGE,GM,6897.0,8449.0,7949.0,9625.0,6806.0,8421.0,7850.0,9595.0,,,99740,79932,TX,6230.0,0,1974
0,1284336000,MANHEIM,2006,4,KIA,OPTIMA 4C,LX,4D SEDAN LX,GREY,AUTO,2.0,Covers,47168,OTHER ASIAN,MEDIUM,OTHER,4507.0,5766.0,7957.0,9177.0,4561.0,5921.0,7640.0,8784.0,,,8172,27542,NC,6800.0,0,623
0,1265932800,ADESA,2006,4,NISSAN,ALTIMA,Bas,4D SEDAN,GREY,AUTO,1.0,Alloy,70274,TOP LINE ASIAN,MEDIUM,OTHER,8422.0,10247.0,11890.0,14392.0,8934.0,10602.0,12043.0,13700.0,,,20740,32219,FL,8300.0,0,686
1,1248652800,MANHEIM,2005,4,FORD,ESCAPE 2WD 4C 2.3L I,XLS,4D CUV 2.3L XLS,WHITE,AUTO,1.0,Alloy,83810,AMERICAN,SMALL SUV,FORD,5802.0,7411.0,6766.0,8504.0,6197.0,8003.0,7193.0,9143.0,,,17675,27542,NC,6100.0,0,983
0,1269993600,MANHEIM,2005,5,BUICK,LACROSSE,CXL,4D SEDAN CXL,WHITE,AUTO,1.0,Alloy,80409,AMERICAN,LARGE,GM,8154.0,9798.0,11564.0,13339.0,8356.0,10622.0,11598.0,13941.0,,,22916,80011,CO,8170.0,0,1633
0,1264464000,OTHER,2006,4,CHEVROLET,COLORADO PICKUP 2WD,LS,REG CAB 2.8L,WHITE,AUTO,2.0,Covers,83451,AMERICAN,SMALL TRUCK,GM,5342.0,6803.0,9227.0,10774.0,5041.0,6467.0,8753.0,10216.0,,,99761,85284,AZ,4500.0,0,723
0,1250553600,ADESA,2006,3,DODGE,STRATUS 4C 2.4L I4 S,SXT,4D SEDAN,BLUE,AUTO,2.0,Covers,77327,AMERICAN,MEDIUM,CHRYSLER,4489.0,5725.0,5348.0,6683.0,4837.0,6319.0,5724.0,7325.0,,,23359,91752,CA,4130.0,0,1155
0,1250208000,ADESA,2004,5,CHRYSLER,PT CRUISER 2.4L I-4,Tou,4D SEDAN TOURING TURBO,RED,AUTO,1.0,Alloy,79036,AMERICAN,MEDIUM,CHRYSLER,4854.0,6045.0,5742.0,7029.0,4608.0,5846.0,5477.0,6814.0,,,18111,37771,TN,5895.0,0,1506
0,1290384000,MANHEIM,2007,3,DODGE,CHARGER V6,Bas,4D SEDAN 2.7L,BLUE,AUTO,2.0,Covers,84009,AMERICAN,SPECIALTY,CHRYSLER,9175.0,10407.0,12918.0,14489.0,9176.0,11045.0,12989.0,14982.0,NO,GREEN,52646,27542,NC,9500.0,0,1503
0,1252886400,MANHEIM,2005,4,CHRYSLER,300 3.5L V6 MPI,Tou,4D SEDAN,GREEN,AUTO,1.0,Alloy,61321,AMERICAN,SPECIALTY,CHRYSLER,8109.0,9249.0,9258.0,10489.0,7683.0,8791.0,12058.0,14452.0,,,18880,27542,NC,10400.0,0,1215
0,1274227200,MANHEIM,2007,3,CHEVROLET,AVEO,LT,4D SEDAN LT,SILVER,AUTO,1.0,Alloy,36526,AMERICAN,COMPACT,GM,5680.0,6754.0,9107.0,10128.0,4153.0,5597.0,7868.0,9251.0,,,22916,80011,CO,6255.0,0,582
0,1290124800,ADESA,2005,5,JEEP,GRAND CHEROKEE 4WD V,Lar,4D WAGON LAREDO,RED,AUTO,1.0,Alloy,85641,AMERICAN,MEDIUM SUV,CHRYSLER,7997.0,9340.0,12307.0,14467.0,8305.0,9745.0,11814.0,13530.0,,,23359,91752,CA,9925.0,0,2022
0,1257292800,MANHEIM,2003,6,CHEVROLET,TRAILBLAZER 4WD 6C,LS,4D SUV 4.2L LS,WHITE,AUTO,1.0,Alloy,57646,AMERICAN,MEDIUM SUV,GM,5823.0,7341.0,6789.0,8428.0,5632.0,6771.0,9141.0,10559.0,,,19619,32824,FL,8800.0,0,1800
0,1257897600,MANHEIM,2005,4,DODGE,1500 RAM PICKUP 2WD,SLT,QUAD CAB 5.7L SLT,RED,AUTO,1.0,Alloy,89150,AMERICAN,LARGE TRUCK,CHRYSLER,9142.0,11256.0,10373.0,12656.0,9908.0,12115.0,14214.0,16519.0,,,19064,75236,TX,9450.0,0,983
0,1273104000,OTHER,2004,6,MITSUBISHI,GALANT 4C,ES,4D SEDAN ES,SILVER,AUTO,2.0,Covers,82219,OTHER ASIAN,MEDIUM,OTHER,4721.0,5744.0,7996.0,9729.0,3931.0,4840.0,7514.0,9211.0,,,22808,73108,OK,6135.0,0,594
0,1259712000,MANHEIM,2003,6,CHEVROLET,TRAILBLAZER 2WD 6C,LS,4D SUV 4.2L LS,SILVER,AUTO,1.0,Alloy,63677,AMERICAN,MEDIUM SUV,GM,4819.0,5972.0,5705.0,6950.0,5509.0,6624.0,8863.0,10256.0,,,20928,32824,FL,7900.0,0,1320
0,1236643200,MANHEIM,2004,5,FORD,FOCUS 2.3L I-4 DOHC,ZTS,4D SEDAN ZTS,SILVER,AUTO,1.0,Alloy,49214,AMERICAN,COMPACT,FORD,3062.0,3945.0,3807.0,4761.0,3481.0,4571.0,4259.0,5437.0,,,20207,75050,TX,5470.0,0,834
0,1276214400,MANHEIM,2002,8,NISSAN,SENTRA,GXE,4D SEDAN GXE,SILVER,AUTO,1.0,Alloy,80007,TOP LINE ASIAN,COMPACT,OTHER,2757.0,3318.0,5623.0,6306.0,2739.0,3502.0,5623.0,6513.0,,,20740,17545,PA,5120.0,0,894
0,1251417600,OTHER,2002,7,FORD,ESCAPE 4WD V6 3.0L V,XLT,4D CUV 3.0L XLT,SILVER,AUTO,1.0,Alloy,86684,AMERICAN,SMALL SUV,FORD,4445.0,5877.0,5301.0,6847.0,4336.0,5802.0,5183.0,6766.0,,,21973,32750,FL,6345.0,0,1803
0,1292284800,OTHER,2005,5,FORD,EXPLORER 4WD V6,XLS,4D SUV 4.0L FFV XLS,GOLD,AUTO,1.0,Alloy,81542,AMERICAN,MEDIUM SUV,FORD,6161.0,8138.0,9796.0,12087.0,4948.0,6753.0,7927.0,10011.0,,,99750,37421,TN,6900.0,0,1893
1,1259107200,MANHEIM,2004,5,CHRYSLER,PACIFICA FWD,,4D SPORT TOURER,GOLD,AUTO,1.0,Alloy,84931,AMERICAN,CROSSOVER,CHRYSLER,6167.0,7538.0,7160.0,8641.0,6071.0,7358.0,8962.0,11018.0,,,25100,64161,MO,7640.0,0,1503
0,1273622400,OTHER,2007,3,CHEVROLET,UPLANDER FWD V6,LS,PASSENGER EXT 3.5L,BLUE,AUTO,2.0,Covers,83716,AMERICAN,VAN,GM,8402.0,9882.0,12464.0,13816.0,6448.0,7749.0,10090.0,11806.0,,,18111,42104,KY,7270.0,0,2282
0,1232409600,OTHER,2004,5,MITSUBISHI,GALANT 4C 2.4L I4 EF,ES,4D SEDAN ES,WHITE,AUTO,2.0,Covers,57507,OTHER ASIAN,MEDIUM,OTHER,4366.0,5355.0,5215.0,6283.0,4887.0,5796.0,5778.0,6760.0,,,20234,95673,CA,5705.0,0,505
0,1290988800,OTHER,2008,2,KIA,SPECTRA,EX,4D SEDAN EX,RED,AUTO,2.0,Covers,49906,OTHER ASIAN,MEDIUM,OTHER,6601.0,7516.0,9663.0,11003.0,6837.0,7742.0,9816.0,10676.0,,,99761,85284,AZ,6942.0,0,482
0,1268697600,OTHER,2006,4,PONTIAC,GRAND PRIX,Bas,4D SEDAN,SILVER,AUTO,1.0,Alloy,56655,AMERICAN,LARGE,GM,6998.0,8383.0,10338.0,11986.0,6548.0,8143.0,10294.0,12106.0,,,19662,78426,TX,7850.0,0,1500
0,1233187200,MANHEIM,2004,5,FORD,FREESTAR FWD V6 3.9L,S,PASSENGER 3.9L,SILVER,AUTO,2.0,Covers,53769,AMERICAN,VAN,FORD,3035.0,3876.0,3778.0,4686.0,3840.0,5015.0,4647.0,5916.0,,,835,92337,CA,4635.0,0,1169
0,1266796800,ADESA,2004,6,SATURN,ION,1,4D SEDAN LEVEL 1,RED,MANUAL,1.0,Alloy,67785,AMERICAN,MEDIUM,GM,3103.0,3790.0,5925.0,6671.0,2395.0,3388.0,5220.0,6301.0,,,20928,33619,FL,4400.0,0,728
0,1256688000,OTHER,2005,4,CHEVROLET,TRAILBLAZER 2WD 6C 4,LS,4D SUV 4.2L,GREY,AUTO,1.0,Alloy,88890,AMERICAN,MEDIUM SUV,GM,7146.0,8743.0,8218.0,9942.0,7650.0,8860.0,12563.0,14550.0,,,835,85009,AZ,8495.0,0,1243
0,1281398400,ADESA,2004,6,DODGE,1500 RAM PICKUP 4WD,ST,QUAD CAB 5.7L,WHITE,AUTO,2.0,Covers,92200,AMERICAN,LARGE TRUCK,CHRYSLER,12385.0,15316.0,16520.0,19320.0,8968.0,11970.0,13116.0,15805.0,,,52117,45005,OH,12030.0,0,2062
0,1280966400,OTHER,2005,5,BUICK,RENDEZVOUS FWD,CX,4D SUV CX,GOLD,AUTO,2.0,Covers,66016,AMERICAN,MEDIUM SUV,GM,6743.0,8657.0,10453.0,12887.0,6909.0,8510.0,10936.0,12501.0,,,8655,73108,OK,7235.0,0,3115
0,1255392000,OTHER,2006,3,FORD,MUSTANG V6 4.0L V6 E,Bas,2D COUPE,BLUE,AUTO,1.0,Alloy,66187,AMERICAN,SPORTS,FORD,10004.0,11723.0,11304.0,13161.0,9657.0,11491.0,12936.0,14735.0,,,3453,84104,UT,9155.0,0,728
0,1263340800,MANHEIM,2008,2,FORD,FUSION V6,SEL,4D SEDAN SEL,GREEN,AUTO,1.0,Alloy,84401,AMERICAN,MEDIUM,FORD,10415.0,11608.0,14468.0,15748.0,10725.0,11979.0,16289.0,18194.0,,,3453,80011,CO,7985.0,0,1373
0,1259020800,MANHEIM,2005,4,CHEVROLET,MALIBU 4C,Cla,4D SEDAN CLASSIC,SILVER,AUTO,2.0,Covers,84239,AMERICAN,MEDIUM,GM,3442.0,4560.0,4217.0,5425.0,3905.0,4957.0,5562.0,9395.0,,,22808,75050,TX,4310.0,0,1243
0,1289260800,MANHEIM,2007,3,FORD,TAURUS,SE,4D SEDAN SE,GOLD,AUTO,2.0,Covers,73805,AMERICAN,MEDIUM,FORD,4978.0,6098.0,8648.0,9550.0,5793.0,7422.0,9223.0,10797.0,NO,GREEN,8172,37210,TN,5825.0,0,920
0,1248825600,OTHER,2008,1,DODGE,AVENGER 4C 2.4L I4 S,SE,4D SEDAN,SILVER,AUTO,2.0,Covers,51589,AMERICAN,MEDIUM,CHRYSLER,8194.0,9045.0,9350.0,10269.0,8601.0,9341.0,9789.0,10588.0,,,99761,74135,OK,7700.0,0,920
0,1289865600,MANHEIM,2006,4,CHRYSLER,PT CRUISER,Bas,4D SEDAN,GREEN,AUTO,2.0,Covers,74942,AMERICAN,MEDIUM,CHRYSLER,4279.0,5142.0,7811.0,8609.0,4390.0,5397.0,8029.0,9009.0,,,52598,28625,NC,5995.0,0,1389
0,1248220800,MANHEIM,2004,5,OLDSMOBILE,SILHOUETTE 3.4L V6 S,GL,4D MINIVAN EXT 3.4L,SILVER,AUTO,1.0,Alloy,65682,AMERICAN,VAN,GM,0.0,0.0,0.0,0.0,0.0,0.0,0.0,0.0,,,20740,32124,FL,6200.0,0,3910
0,1257120000,OTHER,2008,1,CHRYSLER,SEBRING 4C,LX,4D SEDAN LX,WHITE,AUTO,2.0,Covers,54527,AMERICAN,MEDIUM,CHRYSLER,8038.0,8574.0,9181.0,9760.0,7806.0,8419.0,11432.0,12248.0,,,99761,74135,OK,7400.0,0,920
0,1280707200,MANHEIM,2003,7,FORD,EXPLORER 4WD V6,XLT,4D SUV 4.0L FFV XLT,SILVER,AUTO,1.0,Alloy,83961,AMERICAN,MEDIUM SUV,FORD,5191.0,6597.0,8534.0,10150.0,4924.0,6385.0,8455.0,10153.0,,,18880,27542,NC,7435.0,0,2193
0,1273622400,OTHER,2008,2,CHEVROLET,IMPALA V6,LS,4D SEDAN LS 3.5L FFV,BLUE,AUTO,2.0,Covers,81125,AMERICAN,LARGE,GM,8169.0,9196.0,12401.0,13960.0,7804.0,8712.0,11470.0,12516.0,,,18111,42104,KY,8275.0,0,2152
1,1247529600,MANHEIM,2003,6,FORD,FOCUS 2.0L I4 EFI,SE,4D WAGON,WHITE,AUTO,1.0,Alloy,89330,AMERICAN,COMPACT,FORD,2590.0,3700.0,3297.0,4496.0,2900.0,3844.0,3632.0,4652.0,,,835,85040,AZ,3940.0,0,1543
0,1266364800,MANHEIM,2005,5,DODGE,1500 RAM PICKUP 2WD,SLT,QUAD CAB 4.7L SLT,WHITE,AUTO,2.0,Covers,81534,AMERICAN,LARGE TRUCK,CHRYSLER,8280.0,10017.0,12734.0,14447.0,8538.0,10519.0,13202.0,16265.0,,,20928,32824,FL,9100.0,0,983
0,1259020800,MANHEIM,2006,3,HYUNDAI,ELANTRA,GLS,4D SEDAN,GOLD,AUTO,2.0,Covers,66282,OTHER ASIAN,MEDIUM,OTHER,4696.0,5669.0,5572.0,6623.0,4683.0,5496.0,8079.0,9113.0,,,5546,34761,FL,6130.0,0,533
0,1234828800,MANHEIM,2002,7,CHRYSLER,TOWN & COUNTRY FWD V,Lim,MINIVAN 3.8L LIMITED,GOLD,AUTO,1.0,Alloy,66045,AMERICAN,VAN,CHRYSLER,4097.0,5033.0,4925.0,5936.0,4414.0,5370.0,5267.0,6300.0,,,17212,77041,TX,6280.0,0,1711
1,1264032000,MANHEIM,2006,4,HYUNDAI,SONATA V6,GLS,4D SEDAN GLS,BLUE,AUTO,1.0,Alloy,73900,OTHER ASIAN,MEDIUM,OTHER,6417.0,7727.0,10516.0,12041.0,6946.0,8421.0,10373.0,11946.0,,,835,85353,AZ,5950.0,0,803
1,1284595200,ADESA,2007,3,DODGE,CALIBER,SXT,4D WAGON SXT,SILVER,AUTO,2.0,Covers,57990,AMERICAN,MEDIUM,CHRYSLER,6865.0,8217.0,10656.0,12087.0,6648.0,7856.0,10371.0,11100.0,,,20740,32219,FL,7200.0,0,754
0,1279584000,MANHEIM,2003,7,DODGE,NEON,SE,4D SEDAN SE,BLUE,AUTO,2.0,Covers,78886,AMERICAN,COMPACT,CHRYSLER,2201.0,3082.0,4987.0,6983.0,1716.0,2377.0,3981.0,4928.0,,,17212,77041,TX,3465.0,0,986
0,1264032000,MANHEIM,2002,8,CHRYSLER,PT CRUISER,Lim,4D SEDAN LIMITED,GREY,AUTO,1.0,Alloy,62484,AMERICAN,MEDIUM,CHRYSLER,3102.0,3927.0,7421.0,9395.0,3615.0,4567.0,6481.0,7673.0,,,18880,29532,SC,5455.0,0,1515
0,1282694400,ADESA,2004,6,GMC,ENVOY 2WD 6C,SLE,4D UTILITY 4.2L SLE,GREEN,AUTO,1.0,Alloy,87285,AMERICAN,MEDIUM SUV,GM,6621.0,8049.0,10504.0,11885.0,4608.0,6146.0,8211.0,9936.0,,,21053,85226,AZ,7690.0,0,1243
0,1242691200,MANHEIM,2006,3,CHRYSLER,300 2.7L V6 MPI,Bas,4D SEDAN,BLACK,AUTO,2.0,Covers,56308,AMERICAN,SPECIALTY,CHRYSLER,9459.0,11179.0,10716.0,12573.0,9459.0,11179.0,10716.0,12573.0,,,835,85040,AZ,9800.0,0,1086
0,1252972800,MANHEIM,2006,3,CHRYSLER,TOWN & COUNTRY 2WD V,Bas,MINIVAN 3.3L,RED,AUTO,2.0,Covers,92550,AMERICAN,VAN,CHRYSLER,7397.0,8317.0,8489.0,9482.0,7346.0,8267.0,8434.0,9428.0,,,22808,75050,TX,5225.0,0,1918
0,1255392000,MANHEIM,2006,3,FORD,FIVE HUNDRED 3.0L V6,SE,4D SEDAN SE,GREEN,AUTO,1.0,Alloy,81242,AMERICAN,LARGE,FORD,6047.0,7327.0,7031.0,8413.0,6130.0,7006.0,7120.0,8066.0,,,5546,19440,PA,6165.0,0,1633
0,1273622400,MANHEIM,2005,5,CHRYSLER,SEBRING V6,Tou,4D SEDAN LXI,BLUE,AUTO,1.0,Alloy,85805,AMERICAN,MEDIUM,CHRYSLER,3571.0,5295.0,7238.0,8722.0,3523.0,4766.0,7044.0,8326.0,,,25100,64161,MO,4640.0,0,1373
0,1231286400,MANHEIM,2005,4,JEEP,LIBERTY 2WD V6 3.7L,Spo,4D SUV,BLUE,AUTO,1.0,Alloy,59579,AMERICAN,SMALL SUV,CHRYSLER,6598.0,7656.0,7626.0,8768.0,6569.0,7754.0,7595.0,8874.0,,,8655,75236,TX,6970.0,0,588
1,1291161600,MANHEIM,2008,2,CHRYSLER,SEBRING 4C,LX,4D SEDAN LX,GREY,AUTO,2.0,Covers,91554,AMERICAN,MEDIUM,CHRYSLER,7954.0,8858.0,11869.0,12584.0,7787.0,8684.0,11119.0,12354.0,,,19638,33809,FL,7150.0,0,1341
0,1240358400,MANHEIM,2006,3,DODGE,STRATUS V6 2.7L V6 M,SXT,4D SEDAN SXT FFV,WHITE,AUTO,2.0,Covers,84016,AMERICAN,MEDIUM,CHRYSLER,5480.0,6461.0,6418.0,7478.0,5480.0,6461.0,6418.0,7478.0,,,99750,32124,FL,4800.0,0,1503
0,1288742400,MANHEIM,2009,1,CHEVROLET,IMPALA V6,LT,4D SEDAN LT 3.5L,SILVER,AUTO,1.0,Alloy,69595,AMERICAN,LARGE,GM,9927.0,10998.0,14016.0,15278.0,9965.0,11153.0,13914.0,15474.0,,,20234,94544,CA,8570.0,0,1703
0,1271030400,MANHEIM,2007,3,BUICK,LACROSSE,CX,4D SEDAN CX,BLACK,AUTO,2.0,Covers,78334,AMERICAN,LARGE,GM,10697.0,12632.0,14723.0,16582.0,9617.0,11573.0,13754.0,15480.0,,,5546,27542,NC,7900.0,0,1506
0,1256515200,OTHER,2008,1,DODGE,CALIBER 2.0L I4 SFI,SE,4D WAGON,BEIGE,AUTO,1.0,Alloy,52886,AMERICAN,MEDIUM,CHRYSLER,7171.0,7771.0,8245.0,8893.0,7269.0,7898.0,10834.0,11413.0,,,99761,74135,OK,6700.0,0,754
0,1248912000,ADESA,2004,5,KIA,OPTIMA V6 2.7L V6 MP,EX,4D SEDAN EX,GOLD,AUTO,1.0,Alloy,65210,OTHER ASIAN,MEDIUM,OTHER,2814.0,3493.0,3539.0,4272.0,2501.0,3399.0,3201.0,4171.0,,,3453,80817,CO,4180.0,0,728
0,1271721600,OTHER,2004,6,FORD,FREESTAR FWD V6,SES,4D PASSENGER 3.9L SES,WHITE,AUTO,1.0,Alloy,84093,AMERICAN,VAN,FORD,4452.0,6085.0,7485.0,9540.0,4502.0,5756.0,8071.0,9280.0,,,1235,84104,UT,6260.0,1,1633
0,1256688000,MANHEIM,2008,1,MITSUBISHI,GALANT 4C 2.4L I4 EF,ES,4D SEDAN,SILVER,AUTO,2.0,Covers,59984,OTHER ASIAN,MEDIUM,OTHER,8742.0,9582.0,9941.0,10849.0,8746.0,9742.0,11985.0,13000.0,,,3453,84087,UT,7880.0,0,505
0,1233014400,OTHER,2005,4,FORD,TAURUS 3.0L V6 EFI,SE,4D SEDAN SE FFV,SILVER,AUTO,1.0,Alloy,90468,AMERICAN,MEDIUM,FORD,4229.0,5301.0,5067.0,6225.0,4515.0,5695.0,5376.0,6651.0,,,3453,84104,UT,3470.0,0,1053
0,1242691200,OTHER,2004,5,FORD,EXPEDITION 2WD V8 5.,Edd,4D SUV 5.4L EDDIE BAUER,WHITE,AUTO,1.0,Alloy,85288,AMERICAN,LARGE SUV,FORD,10781.0,12711.0,12143.0,14228.0,10781.0,12711.0,12143.0,14228.0,,,21053,95673,CA,9805.0,0,1113
0,1258588800,ADESA,2006,3,CHEVROLET,IMPALA,LT,4D SEDAN LT 3.5L,GOLD,AUTO,2.0,Covers,77870,AMERICAN,LARGE,GM,6659.0,8120.0,7692.0,9270.0,7320.0,8704.0,10294.0,12133.0,,,18822,78227,TX,7015.0,0,1974
0,1272326400,MANHEIM,2004,6,CHRYSLER,PT CRUISER,Lim,4D SEDAN LIMITED TURBO,SILVER,AUTO,1.0,Alloy,76559,AMERICAN,MEDIUM,CHRYSLER,4542.0,5859.0,7922.0,9590.0,3769.0,4798.0,6791.0,7880.0,,,835,85040,AZ,6140.0,0,1506
1,1265932800,ADESA,2006,4,SUZUKI,FORENZA,,4D SEDAN,GOLD,AUTO,2.0,Covers,41461,OTHER ASIAN,MEDIUM,OTHER,3712.0,4858.0,6917.0,9031.0,4263.0,5146.0,7348.0,8013.0,,,20740,32219,FL,5600.0,0,482
0,1271980800,OTHER,2006,4,MAZDA,MAZDA3,i,4D SEDAN I,WHITE,AUTO,1.0,Alloy,66946,OTHER ASIAN,MEDIUM,OTHER,8163.0,9710.0,11889.0,13997.0,7743.0,9359.0,11861.0,13298.0,,,20740,29461,SC,8100.0,0,923
0,1276041600,OTHER,2003,7,INFINITI,G35,,4D SEDAN,BLUE,AUTO,1.0,Alloy,84347,OTHER ASIAN,SPECIALTY,OTHER,7740.0,9175.0,11399.0,12656.0,7285.0,8771.0,11148.0,12514.0,,,25100,77073,TX,9790.0,0,1413
0,1257724800,MANHEIM,2005,4,CHRYSLER,SEBRING V6,Tou,4D SEDAN LXI,GREY,AUTO,,,98153,AMERICAN,MEDIUM,CHRYSLER,3337.0,5092.0,4104.0,5999.0,3632.0,4400.0,7235.0,8147.0,,,17675,27542,NC,3650.0,0,1485
0,1236038400,MANHEIM,2003,6,FORD,EXPEDITION 2WD V8 4.,XLT,4D SUV 4.6L XLT,GOLD,AUTO,1.0,Alloy,81757,AMERICAN,LARGE SUV,FORD,7338.0,8585.0,8425.0,9772.0,7282.0,8469.0,8365.0,9647.0,,,18881,30331,GA,8865.0,0,1413
0,1269475200,ADESA,2006,4,DODGE,CARAVAN GRAND FWD V6,Bas,MINIVAN 3.3L,SILVER,AUTO,2.0,Covers,78404,AMERICAN,VAN,CHRYSLER,6954.0,8473.0,10808.0,12148.0,6662.0,8530.0,9838.0,12252.0,,,3453,80817,CO,6655.0,0,1623
0,1265932800,ADESA,2004,6,CHEVROLET,VENTURE FWD V6,LS,PASSENGER EXT 3.4L,MAROON,AUTO,1.0,Alloy,53716,AMERICAN,VAN,GM,3134.0,4041.0,7687.0,9911.0,3151.0,4267.0,5334.0,8235.0,,,16926,91752,CA,6045.0,0,3376
0,1242086400,MANHEIM,2006,3,DODGE,CARAVAN GRAND FWD V6,Bas,MINIVAN 3.3L,BLUE,AUTO,2.0,Covers,52193,AMERICAN,VAN,CHRYSLER,6544.0,8170.0,7568.0,9324.0,6544.0,8170.0,7568.0,9324.0,,,19638,34761,FL,5930.0,0,1251
0,1288310400,OTHER,2007,3,CHEVROLET,IMPALA,LS,4D SEDAN LS,GREY,AUTO,2.0,Covers,74130,AMERICAN,LARGE,GM,7575.0,8746.0,11092.0,12303.0,7974.0,9249.0,11289.0,12941.0,NO,GREEN,99750,25177,WV,7900.0,0,1974
0,1247702400,MANHEIM,2005,4,PONTIAC,GRAND AM V6 3.4L V6,SE,4D SEDAN SE,MAROON,AUTO,2.0,Covers,90267,AMERICAN,MEDIUM,GM,4013.0,5060.0,4834.0,5965.0,3888.0,5110.0,4699.0,6019.0,,,18111,30272,GA,4175.0,0,2639
0,1274918400,MANHEIM,2007,3,CHEVROLET,MALIBU 4C,LS,4D SEDAN LS,GREY,AUTO,2.0,Covers,73084,AMERICAN,MEDIUM,GM,7031.0,8410.0,11074.0,13245.0,7122.0,8334.0,10931.0,11944.0,,,99750,76040,TX,7200.0,0,1038
0,1240963200,MANHEIM,2006,3,CHEVROLET,IMPALA 3.5L V6 SFI,LT,4D SEDAN LT 3.5L,BLACK,AUTO,1.0,Alloy,80783,AMERICAN,LARGE,GM,7546.0,9088.0,8650.0,10315.0,7546.0,9088.0,8650.0,10315.0,,,5546,32824,FL,6800.0,0,2152
1,1268784000,MANHEIM,2004,6,CHEVROLET,VENTURE FWD V6,LS,PASSENGER 3.4L,SILVER,AUTO,2.0,Covers,78095,AMERICAN,VAN,GM,3223.0,4372.0,6614.0,8619.0,2976.0,4337.0,4752.0,8407.0,,,16044,22801,VA,5710.0,0,4622
0,1242691200,OTHER,2007,2,CHEVROLET,IMPALA 3.5L V6 SFI,LS,4D SEDAN LS,BLACK,AUTO,2.0,Covers,60830,AMERICAN,LARGE,GM,7644.0,8892.0,8756.0,10103.0,7644.0,8892.0,8756.0,10103.0,,,19662,35613,AL,7625.0,0,1703
0,1236729600,MANHEIM,2005,4,CHRYSLER,PACIFICA FWD 3.8L V6,Bas,4D SPORT,SILVER,AUTO,2.0,Covers,47523,AMERICAN,CROSSOVER,CHRYSLER,7082.0,8238.0,8149.0,9397.0,6875.0,7925.0,7925.0,9059.0,,,21973,32824,FL,7500.0,0,975
1,1260316800,ADESA,2006,3,CHEVROLET,HHR,LT,4D SUV 2.2L LS,GREY,AUTO,,,60213,AMERICAN,MEDIUM,GM,5659.0,6736.0,9610.0,11119.0,5595.0,6703.0,9354.0,10977.0,,,21053,85226,AZ,6265.0,0,728
0,1245715200,ADESA,2006,3,MAZDA,MAZDA3 2.3L I4 MPI,s,4D SEDAN I,RED,AUTO,1.0,Alloy,54698,OTHER ASIAN,MEDIUM,OTHER,9173.0,10872.0,10407.0,12242.0,9173.0,10872.0,10407.0,12242.0,,,18822,78754,TX,9020.0,0,837
0,1248825600,ADESA,2006,3,SUZUKI,FORENZA 2.0L I4 EFI,,4D SEDAN,SILVER,AUTO,2.0,Covers,58699,OTHER ASIAN,MEDIUM,OTHER,3996.0,4973.0,4816.0,5871.0,4355.0,5569.0,5203.0,6515.0,,,20234,85226,AZ,5755.0,0,505
0,1263859200,MANHEIM,2005,5,CHEVROLET,EQUINOX FWD V6,LS,4D SUV LS,WHITE,AUTO,1.0,Alloy,78438,AMERICAN,MEDIUM SUV,GM,6497.0,7908.0,10281.0,12484.0,6598.0,7876.0,10207.0,11534.0,,,20207,77041,TX,7700.0,0,1389
0,1259020800,OTHER,2008,1,DODGE,AVENGER 4C,SE,4D SEDAN,WHITE,AUTO,2.0,Covers,46827,AMERICAN,MEDIUM,CHRYSLER,7859.0,8755.0,8988.0,9955.0,8419.0,9318.0,12029.0,12635.0,,,99761,74135,OK,7800.0,0,834
0,1254182400,MANHEIM,2001,8,FORD,TAURUS 3.0L V6 EFI,SEL,4D SEDAN SE COMFORT,BROWN,AUTO,1.0,Alloy,69340,AMERICAN,MEDIUM,FORD,2717.0,3728.0,3434.0,4526.0,1832.0,2620.0,2479.0,3330.0,,,18880,37210,TN,4200.0,0,1125
0,1276560000,MANHEIM,2007,3,CHEVROLET,IMPALA,LS,4D SEDAN LS,WHITE,AUTO,2.0,Covers,78134,AMERICAN,LARGE,GM,7911.0,8948.0,11389.0,12501.0,8029.0,9129.0,11405.0,12879.0,,,23359,92504,CA,7920.0,0,1974
0,1290988800,MANHEIM,2008,2,DODGE,NITRO 2WD V6,SXT,4D SUV 3.7L,BEIGE,AUTO,1.0,Alloy,66391,AMERICAN,MEDIUM SUV,CHRYSLER,10038.0,11516.0,13981.0,15369.0,10822.0,12225.0,14478.0,15932.0,,,1191,28625,NC,9855.0,1,630
0,1271808000,MANHEIM,2007,3,CHRYSLER,PT CRUISER,Bas,4D SEDAN,SILVER,AUTO,2.0,Covers,52010,AMERICAN,MEDIUM,CHRYSLER,6119.0,7044.0,9251.0,10292.0,5649.0,6771.0,9250.0,10221.0,,,3453,80011,CO,5740.0,0,1086
0,1278892800,MANHEIM,2007,3,CHEVROLET,IMPALA,LS,4D SEDAN LS,WHITE,AUTO,2.0,Covers,51231,AMERICAN,LARGE,GM,8019.0,9052.0,11545.0,12843.0,8029.0,9129.0,11405.0,12879.0,,,99750,85040,AZ,7800.0,0,1500
0,1242345600,OTHER,2005,4,DODGE,STRATUS V6 2.7L V6 M,SXT,4D SEDAN SXT FFV,GREEN,AUTO,1.0,Alloy,32753,AMERICAN,MEDIUM,CHRYSLER,5569.0,6584.0,6515.0,7611.0,5569.0,6584.0,6515.0,7611.0,,,99750,95673,CA,5900.0,0,882
0,1260835200,ADESA,2007,2,DODGE,CHARGER V6,Bas,4D SEDAN 2.7L SE,BLACK,AUTO,2.0,Covers,37343,AMERICAN,SPECIALTY,CHRYSLER,8579.0,9666.0,12500.0,13729.0,9823.0,10913.0,13459.0,14726.0,,,20833,78754,TX,10135.0,0,882
0,1260835200,MANHEIM,2004,5,MITSUBISHI,ENDEAVOR FWD,LS,4D SPORT UTILITY LS,GREY,AUTO,1.0,Alloy,74615,OTHER ASIAN,MEDIUM SUV,OTHER,5236.0,6118.0,8365.0,9530.0,5232.0,5965.0,8059.0,9200.0,,,20928,34761,FL,6470.0,0,569
0,1257206400,MANHEIM,2002,7,CHEVROLET,TRAILBLAZER 4WD 6C,LS,4D SUV 4.2L LS,RED,AUTO,1.0,Alloy,86052,AMERICAN,MEDIUM SUV,GM,4795.0,5941.0,5679.0,6916.0,4789.0,5930.0,8552.0,9628.0,,,18111,37210,TN,7700.0,0,2452
0,1282089600,OTHER,2007,3,KIA,OPTIMA 4C,EX,4D SEDAN,RED,AUTO,2.0,Covers,39556,OTHER ASIAN,MEDIUM,OTHER,5365.0,5752.0,8280.0,8696.0,6238.0,7350.0,9354.0,10432.0,,,19638,35004,AL,7900.0,0,582
0,1260230400,MANHEIM,2005,4,FORD,ESCAPE 2WD V6,XLT,4D CUV 3.0L XLT,SILVER,AUTO,1.0,Alloy,82981,AMERICAN,SMALL SUV,FORD,6467.0,7845.0,10745.0,12099.0,5885.0,6945.0,9840.0,11037.0,,,25100,77061,TX,7145.0,0,983
0,1283990400,MANHEIM,2007,3,DODGE,CALIBER,Bas,4D WAGON,RED,AUTO,2.0,Covers,47092,AMERICAN,MEDIUM,CHRYSLER,6247.0,7410.0,9965.0,11127.0,6176.0,7579.0,9909.0,11329.0,,,20928,33619,FL,7415.0,0,693
0,1276732800,MANHEIM,2006,4,DODGE,STRATUS V6,SXT,4D SEDAN SXT FFV,SILVER,AUTO,2.0,Covers,56285,AMERICAN,MEDIUM,CHRYSLER,6442.0,7395.0,9923.0,11031.0,6261.0,7050.0,9443.0,10045.0,,,99750,8505,NJ,6300.0,0,1086
1,1237248000,MANHEIM,2002,7,DODGE,CARAVAN FWD V6 3.3L,SE,MINIVAN 3.3L FFV SE,OTHER,AUTO,,,76955,AMERICAN,VAN,CHRYSLER,3261.0,4056.0,4022.0,4880.0,3261.0,4056.0,4022.0,4880.0,,,20740,21075,MD,3875.0,0,1923
0,1276128000,MANHEIM,2008,2,CHEVROLET,IMPALA V6,LS,4D SEDAN LS 3.5L FFV,BLACK,AUTO,2.0,Covers,72515,AMERICAN,LARGE,GM,8024.0,8900.0,11883.0,12805.0,7804.0,8712.0,11470.0,12516.0,,,10315,45011,OH,8285.0,1,1974
0,1244505600,ADESA,2007,2,CHEVROLET,IMPALA V6 3.5L V6 MP,LT,4D SEDAN LT 3.5L,SILVER,AUTO,1.0,Alloy,77019,AMERICAN,LARGE,GM,8186.0,9727.0,9341.0,11005.0,7612.0,8962.0,12070.0,13469.0,,,19662,38118,TN,7440.0,0,1974
0,1286928000,MANHEIM,2007,3,FORD,FOCUS,ZX4,4D SEDAN S,SILVER,AUTO,2.0,Covers,70309,AMERICAN,COMPACT,FORD,5659.0,7112.0,9275.0,10812.0,5472.0,6931.0,9007.0,10013.0,,,23657,92807,CA,5680.0,0,1155
1,1240444800,MANHEIM,2002,7,DODGE,CARAVAN FWD V6 3.3L,SE,MINIVAN 3.3L FFV SE,SILVER,AUTO,2.0,Covers,57687,AMERICAN,VAN,CHRYSLER,2622.0,3740.0,3332.0,4539.0,2622.0,3740.0,3332.0,4539.0,,,23359,92337,CA,5030.0,0,1551
0,1277164800,OTHER,2006,4,CHEVROLET,UPLANDER FWD V6,LS,PASSENGER EXT 3.5L,WHITE,AUTO,2.0,Covers,86741,AMERICAN,VAN,GM,6279.0,7872.0,9971.0,12022.0,5929.0,7340.0,10280.0,11452.0,,,3453,84104,UT,7305.0,0,2282
0,1265241600,MANHEIM,2007,3,DODGE,CHARGER V6,Bas,4D SEDAN 2.7L,GREY,AUTO,2.0,Covers,61502,AMERICAN,SPECIALTY,CHRYSLER,8996.0,10215.0,13406.0,15223.0,10723.0,12185.0,14135.0,15681.0,,,16044,22403,VA,8655.0,0,1215
0,1267574400,MANHEIM,2006,4,HYUNDAI,SONATA V6,GLS,4D SEDAN GLS,BLUE,AUTO,1.0,Alloy,63925,OTHER ASIAN,MEDIUM,OTHER,6980.0,8336.0,10450.0,11443.0,6524.0,7824.0,10249.0,11505.0,,,20928,32824,FL,8600.0,0,728
0,1286928000,OTHER,2004,6,FORD,F150 PICKUP 2WD V6,Her,REG CAB 4.2L XL,BLUE,AUTO,1.0,Alloy,93073,AMERICAN,LARGE TRUCK,FORD,3506.0,4429.0,7399.0,8358.0,4300.0,5547.0,7339.0,9145.0,,,18880,29697,SC,6200.0,0,620
0,1288742400,OTHER,2007,3,DODGE,CARAVAN FWD V6,SE,MINIVAN 3.3L,BLUE,AUTO,2.0,Covers,75563,AMERICAN,VAN,CHRYSLER,5746.0,7171.0,9723.0,11183.0,5070.0,6300.0,8848.0,10278.0,,,52644,77073,TX,6125.0,0,1623
0,1255392000,MANHEIM,2004,5,SUZUKI,GRAND VITARA 2WD 2.7,LX,4D SPORT UTILITY XL7,BLUE,AUTO,1.0,Alloy,65359,OTHER ASIAN,MEDIUM SUV,OTHER,5231.0,6218.0,6149.0,7215.0,5537.0,6154.0,8608.0,9243.0,,,20740,28625,NC,6265.0,0,825
0,1247616000,MANHEIM,2006,3,FORD,F150 PICKUP 2WD V6 4,STX,REG CAB 4.2L STX,SILVER,AUTO,2.0,Covers,91834,AMERICAN,LARGE TRUCK,FORD,7251.0,9504.0,8331.0,10764.0,7110.0,9082.0,8179.0,10309.0,,,5546,32824,FL,7900.0,0,620
0,1245369600,MANHEIM,2005,4,MAZDA,MAZDA3 2.3L I-4 MPI,s,4D SEDAN I,SILVER,AUTO,1.0,Alloy,72505,OTHER ASIAN,MEDIUM,OTHER,7391.0,9235.0,8482.0,10474.0,7391.0,9235.0,8482.0,10474.0,,,20928,33314,FL,8150.0,0,1038
0,1244678400,ADESA,2006,3,CHEVROLET,MALIBU 4C 2.2L I4 MP,LT,4D SEDAN LT,BLUE,AUTO,2.0,Covers,56056,AMERICAN,MEDIUM,GM,6311.0,7450.0,7316.0,8546.0,6311.0,7450.0,7316.0,8546.0,,,17675,28273,NC,7040.0,0,837
0,1238976000,MANHEIM,2007,2,CHRYSLER,PT CRUISER 2.4L I4 S,Bas,4D SEDAN,SILVER,AUTO,2.0,Covers,62737,AMERICAN,MEDIUM,CHRYSLER,6263.0,7341.0,7264.0,8428.0,6263.0,7341.0,7264.0,8428.0,,,17675,27542,NC,5200.0,0,1215
0,1278460800,MANHEIM,2007,3,CHEVROLET,UPLANDER FWD V6,LS,PASSENGER 3.5L LS,BLUE,AUTO,2.0,Covers,79908,AMERICAN,VAN,GM,7196.0,8553.0,10893.0,12825.0,7910.0,9982.0,12173.0,14483.0,,,20234,98064,WA,7135.0,0,2091
0,1265760000,MANHEIM,2004,6,PONTIAC,GRAND PRIX,GT,4D SEDAN GT,MAROON,AUTO,1.0,Alloy,79953,AMERICAN,LARGE,GM,4218.0,5368.0,6980.0,8580.0,4496.0,5530.0,7661.0,8771.0,,,8172,33809,FL,6840.0,0,1974
0,1270080000,MANHEIM,2006,4,HYUNDAI,SONATA V6,GLS,4D SEDAN GLS,BLUE,AUTO,1.0,Alloy,55174,OTHER ASIAN,MEDIUM,OTHER,7162.0,8380.0,10456.0,12004.0,6690.0,7872.0,10108.0,11539.0,,,18881,30272,GA,8510.0,0,671
0,1250035200,MANHEIM,2008,1,DODGE,CALIBER 2.0L I4 SFI,SE,4D WAGON,GOLD,AUTO,2.0,Covers,49623,AMERICAN,MEDIUM,CHRYSLER,7257.0,7861.0,8338.0,8990.0,7764.0,8444.0,8885.0,9620.0,,,20740,32124,FL,6700.0,0,693
0,1283904000,OTHER,2005,5,SATURN,ION,2,4D SEDAN LEVEL 2,GREY,AUTO,2.0,Covers,72375,AMERICAN,MEDIUM,GM,3653.0,4960.0,7066.0,8268.0,3919.0,4942.0,7237.0,8232.0,,,18111,35004,AL,5400.0,0,803
0,1290556800,MANHEIM,2006,4,HYUNDAI,SONATA V6,GLS,4D SEDAN GLS,WHITE,AUTO,1.0,Alloy,84873,OTHER ASIAN,MEDIUM,OTHER,6228.0,7481.0,9465.0,10775.0,6054.0,7428.0,9514.0,10960.0,,,5546,32824,FL,7450.0,0,853
0,1290556800,MANHEIM,2007,3,DODGE,CALIBER,Bas,4D WAGON,WHITE,AUTO,2.0,Covers,39450,AMERICAN,MEDIUM,CHRYSLER,5874.0,7208.0,9875.0,10923.0,5764.0,6905.0,9005.0,10278.0,,,19619,32824,FL,7550.0,0,642
0,1264377600,ADESA,2007,3,CHEVROLET,IMPALA V6,LT,4D SEDAN LT 3.5L,BLUE,AUTO,1.0,Alloy,78280,AMERICAN,LARGE,GM,7821.0,9174.0,11797.0,13305.0,8198.0,9616.0,11865.0,13881.0,,,16044,17406,PA,7375.0,0,1974
0,1268870400,ADESA,2007,3,CHEVROLET,HHR,LS,4D SUV 2.2L LS,SILVER,AUTO,2.0,Covers,40232,AMERICAN,MEDIUM,GM,7333.0,8263.0,11108.0,12007.0,6511.0,7804.0,10570.0,11576.0,,,20740,32219,FL,7900.0,0,623
0,1248825600,OTHER,2008,1,DODGE,CALIBER 2.0L I4 SFI,SE,4D WAGON,RED,AUTO,2.0,Covers,43866,AMERICAN,MEDIUM,CHRYSLER,7245.0,7837.0,8325.0,8964.0,7304.0,7894.0,8388.0,9026.0,,,99761,74135,OK,7400.0,0,693
0,1236297600,MANHEIM,2001,8,FORD,FOCUS 2.0L I-4 SFI S,ZX3,2D COUPE ZX3,BLUE,AUTO,1.0,Alloy,76064,AMERICAN,COMPACT,FORD,2713.0,3453.0,3430.0,4229.0,11521.0,14173.0,12943.0,15807.0,,,17675,27542,NC,3900.0,0,1455
0,1251849600,MANHEIM,2006,3,MERCURY,MONTEGO 3.0L V6 EFI,Bas,4D SEDAN LUXURY,SILVER,AUTO,1.0,Alloy,99057,AMERICAN,LARGE,FORD,8572.0,10973.0,9758.0,12351.0,8760.0,11252.0,9961.0,12652.0,,,21973,32824,FL,6100.0,0,1774
0,1237939200,MANHEIM,2001,8,CHEVROLET,MONTE CARLO 3.8L V6,SS,2D COUPE SS,MAROON,AUTO,1.0,Alloy,69793,AMERICAN,LARGE,GM,4394.0,5573.0,5246.0,6519.0,3525.0,4726.0,4307.0,5604.0,,,19638,75236,TX,5870.0,0,2003
0,1288137600,MANHEIM,2008,2,FORD,FUSION V6,SE,4D SEDAN SE,BLACK,AUTO,1.0,Alloy,86349,AMERICAN,MEDIUM,FORD,9923.0,11840.0,14111.0,15796.0,10557.0,12746.0,13853.0,16009.0,,,16044,22801,VA,8260.0,0,1373
1,1266537600,OTHER,2003,7,CHEVROLET,MALIBU V6,Bas,4D SEDAN,SILVER,AUTO,,,55610,AMERICAN,MEDIUM,GM,2809.0,3791.0,5705.0,6873.0,2961.0,3909.0,5940.0,6725.0,,,17212,79605,TX,4165.0,0,1966
0,1266451200,OTHER,2008,2,DODGE,AVENGER 4C,SE,4D SEDAN SE,SILVER,AUTO,2.0,Covers,51145,AMERICAN,MEDIUM,CHRYSLER,8170.0,8859.0,11829.0,12431.0,8936.0,9865.0,12246.0,13048.0,,,99761,74135,OK,8300.0,0,920
0,1282867200,OTHER,2008,2,JEEP,PATRIOT FWD 4C,Spo,4D SUV SPORT,GREY,AUTO,1.0,Alloy,85960,AMERICAN,SMALL SUV,CHRYSLER,8652.0,9669.0,12607.0,13461.0,9597.0,10887.0,13498.0,14995.0,,,1235,84104,UT,7850.0,1,983
0,1291161600,MANHEIM,2009,1,CHEVROLET,IMPALA V6,LT,4D SEDAN LT 3.5L,RED,AUTO,1.0,Alloy,82770,AMERICAN,LARGE,GM,9773.0,10900.0,13817.0,15077.0,9877.0,11078.0,13681.0,14913.0,,,19638,33809,FL,8650.0,0,2152
0,1267056000,ADESA,2005,5,HYUNDAI,SONATA 4C,GL,4D SEDAN,BLUE,AUTO,2.0,Covers,55741,OTHER ASIAN,MEDIUM,OTHER,3069.0,4036.0,6114.0,7062.0,4470.0,5603.0,7527.0,8315.0,,,21973,32219,FL,5800.0,0,671
0,1261008000,ADESA,2007,2,SUZUKI,FORENZA,,4D SEDAN,WHITE,AUTO,2.0,Covers,35517,OTHER ASIAN,MEDIUM,OTHER,4828.0,5797.0,8081.0,9442.0,4830.0,5684.0,8303.0,9310.0,,,19619,28273,NC,5430.0,0,462
0,1279152000,OTHER,2005,5,CHEVROLET,AVALANCHE 1500 2WD V,150,4D SUV-PICKUP 5.3L,SILVER,AUTO,1.0,Alloy,92375,AMERICAN,LARGE TRUCK,GM,11217.0,13622.0,15376.0,18310.0,11367.0,13517.0,16105.0,18337.0,,,22916,80229,CO,9940.0,0,1485
0,1289347200,MANHEIM,2006,4,TOYOTA,CAMRY 4C,Bas,4D SEDAN,SILVER,AUTO,2.0,Covers,85070,TOP LINE ASIAN,MEDIUM,OTHER,7657.0,8684.0,10975.0,13008.0,6684.0,7732.0,9438.0,11124.0,,,19619,32824,FL,7950.0,0,594
0,1274918400,MANHEIM,2002,8,CHEVROLET,TAHOE 2WD,LS,4D SUV 5.3L FFV LS,BEIGE,AUTO,1.0,Alloy,83809,AMERICAN,LARGE SUV,GM,6710.0,8131.0,9247.0,11049.0,6568.0,7951.0,10058.0,10996.0,,,835,85353,AZ,9265.0,0,2063
0,1279238400,ADESA,2007,3,SATURN,ION,2,4D SEDAN LEVEL 2,BLUE,AUTO,2.0,Covers,93635,AMERICAN,MEDIUM,GM,5936.0,7200.0,9630.0,10712.0,6218.0,7348.0,9524.0,10626.0,,,18111,37771,TN,5360.0,0,909
0,1242691200,MANHEIM,2006,3,CHEVROLET,IMPALA 3.5L V6 SFI,LT,4D SEDAN LT 3.5L,WHITE,AUTO,2.0,Covers,76648,AMERICAN,LARGE,GM,7546.0,9088.0,8650.0,10315.0,7543.0,9134.0,8646.0,10365.0,,,18111,19440,PA,7380.0,0,1974
0,1265155200,MANHEIM,2006,4,CHEVROLET,HHR,LT,4D SUV 2.2L LS,RED,AUTO,1.0,Alloy,57808,AMERICAN,MEDIUM,GM,5222.0,6311.0,9432.0,10639.0,6459.0,7633.0,10432.0,12290.0,,,5546,33809,FL,7720.0,0,671
0,1257897600,OTHER,2006,3,DODGE,CARAVAN GRAND FWD V6,Bas,MINIVAN 3.3L,GREEN,AUTO,2.0,Covers,69786,AMERICAN,VAN,CHRYSLER,5834.0,7276.0,6801.0,8358.0,6981.0,8770.0,10156.0,12484.0,,,835,85009,AZ,7195.0,0,1411
0,1247616000,MANHEIM,2007,2,FORD,FUSION 4C 2.3L I4 EF,SE,4D SEDAN SE,GREY,AUTO,1.0,Alloy,86621,AMERICAN,MEDIUM,FORD,10144.0,12216.0,11456.0,13693.0,10144.0,12216.0,11456.0,13693.0,,,21973,32124,FL,7100.0,0,853
0,1233014400,MANHEIM,2002,7,FORD,TAURUS 3.0L V6 EFI,SE,4D SEDAN SE,GREY,AUTO,1.0,Alloy,95098,AMERICAN,MEDIUM,FORD,2126.0,2959.0,2796.0,3696.0,2244.0,3183.0,2924.0,3938.0,,,18880,28625,NC,4075.0,0,1353
0,1251936000,MANHEIM,2005,4,DODGE,DURANGO 4WD V8 4.7L,SLT,4D SUV 4.7L SLT,BLUE,AUTO,1.0,Alloy,73246,AMERICAN,MEDIUM SUV,CHRYSLER,9109.0,10989.0,10338.0,12368.0,9235.0,11019.0,10474.0,12401.0,,,99740,79932,TX,8440.0,0,1623
0,1233532800,MANHEIM,2004,5,KIA,OPTIMA 4C 2.4L I4 MP,EX,4D SEDAN LX,SILVER,AUTO,2.0,Covers,81374,OTHER ASIAN,MEDIUM,OTHER,2848.0,3939.0,3576.0,4754.0,2521.0,3599.0,3223.0,4387.0,,,20928,27542,NC,2700.0,0,853
0,1266969600,MANHEIM,2002,8,NISSAN,SENTRA,XE,4D SEDAN,SILVER,AUTO,3.0,Special,77347,TOP LINE ASIAN,COMPACT,OTHER,2766.0,3542.0,6480.0,8298.0,2957.0,3832.0,5384.0,6579.0,,,23359,92807,CA,3645.0,0,869
0,1278374400,MANHEIM,2007,3,KIA,RONDO 4C,EX,4D WAGON,SILVER,AUTO,1.0,Alloy,57386,OTHER ASIAN,CROSSOVER,OTHER,7683.0,8945.0,11158.0,12666.0,7772.0,8688.0,11054.0,11838.0,,,8172,30331,GA,7245.0,0,671
0,1273622400,MANHEIM,2006,4,NISSAN,SENTRA,Bas,4D SEDAN 1.8S,WHITE,AUTO,1.0,Alloy,73360,TOP LINE ASIAN,COMPACT,OTHER,6105.0,7451.0,9249.0,10863.0,5803.0,7284.0,9485.0,10823.0,,,19064,75236,TX,5800.0,0,569
1,1283472000,ADESA,2005,5,MERCURY,MONTEGO,Bas,4D SEDAN LUXURY,BEIGE,AUTO,,,94504,AMERICAN,LARGE,FORD,6249.0,7658.0,10654.0,11973.0,6240.0,7725.0,10529.0,12111.0,,,18111,37771,TN,5960.0,0,1774
0,1248825600,MANHEIM,2006,3,KIA,RIO 1.6L I4 MPI,Bas,4D SEDAN,WHITE,AUTO,2.0,Covers,62627,OTHER ASIAN,COMPACT,OTHER,4344.0,5285.0,5192.0,6208.0,3623.0,4528.0,6574.0,7564.0,,,3453,84087,UT,5365.0,0,533
0,1238544000,MANHEIM,2006,3,CHEVROLET,MONTE CARLO 3.5L V6,LT,2D COUPE LT,BLUE,AUTO,,,73757,AMERICAN,LARGE,GM,7739.0,9077.0,8858.0,10303.0,7739.0,9077.0,8858.0,10303.0,,,20833,75236,TX,7025.0,0,1974
0,1291161600,ADESA,2007,3,CHEVROLET,EQUINOX FWD V6,LS,4D SUV LS,GREY,AUTO,1.0,Alloy,80612,AMERICAN,MEDIUM SUV,GM,9106.0,10666.0,13650.0,15989.0,8056.0,10235.0,11521.0,13858.0,,,835,85226,AZ,9515.0,0,1503
1,1255996800,MANHEIM,2004,5,DODGE,STRATUS 4C 2.4L I4 M,SE,4D SEDAN SE,SILVER,AUTO,2.0,Covers,94205,AMERICAN,MEDIUM,CHRYSLER,2429.0,3378.0,3123.0,4148.0,2436.0,3405.0,5397.0,6696.0,,,25100,75050,TX,3260.0,0,1341
0,1271289600,ADESA,2003,7,DODGE,CARAVAN FWD V6,SE,MINIVAN 3.3L SE,BLUE,AUTO,1.0,Alloy,72833,AMERICAN,VAN,CHRYSLER,3977.0,4936.0,6731.0,8096.0,3880.0,4958.0,6897.0,8321.0,,,20740,32219,FL,5700.0,0,1923
1,1280793600,MANHEIM,2006,4,CHEVROLET,COBALT,LS,4D SEDAN LS,GOLD,AUTO,2.0,Covers,80469,AMERICAN,COMPACT,GM,4694.0,5829.0,7820.0,9153.0,4747.0,5993.0,8149.0,9322.0,,,16044,21075,MD,4650.0,0,853
0,1287014400,MANHEIM,2005,5,DODGE,1500 RAM PICKUP 2WD,SLT,QUAD CAB 4.7L SLT,WHITE,AUTO,3.0,Special,73748,AMERICAN,LARGE TRUCK,CHRYSLER,8311.0,10282.0,13029.0,15262.0,7790.0,9928.0,12176.0,14264.0,,,835,85353,AZ,8850.0,0,920
0,1246320000,MANHEIM,2007,2,FORD,FUSION V6 3.0L V6 EF,SE,4D SEDAN SE,GOLD,AUTO,1.0,Alloy,79509,AMERICAN,MEDIUM,FORD,10590.0,13049.0,11937.0,14593.0,10590.0,13049.0,11937.0,14593.0,,,20928,28625,NC,7345.0,0,1272
0,1267488000,ADESA,2006,4,PONTIAC,G6 V6,GTP,4D SEDAN GTP,GREY,AUTO,1.0,Alloy,67802,AMERICAN,MEDIUM,GM,8561.0,10223.0,12287.0,14505.0,7941.0,9550.0,11718.0,13237.0,,,52117,45005,OH,8445.0,0,1118
0,1255392000,MANHEIM,2005,4,FORD,TAURUS 3.0L V6 EFI,SE,4D SEDAN SE,WHITE,AUTO,2.0,Covers,84483,AMERICAN,MEDIUM,FORD,3452.0,4582.0,4228.0,5449.0,3215.0,4355.0,3972.0,5203.0,,,5546,19440,PA,4235.0,0,983
0,1286409600,MANHEIM,2005,5,FORD,TAURUS,SE,4D SEDAN SE,SILVER,AUTO,2.0,Covers,86051,AMERICAN,MEDIUM,FORD,3346.0,4558.0,6446.0,7811.0,3666.0,4920.0,6414.0,7719.0,NO,GREEN,52644,77061,TX,5060.0,0,983
0,1271289600,MANHEIM,2005,5,CHEVROLET,VENTURE FWD V6,LS,PASSENGER EXT 3.4L LS,MAROON,AUTO,1.0,Alloy,86326,AMERICAN,VAN,GM,4250.0,5566.0,8008.0,9811.0,4144.0,5264.0,7307.0,8962.0,,,8172,29532,SC,5695.0,0,5092
1,1274832000,MANHEIM,2003,7,JEEP,LIBERTY 2WD 4C,Spo,4D SUV SPORT,WHITE,AUTO,1.0,Alloy,86787,AMERICAN,SMALL SUV,CHRYSLER,4377.0,4971.0,9566.0,10864.0,4451.0,4719.0,9521.0,10094.0,,,17212,64161,MO,5655.0,0,1023
1,1239753600,MANHEIM,2002,7,BUICK,LE SABRE Unspecified,Cus,4D SEDAN CUSTOM,GOLD,AUTO,2.0,Covers,51921,AMERICAN,LARGE,GM,4126.0,5556.0,4956.0,6500.0,3537.0,4947.0,4320.0,5843.0,,,20928,32824,FL,6400.0,0,1966
0,1288051200,OTHER,2008,2,CHRYSLER,PT CRUISER,Bas,4D SEDAN,SILVER,AUTO,2.0,Covers,63790,AMERICAN,MEDIUM,CHRYSLER,6341.0,7147.0,9967.0,10828.0,6538.0,7487.0,9995.0,10768.0,,,99761,90045,CA,6500.0,0,1215
0,1282521600,MANHEIM,2002,8,FORD,TAURUS,SE,4D SEDAN SE,GREY,AUTO,1.0,Alloy,68405,AMERICAN,MEDIUM,FORD,2283.0,3243.0,5345.0,6233.0,1941.0,3016.0,4700.0,5889.0,,,1031,33619,FL,3700.0,1,1125
0,1269561600,ADESA,2006,4,NISSAN,ALTIMA,Bas,4D SEDAN,GREY,AUTO,1.0,Alloy,71029,TOP LINE ASIAN,MEDIUM,OTHER,9149.0,10852.0,12434.0,14251.0,8675.0,10384.0,12237.0,13780.0,,,23359,91752,CA,8415.0,0,686
0,1288224000,OTHER,2006,4,DODGE,STRATUS V6,SXT,4D SEDAN SXT FFV,BLUE,AUTO,2.0,Covers,58603,AMERICAN,MEDIUM,CHRYSLER,5798.0,6802.0,9579.0,11237.0,5341.0,6351.0,8513.0,9822.0,,,99750,21014,MD,6000.0,0,1086
0,1277078400,MANHEIM,2007,3,CHEVROLET,MALIBU 4C,LS,4D SEDAN LS,BLUE,AUTO,2.0,Covers,79550,AMERICAN,MEDIUM,GM,7508.0,8469.0,10693.0,11651.0,7276.0,8527.0,11084.0,12413.0,,,99750,27542,NC,7300.0,0,1038
0,1276214400,OTHER,2007,3,CHEVROLET,IMPALA,LS,4D SEDAN LS,SILVER,AUTO,2.0,Covers,57254,AMERICAN,LARGE,GM,7843.0,8876.0,11687.0,12745.0,8008.0,8992.0,11429.0,12665.0,,,99750,73108,OK,8100.0,0,1500
0,1241740800,MANHEIM,2005,4,DODGE,STRATUS V6 2.7L V6 M,SXT,4D SEDAN SXT FFV,SILVER,AUTO,2.0,Covers,54203,AMERICAN,MEDIUM,CHRYSLER,5569.0,6584.0,6515.0,7611.0,5717.0,6933.0,6674.0,7988.0,,,99750,85040,AZ,5700.0,0,1086
0,1246320000,MANHEIM,2003,6,GMC,YUKON XL 1500 2WD 5.,150,4D UTILITY 5.3L SLT,SILVER,AUTO,1.0,Alloy,77522,AMERICAN,LARGE SUV,GM,6810.0,8113.0,7855.0,9262.0,6752.0,8046.0,7792.0,9190.0,,,20207,75050,TX,9750.0,0,1923
0,1239667200,MANHEIM,2005,4,DODGE,DURANGO 2WD V8 4.7L,ST,4D SUV 4.7L ST,GREY,AUTO,1.0,Alloy,55083,AMERICAN,MEDIUM SUV,CHRYSLER,8067.0,9556.0,9212.0,10820.0,8067.0,9556.0,9212.0,10820.0,,,19619,34761,FL,8545.0,0,1086
0,1256860800,MANHEIM,2004,5,MERCURY,SABLE 3.0L V6 4V /EF,LS,4D SEDAN LS PREMIUM,SILVER,AUTO,1.0,Alloy,90646,AMERICAN,MEDIUM,FORD,3926.0,5226.0,4740.0,6144.0,3157.0,4471.0,6726.0,8224.0,,,18822,78219,TX,3835.0,0,1053
0,1289865600,MANHEIM,2005,5,FORD,F150 PICKUP 2WD V6,STX,REG CAB 4.2L XL,GREY,AUTO,2.0,Covers,73709,AMERICAN,LARGE TRUCK,FORD,5593.0,7228.0,9594.0,11533.0,4802.0,6450.0,8728.0,10527.0,,,20833,75050,TX,7240.0,0,569
0,1275955200,ADESA,2006,4,CHEVROLET,MALIBU MAXX V6,LT,4D SEDAN LT,GREY,AUTO,2.0,Covers,75388,AMERICAN,MEDIUM,GM,6299.0,7939.0,10004.0,11573.0,5776.0,7299.0,9625.0,11153.0,,,52117,45005,OH,6895.0,0,1272
0,1260921600,MANHEIM,2006,3,FORD,FREESTAR FWD V6,SE,PASSENGER 3.9L SE,GREY,AUTO,1.0,Alloy,83441,AMERICAN,VAN,FORD,4842.0,5981.0,8544.0,9838.0,5475.0,6689.0,9101.0,10447.0,,,20234,94544,CA,5735.0,0,1633
1,1240272000,OTHER,2005,4,PONTIAC,MONTANA FWD 3.5L V6,SV6,4D MINIVAN EXT 3.4L,BROWN,AUTO,1.0,Alloy,71151,AMERICAN,VAN,GM,5086.0,6550.0,5993.0,7574.0,5086.0,6550.0,5993.0,7574.0,,,21053,95673,CA,6205.0,0,4622
0,1285027200,MANHEIM,2007,3,CHEVROLET,IMPALA,LS,4D SEDAN LS,WHITE,AUTO,2.0,Covers,66550,AMERICAN,LARGE,GM,8041.0,9209.0,11153.0,12582.0,6838.0,7964.0,9920.0,11262.0,,,835,85040,AZ,8015.0,0,1703
0,1274659200,MANHEIM,2004,6,CHRYSLER,PT CRUISER,Bas,4D SEDAN,BLACK,MANUAL,3.0,Special,56102,AMERICAN,MEDIUM,CHRYSLER,3260.0,4199.0,6757.0,7831.0,3476.0,4462.0,6584.0,7774.0,,,23359,94544,CA,5330.0,0,1086
0,1290556800,MANHEIM,2004,6,FORD,ESCAPE 2WD V6,Lim,4D CUV 3.0L LIMITED,SILVER,AUTO,1.0,Alloy,80049,AMERICAN,SMALL SUV,FORD,6811.0,8381.0,10327.0,12181.0,5953.0,7492.0,9181.0,10640.0,,,19638,33809,FL,8150.0,0,983
0,1231372800,ADESA,2005,4,CHEVROLET,CAVALIER 4C 2.2L I4,Bas,4D SEDAN,WHITE,AUTO,2.0,Covers,67650,AMERICAN,COMPACT,GM,2818.0,3670.0,3543.0,4464.0,3510.0,4369.0,4291.0,5219.0,,,18880,28273,NC,4305.0,0,1020
0,1272326400,OTHER,2009,1,CHEVROLET,COBALT,LT,4D SEDAN LT,WHITE,AUTO,2.0,Covers,79210,AMERICAN,COMPACT,GM,8919.0,9436.0,12920.0,13669.0,8402.0,8886.0,11220.0,11786.0,,,21053,95673,CA,6550.0,0,803
0,1233705600,OTHER,2006,3,DODGE,STRATUS 4C 2.4L I4 S,SXT,4D SEDAN,GREEN,AUTO,1.0,Alloy,75063,AMERICAN,MEDIUM,CHRYSLER,4611.0,5376.0,5480.0,6306.0,5141.0,6107.0,6052.0,7096.0,,,17675,29697,SC,5400.0,0,1155
0,1241654400,ADESA,2006,3,HYUNDAI,SONATA V6 3.3L V6 MP,GLS,4D SEDAN GLS,SILVER,AUTO,1.0,Alloy,65107,OTHER ASIAN,MEDIUM,OTHER,6680.0,8658.0,7714.0,9851.0,6680.0,8658.0,7714.0,9851.0,,,20928,32219,FL,6800.0,0,728
0,1279584000,MANHEIM,2005,5,PONTIAC,SUNFIRE,,2D COUPE SE,BLACK,AUTO,3.0,Special,66524,AMERICAN,COMPACT,GM,3309.0,4545.0,6843.0,8286.0,2997.0,3925.0,6126.0,7046.0,,,52492,28625,NC,5075.0,0,1020
0,1250467200,OTHER,2006,3,FORD,FOCUS 2.0L I4 SFI,ZX4,4D SEDAN ZX4,BEIGE,AUTO,1.0,Alloy,61869,AMERICAN,COMPACT,FORD,4981.0,6298.0,5879.0,7302.0,4832.0,5881.0,8317.0,9549.0,,,3453,84104,UT,6210.0,0,1020
0,1268611200,MANHEIM,2006,4,SATURN,VUE 2WD 4C,,4D CUV 2.2L,GREEN,AUTO,2.0,Covers,81010,AMERICAN,MEDIUM SUV,GM,7629.0,9420.0,11765.0,13705.0,7431.0,9267.0,10640.0,13360.0,,,18880,27542,NC,8000.0,0,1763
0,1279584000,MANHEIM,2005,5,DODGE,DURANGO 2WD V8,SLT,4D SUV 4.7L SLT,PURPLE,AUTO,1.0,Alloy,80198,AMERICAN,MEDIUM SUV,CHRYSLER,7599.0,9394.0,11678.0,13553.0,7758.0,9580.0,11597.0,13245.0,,,8655,77041,TX,8700.0,0,1503
0,1237852800,MANHEIM,2005,4,CHEVROLET,IMPALA 3.4L V6 SFI,Bas,4D SEDAN,RED,AUTO,2.0,Covers,85091,AMERICAN,LARGE,GM,5128.0,6460.0,6038.0,7477.0,4433.0,5954.0,5288.0,6930.0,,,19638,75050,TX,6325.0,0,2152
0,1247616000,MANHEIM,2007,2,FORD,FUSION 4C 2.3L I4 EF,S,4D SEDAN S,BEIGE,AUTO,1.0,Alloy,79688,AMERICAN,MEDIUM,FORD,8123.0,9919.0,9273.0,11213.0,7545.0,9206.0,8649.0,10442.0,,,23359,94544,CA,7525.0,0,803
0,1280448000,MANHEIM,2006,4,BUICK,LUCERNE V6,CXL,4D SEDAN CXL,GREEN,AUTO,1.0,Alloy,85401,AMERICAN,LARGE,GM,11537.0,13908.0,15373.0,17700.0,12733.0,14976.0,16140.0,18209.0,,,22916,89165,NV,10025.0,0,1373
0,1276560000,OTHER,2008,2,CHEVROLET,COBALT,LT,4D SEDAN LS,SILVER,AUTO,2.0,Covers,84280,AMERICAN,COMPACT,GM,6796.0,7302.0,9718.0,10446.0,6727.0,7215.0,10529.0,11004.0,,,20833,75061,TX,6165.0,0,853
0,1258588800,ADESA,2004,5,CHEVROLET,VENTURE FWD V6,LT,PASSENGER EXT 3.4L ENTERTAINER,BLUE,AUTO,1.0,Alloy,80379,AMERICAN,VAN,GM,4319.0,6492.0,5165.0,7511.0,3283.0,5370.0,7196.0,11609.0,,,18822,78227,TX,5005.0,0,5092
0,1277769600,MANHEIM,2001,9,FORD,WINDSTAR FWD V6,LX,PASSENGER 3.8L LX,BLUE,AUTO,1.0,Alloy,48730,AMERICAN,VAN,FORD,1811.0,2604.0,4348.0,5291.0,1700.0,2349.0,4293.0,5224.0,,,25100,75050,TX,4760.0,0,1557
0,1280793600,MANHEIM,2006,4,HYUNDAI,SONATA V6,GLS,4D SEDAN GLS,BLUE,AUTO,1.0,Alloy,61240,OTHER ASIAN,MEDIUM,OTHER,6099.0,7532.0,9683.0,11166.0,6554.0,7937.0,9788.0,11295.0,,,20234,97217,OR,8780.0,0,728
0,1281398400,MANHEIM,2006,4,PONTIAC,VIBE,Bas,4D WAGON,GREY,AUTO,2.0,Covers,70610,AMERICAN,MEDIUM,GM,5802.0,7045.0,9247.0,10723.0,5803.0,7096.0,9263.0,10702.0,,,52598,28625,NC,6665.0,0,569
0,1240444800,MANHEIM,2004,5,FORD,EXPEDITION 2WD V8 4.,XLT,4D SUV 4.6L XLT,GREY,AUTO,1.0,Alloy,77424,AMERICAN,LARGE SUV,FORD,8586.0,9850.0,9773.0,11138.0,8586.0,9850.0,9773.0,11138.0,,,18111,29532,SC,8705.0,0,1038
0,1259020800,ADESA,2004,5,NISSAN,MAXIMA,SE,4D SEDAN SE,BLUE,AUTO,1.0,Alloy,64776,TOP LINE ASIAN,LARGE,OTHER,7261.0,8858.0,8342.0,10067.0,7274.0,8768.0,11043.0,13301.0,,,16926,91752,CA,9175.0,0,1020
0,1288915200,OTHER,2003,7,FORD,EXPEDITION 2WD V8,Edd,4D SUV 4.6L EDDIE BAUER,WHITE,AUTO,1.0,Alloy,90525,AMERICAN,LARGE SUV,FORD,7441.0,8746.0,10734.0,11905.0,6637.0,8263.0,10430.0,12446.0,NO,GREEN,20740,29461,SC,10000.0,0,1497
0,1238025600,MANHEIM,2006,3,CHEVROLET,IMPALA 3.5L V6 SFI,LS,4D SEDAN LS,BLACK,AUTO,2.0,Covers,76851,AMERICAN,LARGE,GM,7233.0,8307.0,8312.0,9472.0,6916.0,7927.0,7969.0,9061.0,,,19638,76040,TX,8270.0,0,1974
0,1277251200,MANHEIM,2007,3,CHEVROLET,IMPALA,LS,4D SEDAN LS,GREY,AUTO,2.0,Covers,75864,AMERICAN,LARGE,GM,8012.0,9027.0,11396.0,12565.0,7930.0,9129.0,11421.0,12726.0,,,99750,32124,FL,7900.0,0,1974
0,1257811200,MANHEIM,2004,5,CADILLAC,CTS,Bas,4D SEDAN,SILVER,AUTO,1.0,Alloy,86916,AMERICAN,SPECIALTY,GM,8179.0,10154.0,9333.0,11466.0,7898.0,9610.0,11873.0,13528.0,,,17212,77041,TX,9515.0,0,1763
0,1273622400,OTHER,2006,4,SUZUKI,FORENZA,,4D SEDAN,SILVER,AUTO,2.0,Covers,46241,OTHER ASIAN,MEDIUM,OTHER,4140.0,5126.0,7536.0,8477.0,3834.0,4850.0,6552.0,11661.0,,,19638,35004,AL,4700.0,0,482
1,1274659200,OTHER,2002,8,GMC,1500 SIERRA PICKUP 2,Sta,EXT CAB 4.3L SL,GREY,AUTO,1.0,Alloy,84615,AMERICAN,LARGE TRUCK,GM,0.0,0.0,0.0,0.0,4700.0,5108.0,8497.0,9039.0,,,20234,95673,CA,7605.0,0,1673
0,1236124800,MANHEIM,2003,6,MITSUBISHI,ECLIPSE 3.0L V6 EFI,GT,2D COUPE GT,BLUE,MANUAL,1.0,Alloy,85927,OTHER ASIAN,SPORTS,OTHER,4452.0,5580.0,5308.0,6526.0,5419.0,6726.0,6353.0,7764.0,,,20928,32824,FL,5300.0,0,1413
1,1274745600,MANHEIM,2006,4,CHRYSLER,TOWN & COUNTRY FWD V,Tou,MINIVAN 3.8L SXT,GREEN,AUTO,1.0,Alloy,80574,AMERICAN,VAN,CHRYSLER,11175.0,11968.0,15257.0,15896.0,11175.0,11968.0,15307.0,16017.0,,,21973,19440,PA,7450.0,0,1763
0,1245283200,MANHEIM,2006,3,DODGE,STRATUS V6 2.7L V6 M,SXT,4D SEDAN SXT FFV,BLUE,AUTO,2.0,Covers,61583,AMERICAN,MEDIUM,CHRYSLER,5480.0,6461.0,6418.0,7478.0,5480.0,6461.0,6418.0,7478.0,,,99750,76040,TX,5500.0,0,1215
0,1289433600,MANHEIM,2004,6,CHRYSLER,PT CRUISER,Tou,4D SEDAN TOURING TURBO,SILVER,AUTO,1.0,Alloy,61100,AMERICAN,MEDIUM,CHRYSLER,3761.0,4529.0,6935.0,7837.0,3320.0,4195.0,6504.0,7632.0,,,18880,29532,SC,5970.0,0,1313
0,1277251200,ADESA,2005,5,MITSUBISHI,GALANT 4C,ES,4D SEDAN ES,SILVER,AUTO,2.0,Covers,69044,OTHER ASIAN,MEDIUM,OTHER,4625.0,5546.0,7661.0,8592.0,5034.0,6305.0,8627.0,10202.0,,,20207,77086,TX,7530.0,0,533
0,1250553600,MANHEIM,2003,6,FORD,ESCAPE 2WD V6 3.0L V,XLT,4D CUV 3.0L XLT,WHITE,AUTO,1.0,Alloy,69225,AMERICAN,SMALL SUV,FORD,4854.0,6192.0,5742.0,7187.0,4394.0,5779.0,5246.0,6741.0,,,19064,75050,TX,7070.0,0,1125
0,1273536000,MANHEIM,2007,3,DODGE,CHARGER V6,Bas,4D SEDAN 2.7L,GREY,AUTO,1.0,Alloy,78440,AMERICAN,SPECIALTY,CHRYSLER,9789.0,11101.0,13800.0,15355.0,9954.0,11346.0,13922.0,15440.0,,,20740,28625,NC,9660.0,0,1389
0,1245283200,MANHEIM,2006,3,DODGE,STRATUS V6 2.7L V6 M,SXT,4D SEDAN SXT FFV,SILVER,AUTO,2.0,Covers,47767,AMERICAN,MEDIUM,CHRYSLER,5480.0,6461.0,6418.0,7478.0,5480.0,6461.0,6418.0,7478.0,,,99750,76040,TX,6100.0,0,975
1,1290988800,MANHEIM,2006,4,HYUNDAI,ELANTRA,GLS,4D SEDAN,SILVER,AUTO,2.0,Covers,76110,OTHER ASIAN,MEDIUM,OTHER,4703.0,5650.0,8051.0,9123.0,4815.0,5823.0,8206.0,9263.0,,,17675,27542,NC,4500.0,0,569
0,1237852800,MANHEIM,2005,4,SUZUKI,XL-7 2WD 2.7L V6 MFI,EX,4D SPORT UTILITY EX,GOLD,AUTO,1.0,Alloy,73252,OTHER ASIAN,MEDIUM SUV,OTHER,5519.0,6424.0,6461.0,7438.0,4915.0,5820.0,5808.0,6786.0,,,16926,92504,CA,7610.0,0,920
0,1240272000,OTHER,2007,2,CHEVROLET,IMPALA 3.5L V6 SFI,LS,4D SEDAN LS,WHITE,AUTO,2.0,Covers,69115,AMERICAN,LARGE,GM,7644.0,8892.0,8756.0,10103.0,7644.0,8892.0,8756.0,10103.0,,,18822,35613,AL,8025.0,0,1703
0,1255305600,OTHER,2008,1,DODGE,CALIBER 2.0L I4 SFI,SE,4D WAGON,WHITE,AUTO,2.0,Covers,51604,AMERICAN,MEDIUM,CHRYSLER,7407.0,7994.0,8500.0,9134.0,6966.0,7500.0,11237.0,11739.0,,,99761,74135,OK,6900.0,0,754
1,1278460800,MANHEIM,2005,5,DODGE,1500 RAM PICKUP 2WD,SLT,QUAD CAB 4.7L SLT,GREY,AUTO,1.0,Alloy,92381,AMERICAN,LARGE TRUCK,CHRYSLER,9058.0,11218.0,12949.0,15225.0,8986.0,11385.0,13409.0,15675.0,,,20928,32824,FL,10850.0,0,1053
0,1234828800,MANHEIM,2006,3,CHRYSLER,PT CRUISER 2.4L I4 S,Bas,4D SEDAN,BLUE,AUTO,2.0,Covers,51750,AMERICAN,MEDIUM,CHRYSLER,5809.0,6827.0,6774.0,7873.0,5587.0,6514.0,6534.0,7535.0,,,23359,91770,CA,5020.0,0,1086
1,1249344000,OTHER,2008,1,DODGE,CALIBER 2.0L I4 SFI,SE,4D WAGON,BEIGE,AUTO,2.0,Covers,48761,AMERICAN,MEDIUM,CHRYSLER,7245.0,7837.0,8325.0,8964.0,7764.0,8444.0,8885.0,9620.0,,,99761,74135,OK,7100.0,0,693
0,1254441600,ADESA,2001,8,DODGE,NEON 2.0L I4 SFI,Hig,4D SEDAN,GREEN,AUTO,2.0,Covers,93617,AMERICAN,COMPACT,CHRYSLER,1272.0,1951.0,1874.0,2607.0,1182.0,1920.0,1777.0,2574.0,,,18880,37771,TN,3225.0,0,1065
0,1256688000,OTHER,2004,5,FORD,TAURUS 3.0L V6 EFI,SE,4D SEDAN SE FFV,WHITE,AUTO,2.0,Covers,82674,AMERICAN,MEDIUM,FORD,4737.0,5803.0,5616.0,6767.0,4686.0,5609.0,8144.0,9226.0,,,22808,73108,OK,3900.0,0,983
0,1291248000,MANHEIM,2005,5,FORD,FOCUS,ZX4,4D SEDAN ZX4,SILVER,AUTO,2.0,Covers,77026,AMERICAN,COMPACT,FORD,3701.0,4739.0,6703.0,7577.0,3572.0,4542.0,6625.0,7870.0,,,20928,47129,IN,5185.0,0,1155
0,1282521600,MANHEIM,2007,3,CHEVROLET,HHR,LS,4D SUV 2.2L LS,WHITE,AUTO,2.0,Covers,76564,AMERICAN,MEDIUM,GM,6546.0,7769.0,9924.0,11208.0,6157.0,7213.0,9346.0,10802.0,,,17675,27542,NC,7000.0,0,803
0,1270166400,OTHER,2008,2,DODGE,CALIBER,SE,4D WAGON,ORANGE,AUTO,2.0,Covers,49020,AMERICAN,MEDIUM,CHRYSLER,7813.0,8262.0,11116.0,11566.0,7743.0,8225.0,11335.0,11733.0,,,99761,85284,AZ,7735.0,0,693
0,1290470400,MANHEIM,2007,3,MITSUBISHI,GALANT 4C,ES,4D SEDAN,SILVER,AUTO,2.0,Covers,79059,OTHER ASIAN,MEDIUM,OTHER,6672.0,7826.0,10128.0,11130.0,7594.0,8903.0,11375.0,12301.0,NO,GREEN,1156,89165,NV,7060.0,0,569
0,1259625600,OTHER,2008,1,CHRYSLER,PT CRUISER,Bas,4D SEDAN,RED,AUTO,2.0,Covers,44671,AMERICAN,MEDIUM,CHRYSLER,6521.0,7060.0,7543.0,8125.0,7169.0,7851.0,10281.0,10890.0,,,99761,85284,AZ,6400.0,0,975
0,1255996800,MANHEIM,2008,1,PONTIAC,GRAND PRIX 3.8L V6 S,Bas,4D SEDAN,RED,AUTO,1.0,Alloy,64179,AMERICAN,LARGE,GM,9012.0,10011.0,10233.0,11312.0,9060.0,10155.0,12472.0,13934.0,,,23359,92504,CA,8035.0,0,1703
0,1285804800,OTHER,2005,5,CHRYSLER,PT CRUISER,Tou,4D SEDAN TOURING,WHITE,AUTO,2.0,Covers,69088,AMERICAN,MEDIUM,CHRYSLER,3751.0,4782.0,7200.0,8294.0,4001.0,5032.0,7544.0,8514.0,,,25100,73108,OK,5935.0,0,1215
0,1276560000,MANHEIM,2007,3,CHRYSLER,SEBRING 4C,Bas,4D SEDAN,GREY,AUTO,2.0,Covers,66963,AMERICAN,MEDIUM,CHRYSLER,7536.0,8704.0,11454.0,12592.0,7661.0,8634.0,10866.0,12282.0,,,8655,77061,TX,8160.0,0,1020
0,1242086400,MANHEIM,2004,5,CHEVROLET,1500 SILVERADO PICKU,LS,EXT CAB 4.8L LS,WHITE,AUTO,2.0,Covers,67819,AMERICAN,LARGE TRUCK,GM,6124.0,7555.0,7114.0,8659.0,6124.0,7555.0,7114.0,8659.0,,,835,85040,AZ,7190.0,0,1020
0,1245110400,OTHER,2008,1,FORD,TAURUS 3.5L V6 24V /,SEL,4D SEDAN SEL,GOLD,AUTO,1.0,Alloy,90182,AMERICAN,MEDIUM,FORD,14171.0,16953.0,15805.0,18809.0,14103.0,17217.0,15731.0,19094.0,,,8655,35613,AL,7725.0,0,1774
0,1288051200,OTHER,2006,4,FORD,FUSION V6,SE,4D SEDAN SE,GREY,AUTO,1.0,Alloy,56106,AMERICAN,MEDIUM,FORD,6447.0,8211.0,10550.0,12465.0,7011.0,8616.0,10837.0,12558.0,,,3453,84104,UT,8375.0,0,1003
0,1257897600,MANHEIM,2003,6,FORD,TAURUS,SE,4D SEDAN SE,WHITE,AUTO,1.0,Alloy,49707,AMERICAN,MEDIUM,FORD,2697.0,3847.0,3413.0,4655.0,2623.0,3613.0,5389.0,6517.0,,,23359,92807,CA,4495.0,0,993
0,1286841600,MANHEIM,2006,4,DODGE,DURANGO 2WD V8,SXT,4D SUV 4.7L,MAROON,AUTO,3.0,Special,48612,AMERICAN,MEDIUM SUV,CHRYSLER,8570.0,11022.0,12595.0,14820.0,8566.0,9993.0,13359.0,14797.0,,,22916,80022,CO,11150.0,0,975
0,1264723200,ADESA,2003,7,CHEVROLET,TRAILBLAZER 2WD 6C,LS,4D SUV 4.2L LS,SILVER,AUTO,1.0,Alloy,60485,AMERICAN,MEDIUM SUV,GM,4724.0,5763.0,8727.0,9926.0,5171.0,6408.0,8616.0,9804.0,,,16926,91752,CA,6480.0,0,1320
0,1260403200,OTHER,2008,1,DODGE,CARAVAN GRAND FWD V6,SE,MINIVAN 3.3L FFV SE,BLUE,AUTO,2.0,Covers,86631,AMERICAN,VAN,CHRYSLER,10079.0,11195.0,14750.0,15863.0,11618.0,13372.0,15685.0,17425.0,,,8655,38637,MS,7955.0,0,1763
1,1259625600,OTHER,2006,3,CHEVROLET,IMPALA,LS,4D SEDAN LS,BLUE,AUTO,1.0,Alloy,68963,AMERICAN,LARGE,GM,6504.0,7685.0,7524.0,8800.0,6455.0,7525.0,10171.0,11838.0,,,21053,95673,CA,7705.0,0,1703
0,1285632000,MANHEIM,2006,4,CHEVROLET,UPLANDER FWD V6,LS,PASSENGER EXT 3.5L,SILVER,AUTO,2.0,Covers,46500,AMERICAN,VAN,GM,6059.0,7491.0,10388.0,11578.0,3779.0,4978.0,7870.0,9181.0,,,20234,97217,OR,7445.0,0,1398
0,1257292800,MANHEIM,2005,4,CHEVROLET,IMPALA,Bas,4D SEDAN,SILVER,AUTO,2.0,Covers,58505,AMERICAN,LARGE,GM,4256.0,5694.0,5096.0,6650.0,3944.0,5200.0,7258.0,9129.0,,,23359,92807,CA,5320.0,0,1500
0,1243900800,OTHER,2003,6,CHEVROLET,TRAILBLAZER 2WD 6C 4,LS,4D SUV 4.2L LS,GREY,AUTO,1.0,Alloy,71624,AMERICAN,MEDIUM SUV,GM,5201.0,6219.0,6117.0,7217.0,5201.0,6219.0,6117.0,7217.0,,,22808,75061,TX,7865.0,0,1455
0,1276473600,OTHER,2007,3,FORD,TAURUS,SE,4D SEDAN SE,WHITE,AUTO,2.0,Covers,61712,AMERICAN,MEDIUM,FORD,5629.0,6835.0,9065.0,9904.0,4932.0,5955.0,9005.0,10872.0,,,20740,26431,WV,5845.0,0,825
1,1251676800,OTHER,2008,1,DODGE,AVENGER 4C 2.4L I4 S,SE,4D SEDAN,ORANGE,AUTO,2.0,Covers,44285,AMERICAN,MEDIUM,CHRYSLER,8504.0,9291.0,9684.0,10534.0,7857.0,8711.0,8986.0,9908.0,,,99761,74135,OK,8200.0,0,834
0,1233619200,MANHEIM,2004,5,CHRYSLER,PT CRUISER 2.4L I4 S,Bas,4D SEDAN,BLACK,AUTO,2.0,Covers,71038,AMERICAN,MEDIUM,CHRYSLER,3830.0,4668.0,4636.0,5541.0,3895.0,4799.0,4707.0,5683.0,,,20207,77041,TX,4660.0,0,1389
1,1279584000,OTHER,2006,4,HYUNDAI,SONATA V6,GLS,4D SEDAN GLS,BLUE,AUTO,,,49066,OTHER ASIAN,MEDIUM,OTHER,6139.0,7516.0,9508.0,11271.0,6139.0,7516.0,9508.0,11271.0,,,20928,46239,IN,7920.0,0,623
0,1281484800,OTHER,2006,4,TOYOTA,CAMRY 4C,Bas,4D SEDAN,BEIGE,AUTO,2.0,Covers,98397,TOP LINE ASIAN,MEDIUM,OTHER,7490.0,8420.0,10418.0,11736.0,7967.0,9058.0,11399.0,13093.0,,,52598,29697,SC,8000.0,0,620
0,1233100800,MANHEIM,2003,6,CHEVROLET,CAVALIER 4C 2.2L I4,LS,4D SEDAN LS,SILVER,AUTO,2.0,Covers,55846,AMERICAN,COMPACT,GM,2149.0,2848.0,2821.0,3576.0,2775.0,3697.0,3497.0,4493.0,,,21973,32824,FL,3600.0,0,1220
0,1268179200,MANHEIM,2003,7,CHRYSLER,CONCORDE,LXi,4D SEDAN LXI,GOLD,AUTO,1.0,Alloy,82788,AMERICAN,LARGE,CHRYSLER,3217.0,4008.0,6368.0,7023.0,3374.0,4372.0,6048.0,7299.0,,,19638,33809,FL,6140.0,0,2193
0,1282262400,OTHER,2007,3,CHEVROLET,UPLANDER FWD V6,LS,PASSENGER EXT 3.9L LS,WHITE,AUTO,2.0,Covers,76907,AMERICAN,VAN,GM,7139.0,8039.0,11313.0,12317.0,6424.0,7519.0,10843.0,11922.0,,,99750,95673,CA,7000.0,0,2091
0,1266451200,OTHER,2005,5,CHRYSLER,TOWN & COUNTRY FWD V,Bas,MINIVAN 3.3L,BLUE,AUTO,2.0,Covers,71898,AMERICAN,VAN,CHRYSLER,4832.0,6414.0,7911.0,10038.0,5061.0,6414.0,9074.0,10417.0,,,25100,73108,OK,6535.0,0,1623
0,1268265600,MANHEIM,2006,4,CHEVROLET,TRAILBLAZER 4WD 6C,LS,4D SUV 4.2L,WHITE,AUTO,1.0,Alloy,90059,AMERICAN,MEDIUM SUV,GM,10511.0,12707.0,14818.0,16902.0,10393.0,12628.0,14868.0,16458.0,,,18880,29532,SC,9110.0,0,2351
0,1237248000,MANHEIM,2005,4,DODGE,STRATUS V6 2.7L V6 M,SXT,4D SEDAN SXT FFV,GREY,AUTO,2.0,Covers,45581,AMERICAN,MEDIUM,CHRYSLER,4727.0,5819.0,5605.0,6785.0,5292.0,5990.0,6215.0,6969.0,,,22916,80011,CO,5500.0,0,975
0,1278028800,OTHER,2003,7,CHEVROLET,IMPALA,LS,4D SEDAN LS,WHITE,AUTO,1.0,Alloy,95228,AMERICAN,LARGE,GM,4409.0,5858.0,7220.0,9203.0,3706.0,5022.0,6528.0,7769.0,,,52117,25177,WV,5326.0,0,2651
1,1257206400,MANHEIM,2004,5,FORD,EXPEDITION 2WD V8,Edd,4D SUV 5.4L EDDIE BAUER,WHITE,AUTO,1.0,Alloy,87793,AMERICAN,LARGE SUV,FORD,9186.0,10667.0,10421.0,12020.0,8715.0,10245.0,13165.0,15266.0,,,18881,30331,GA,10180.0,0,1113
1,1268784000,OTHER,2002,8,DODGE,CARAVAN GRAND FWD V6,Spo,MINIVAN 3.3L FFV SPORT,MAROON,AUTO,,,94718,AMERICAN,VAN,CHRYSLER,3751.0,4868.0,6653.0,7913.0,3872.0,5003.0,6859.0,8495.0,,,835,85009,AZ,3585.0,0,2218
0,1286323200,OTHER,2007,3,JEEP,COMPASS 4WD 4C,Lim,4D SUV 2.4L,GREEN,AUTO,1.0,Alloy,78608,AMERICAN,SMALL SUV,CHRYSLER,11301.0,13570.0,14857.0,16539.0,11335.0,13224.0,15262.0,16626.0,,,18881,35004,AL,8500.0,0,1506
0,1279065600,MANHEIM,2007,3,FORD,FUSION 4C,SE,4D SEDAN SE,PURPLE,AUTO,1.0,Alloy,71092,AMERICAN,MEDIUM,FORD,10307.0,11693.0,13937.0,15225.0,10442.0,12001.0,13894.0,15129.0,,,19619,32824,FL,8150.0,0,803
0,1272326400,MANHEIM,2006,4,CHEVROLET,IMPALA,LS,4D SEDAN LS,SILVER,AUTO,2.0,Covers,78683,AMERICAN,LARGE,GM,6948.0,8260.0,10228.0,11633.0,6531.0,7989.0,9984.0,11797.0,,,20207,75050,TX,8440.0,0,1974
0,1258416000,MANHEIM,2004,5,CHEVROLET,TRAILBLAZER 4WD 6C,Nor,4D SUV 4.2L LS,GREEN,AUTO,1.0,Alloy,88348,AMERICAN,MEDIUM SUV,GM,6603.0,8083.0,7631.0,9230.0,5978.0,7248.0,9692.0,11537.0,,,99750,80011,CO,7900.0,0,2152
0,1271721600,MANHEIM,2005,5,CHRYSLER,TOWN & COUNTRY FWD V,Bas,MINIVAN 3.3L,BLUE,AUTO,2.0,Covers,61258,AMERICAN,VAN,CHRYSLER,4714.0,6027.0,7223.0,8889.0,5025.0,6502.0,7639.0,10000.0,,,835,85040,AZ,6300.0,0,1411
0,1245801600,MANHEIM,2005,4,CHEVROLET,IMPALA 3.8L V6 SFI,LS,4D SEDAN LS,GOLD,AUTO,1.0,Alloy,88831,AMERICAN,LARGE,GM,5721.0,7551.0,6679.0,8655.0,5721.0,7551.0,6679.0,8655.0,,,3453,80011,CO,5190.0,0,2152
0,1290556800,ADESA,2006,4,CHEVROLET,TRAILBLAZER 2WD 6C,LS,4D SUV 4.2L,BLACK,AUTO,1.0,Alloy,88391,AMERICAN,MEDIUM SUV,GM,8188.0,9661.0,12790.0,14472.0,8307.0,10106.0,12615.0,14462.0,,,8655,72117,AR,8155.0,0,1243
0,1289174400,MANHEIM,2005,5,CHRYSLER,PACIFICA FWD,Tou,4D SPORT,BLUE,AUTO,1.0,Alloy,81821,AMERICAN,CROSSOVER,CHRYSLER,6105.0,7768.0,9927.0,10974.0,5636.0,6614.0,9279.0,10153.0,,,52598,27542,NC,7500.0,0,1503
1,1258329600,ADESA,2003,6,CHRYSLER,VOYAGER FWD 4C,LX,MINIVAN 2.4L LX,WHITE,AUTO,,,91685,AMERICAN,VAN,CHRYSLER,2637.0,3589.0,3348.0,4376.0,2689.0,3677.0,3404.0,4471.0,,,19638,33619,FL,3900.0,0,2218
0,1236297600,OTHER,2008,1,CHRYSLER,SEBRING 4C,Bas,2D CONVERTIBLE,SILVER,AUTO,2.0,Covers,35690,AMERICAN,MEDIUM,CHRYSLER,11619.0,12319.0,13049.0,13805.0,11283.0,12125.0,12686.0,13595.0,,,99761,74135,OK,10500.0,0,762
1,1243987200,MANHEIM,2003,6,HYUNDAI,TIBURON MFI V6 2.7L,GT,2D COUPE GT,SILVER,AUTO,1.0,Alloy,76974,OTHER ASIAN,SPORTS,OTHER,3829.0,4747.0,4635.0,5627.0,4427.0,5546.0,5281.0,6490.0,,,21973,32124,FL,5200.0,0,1338
0,1281312000,OTHER,2006,4,JEEP,COMMANDER 2WD V6,Bas,4D WAGON,WHITE,AUTO,1.0,Alloy,76201,AMERICAN,LARGE SUV,CHRYSLER,11306.0,13194.0,14834.0,16471.0,10503.0,12004.0,14423.0,15836.0,,,21053,95673,CA,9705.0,0,1740
0,1281398400,OTHER,2005,5,BUICK,RENDEZVOUS AWD,CX,4D SUV CX,WHITE,AUTO,1.0,Alloy,88594,AMERICAN,MEDIUM SUV,GM,6518.0,8197.0,10766.0,12360.0,6199.0,7623.0,11057.0,12189.0,,,1235,84104,UT,7775.0,1,5092
0,1256601600,MANHEIM,2007,2,CHEVROLET,IMPALA 3.5L V6 SFI,LS,4D SEDAN LS,BLUE,AUTO,2.0,Covers,72662,AMERICAN,LARGE,GM,7399.0,8542.0,8491.0,9725.0,6801.0,7852.0,10303.0,11892.0,,,19619,19440,PA,7100.0,0,1974
0,1288742400,OTHER,2009,1,CHRYSLER,SEBRING 4C,LX,4D SEDAN,GOLD,AUTO,2.0,Covers,40229,AMERICAN,MEDIUM,CHRYSLER,8698.0,9196.0,12824.0,13558.0,8930.0,9514.0,12002.0,12658.0,,,99761,74135,OK,8700.0,0,834
0,1253491200,MANHEIM,2007,2,CHRYSLER,SEBRING 4C 2.4L I4 E,Bas,4D SEDAN,BLUE,AUTO,1.0,Alloy,79425,AMERICAN,MEDIUM,CHRYSLER,7565.0,8558.0,8670.0,9743.0,7565.0,8558.0,8670.0,9743.0,,,18881,30315,GA,7230.0,0,1155
0,1250640000,MANHEIM,2007,2,JEEP,GRAND CHEROKEE 4WD V,Lar,4D WAGON LAREDO,GREEN,AUTO,1.0,Alloy,67243,AMERICAN,MEDIUM SUV,CHRYSLER,16958.0,18501.0,18815.0,20481.0,17088.0,18881.0,18955.0,20891.0,,,18822,78219,TX,9850.0,0,1801
0,1267660800,MANHEIM,2004,6,GMC,ENVOY XL 2WD 6C,SLE,4D UTILITY 4.2L SLE,SILVER,AUTO,1.0,Alloy,89240,AMERICAN,MEDIUM SUV,GM,8658.0,9655.0,12640.0,13605.0,8516.0,10413.0,12175.0,13938.0,,,18880,29532,SC,8970.0,0,1243
0,1231200000,MANHEIM,2006,3,CHEVROLET,UPLANDER FWD V6 3.5L,LS,PASSENGER EXT 3.5L,MAROON,AUTO,,,65693,AMERICAN,VAN,GM,6394.0,7429.0,7406.0,8523.0,7123.0,8431.0,8193.0,9605.0,,,16369,91770,CA,5270.0,0,1801
0,1237334400,MANHEIM,2001,8,CHEVROLET,TRACKER 4WD V6 2.5L,ZR2,4D SUV HARDTOP 2.2L ZR2,RED,AUTO,1.0,Alloy,80341,AMERICAN,SMALL SUV,GM,2861.0,3532.0,3590.0,4315.0,4770.0,6058.0,5652.0,7043.0,,,5546,33809,FL,5595.0,0,1673
0,1247011200,ADESA,2002,7,CHEVROLET,TRAILBLAZER 4WD 6C 4,LS,4D SUV 4.2L LS,RED,AUTO,1.0,Alloy,66018,AMERICAN,MEDIUM SUV,GM,4845.0,5887.0,5733.0,6858.0,5022.0,6124.0,5924.0,7114.0,,,21053,85226,AZ,7760.0,0,2003
0,1263772800,MANHEIM,2007,3,PONTIAC,G6 4C,Bas,4D SEDAN SE1,BLACK,AUTO,2.0,Covers,50868,AMERICAN,MEDIUM,GM,6901.0,7811.0,11067.0,12312.0,8659.0,9757.0,11840.0,13095.0,,,5546,27542,NC,7700.0,0,837
0,1281916800,MANHEIM,2005,5,PONTIAC,GRAND AM 4C,SE,4D SEDAN SE,WHITE,AUTO,2.0,Covers,92557,AMERICAN,MEDIUM,GM,3894.0,5288.0,6676.0,8419.0,3210.0,4149.0,5719.0,6815.0,,,5546,27542,NC,5535.0,0,1774
0,1271030400,MANHEIM,2005,5,FORD,FOCUS,ZX4,4D SEDAN ZX4,WHITE,MANUAL,2.0,Covers,89501,AMERICAN,COMPACT,FORD,4073.0,5161.0,7077.0,8179.0,3681.0,4763.0,7180.0,9290.0,,,5546,27542,NC,3600.0,0,1243
0,1283817600,MANHEIM,2005,5,PONTIAC,GRAND PRIX,Bas,4D SEDAN,MAROON,AUTO,1.0,Alloy,92136,AMERICAN,LARGE,GM,4243.0,5507.0,7810.0,9290.0,4867.0,6054.0,8385.0,9711.0,,,20833,75050,TX,6025.0,0,2351
0,1240444800,MANHEIM,2004,5,FORD,ESCAPE 2WD V6 3.0L V,XLT,4D CUV 3.0L XLT,GREEN,AUTO,1.0,Alloy,88561,AMERICAN,SMALL SUV,FORD,5450.0,6771.0,6386.0,7813.0,5450.0,6771.0,6386.0,7813.0,,,23359,92337,CA,6605.0,0,983
0,1231372800,MANHEIM,2006,3,DODGE,STRATUS 4C 2.4L I4 S,SXT,4D SEDAN SXT,RED,AUTO,1.0,Alloy,75008,AMERICAN,MEDIUM,CHRYSLER,4816.0,5789.0,5701.0,6752.0,4868.0,5901.0,5757.0,6873.0,,,22808,76040,TX,5425.0,0,1155
0,1248739200,ADESA,2007,2,KIA,SPECTRA 2.0L I4 EFI,EX,4D SEDAN EX,WHITE,AUTO,2.0,Covers,48895,OTHER ASIAN,MEDIUM,OTHER,4264.0,5332.0,5105.0,6259.0,4455.0,5326.0,5311.0,6252.0,,,22916,50111,IA,6010.0,0,482
0,1237852800,MANHEIM,2006,3,PONTIAC,GRAND PRIX 3.8L V6 S,Bas,4D SEDAN,BLUE,AUTO,1.0,Alloy,83788,AMERICAN,LARGE,GM,7406.0,8758.0,8498.0,9959.0,6883.0,8261.0,7934.0,9422.0,,,19064,85040,AZ,6180.0,0,2152
0,1266364800,OTHER,2007,3,DODGE,1500 RAM PICKUP 2WD,Lar,QUAD CAB 5.7L,WHITE,AUTO,1.0,Alloy,100048,AMERICAN,LARGE TRUCK,CHRYSLER,15016.0,17384.0,18798.0,20300.0,14649.0,17588.0,18673.0,20809.0,,,8172,42104,KY,9550.0,0,1130
0,1279756800,MANHEIM,2008,2,CHEVROLET,COBALT,LS,4D SEDAN LS,SILVER,AUTO,2.0,Covers,55581,AMERICAN,COMPACT,GM,6875.0,7488.0,10166.0,10809.0,6164.0,7022.0,9846.0,10628.0,,,18880,29532,SC,6395.0,0,671
0,1260748800,ADESA,2006,3,DODGE,CARAVAN GRAND FWD V6,SXT,MINIVAN 3.8L,GOLD,AUTO,1.0,Alloy,74722,AMERICAN,VAN,CHRYSLER,6999.0,9730.0,10743.0,14066.0,7952.0,9910.0,12131.0,13836.0,,,19638,33619,FL,6900.0,0,1623
0,1250035200,MANHEIM,2006,3,MERCURY,MONTEGO 3.0L V6 EFI,Bas,4D SEDAN LUXURY,GOLD,AUTO,1.0,Alloy,54224,AMERICAN,LARGE,FORD,9782.0,12124.0,11065.0,13594.0,8232.0,10887.0,9391.0,12258.0,,,20207,75236,TX,8485.0,0,1169
0,1239062400,MANHEIM,2002,7,CHEVROLET,TRAILBLAZER 2WD 6C 4,LS,4D SUV 4.2L LS,RED,AUTO,1.0,Alloy,60137,AMERICAN,MEDIUM SUV,GM,4739.0,5694.0,5618.0,6650.0,4739.0,5694.0,5618.0,6650.0,,,5546,34761,FL,8180.0,0,1320
0,1235433600,MANHEIM,2006,3,MAZDA,MAZDA6 2.3L I4 MFI /,i,4D SEDAN I,BEIGE,AUTO,2.0,Covers,76518,OTHER ASIAN,MEDIUM,OTHER,7845.0,9124.0,8973.0,10354.0,8527.0,10204.0,9709.0,11520.0,,,19064,75050,TX,6870.0,0,1272
0,1232409600,MANHEIM,2003,6,DODGE,CARAVAN FWD V6 3.3L,Spo,MINIVAN 3.3L FFV SPORT,SILVER,AUTO,2.0,Covers,77583,AMERICAN,VAN,CHRYSLER,3185.0,3818.0,3940.0,4623.0,2959.0,3595.0,3696.0,4383.0,,,22916,80022,CO,3240.0,0,1923
0,1234310400,ADESA,2005,4,CHEVROLET,IMPALA 3.4L V6 SFI,Bas,4D SEDAN,GOLD,AUTO,2.0,Covers,54094,AMERICAN,LARGE,GM,4875.0,6014.0,5765.0,6995.0,4853.0,6257.0,5741.0,7258.0,,,19064,85226,AZ,6185.0,0,1500
0,1277337600,ADESA,2004,6,HYUNDAI,ELANTRA,GLS,4D SEDAN,SILVER,AUTO,2.0,Covers,74549,OTHER ASIAN,MEDIUM,OTHER,2923.0,3814.0,5646.0,6284.0,2987.0,4167.0,6137.0,7496.0,,,3453,80817,CO,5105.0,0,569
0,1279497600,MANHEIM,2004,6,FORD,EXPEDITION 4WD V8,XLT,4D SUV 4.6L XLT,BLUE,AUTO,1.0,Alloy,85173,AMERICAN,LARGE SUV,FORD,10309.0,12116.0,14940.0,16703.0,8868.0,11071.0,13547.0,16912.0,,,52492,27542,NC,10300.0,0,1503
1,1257379200,ADESA,2007,2,KIA,SPECTRA,EX,4D SEDAN EX,SILVER,AUTO,,,45913,OTHER ASIAN,MEDIUM,OTHER,6000.0,7236.0,6980.0,8315.0,5930.0,7146.0,6904.0,8218.0,,,18822,78227,TX,5100.0,0,482
0,1254873600,MANHEIM,2006,3,FORD,FIVE HUNDRED 3.0L V6,SEL,4D SEDAN SEL,BLUE,AUTO,1.0,Alloy,63790,AMERICAN,LARGE,FORD,8902.0,11084.0,10114.0,12471.0,7445.0,9124.0,11015.0,12732.0,,,20833,75236,TX,8040.0,0,1313
0,1231891200,OTHER,2003,6,OLDSMOBILE,ALERO 4C 2.2L I4 MPI,GL,4D SEDAN GL2,RED,AUTO,1.0,Alloy,72860,AMERICAN,MEDIUM,GM,2656.0,3617.0,3368.0,4406.0,2659.0,3793.0,3372.0,4596.0,,,835,85009,AZ,4160.0,0,1806
0,1278892800,MANHEIM,2004,6,FORD,MUSTANG V6,Bas,2D COUPE,SILVER,MANUAL,1.0,Alloy,62154,AMERICAN,SPORTS,FORD,5403.0,6582.0,8682.0,9806.0,5242.0,6348.0,8667.0,9931.0,,,1231,89165,NV,6500.0,1,728
0,1271203200,OTHER,2007,3,PONTIAC,VIBE,,4D WAGON,WHITE,AUTO,1.0,Alloy,73364,AMERICAN,MEDIUM,GM,8151.0,9450.0,10938.0,13175.0,7265.0,8380.0,10869.0,11947.0,,,18880,35004,AL,7700.0,0,569
0,1239667200,MANHEIM,2005,4,DODGE,1500 RAM PICKUP 2WD,SLT,QUAD CAB 5.7L SLT,SILVER,AUTO,3.0,Special,75410,AMERICAN,LARGE TRUCK,CHRYSLER,10306.0,12558.0,11630.0,14063.0,10306.0,12558.0,11630.0,14063.0,,,835,85040,AZ,9300.0,0,920
0,1240272000,OTHER,2006,3,DODGE,CHARGER 2.7L V6 MPI,Bas,4D SEDAN SE,SILVER,AUTO,2.0,Covers,72350,AMERICAN,SPECIALTY,CHRYSLER,9210.0,10596.0,10447.0,11944.0,9210.0,10596.0,10447.0,11944.0,,,18822,35613,AL,9625.0,0,1389
0,1242950400,OTHER,2005,4,CHEVROLET,COLORADO PICKUP 2WD,Bas,REG CAB 2.8L,WHITE,AUTO,2.0,Covers,86415,AMERICAN,SMALL TRUCK,GM,4624.0,5718.0,5494.0,6675.0,4624.0,5718.0,5494.0,6675.0,,,99761,32812,FL,4200.0,0,723
0,1250553600,OTHER,2006,3,HYUNDAI,ELANTRA MFI I-4 2.0L,GLS,4D SEDAN,BLUE,AUTO,2.0,Covers,56048,OTHER ASIAN,MEDIUM,OTHER,5299.0,6707.0,6223.0,7744.0,5182.0,6520.0,6097.0,7542.0,,,18880,29070,SC,4950.0,0,505
1,1279065600,MANHEIM,2004,6,FORD,FREESTAR FWD V6,S,PASSENGER 3.9L,WHITE,AUTO,2.0,Covers,76272,AMERICAN,VAN,FORD,3266.0,4331.0,7173.0,8122.0,3494.0,4848.0,6956.0,9652.0,,,20928,32824,FL,5550.0,0,1506
0,1269216000,MANHEIM,2007,3,CHEVROLET,MALIBU 4C,LS,4D SEDAN LS,SILVER,AUTO,2.0,Covers,77504,AMERICAN,MEDIUM,GM,7772.0,9137.0,11204.0,12534.0,7263.0,8703.0,10714.0,12287.0,,,20928,27542,NC,7400.0,0,1038
0,1237248000,ADESA,2004,5,MAZDA,MAZDA3 2.0L I4 MPI,i,4D SEDAN I,WHITE,AUTO,1.0,Alloy,68657,OTHER ASIAN,MEDIUM,OTHER,5847.0,7203.0,6815.0,8279.0,6050.0,7473.0,7034.0,8571.0,,,22808,78754,TX,7715.0,0,923
0,1265673600,MANHEIM,2005,5,KIA,SPORTAGE 2WD 4C,LX,4D SPORT UTILITY LX,GREEN,MANUAL,1.0,Alloy,54443,OTHER ASIAN,SMALL SUV,OTHER,6388.0,6976.0,9941.0,10548.0,6346.0,6894.0,9884.0,10386.0,,,22808,75050,TX,7025.0,0,754
0,1291248000,MANHEIM,2002,8,FORD,FOCUS,SE,4D SEDAN SE,GREEN,AUTO,1.0,Alloy,101114,AMERICAN,COMPACT,FORD,2296.0,3120.0,4806.0,5564.0,2758.0,3552.0,5411.0,6523.0,NO,GREEN,19638,33762,FL,3795.0,0,1750
0,1235520000,MANHEIM,2006,3,GMC,1500 SIERRA PICKUP 2,SLE,CREW CAB 5.3L,BLUE,AUTO,1.0,Alloy,82709,AMERICAN,LARGE TRUCK,GM,12600.0,14465.0,14108.0,16122.0,14617.0,16564.0,16286.0,18389.0,,,19638,33916,FL,10100.0,0,1243
0,1256688000,MANHEIM,2005,4,CHEVROLET,IMPALA 3.4L V6 SFI,Bas,4D SEDAN,GREY,AUTO,2.0,Covers,54516,AMERICAN,LARGE,GM,4272.0,5692.0,5114.0,6647.0,3781.0,4945.0,7110.0,8638.0,,,22916,80011,CO,5490.0,0,1500
0,1291334400,MANHEIM,2001,9,OLDSMOBILE,ALERO V6,GL,4D SEDAN GL,GOLD,AUTO,1.0,Alloy,71756,AMERICAN,MEDIUM,GM,1767.0,2627.0,4280.0,5375.0,1685.0,2842.0,4493.0,5658.0,NO,RED,22916,89165,NV,4030.0,0,2508
0,1235001600,MANHEIM,2006,3,CHRYSLER,TOWN & COUNTRY 2WD V,Bas,MINIVAN 3.3L,BLUE,AUTO,2.0,Covers,65238,AMERICAN,VAN,CHRYSLER,5202.0,6041.0,6118.0,7024.0,6400.0,7266.0,7412.0,8347.0,,,20928,22403,VA,6440.0,0,1411
0,1270598400,MANHEIM,2002,8,NISSAN,ALTIMA,Bas,4D SEDAN,SILVER,AUTO,2.0,Covers,76465,TOP LINE ASIAN,MEDIUM,OTHER,4360.0,5184.0,6976.0,8092.0,4329.0,5123.0,7756.0,8955.0,,,23359,92807,CA,6720.0,0,986
1,1280275200,MANHEIM,2005,5,HYUNDAI,ELANTRA,GLS,4D SEDAN,BLUE,AUTO,2.0,Covers,59598,OTHER ASIAN,MEDIUM,OTHER,3896.0,4881.0,7003.0,8173.0,3956.0,5032.0,7592.0,8498.0,,,21973,32824,FL,5750.0,0,505
0,1268352000,ADESA,2008,2,PONTIAC,GRAND PRIX,Bas,4D SEDAN,SILVER,AUTO,1.0,Alloy,67793,AMERICAN,LARGE,GM,9681.0,10972.0,13236.0,14527.0,9835.0,11376.0,12872.0,14625.0,,,20740,37771,TN,7815.0,0,1703
0,1242086400,MANHEIM,2003,6,GMC,YUKON 4WD V8 4.8L V8,SLE,4D UTILITY 4.8L SLE,MAROON,AUTO,1.0,Alloy,64860,AMERICAN,LARGE SUV,GM,6288.0,7281.0,7291.0,8363.0,6873.0,8280.0,7923.0,9442.0,,,835,85040,AZ,10300.0,0,1711
0,1241049600,MANHEIM,2003,6,PONTIAC,GRAND AM V6 3.4L V6,SE,4D SEDAN SE1,GOLD,AUTO,2.0,Covers,72315,AMERICAN,MEDIUM,GM,2752.0,3678.0,3472.0,4472.0,2752.0,3678.0,3472.0,4472.0,,,23359,92337,CA,4590.0,0,2508
1,1271808000,MANHEIM,2005,5,CHEVROLET,MALIBU MAXX V6,LS,4D SEDAN LS,BEIGE,AUTO,1.0,Alloy,78452,AMERICAN,MEDIUM,GM,5252.0,6613.0,8330.0,9871.0,5159.0,6307.0,8818.0,10781.0,,,18822,70460,LA,7520.0,0,1272
0,1264032000,MANHEIM,2004,6,TOYOTA,TUNDRA PICKUP 2WD V8,Lim,CREW CAB 4.7L LIMITED,GREEN,AUTO,1.0,Alloy,89672,TOP LINE ASIAN,LARGE TRUCK,OTHER,12241.0,12866.0,17146.0,17815.0,11257.0,12517.0,14800.0,15860.0,,,20833,76040,TX,11705.0,0,723
0,1234137600,MANHEIM,2006,3,FORD,FIVE HUNDRED 3.0L V6,SEL,4D SEDAN SEL,BLACK,AUTO,1.0,Alloy,90999,AMERICAN,LARGE,FORD,8499.0,9921.0,9679.0,11215.0,8851.0,10396.0,10059.0,11728.0,,,21973,27542,NC,6200.0,0,1774
0,1270080000,MANHEIM,2007,3,DODGE,DURANGO 2WD V6,SXT,4D SUV 3.7L SXT,BLUE,AUTO,1.0,Alloy,73467,AMERICAN,MEDIUM SUV,CHRYSLER,10760.0,12633.0,15255.0,16411.0,10611.0,12277.0,15226.0,16403.0,,,5546,33762,FL,9700.0,0,1272
0,1274054400,MANHEIM,2006,4,DODGE,CARAVAN GRAND FWD V6,SXT,MINIVAN 3.8L,BLUE,AUTO,1.0,Alloy,87015,AMERICAN,VAN,CHRYSLER,7116.0,8959.0,10425.0,12807.0,8070.0,9767.0,13298.0,15094.0,,,18881,27542,NC,7600.0,0,1763
0,1289952000,MANHEIM,2004,6,PONTIAC,GRAND PRIX,GT,4D SEDAN GT,GOLD,AUTO,1.0,Alloy,66900,AMERICAN,LARGE,GM,3493.0,4647.0,6506.0,7959.0,4134.0,5274.0,7326.0,8512.0,,,99750,80011,CO,7150.0,0,1703
1,1241568000,MANHEIM,2005,4,CHEVROLET,IMPALA 3.4L V6 SFI,Bas,4D SEDAN,BLUE,AUTO,2.0,Covers,67348,AMERICAN,LARGE,GM,4573.0,5967.0,5439.0,6944.0,4573.0,5967.0,5439.0,6944.0,,,20928,32824,FL,6200.0,0,1703
0,1281052800,MANHEIM,2007,3,CHEVROLET,IMPALA,LS,4D SEDAN LS,BLUE,AUTO,2.0,Covers,51435,AMERICAN,LARGE,GM,8051.0,9176.0,11434.0,12942.0,8186.0,9279.0,11674.0,12864.0,,,99750,85040,AZ,8000.0,0,1500
0,1242604800,MANHEIM,2005,4,DODGE,STRATUS V6 2.7L V6 M,SXT,4D SEDAN SXT FFV,SILVER,AUTO,2.0,Covers,48595,AMERICAN,MEDIUM,CHRYSLER,5569.0,6584.0,6515.0,7611.0,5569.0,6584.0,6515.0,7611.0,,,20740,27542,NC,5300.0,0,975
1,1270598400,MANHEIM,2004,6,HYUNDAI,TIBURON,GT,2D COUPE GT,YELLOW,AUTO,1.0,Alloy,58083,OTHER ASIAN,SPORTS,OTHER,5444.0,6616.0,8265.0,9407.0,5283.0,6305.0,8263.0,9329.0,,,20740,32824,FL,7750.0,0,837
0,1233014400,MANHEIM,2004,5,PONTIAC,MONTANA 3.4L V6 SFI,,4D MINIVAN EXT 3.4L,WHITE,AUTO,1.0,Alloy,92215,AMERICAN,VAN,GM,3497.0,4670.0,4277.0,5544.0,4189.0,5287.0,5024.0,6210.0,,,18881,37210,TN,3750.0,0,5613
0,1234742400,MANHEIM,2005,4,CHRYSLER,TOWN & COUNTRY FWD V,Bas,MINIVAN 3.3L,BLUE,AUTO,2.0,Covers,81901,AMERICAN,VAN,CHRYSLER,5070.0,6252.0,5976.0,7252.0,5574.0,6715.0,6520.0,7752.0,,,18880,27542,NC,5300.0,0,1763
0,1241740800,MANHEIM,2003,6,JEEP,LIBERTY 4WD V6 3.7L,Spo,4D SUV SPORT,WHITE,AUTO,2.0,Covers,70381,AMERICAN,SMALL SUV,CHRYSLER,5382.0,6729.0,6313.0,7767.0,5382.0,6729.0,6313.0,7767.0,,,99750,85040,AZ,6800.0,0,1220
0,1270512000,OTHER,2008,2,DODGE,CALIBER,SE,4D WAGON,BLACK,AUTO,2.0,Covers,48889,AMERICAN,MEDIUM,CHRYSLER,7811.0,8258.0,11114.0,11562.0,7678.0,8543.0,11509.0,12387.0,,,99761,74135,OK,7500.0,0,693
0,1274140800,ADESA,2005,5,CHRYSLER,TOWN & COUNTRY FWD V,Tou,MINIVAN 3.8L,SILVER,AUTO,1.0,Alloy,88321,AMERICAN,VAN,CHRYSLER,6963.0,8599.0,10589.0,12299.0,6107.0,7758.0,9704.0,11142.0,,,52117,45005,OH,7295.0,0,1763
0,1243296000,MANHEIM,2006,3,FORD,RANGER PICKUP 2WD V6,STX,REG CAB 3.0L EDGE,WHITE,MANUAL,1.0,Alloy,98570,AMERICAN,SMALL TRUCK,FORD,5916.0,7698.0,6889.0,8814.0,5916.0,7698.0,6889.0,8814.0,,,22916,80022,CO,2940.0,0,620
0,1292457600,ADESA,2006,4,NISSAN,ALTIMA,Bas,4D SEDAN,SILVER,AUTO,,,89124,TOP LINE ASIAN,MEDIUM,OTHER,6776.0,8298.0,10507.0,11963.0,7724.0,9063.0,10844.0,12664.0,,,20740,32219,FL,7400.0,0,723
0,1272499200,MANHEIM,2005,5,PONTIAC,G6 V6,Bas,4D SEDAN,BLUE,AUTO,1.0,Alloy,88149,AMERICAN,MEDIUM,GM,6035.0,7227.0,8693.0,10149.0,5136.0,6127.0,8724.0,9623.0,,,16926,92337,CA,6420.0,0,1373
0,1233792000,MANHEIM,2004,5,FORD,MUSTANG V6 3.9L V6 E,Bas,2D COUPE,GREY,AUTO,1.0,Alloy,66771,AMERICAN,SPORTS,FORD,5082.0,6076.0,5989.0,7062.0,5821.0,6896.0,6787.0,7948.0,,,5546,33619,FL,5765.0,0,728
0,1235606400,ADESA,2002,7,DODGE,CARAVAN GRAND FWD V6,SE,MINIVAN 3.3L FFV SE,SILVER,AUTO,2.0,Covers,75962,AMERICAN,VAN,CHRYSLER,3035.0,3691.0,3778.0,4486.0,3177.0,4498.0,3931.0,5358.0,,,18880,28273,NC,4635.0,0,1923
0,1239753600,MANHEIM,2002,7,FORD,F150 PICKUP 2WD V6 4,XL,EXT CAB 4.2L W/T,WHITE,AUTO,1.0,Alloy,67129,AMERICAN,LARGE TRUCK,FORD,5105.0,6436.0,6013.0,7451.0,5105.0,6436.0,6013.0,7451.0,,,19619,32124,FL,6800.0,0,833
0,1284422400,MANHEIM,2007,3,CHEVROLET,IMPALA V6,LT,4D SEDAN LT 3.5L,RED,AUTO,1.0,Alloy,85678,AMERICAN,LARGE,GM,8233.0,9980.0,12215.0,13871.0,7464.0,8770.0,11140.0,12643.0,,,52644,75050,TX,8140.0,0,2152
0,1285632000,OTHER,2007,3,FORD,TAURUS,SEL,4D SEDAN SEL,WHITE,AUTO,1.0,Alloy,76954,AMERICAN,MEDIUM,FORD,5911.0,7580.0,9547.0,11552.0,4888.0,6167.0,7984.0,10073.0,,,17212,76063,TX,6000.0,0,920
0,1262736000,MANHEIM,2006,4,FORD,FUSION 4C,SE,4D SEDAN SE,GREY,AUTO,1.0,Alloy,61911,AMERICAN,MEDIUM,FORD,7089.0,8483.0,11004.0,12492.0,8000.0,9516.0,11973.0,13820.0,,,20833,75236,TX,7240.0,0,728
0,1262131200,ADESA,2004,5,PONTIAC,GRAND PRIX,GT,4D SEDAN GT,SILVER,AUTO,2.0,Covers,87822,AMERICAN,LARGE,GM,3883.0,4874.0,7310.0,8365.0,4587.0,5684.0,7516.0,8697.0,,,19662,78227,TX,5715.0,0,2152
0,1245801600,ADESA,2005,4,PONTIAC,GRAND PRIX 3.8L V6 S,Bas,4D SEDAN,GREY,AUTO,1.0,Alloy,46747,AMERICAN,LARGE,GM,5500.0,6920.0,6440.0,7974.0,5598.0,7096.0,6546.0,8164.0,,,21053,85226,AZ,7560.0,0,1328
1,1287532800,MANHEIM,2003,7,FORD,WINDSTAR FWD V6,SE,4D PASSENGER 3.8L SE,BLUE,AUTO,1.0,Alloy,63184,AMERICAN,VAN,FORD,3299.0,4332.0,6706.0,7961.0,3350.0,4339.0,6622.0,7686.0,,,17212,64161,MO,5275.0,0,1906
0,1282003200,OTHER,2005,5,DODGE,STRATUS V6,SXT,4D SEDAN SXT FFV,RED,AUTO,2.0,Covers,41069,AMERICAN,MEDIUM,CHRYSLER,5755.0,6999.0,9288.0,10151.0,5100.0,7226.0,8548.0,10695.0,,,99750,95673,CA,5507.0,0,975
0,1255564800,OTHER,2005,4,MAZDA,MAZDA6 2.3L I4 MPI,i,4D SEDAN I,RED,AUTO,1.0,Alloy,84047,OTHER ASIAN,MEDIUM,OTHER,6637.0,8495.0,7668.0,9675.0,6348.0,7749.0,9837.0,11188.0,,,20207,73108,OK,7640.0,0,1373
0,1238630400,MANHEIM,2002,7,DODGE,DURANGO 4WD V8 4.7L,Spo,4D SUV 4.7L SXT,BLUE,AUTO,,,87191,AMERICAN,MEDIUM SUV,CHRYSLER,3156.0,5023.0,3908.0,5925.0,3156.0,5023.0,3908.0,5925.0,,,20207,76040,TX,6225.0,0,2063
0,1243900800,MANHEIM,2005,4,DODGE,1500 RAM PICKUP 2WD,SLT,QUAD CAB 4.7L SLT,BLUE,AUTO,1.0,Alloy,61449,AMERICAN,LARGE TRUCK,CHRYSLER,9456.0,11193.0,10712.0,12588.0,9456.0,11193.0,10712.0,12588.0,,,8655,75050,TX,9750.0,0,825
0,1250121600,MANHEIM,2006,3,CHRYSLER,TOWN & COUNTRY 2WD V,Bas,MINIVAN 3.3L,MAROON,AUTO,2.0,Covers,99938,AMERICAN,VAN,CHRYSLER,6989.0,8009.0,8048.0,9150.0,7211.0,8138.0,8288.0,9289.0,,,22808,77061,TX,4995.0,0,1918
0,1264550400,ADESA,2004,6,CHEVROLET,CAVALIER 4C,Bas,4D SEDAN,GOLD,AUTO,2.0,Covers,86326,AMERICAN,COMPACT,GM,2582.0,3459.0,5415.0,6231.0,2656.0,3508.0,5792.0,6445.0,,,21053,85226,AZ,3620.0,0,1243
1,1285804800,OTHER,2004,6,FORD,ESCAPE 2WD V6,XLS,4D CUV 3.0L XLS,WHITE,AUTO,1.0,Alloy,70824,AMERICAN,SMALL SUV,FORD,4624.0,6161.0,8401.0,11193.0,4064.0,5588.0,7110.0,8877.0,,,25100,73108,OK,6835.0,0,920
0,1241395200,MANHEIM,2004,5,CHRYSLER,PT CRUISER 2.4L I4 S,Tou,4D SEDAN,BLUE,AUTO,1.0,Alloy,61020,AMERICAN,MEDIUM,CHRYSLER,3487.0,4488.0,4266.0,5347.0,3487.0,4488.0,4266.0,5347.0,,,18880,27542,NC,5300.0,0,1215
0,1290470400,OTHER,2009,1,CHRYSLER,SEBRING 4C,LX,4D SEDAN,WHITE,AUTO,2.0,Covers,40124,AMERICAN,MEDIUM,CHRYSLER,8835.0,9388.0,12456.0,13328.0,8930.0,9514.0,12002.0,12658.0,,,99761,74135,OK,8700.0,0,834
0,1233705600,MANHEIM,2004,5,GMC,1500 SIERRA PICKUP 2,SLE,EXT CAB 4.3L SLE,GOLD,AUTO,1.0,Alloy,53327,AMERICAN,LARGE TRUCK,GM,0.0,1.0,0.0,0.0,0.0,1.0,0.0,0.0,,,20928,32824,FL,8300.0,0,1003
0,1290038400,OTHER,2008,2,JEEP,COMPASS FWD 4C,Spo,4D SUV SPORT 2.0L,WHITE,AUTO,1.0,Alloy,66089,AMERICAN,SMALL SUV,CHRYSLER,7714.0,8695.0,11767.0,13166.0,8750.0,9538.0,12259.0,13057.0,,,99761,90045,CA,8000.0,0,825
0,1256688000,MANHEIM,2005,4,SATURN,L SERIES 3.0L V6 EFI,L30,4D SEDAN L300,RED,AUTO,2.0,Covers,46485,AMERICAN,MEDIUM,GM,5422.0,6305.0,6356.0,7309.0,4536.0,5448.0,8039.0,8860.0,,,22916,80011,CO,5390.0,0,1469
1,1257465600,MANHEIM,2004,5,PONTIAC,SUNFIRE,SE,2D COUPE,SILVER,AUTO,2.0,Covers,65983,AMERICAN,COMPACT,GM,2685.0,3652.0,3400.0,4444.0,2617.0,3541.0,5163.0,6987.0,,,17675,27542,NC,4000.0,0,1020
0,1283212800,MANHEIM,2003,7,MAZDA,MAZDA6,i,4D SEDAN I,GREY,AUTO,2.0,Covers,62647,OTHER ASIAN,MEDIUM,OTHER,3951.0,5178.0,7554.0,8483.0,3833.0,4985.0,7055.0,8397.0,,,835,85040,AZ,7170.0,0,1418
0,1264377600,MANHEIM,2007,3,CHRYSLER,PT CRUISER,Tou,4D SEDAN,SILVER,AUTO,,,62093,AMERICAN,MEDIUM,CHRYSLER,5448.0,6635.0,8838.0,10018.0,6152.0,7012.0,9538.0,10269.0,,,18880,27542,NC,5000.0,0,1215
1,1231891200,MANHEIM,2002,7,CHRYSLER,PT CRUISER 2.4L I4 M,Lim,4D SEDAN LIMITED,BLUE,AUTO,,,82197,AMERICAN,MEDIUM,CHRYSLER,3273.0,4156.0,4035.0,4988.0,3617.0,4413.0,4406.0,5266.0,,,23359,92807,CA,4195.0,0,1803
0,1269475200,MANHEIM,2004,6,JEEP,LIBERTY 2WD V6,Spo,4D SUV,PURPLE,AUTO,1.0,Alloy,56904,AMERICAN,SMALL SUV,CHRYSLER,6070.0,7067.0,10974.0,12777.0,5664.0,6892.0,9865.0,10778.0,,,19638,33619,FL,8385.0,0,588
1,1261353600,OTHER,2007,2,FORD,FREESTYLE FWD V6,SEL,4D CUV 3.0L SEL,SILVER,AUTO,1.0,Alloy,81336,AMERICAN,CROSSOVER,FORD,10010.0,12664.0,14758.0,17073.0,10010.0,12664.0,14758.0,17073.0,,,17212,76063,TX,8000.0,0,1633
0,1255996800,MANHEIM,2007,2,CHEVROLET,UPLANDER FWD V6 3.9L,LS,PASSENGER EXT 3.9L LS,WHITE,AUTO,2.0,Covers,79315,AMERICAN,VAN,GM,6742.0,7883.0,7781.0,9014.0,6384.0,7302.0,10250.0,11724.0,,,99750,80011,CO,6900.0,0,2091
0,1237334400,MANHEIM,2006,3,KIA,SPECTRA 2.0L I4 EFI,EX,4D SEDAN,BEIGE,AUTO,2.0,Covers,64086,OTHER ASIAN,MEDIUM,OTHER,4990.0,5571.0,5889.0,6517.0,4751.0,5562.0,5631.0,6507.0,,,19064,75236,TX,5670.0,0,533
0,1244073600,OTHER,2002,7,CHEVROLET,TRAILBLAZER 4WD 6C 4,LS,4D SUV 4.2L LS,GOLD,AUTO,1.0,Alloy,64650,AMERICAN,MEDIUM SUV,GM,4815.0,5849.0,5700.0,6817.0,4815.0,5849.0,5700.0,6817.0,,,99750,39208,MS,6700.0,0,2003
0,1284595200,OTHER,2008,2,CHEVROLET,AVEO,LS,4D WAGON LS,RED,AUTO,2.0,Covers,48343,AMERICAN,COMPACT,GM,0.0,0.0,0.0,0.0,4998.0,5885.0,8401.0,9318.0,,,99761,85284,AZ,6300.0,0,623
0,1251849600,ADESA,2007,2,CHRYSLER,PT CRUISER 2.4L I4 S,Tou,4D SEDAN,BLACK,AUTO,2.0,Covers,54440,AMERICAN,MEDIUM,CHRYSLER,6462.0,7451.0,7479.0,8547.0,5333.0,6555.0,8687.0,9916.0,,,18881,30212,GA,5900.0,0,1086
0,1246320000,MANHEIM,2006,3,CHRYSLER,PT CRUISER 2.4L I4 S,Bas,4D SEDAN,BEIGE,AUTO,2.0,Covers,54166,AMERICAN,MEDIUM,CHRYSLER,5443.0,6528.0,6378.0,7550.0,5540.0,6569.0,6483.0,7595.0,,,20928,28625,NC,5795.0,0,1086
1,1257811200,MANHEIM,2006,3,PONTIAC,G6 V6,Bas,4D SEDAN,RED,AUTO,1.0,Alloy,61277,AMERICAN,MEDIUM,GM,6652.0,8131.0,7684.0,9281.0,6312.0,7569.0,10731.0,12868.0,,,835,85040,AZ,7640.0,0,1118
0,1259020800,OTHER,2008,1,CHRYSLER,PT CRUISER,Bas,4D SEDAN,RED,AUTO,2.0,Covers,46917,AMERICAN,MEDIUM,CHRYSLER,6491.0,6999.0,7510.0,8059.0,6730.0,7324.0,9926.0,10599.0,,,99761,74135,OK,6100.0,0,975
0,1292889600,MANHEIM,2003,7,FORD,TAURUS,SEL,4D SEDAN SE COMFORT,GREEN,AUTO,1.0,Alloy,108389,AMERICAN,MEDIUM,FORD,2959.0,3598.0,5695.0,6335.0,2980.0,4088.0,6167.0,7048.0,,,16044,19440,PA,3955.0,0,1430
1,1235433600,MANHEIM,2005,4,FORD,TAURUS 3.0L V6 EFI,SE,4D SEDAN SE,GREY,AUTO,,,88479,AMERICAN,MEDIUM,FORD,3979.0,4997.0,4797.0,5897.0,4179.0,5141.0,5013.0,6052.0,,,16926,92504,CA,4575.0,0,983
0,1279756800,MANHEIM,2007,3,CHRYSLER,SEBRING V6,Bas,4D SEDAN,GREY,AUTO,2.0,Covers,51077,AMERICAN,MEDIUM,CHRYSLER,7415.0,8209.0,11128.0,11872.0,7261.0,8168.0,10867.0,11832.0,,,99750,8505,NJ,7200.0,0,1003
0,1284595200,MANHEIM,2004,6,CHEVROLET,MALIBU MAXX V6,LS,4D SEDAN LS,GREY,AUTO,1.0,Alloy,84168,AMERICAN,MEDIUM,GM,4598.0,6019.0,7736.0,9086.0,4650.0,5484.0,8248.0,9080.0,,,1055,87105,NM,4925.0,1,1373
0,1253664000,OTHER,2003,6,DODGE,1500 RAM PICKUP 2WD,Lar,REG CAB 5.7L SLT,BLUE,AUTO,2.0,Covers,84824,AMERICAN,LARGE TRUCK,CHRYSLER,3269.0,4400.0,4031.0,5252.0,0.0,0.0,0.0,0.0,,,835,85009,AZ,6685.0,0,1283
0,1256688000,OTHER,2006,3,FORD,F150 PICKUP 2WD V8 4,STX,EXT CAB 4.6L STX,WHITE,AUTO,1.0,Alloy,62233,AMERICAN,LARGE TRUCK,FORD,8589.0,11030.0,9776.0,12412.0,6713.0,8343.0,11849.0,13728.0,,,17212,75020,TX,8700.0,0,728
0,1265846400,MANHEIM,2007,3,CHEVROLET,UPLANDER FWD V6,LS,PASSENGER 3.5L LS,GOLD,AUTO,2.0,Covers,66894,AMERICAN,VAN,GM,6583.0,7557.0,10565.0,11675.0,8538.0,9558.0,12851.0,13908.0,,,8655,76040,TX,8270.0,0,1801
0,1234915200,MANHEIM,2001,8,BUICK,REGAL 3.8L V6 MFI SC,LS,4D SEDAN LS,GOLD,AUTO,1.0,Alloy,95061,AMERICAN,MEDIUM,GM,2873.0,3743.0,3603.0,4542.0,2881.0,3670.0,3611.0,4464.0,,,20207,75236,TX,4160.0,0,2651
0,1241481600,OTHER,2006,3,DODGE,STRATUS V6 2.7L V6 M,SXT,4D SEDAN SXT FFV,BLUE,AUTO,2.0,Covers,54316,AMERICAN,MEDIUM,CHRYSLER,5480.0,6461.0,6418.0,7478.0,5480.0,6461.0,6418.0,7478.0,,,99750,21014,MD,5300.0,0,1086
0,1277424000,OTHER,2006,4,CHEVROLET,MALIBU 4C,LT,4D SEDAN LT,GREY,AUTO,1.0,Alloy,83909,AMERICAN,MEDIUM,GM,7293.0,8493.0,10439.0,11370.0,7138.0,8312.0,10338.0,11852.0,,,99750,90650,CA,6700.0,0,1113
0,1238544000,ADESA,2005,4,DODGE,DAKOTA PICKUP 4WD V6,ST,QUAD CAB 3.7L ST,WHITE,AUTO,1.0,Alloy,72185,AMERICAN,SMALL TRUCK,CHRYSLER,8102.0,10312.0,9250.0,11637.0,8102.0,10312.0,9250.0,11637.0,,,20234,85226,AZ,8595.0,0,1623
0,1251244800,MANHEIM,2005,4,FORD,FOCUS 2.0L I4 SFI,ZX5,4D HATCHBACK ZX5 SES,WHITE,AUTO,1.0,Alloy,71179,AMERICAN,COMPACT,FORD,4508.0,5749.0,5369.0,6709.0,4367.0,5457.0,5216.0,6394.0,,,8655,75236,TX,5170.0,0,1155
0,1243468800,ADESA,2005,4,CHEVROLET,MALIBU 4C 2.2L I4 MP,Cla,4D SEDAN CLASSIC,WHITE,AUTO,2.0,Covers,83855,AMERICAN,MEDIUM,GM,4123.0,5657.0,4953.0,6610.0,4123.0,5657.0,4953.0,6610.0,,,18822,78227,TX,4170.0,0,1243
0,1281398400,MANHEIM,2004,6,FORD,TAURUS,SES,4D SEDAN SES,SILVER,AUTO,1.0,Alloy,69445,AMERICAN,MEDIUM,FORD,3073.0,4342.0,6622.0,8011.0,3378.0,4565.0,6509.0,8499.0,,,17675,28625,NC,5595.0,0,825
0,1268870400,MANHEIM,2006,4,TOYOTA,CAMRY 4C,Bas,4D SEDAN,GREEN,AUTO,2.0,Covers,89089,TOP LINE ASIAN,MEDIUM,OTHER,8285.0,9392.0,11669.0,12745.0,8017.0,8989.0,11759.0,12798.0,,,18111,32503,FL,8815.0,0,594
1,1292371200,OTHER,2003,7,CHRYSLER,PT CRUISER,GT,4D SEDAN GT TURBO,BLACK,AUTO,,,79524,AMERICAN,MEDIUM,CHRYSLER,3763.0,4753.0,6686.0,7405.0,3929.0,4839.0,7070.0,8238.0,,,18111,35004,AL,4600.0,0,1806
0,1234915200,ADESA,2005,4,JEEP,GRAND CHEROKEE 4WD V,Lar,4D WAGON,BLUE,AUTO,1.0,Alloy,71913,AMERICAN,MEDIUM SUV,CHRYSLER,9801.0,11297.0,11085.0,12701.0,10118.0,11588.0,11427.0,13015.0,,,21053,85226,AZ,8795.0,0,1857
0,1284681600,OTHER,2007,3,CHEVROLET,IMPALA,LS,4D SEDAN LS,BLACK,AUTO,2.0,Covers,82646,AMERICAN,LARGE,GM,8041.0,9209.0,11153.0,12582.0,7136.0,8274.0,9984.0,11560.0,,,99761,85284,AZ,7000.0,0,2152
0,1269302400,MANHEIM,2006,4,CHEVROLET,COBALT,LS,4D SEDAN LS,WHITE,MANUAL,2.0,Covers,44711,AMERICAN,COMPACT,GM,5518.0,6619.0,8457.0,9958.0,5177.0,6257.0,8966.0,10836.0,,,20207,77041,TX,5000.0,0,623
1,1268179200,MANHEIM,2004,6,CHRYSLER,PACIFICA FWD,,4D SPORT TOURER,GOLD,AUTO,1.0,Alloy,81292,AMERICAN,CROSSOVER,CHRYSLER,6804.0,8336.0,9497.0,11598.0,6384.0,7857.0,9566.0,11003.0,,,16044,22801,VA,8500.0,0,1503
0,1250640000,MANHEIM,2007,2,CHEVROLET,COBALT 2.2L I4 MPI,LS,4D SEDAN LS,RED,AUTO,2.0,Covers,42590,AMERICAN,COMPACT,GM,6431.0,7257.0,7445.0,8338.0,7009.0,7834.0,8070.0,8961.0,,,18822,78219,TX,6025.0,0,623
0,1247616000,MANHEIM,2007,2,SUZUKI,SX4,Bas,4D HATCHBACK AWD,BLACK,AUTO,1.0,Alloy,54265,OTHER ASIAN,COMPACT,OTHER,8292.0,9558.0,9455.0,10823.0,8856.0,10007.0,10064.0,11308.0,,,22808,75236,TX,6525.0,0,671
0,1246492800,ADESA,2007,2,SUZUKI,FORENZA 2.0L I4 EFI,,4D SEDAN,BLUE,AUTO,2.0,Covers,67948,OTHER ASIAN,MEDIUM,OTHER,5451.0,6586.0,6387.0,7613.0,5451.0,6586.0,6387.0,7613.0,,,8172,28273,NC,5575.0,0,533
0,1268179200,OTHER,2008,2,CHEVROLET,COBALT,LS,4D SEDAN LS,SILVER,AUTO,2.0,Covers,48372,AMERICAN,COMPACT,GM,7513.0,8122.0,10861.0,11450.0,7135.0,7610.0,10077.0,10812.0,,,99761,85284,AZ,7000.0,0,623
0,1239667200,ADESA,2006,3,CHEVROLET,HHR 2.2L I4 MPI / SF,LT,4D SUV 2.2L LT,SILVER,AUTO,1.0,Alloy,83730,AMERICAN,MEDIUM,GM,6601.0,8132.0,7629.0,9283.0,6601.0,8132.0,7629.0,9283.0,,,20833,78754,TX,6305.0,0,853
0,1245196800,MANHEIM,2004,5,FORD,EXPLORER 2WD V6 4.0L,XLS,4D SUV 4.0L FFV XLS,BLUE,AUTO,1.0,Alloy,54135,AMERICAN,MEDIUM SUV,FORD,5407.0,6742.0,6340.0,7781.0,5251.0,6542.0,6171.0,7565.0,,,8655,75236,TX,7885.0,0,920
0,1233273600,OTHER,2006,3,FORD,EXPLORER 2WD V6 4.0L,XLT,4D SUV 4.0L XLT,BLACK,AUTO,1.0,Alloy,69233,AMERICAN,MEDIUM SUV,FORD,10744.0,12675.0,12104.0,14189.0,11817.0,13639.0,13262.0,15230.0,,,20740,29461,SC,7400.0,0,1020
0,1251158400,ADESA,2006,3,CHEVROLET,UPLANDER FWD V6 3.5L,LS,PASSENGER EXT 3.5L,WHITE,AUTO,2.0,Covers,89028,AMERICAN,VAN,GM,7961.0,10221.0,9098.0,11539.0,7749.0,9671.0,12065.0,14557.0,,,8655,78754,TX,7215.0,0,2282
0,1250726400,OTHER,2005,4,CHEVROLET,CAVALIER 4C 2.2L I4,Bas,2D COUPE,SILVER,AUTO,1.0,Alloy,97419,AMERICAN,COMPACT,GM,3172.0,4336.0,3926.0,5183.0,3382.0,4299.0,4153.0,5143.0,,,3453,80229,CO,3655.0,0,1341
0,1244505600,MANHEIM,2005,4,MITSUBISHI,ENDEAVOR FWD 3.8L V6,LS,4D SPORT UTILITY LS,SILVER,AUTO,1.0,Alloy,86945,OTHER ASIAN,MEDIUM SUV,OTHER,7444.0,8832.0,8540.0,10039.0,7528.0,8871.0,8630.0,10081.0,,,17212,75050,TX,6025.0,0,594
0,1243900800,OTHER,2007,2,CHEVROLET,IMPALA V6 3.5L V6 MP,LT,4D SEDAN LT 3.5L,WHITE,AUTO,1.0,Alloy,69888,AMERICAN,LARGE,GM,8186.0,9727.0,9341.0,11005.0,8845.0,10605.0,10053.0,11953.0,,,21053,95673,CA,7105.0,0,1703
1,1233878400,ADESA,2006,3,CHRYSLER,300 3.5L V6 MPI / SM,Lim,4D SEDAN,SILVER,AUTO,,,82715,AMERICAN,SPECIALTY,CHRYSLER,9439.0,10972.0,10694.0,12350.0,9439.0,10972.0,10694.0,12350.0,,,16926,91752,CA,9075.0,0,1503
0,1251072000,MANHEIM,2004,5,FORD,EXPEDITION 4WD V8 5.,XLT,4D SUV 5.4L XLT,GREY,AUTO,1.0,Alloy,74625,AMERICAN,LARGE SUV,FORD,9740.0,11515.0,11019.0,12936.0,7511.0,8798.0,11968.0,13396.0,,,20928,27542,NC,10400.0,0,1389
0,1268611200,MANHEIM,2007,3,FORD,FOCUS,ZX4,4D SEDAN S,BLUE,MANUAL,1.0,Alloy,54287,AMERICAN,COMPACT,FORD,6158.0,7429.0,9546.0,10477.0,6252.0,7552.0,10029.0,12114.0,,,18880,27542,NC,4400.0,0,920
0,1288742400,OTHER,2009,1,CHRYSLER,PT CRUISER,Bas,4D SEDAN,SILVER,AUTO,2.0,Covers,37245,AMERICAN,MEDIUM,CHRYSLER,7127.0,7515.0,10855.0,11224.0,8474.0,8977.0,11312.0,11984.0,NO,GREEN,99761,74135,OK,7000.0,0,882
0,1262044800,ADESA,2005,4,HYUNDAI,ELANTRA,GLS,4D SEDAN,BLUE,AUTO,2.0,Covers,70496,OTHER ASIAN,MEDIUM,OTHER,3875.0,4669.0,6703.0,7726.0,3855.0,4609.0,6907.0,7970.0,,,16926,91752,CA,4360.0,0,569
0,1246320000,MANHEIM,2006,3,CHEVROLET,IMPALA 3.5L V6 SFI,LS,4D SEDAN LS,SILVER,AUTO,2.0,Covers,82452,AMERICAN,LARGE,GM,6858.0,8107.0,7907.0,9256.0,6858.0,8107.0,7907.0,9256.0,,,19662,77041,TX,6180.0,0,2152
1,1234915200,ADESA,2004,5,SATURN,VUE 2WD V6 3.5L V6 M,,4D CUV 3.0L,BLUE,AUTO,1.0,Alloy,50992,AMERICAN,MEDIUM SUV,GM,5740.0,6711.0,6699.0,7748.0,6034.0,7186.0,7017.0,8261.0,,,18881,30212,GA,6300.0,0,1086
0,1268870400,MANHEIM,2007,3,TOYOTA,COROLLA,CE,4D SEDAN CE,BLACK,MANUAL,2.0,Covers,45228,TOP LINE ASIAN,COMPACT,OTHER,0.0,0.0,0.0,0.0,7563.0,8951.0,11223.0,12714.0,,,22916,89120,NV,7485.0,0,482
0,1242172800,MANHEIM,2005,4,SATURN,ION 2.2L I4 EFI,2,4D SEDAN LEVEL 2,GREY,MANUAL,2.0,Covers,71350,AMERICAN,MEDIUM,GM,5354.0,6317.0,6282.0,7322.0,5354.0,6317.0,6282.0,7322.0,,,22916,80011,CO,3375.0,0,803
0,1274400000,ADESA,2007,3,NISSAN,SENTRA,Bas,4D SEDAN,GREY,AUTO,2.0,Covers,54440,TOP LINE ASIAN,COMPACT,OTHER,7929.0,8845.0,11566.0,12788.0,6961.0,8299.0,11236.0,12426.0,,,5546,34203,FL,6700.0,0,505
0,1268611200,MANHEIM,2006,4,CHEVROLET,COBALT,LT,2D COUPE LT,BLUE,AUTO,1.0,Alloy,64057,AMERICAN,COMPACT,GM,6313.0,7275.0,9842.0,11135.0,5265.0,6324.0,8558.0,9560.0,,,18880,27542,NC,6100.0,0,728
0,1264550400,ADESA,2006,4,CHRYSLER,PT CRUISER,Tou,4D SEDAN,BLUE,AUTO,2.0,Covers,56303,AMERICAN,MEDIUM,CHRYSLER,4743.0,5937.0,8327.0,9565.0,5418.0,6429.0,8649.0,9719.0,,,21053,85226,AZ,5735.0,0,1086
0,1234137600,MANHEIM,2005,4,PONTIAC,GRAND PRIX 3.8L V6 S,Bas,4D SEDAN,GREY,AUTO,2.0,Covers,88553,AMERICAN,LARGE,GM,5647.0,6862.0,6599.0,7911.0,5829.0,7061.0,6795.0,8126.0,,,16044,27542,NC,6000.0,0,2152
0,1267056000,ADESA,2005,5,FORD,FREESTAR FWD V6,SES,4D PASSENGER 3.9L SES,SILVER,AUTO,1.0,Alloy,78079,AMERICAN,VAN,FORD,4905.0,5981.0,8475.0,9603.0,4476.0,5810.0,8293.0,9524.0,,,3453,80817,CO,6005.0,0,1506
0,1255478400,ADESA,2008,1,MITSUBISHI,GALANT 4C 2.4L I4 EF,ES,4D SEDAN,SILVER,AUTO,3.0,Special,49069,OTHER ASIAN,MEDIUM,OTHER,8853.0,9468.0,10061.0,10725.0,8601.0,9375.0,12871.0,14523.0,,,18881,30212,GA,8000.0,0,482
0,1245715200,MANHEIM,2005,4,PONTIAC,GRAND PRIX 3.8L V6 S,Bas,4D SEDAN,SILVER,AUTO,1.0,Alloy,91356,AMERICAN,LARGE,GM,5500.0,6920.0,6440.0,7974.0,5087.0,6467.0,8244.0,9946.0,,,22808,75050,TX,6425.0,0,2351
0,1234915200,MANHEIM,2002,7,HYUNDAI,ELANTRA 2.0L I4 MPI,GLS,4D SEDAN GLS,GOLD,AUTO,2.0,Covers,56284,OTHER ASIAN,MEDIUM,OTHER,2168.0,2900.0,2841.0,3632.0,4644.0,6061.0,5516.0,7046.0,,,21973,32824,FL,3600.0,0,805
0,1236038400,ADESA,2005,4,FORD,TAURUS 3.0L V6 EFI,SE,4D SEDAN SE,GREY,AUTO,2.0,Covers,70994,AMERICAN,MEDIUM,FORD,4161.0,5175.0,4994.0,6089.0,,,,,,,8655,38118,TN,5085.0,0,920
1,1289952000,MANHEIM,2005,5,CHEVROLET,EQUINOX FWD V6,LT,4D SUV LT,GREY,AUTO,1.0,Alloy,83334,AMERICAN,MEDIUM SUV,GM,6704.0,8290.0,10045.0,12062.0,6738.0,8280.0,10166.0,11581.0,,,20928,32824,FL,7650.0,0,1503
0,1253664000,MANHEIM,2003,6,CHEVROLET,1500 SILVERADO PICKU,W/T,EXT CAB 5.3L LS,GREY,AUTO,,,81749,AMERICAN,LARGE TRUCK,GM,7644.0,9043.0,8756.0,10266.0,6056.0,7889.0,7040.0,9020.0,,,19638,32824,FL,8100.0,0,1543
0,1290556800,MANHEIM,2004,6,MERCURY,MOUNTAINEER AWD V8,,4D SUV 4.6L,WHITE,AUTO,1.0,Alloy,87533,AMERICAN,MEDIUM SUV,FORD,6382.0,7973.0,10965.0,12349.0,6656.0,8719.0,10987.0,12688.0,NO,GREEN,23657,94544,CA,8330.0,0,2282
0,1265155200,OTHER,2006,4,HYUNDAI,SONATA 4C,GLS,4D SEDAN GLS,BLUE,AUTO,1.0,Alloy,79311,OTHER ASIAN,MEDIUM,OTHER,6287.0,7203.0,9758.0,10887.0,6685.0,7740.0,9177.0,10586.0,,,18880,29697,SC,7600.0,0,803
1,1246320000,OTHER,2007,2,CHRYSLER,PACIFICA FWD 3.8L V6,Bas,4D SPORT,BLUE,AUTO,2.0,Covers,73531,AMERICAN,CROSSOVER,CHRYSLER,9931.0,11865.0,11225.0,13314.0,9931.0,11865.0,11225.0,13314.0,,,8655,46239,IN,8125.0,0,1389
1,1276732800,OTHER,2005,5,CHEVROLET,MALIBU V6,LS,4D SEDAN LS,BLUE,AUTO,1.0,Alloy,76791,AMERICAN,MEDIUM,GM,5042.0,6426.0,8175.0,10209.0,4985.0,6330.0,8501.0,9976.0,,,3453,80229,CO,5570.0,0,1272
0,1235001600,OTHER,2005,4,CHRYSLER,PT CRUISER 2.4L I4 D,Tou,2D CONVERTIBLE TOURING,SILVER,AUTO,1.0,Alloy,65630,AMERICAN,MEDIUM,CHRYSLER,6812.0,8077.0,7857.0,9223.0,6537.0,7764.0,7560.0,8885.0,,,20833,73108,OK,6620.0,0,1313
0,1252540800,MANHEIM,2007,2,FORD,FIVE HUNDRED 3.0L V6,SEL,4D SEDAN SEL,BLACK,AUTO,1.0,Alloy,74813,AMERICAN,LARGE,FORD,9696.0,12488.0,10972.0,13987.0,8294.0,10424.0,9458.0,11758.0,,,8655,76040,TX,7885.0,0,1506
0,1232496000,ADESA,2006,3,KIA,SPECTRA 2.0L I4 EFI,EX,4D SEDAN,BLUE,AUTO,2.0,Covers,43572,OTHER ASIAN,MEDIUM,OTHER,4777.0,5772.0,5659.0,6734.0,4578.0,5358.0,5444.0,6287.0,,,21053,85226,AZ,5375.0,0,482
0,1280275200,OTHER,2007,3,FORD,FOCUS,ZX4,4D SEDAN S,SILVER,AUTO,1.0,Alloy,75003,AMERICAN,COMPACT,FORD,6297.0,7924.0,10140.0,11548.0,5472.0,6931.0,9007.0,10013.0,,,52492,29697,SC,5800.0,0,1155
0,1261526400,MANHEIM,2005,4,FORD,F150 PICKUP 2WD V8,Lar,EXT CAB 5.4L LARIAT,GREY,AUTO,1.0,Alloy,89430,AMERICAN,LARGE TRUCK,FORD,8480.0,10095.0,13579.0,15579.0,10015.0,12105.0,14654.0,17712.0,,,19662,77061,TX,7755.0,0,853
0,1245283200,MANHEIM,2006,3,DODGE,STRATUS V6 2.7L V6 M,SXT,4D SEDAN SXT FFV,WHITE,AUTO,2.0,Covers,61843,AMERICAN,MEDIUM,CHRYSLER,5480.0,6461.0,6418.0,7478.0,5480.0,6461.0,6418.0,7478.0,,,99750,76040,TX,5700.0,0,1215
0,1252454400,MANHEIM,2004,5,DODGE,STRATUS V6 2.7L V6 M,SE,4D SEDAN SE,BLUE,AUTO,1.0,Alloy,64408,AMERICAN,MEDIUM,CHRYSLER,4549.0,6305.0,5413.0,7309.0,3071.0,4687.0,3817.0,5562.0,,,16926,94544,CA,5900.0,0,1215
0,1278547200,OTHER,2006,4,SUZUKI,FORENZA,,4D SEDAN,GOLD,MANUAL,2.0,Covers,42001,OTHER ASIAN,MEDIUM,OTHER,3815.0,4698.0,7165.0,11152.0,3620.0,4677.0,6980.0,7921.0,,,3453,80229,CO,5565.0,0,482
0,1264550400,MANHEIM,2005,5,DODGE,DURANGO 2WD V6,ST,4D SUV 3.7L,GREY,AUTO,2.0,Covers,44831,AMERICAN,MEDIUM SUV,CHRYSLER,6996.0,8041.0,10520.0,11420.0,7334.0,8584.0,10815.0,11835.0,,,19619,32824,FL,8100.0,0,905
0,1273017600,MANHEIM,2006,4,FORD,FIVE HUNDRED,SE,4D SEDAN SE,BLACK,AUTO,1.0,Alloy,80784,AMERICAN,LARGE,FORD,6419.0,7673.0,10276.0,11647.0,5927.0,7898.0,9917.0,12029.0,,,20207,75236,TX,7840.0,0,1633
0,1261094400,ADESA,2007,2,FORD,FOCUS,ZX4,4D SEDAN S,WHITE,AUTO,2.0,Covers,42520,AMERICAN,COMPACT,FORD,5312.0,6415.0,9427.0,10225.0,5893.0,7160.0,9616.0,10672.0,,,16926,91752,CA,5030.0,0,834
0,1264550400,MANHEIM,2005,5,HYUNDAI,ELANTRA,GT,4D SEDAN,RED,AUTO,2.0,Covers,35706,OTHER ASIAN,MEDIUM,OTHER,3885.0,4642.0,6958.0,7982.0,4270.0,5264.0,7143.0,8806.0,,,19619,32824,FL,5500.0,0,462
1,1236816000,ADESA,2003,6,CHEVROLET,MONTE CARLO 3.4L V6,LS,2D COUPE LS,RED,AUTO,1.0,Alloy,66130,AMERICAN,LARGE,GM,4047.0,5211.0,4871.0,6128.0,4382.0,5419.0,5233.0,6353.0,,,22916,80817,CO,5690.0,0,2003
0,1272412800,OTHER,2004,6,CHEVROLET,IMPALA,Bas,4D SEDAN,WHITE,AUTO,2.0,Covers,68814,AMERICAN,LARGE,GM,3367.0,4473.0,6320.0,7467.0,3180.0,4256.0,6849.0,7677.0,,,835,85009,AZ,6495.0,0,1703
0,1247529600,MANHEIM,2005,4,ISUZU,ASCENDER 2WD 6C 4.2L,S,SPORT UTILITY,BLACK,AUTO,1.0,Alloy,57430,OTHER ASIAN,MEDIUM SUV,OTHER,9450.0,10489.0,10706.0,11828.0,7432.0,9310.0,8527.0,10555.0,,,18822,77041,TX,9210.0,0,920
0,1233705600,OTHER,2006,3,MITSUBISHI,OUTLANDER 2WD 4C 2.4,LS,4D SPORT UTILITY LS,MAROON,AUTO,1.0,Alloy,73613,OTHER ASIAN,CROSSOVER,OTHER,7517.0,8935.0,8618.0,10150.0,9279.0,11479.0,10521.0,12897.0,,,17675,29697,SC,6800.0,0,569
0,1289347200,MANHEIM,2007,3,SATURN,ION,2,2D QUAD COUPE LEVEL 2,GREEN,AUTO,2.0,Covers,60593,AMERICAN,MEDIUM,GM,5993.0,7376.0,9603.0,10318.0,6588.0,7891.0,9762.0,11021.0,NO,GREEN,8655,75236,TX,5970.0,0,728
0,1252368000,ADESA,2006,3,CHEVROLET,MALIBU 4C 2.2L I4 MP,LT,4D SEDAN LT,RED,AUTO,1.0,Alloy,79427,AMERICAN,MEDIUM,GM,6665.0,7806.0,7698.0,8930.0,5757.0,7059.0,9488.0,11083.0,,,20833,78754,TX,6205.0,0,1038
0,1257897600,MANHEIM,2008,1,DODGE,AVENGER 4C,SE,4D SEDAN,SILVER,AUTO,2.0,Covers,53784,AMERICAN,MEDIUM,CHRYSLER,7824.0,8691.0,8950.0,9886.0,8018.0,8991.0,11713.0,12526.0,,,18822,64161,MO,8405.0,0,920
0,1240963200,OTHER,2001,8,FORD,FOCUS 2.0L I4 SFI,SE,4D WAGON SE,SILVER,AUTO,1.0,Alloy,75054,AMERICAN,COMPACT,FORD,1960.0,2922.0,2617.0,3656.0,1960.0,2922.0,2617.0,3656.0,,,835,85009,AZ,4170.0,0,1455
0,1284595200,MANHEIM,2006,4,DODGE,STRATUS V6,SXT,4D SEDAN SXT FFV,GREEN,AUTO,2.0,Covers,77856,AMERICAN,MEDIUM,CHRYSLER,0.0,0.0,0.0,0.0,5661.0,6427.0,8946.0,9745.0,,,99750,76040,TX,6600.0,0,1389
0,1291766400,MANHEIM,2002,8,TOYOTA,CAMRY SOLARA 4C,SE,2D COUPE SE,SILVER,AUTO,1.0,Alloy,87792,TOP LINE ASIAN,MEDIUM,OTHER,3180.0,3923.0,5627.0,6646.0,4008.0,5344.0,6533.0,8202.0,NO,GREEN,18822,78219,TX,5635.0,0,894
0,1266364800,ADESA,2003,7,CHEVROLET,IMPALA,Bas,4D SEDAN,BLACK,AUTO,2.0,Covers,68332,AMERICAN,LARGE,GM,3143.0,4135.0,6046.0,6782.0,3473.0,4505.0,6267.0,7455.0,,,20740,17406,PA,5630.0,0,2003
0,1251244800,ADESA,2007,2,CHEVROLET,IMPALA 3.5L V6 SFI,LS,4D SEDAN LS,GREY,AUTO,2.0,Covers,66681,AMERICAN,LARGE,GM,7725.0,8887.0,8843.0,10098.0,7882.0,9089.0,9013.0,10316.0,,,18881,30212,GA,7600.0,0,1703
0,1258588800,MANHEIM,2001,8,DODGE,CARAVAN GRAND FWD V6,Spo,MINIVAN 3.3L SPORT,WHITE,AUTO,2.0,Covers,94515,AMERICAN,VAN,CHRYSLER,2642.0,3739.0,3353.0,4538.0,2498.0,3434.0,5889.0,8096.0,,,19064,76040,TX,3700.0,0,2218
0,1251072000,OTHER,2008,1,DODGE,CALIBER 2.0L I4 SFI,SE,4D WAGON,BLUE,AUTO,2.0,Covers,44915,AMERICAN,MEDIUM,CHRYSLER,7367.0,7990.0,8456.0,9129.0,7989.0,8639.0,9128.0,9830.0,,,99761,74135,OK,7400.0,0,693
0,1255910400,OTHER,2008,1,DODGE,CALIBER 2.0L I4 SFI,SE,4D WAGON,WHITE,AUTO,2.0,Covers,51264,AMERICAN,MEDIUM,CHRYSLER,7231.0,7784.0,8309.0,8907.0,7269.0,7898.0,10834.0,11413.0,,,99761,74135,OK,6900.0,0,754
0,1278892800,MANHEIM,2005,5,PONTIAC,GRAND PRIX,Bas,4D SEDAN,MAROON,AUTO,1.0,Alloy,69643,AMERICAN,LARGE,GM,5002.0,6517.0,8517.0,9769.0,4715.0,6007.0,8310.0,9561.0,,,18881,27542,NC,6900.0,0,1703
0,1270080000,MANHEIM,2007,3,HYUNDAI,ACCENT,GS,2D COUPE GS,WHITE,AUTO,2.0,Covers,88491,OTHER ASIAN,COMPACT,OTHER,5451.0,6534.0,8782.0,9697.0,5498.0,6747.0,9370.0,11498.0,,,5546,33762,FL,6020.0,0,983
0,1271289600,MANHEIM,2002,8,FORD,EXPLORER 2WD V6,Spo,2D SUV 4.0L SPORT,BLACK,AUTO,1.0,Alloy,62419,AMERICAN,MEDIUM SUV,FORD,3216.0,4203.0,6063.0,7007.0,3307.0,4212.0,6302.0,7238.0,,,23359,92337,CA,5215.0,0,1320
0,1280361600,MANHEIM,2007,3,CHRYSLER,SEBRING 4C,Bas,4D SEDAN,WHITE,AUTO,2.0,Covers,70976,AMERICAN,MEDIUM,CHRYSLER,7621.0,8631.0,11540.0,12521.0,7145.0,8326.0,11017.0,11962.0,,,21973,32124,FL,7650.0,0,1155
0,1237939200,MANHEIM,2006,3,DODGE,STRATUS V6 2.7L V6 M,SXT,4D SEDAN SXT FFV,BLUE,AUTO,2.0,Covers,72190,AMERICAN,MEDIUM,CHRYSLER,4948.0,5732.0,5844.0,6691.0,10466.0,11640.0,11803.0,13071.0,,,20740,32124,FL,5700.0,0,1389
0,1292889600,ADESA,2007,3,FORD,FUSION 4C,S,4D SEDAN S,BLUE,AUTO,2.0,Covers,72310,AMERICAN,MEDIUM,FORD,7029.0,8773.0,11136.0,12504.0,7777.0,9172.0,11335.0,12917.0,,,52117,45005,OH,7215.0,0,803
0,1249430400,MANHEIM,2007,2,DODGE,CHARGER V6 2.7L V6 M,Bas,4D SEDAN 2.7L SE,SILVER,AUTO,2.0,Covers,73404,AMERICAN,SPECIALTY,CHRYSLER,9548.0,11265.0,10812.0,12666.0,10397.0,11538.0,11729.0,12961.0,,,16044,8505,NJ,9350.0,0,1389
0,1249516800,OTHER,2004,5,FORD,FREESTAR FWD V6 3.9L,S,PASSENGER 3.9L,WHITE,AUTO,2.0,Covers,72737,AMERICAN,VAN,FORD,3751.0,5059.0,4551.0,5964.0,3494.0,4344.0,6972.0,7964.0,,,99761,85018,AZ,5500.0,0,1506
0,1288828800,MANHEIM,2004,6,CHEVROLET,MALIBU 4C,Cla,4D SEDAN CLASSIC,GOLD,AUTO,1.0,Alloy,75601,AMERICAN,MEDIUM,GM,2993.0,4187.0,6427.0,7535.0,3419.0,4553.0,6146.0,7040.0,NO,GREEN,8172,30272,GA,4775.0,0,1155
0,1287532800,OTHER,2007,3,CHRYSLER,PACIFICA FWD,Bas,4D SPORT,BLUE,AUTO,1.0,Alloy,95832,AMERICAN,CROSSOVER,CHRYSLER,8254.0,9900.0,12885.0,14425.0,7751.0,9352.0,11897.0,13494.0,,,52492,29697,SC,7200.0,0,1630
0,1263340800,OTHER,2004,6,CHEVROLET,1500 SILVERADO PICKU,Bas,REG CAB 4.3L,WHITE,MANUAL,1.0,Alloy,96761,AMERICAN,LARGE TRUCK,GM,4717.0,6249.0,8276.0,10242.0,5230.0,6762.0,8853.0,10535.0,,,835,85009,AZ,4785.0,0,1485
0,1280966400,MANHEIM,2003,7,FORD,WINDSTAR FWD V6,SEL,4D PASSENGER 3.8L SEL,GREEN,AUTO,1.0,Alloy,97303,AMERICAN,VAN,FORD,3805.0,4808.0,7276.0,8531.0,3515.0,4428.0,7184.0,8107.0,,,18111,30272,GA,4775.0,0,2506
0,1233273600,MANHEIM,2005,4,KIA,SPECTRA 2.0L I4 EFI,EX,4D SEDAN EX,SILVER,AUTO,2.0,Covers,69785,OTHER ASIAN,MEDIUM,OTHER,4033.0,5018.0,4856.0,5919.0,3943.0,4833.0,4758.0,5720.0,,,22808,75236,TX,4040.0,0,533
0,1267056000,MANHEIM,2005,5,DODGE,1500 RAM PICKUP 2WD,SLT,QUAD CAB 5.7L SLT,MAROON,AUTO,1.0,Alloy,81017,AMERICAN,LARGE TRUCK,CHRYSLER,9936.0,11930.0,14256.0,16498.0,9922.0,12211.0,14344.0,16829.0,,,18880,30272,GA,9975.0,0,983
0,1263859200,MANHEIM,2006,4,CHEVROLET,MALIBU V6,LT,4D SEDAN LT,SILVER,AUTO,2.0,Covers,54515,AMERICAN,MEDIUM,GM,6550.0,8135.0,10190.0,11809.0,6859.0,8300.0,10401.0,11891.0,,,17675,28625,NC,7165.0,0,1003
0,1260921600,ADESA,2006,3,MITSUBISHI,GALANT 4C,DE,4D SEDAN DE,BLACK,AUTO,1.0,Alloy,36388,OTHER ASIAN,MEDIUM,OTHER,5503.0,6872.0,9347.0,10516.0,6287.0,7465.0,10717.0,12725.0,,,835,85226,AZ,8040.0,0,462
0,1233100800,ADESA,2003,6,SATURN,L SERIES 2.0L I4 MPI,L20,4D SEDAN L200,GREEN,AUTO,1.0,Alloy,50732,AMERICAN,MEDIUM,GM,3368.0,4321.0,4137.0,5167.0,3772.0,4894.0,4574.0,5786.0,,,20234,85226,AZ,4170.0,0,1469
0,1238457600,ADESA,2005,4,FORD,F150 PICKUP 2WD V8 4,XLT,CREW CAB 4.6L XLT,RED,AUTO,1.0,Alloy,89254,AMERICAN,LARGE TRUCK,FORD,11041.0,13098.0,12424.0,14646.0,5590.0,6383.0,6537.0,7394.0,,,17212,77086,TX,10270.0,0,853
0,1268179200,OTHER,2006,4,DODGE,STRATUS 4C,SXT,4D SEDAN,GOLD,AUTO,1.0,Alloy,73433,AMERICAN,MEDIUM,CHRYSLER,4990.0,5894.0,8178.0,9589.0,4483.0,5456.0,7988.0,9337.0,,,18880,29697,SC,6000.0,0,1155
1,1258502400,ADESA,2005,4,CHEVROLET,TRAILBLAZER EXT 4WD,LS,4D SUV 4.2L,WHITE,AUTO,,,75631,AMERICAN,MEDIUM SUV,GM,9324.0,11394.0,10570.0,12806.0,8329.0,9752.0,9495.0,11032.0,,,20207,77086,TX,8515.0,0,1974
0,1241568000,ADESA,2006,3,DODGE,CARAVAN GRAND FWD V6,SXT,MINIVAN 3.8L SXT,SILVER,AUTO,1.0,Alloy,75102,AMERICAN,VAN,CHRYSLER,9598.0,11909.0,10866.0,13362.0,9598.0,11909.0,10866.0,13362.0,,,835,85226,AZ,6535.0,0,1623
1,1290556800,MANHEIM,2004,6,CHEVROLET,SUBURBAN 1500 2WD,150,4D UTILITY 5.3L FFV LS,BLACK,AUTO,1.0,Alloy,96662,AMERICAN,LARGE SUV,GM,7383.0,8770.0,11924.0,13080.0,7103.0,8157.0,11366.0,12457.0,,,5546,32824,FL,9650.0,0,1918
0,1256774400,OTHER,2001,8,DODGE,CARAVAN FWD V6 3.3L,SE,MINIVAN 3.3L SE,WHITE,AUTO,2.0,Covers,59261,AMERICAN,VAN,CHRYSLER,2333.0,3600.0,3020.0,4388.0,1796.0,2513.0,4515.0,5136.0,,,22808,73108,OK,4085.0,0,1551
0,1268092800,MANHEIM,2007,3,CHEVROLET,COBALT,LS,4D SEDAN LS,SILVER,AUTO,2.0,Covers,56810,AMERICAN,COMPACT,GM,6070.0,6951.0,9202.0,10261.0,5834.0,6766.0,9001.0,9983.0,,,835,85040,AZ,6700.0,0,671
0,1268092800,MANHEIM,2005,5,HYUNDAI,SANTA FE 2WD V6,GLS,4D CUV 2.7L,WHITE,AUTO,,,74736,OTHER ASIAN,MEDIUM SUV,OTHER,6532.0,7684.0,10172.0,10883.0,6936.0,8120.0,10762.0,12600.0,,,20928,34761,FL,7785.0,0,686
0,1244073600,MANHEIM,2003,6,GMC,ENVOY 4WD 6C 4.2L I-,SLE,4D UTILITY 4.2L SLE,BLACK,AUTO,3.0,Special,80843,AMERICAN,MEDIUM SUV,GM,7355.0,8860.0,8443.0,10069.0,6573.0,8033.0,7599.0,9176.0,,,20234,85353,AZ,7970.0,0,2452
0,1245888000,ADESA,2004,5,SATURN,VUE 2WD 4C 2.2L I4 M,,4D CUV 2.2L,SILVER,MANUAL,1.0,Alloy,84905,AMERICAN,MEDIUM SUV,GM,3971.0,5209.0,4789.0,6126.0,3971.0,5209.0,4789.0,6126.0,,,18111,28273,NC,4770.0,0,1763
0,1238457600,OTHER,2004,5,KIA,SORENTO 2WD 3.5L V6,EX,4D SPORT UTILITY EX,WHITE,AUTO,1.0,Alloy,54697,OTHER ASIAN,MEDIUM SUV,OTHER,4965.0,5762.0,5862.0,6723.0,4950.0,6031.0,5846.0,7013.0,,,20234,95673,CA,5505.0,0,1334
0,1287619200,ADESA,2005,5,FORD,FOCUS,ZX4,4D SEDAN ZX4,BLUE,AUTO,2.0,Covers,77891,AMERICAN,COMPACT,FORD,3138.0,3994.0,6076.0,7081.0,3970.0,4991.0,7267.0,8470.0,NO,GREEN,18822,78227,TX,5105.0,0,1155
0,1246838400,MANHEIM,2006,3,SUZUKI,FORENZA 2.0L I4 EFI,,4D SEDAN,SILVER,AUTO,2.0,Covers,57929,OTHER ASIAN,MEDIUM,OTHER,3996.0,4973.0,4816.0,5871.0,3996.0,4973.0,4816.0,5871.0,,,18880,27542,NC,4900.0,0,505
0,1280880000,MANHEIM,2004,6,PONTIAC,MONTANA,,4D MINIVAN EXT 3.4L,MAROON,AUTO,1.0,Alloy,98282,AMERICAN,VAN,GM,3984.0,5378.0,7774.0,9053.0,2956.0,3684.0,6550.0,7580.0,,,3453,80011,CO,5455.0,0,5613
0,1271721600,ADESA,2008,2,FORD,FUSION V6,SE,4D SEDAN SE,GREY,AUTO,1.0,Alloy,79686,AMERICAN,MEDIUM,FORD,10420.0,12562.0,14178.0,16331.0,11399.0,13305.0,15512.0,17265.0,,,22808,78754,TX,8530.0,0,1272
1,1256083200,ADESA,2007,2,PONTIAC,G5 4C 2.2L I4 MPI,Bas,2D COUPE,SILVER,AUTO,,,50390,AMERICAN,COMPACT,GM,7391.0,8342.0,8482.0,9509.0,7391.0,8342.0,8482.0,9509.0,,,19619,20166,VA,6485.0,0,671
1,1255478400,ADESA,2002,7,HYUNDAI,ELANTRA 2.0L I4 MPI,GLS,4D SEDAN GLS,GOLD,AUTO,2.0,Covers,62462,OTHER ASIAN,MEDIUM,OTHER,2054.0,2965.0,2718.0,3702.0,1918.0,2712.0,2571.0,3429.0,,,21053,85226,AZ,4910.0,0,833
0,1287619200,ADESA,2005,5,FORD,F150 PICKUP 2WD V8,STX,EXT CAB 4.6L STX,BLACK,AUTO,1.0,Alloy,70096,AMERICAN,LARGE TRUCK,FORD,8516.0,10567.0,12980.0,16071.0,6824.0,8571.0,11493.0,13187.0,,,22916,80817,CO,8135.0,0,803
1,1280448000,ADESA,2004,6,PONTIAC,GRAND AM 4C,SE,4D SEDAN SE,GOLD,AUTO,1.0,Alloy,79534,AMERICAN,MEDIUM,GM,2805.0,3826.0,6132.0,6871.0,3106.0,4479.0,5981.0,7256.0,,,18880,37771,TN,4950.0,0,1506
0,1265587200,MANHEIM,2008,2,DODGE,CHARGER V6,Bas,4D SEDAN 2.7L,GREY,AUTO,1.0,Alloy,81386,AMERICAN,SPECIALTY,CHRYSLER,10330.0,11361.0,14038.0,15150.0,10883.0,12057.0,14927.0,15801.0,,,10315,30315,GA,9730.0,1,1503
0,1244160000,MANHEIM,2005,4,DODGE,STRATUS V6 2.7L V6 M,SXT,4D SEDAN SXT FFV,SILVER,AUTO,2.0,Covers,44605,AMERICAN,MEDIUM,CHRYSLER,5569.0,6584.0,6515.0,7611.0,5569.0,6584.0,6515.0,7611.0,,,99750,85040,AZ,5500.0,0,975
0,1283126400,OTHER,2008,2,CHRYSLER,PT CRUISER,Bas,4D SEDAN,WHITE,AUTO,2.0,Covers,60152,AMERICAN,MEDIUM,CHRYSLER,6586.0,7414.0,10261.0,11012.0,6533.0,7363.0,10955.0,12347.0,,,99761,90045,CA,6100.0,0,1215
0,1244592000,ADESA,2003,6,HYUNDAI,ELANTRA 2.0L I4 MPI,GLS,4D SEDAN,SILVER,AUTO,2.0,Covers,79863,OTHER ASIAN,MEDIUM,OTHER,2545.0,3274.0,3249.0,4036.0,2545.0,3274.0,3249.0,4036.0,,,20234,85226,AZ,3745.0,0,869
0,1288828800,ADESA,2005,5,CHEVROLET,TRAILBLAZER 2WD 6C,LS,4D SUV 4.2L LS,BEIGE,AUTO,1.0,Alloy,86161,AMERICAN,MEDIUM SUV,GM,6297.0,7604.0,10202.0,11451.0,6074.0,7384.0,9791.0,11335.0,,,18822,78227,TX,7730.0,0,1243
1,1276646400,MANHEIM,2007,3,MITSUBISHI,GALANT 4C,ES,4D SEDAN,GREY,AUTO,,,43751,OTHER ASIAN,MEDIUM,OTHER,7344.0,8523.0,11034.0,12805.0,7330.0,8525.0,10579.0,12304.0,,,20833,75236,TX,8185.0,0,482
0,1285113600,MANHEIM,2006,4,CHEVROLET,TRAILBLAZER 4WD 6C,LS,4D SUV 4.2L,GREY,AUTO,1.0,Alloy,80503,AMERICAN,MEDIUM SUV,GM,9870.0,12592.0,14341.0,16687.0,9096.0,11068.0,13397.0,15286.0,,,20928,32824,FL,8450.0,0,2152
0,1246492800,MANHEIM,2007,2,CHEVROLET,MALIBU 4C 2.2L I4 MF,LT,4D SEDAN LT,WHITE,AUTO,2.0,Covers,69076,AMERICAN,MEDIUM,GM,7110.0,8218.0,8179.0,9375.0,6902.0,8165.0,7954.0,9318.0,,,18880,22403,VA,6415.0,0,923
0,1285286400,OTHER,2008,2,SCION,XD,,4D WAGON,GREY,AUTO,2.0,Covers,54445,OTHER ASIAN,COMPACT,OTHER,9496.0,10879.0,13268.0,14193.0,9286.0,10582.0,12628.0,13691.0,,,99761,3106,NH,7965.0,0,505
1,1267660800,MANHEIM,2005,5,CHEVROLET,MALIBU 4C,Bas,4D SEDAN,SILVER,AUTO,2.0,Covers,73895,AMERICAN,MEDIUM,GM,4860.0,6012.0,9843.0,13369.0,5159.0,6395.0,8243.0,9552.0,,,19638,47129,IN,7125.0,0,1038
0,1266796800,OTHER,2008,2,DODGE,CALIBER,SE,4D WAGON,RED,AUTO,2.0,Covers,50750,AMERICAN,MEDIUM,CHRYSLER,7533.0,8287.0,10574.0,11443.0,7901.0,8376.0,11284.0,11757.0,,,99761,74135,OK,7200.0,0,754
0,1291161600,MANHEIM,2005,5,FORD,FOCUS,ZX3,2D COUPE ZX3,ORANGE,AUTO,1.0,Alloy,106909,AMERICAN,COMPACT,FORD,3623.0,4906.0,6638.0,7717.0,3901.0,4631.0,6919.0,7797.0,NO,GREEN,22916,80011,CO,3490.0,0,1450
0,1292457600,MANHEIM,2006,4,GMC,ENVOY XL 2WD 6C,SLE,4D UTILITY 4.2L SLE,GREY,AUTO,1.0,Alloy,80140,AMERICAN,MEDIUM SUV,GM,9426.0,10681.0,14003.0,15233.0,8902.0,10177.0,13193.0,14468.0,NO,GREEN,18881,30272,GA,9675.0,0,1243
1,1254787200,ADESA,2006,3,CHRYSLER,TOWN & COUNTRY 2WD V,Bas,MINIVAN 3.3L,SILVER,AUTO,2.0,Covers,67821,AMERICAN,VAN,CHRYSLER,7374.0,8295.0,8464.0,9459.0,7330.0,8251.0,8416.0,9411.0,,,99740,50111,IA,6315.0,0,1411
0,1255996800,MANHEIM,2007,2,FORD,TAURUS 3.0L V6 SFI,SEL,4D SEDAN SE,GOLD,AUTO,1.0,Alloy,78041,AMERICAN,MEDIUM,FORD,5805.0,7067.0,6769.0,8132.0,5146.0,6302.0,8691.0,9991.0,,,16044,28625,NC,5330.0,0,920
0,1284422400,OTHER,2008,2,SUZUKI,FORENZA,,4D SEDAN,SILVER,AUTO,2.0,Covers,37887,OTHER ASIAN,MEDIUM,OTHER,6374.0,7060.0,9654.0,10693.0,5910.0,6978.0,9145.0,10797.0,,,99761,92101,CA,6400.0,0,462
0,1285200000,MANHEIM,2006,4,MAZDA,MAZDA3,s,4D SEDAN I,WHITE,AUTO,1.0,Alloy,79787,OTHER ASIAN,MEDIUM,OTHER,7084.0,8617.0,11039.0,12285.0,6290.0,7745.0,10123.0,11477.0,,,20234,85353,AZ,8050.0,0,1038
0,1249257600,MANHEIM,2005,4,CHRYSLER,PACIFICA AWD 3.5L V6,Tou,4D SPORT TOURING,SILVER,AUTO,1.0,Alloy,67591,AMERICAN,CROSSOVER,CHRYSLER,6725.0,8066.0,7763.0,9211.0,7710.0,9261.0,8827.0,10502.0,,,21973,27542,NC,9200.0,0,1606
0,1239667200,MANHEIM,2004,5,FORD,EXPLORER 2WD V6 4.0L,XLS,4D SUV 4.0L FFV XLS,GREEN,AUTO,1.0,Alloy,57673,AMERICAN,MEDIUM SUV,FORD,5407.0,6742.0,6340.0,7781.0,5407.0,6742.0,6340.0,7781.0,,,22916,80022,CO,6320.0,0,920
1,1279756800,OTHER,2006,4,DODGE,MAGNUM V6,SE,WAGON 2.7L,SILVER,AUTO,1.0,Alloy,81519,AMERICAN,SPECIALTY,CHRYSLER,7490.0,9043.0,11895.0,13266.0,7681.0,9324.0,11470.0,13333.0,,,3453,80229,CO,7875.0,0,1503
0,1258502400,ADESA,2006,3,CHEVROLET,COBALT,LS,4D SEDAN LS,WHITE,AUTO,2.0,Covers,69007,AMERICAN,COMPACT,GM,4894.0,5923.0,5786.0,6897.0,4577.0,5533.0,8302.0,9238.0,,,18111,30212,GA,5600.0,0,728
0,1289952000,ADESA,2006,4,FORD,TAURUS,SE,4D SEDAN SE,GOLD,AUTO,2.0,Covers,80420,AMERICAN,MEDIUM,FORD,4262.0,5476.0,7708.0,9309.0,4730.0,6196.0,7230.0,8973.0,NO,GREEN,52117,20166,VA,5090.0,0,983
0,1290556800,MANHEIM,2007,3,CHEVROLET,UPLANDER FWD V6,LS,PASSENGER EXT 3.9L LS,BLUE,AUTO,2.0,Covers,74622,AMERICAN,VAN,GM,6084.0,7348.0,10197.0,11760.0,6552.0,7645.0,10481.0,11683.0,,,23657,94544,CA,7770.0,0,2091
0,1255996800,MANHEIM,2005,4,SATURN,ION 2.2L I4 EFI,1,4D SEDAN LEVEL 1,SILVER,AUTO,2.0,Covers,60642,AMERICAN,MEDIUM,GM,4684.0,5842.0,5559.0,6809.0,4013.0,5249.0,7335.0,8907.0,,,18880,28625,NC,4775.0,0,728
0,1248825600,ADESA,2005,4,DODGE,STRATUS V6 2.7L V6 M,SXT,4D SEDAN SXT FFV,RED,AUTO,2.0,Covers,85892,AMERICAN,MEDIUM,CHRYSLER,5488.0,6516.0,6427.0,7537.0,5955.0,6947.0,6931.0,8003.0,,,18881,30212,GA,5300.0,0,1503
0,1242691200,MANHEIM,2004,5,DODGE,NEON 2.0L I4 SFI / S,SXT,4D SEDAN,GREY,AUTO,1.0,Alloy,86573,AMERICAN,COMPACT,CHRYSLER,2765.0,3758.0,3486.0,4559.0,2765.0,3758.0,3486.0,4559.0,,,18111,19440,PA,3700.0,0,723
1,1286841600,MANHEIM,2005,5,NISSAN,ALTIMA,Bas,4D SEDAN,GOLD,AUTO,2.0,Covers,72799,TOP LINE ASIAN,MEDIUM,OTHER,6051.0,7703.0,9494.0,11294.0,5836.0,7332.0,9255.0,11089.0,,,16044,21075,MD,6785.0,0,686
0,1291248000,OTHER,2006,4,PONTIAC,G6 V6,GT,2D COUPE GT,BLACK,AUTO,1.0,Alloy,88793,AMERICAN,MEDIUM,GM,6975.0,8790.0,11058.0,12981.0,7582.0,8950.0,11009.0,12794.0,NO,GREEN,3453,80229,CO,7675.0,0,1373
0,1283990400,OTHER,2006,4,CHEVROLET,EQUINOX AWD V6,LT,4D SUV LT,BLUE,AUTO,1.0,Alloy,88836,AMERICAN,MEDIUM SUV,GM,10626.0,13292.0,14268.0,16823.0,8939.0,11163.0,12809.0,14790.0,,,3453,80229,CO,9185.0,0,1633
0,1263945600,MANHEIM,2008,2,CHEVROLET,MALIBU V6,LS,4D SEDAN LS,BROWN,AUTO,1.0,Alloy,70983,AMERICAN,MEDIUM,GM,9841.0,10893.0,14245.0,15547.0,8919.0,10267.0,12926.0,14442.0,,,19619,32124,FL,9500.0,0,1272
0,1265241600,MANHEIM,2007,3,DODGE,CARAVAN FWD V6,SXT,MINIVAN 3.3L SXT,WHITE,AUTO,1.0,Alloy,77900,AMERICAN,VAN,CHRYSLER,6995.0,8788.0,10863.0,12943.0,8624.0,10423.0,12526.0,14182.0,,,19619,22403,VA,6215.0,0,1623
0,1277251200,MANHEIM,2004,6,CHEVROLET,MALIBU V6,Bas,4D SEDAN,GOLD,AUTO,2.0,Covers,66581,AMERICAN,MEDIUM,GM,5970.0,7539.0,8944.0,10430.0,5733.0,7330.0,8742.0,10006.0,,,99750,32124,FL,6100.0,0,1118
0,1233792000,MANHEIM,2006,3,TOYOTA,TUNDRA PICKUP 2WD V8,SR5,DOUBLE CAB 4.7L SR5,MAROON,AUTO,1.0,Alloy,77989,TOP LINE ASIAN,LARGE TRUCK,OTHER,13413.0,15094.0,14986.0,16802.0,14536.0,15925.0,16199.0,17699.0,,,20740,22403,VA,10975.0,0,686
0,1248739200,OTHER,2006,3,CHEVROLET,HHR 2.2L I4 MPI / SF,LT,4D SUV 2.2L LT,SILVER,AUTO,1.0,Alloy,81150,AMERICAN,MEDIUM,GM,6774.0,8234.0,7816.0,9393.0,6813.0,8399.0,7858.0,9571.0,,,21053,95673,CA,6305.0,0,853
0,1274832000,OTHER,2007,3,DODGE,CARAVAN GRAND FWD V6,SE,MINIVAN 3.3L,BLACK,AUTO,2.0,Covers,80677,AMERICAN,VAN,CHRYSLER,7509.0,9413.0,11499.0,13454.0,7274.0,9334.0,11992.0,13827.0,,,18880,29697,SC,6700.0,0,1763
0,1287014400,MANHEIM,2007,3,MITSUBISHI,GALANT 4C,ES,4D SEDAN,GREEN,AUTO,1.0,Alloy,77257,OTHER ASIAN,MEDIUM,OTHER,7157.0,8242.0,10559.0,11401.0,6523.0,7656.0,10012.0,10995.0,,,20833,60443,IL,7160.0,0,569
0,1288915200,ADESA,2006,4,PONTIAC,GRAND PRIX,Bas,4D SEDAN,GREEN,AUTO,2.0,Covers,82295,AMERICAN,LARGE,GM,5549.0,6952.0,9320.0,10583.0,5538.0,6952.0,8910.0,10641.0,,,18111,37771,TN,6470.0,0,2152
0,1254182400,ADESA,2005,4,DODGE,CARAVAN FWD 4C 2.4L,SE,MINIVAN 2.4L,BEIGE,AUTO,2.0,Covers,50337,AMERICAN,VAN,CHRYSLER,4056.0,5429.0,4880.0,6363.0,5003.0,6043.0,8526.0,9798.0,,,19619,45005,OH,6415.0,0,1251
0,1291075200,MANHEIM,2008,2,CHEVROLET,IMPALA V6,LS,4D SEDAN LS 3.5L FFV,WHITE,AUTO,2.0,Covers,82545,AMERICAN,LARGE,GM,7763.0,8636.0,11892.0,12620.0,8180.0,9368.0,12685.0,13513.0,,,18880,37210,TN,7600.0,0,2152
0,1252972800,MANHEIM,2005,4,FORD,TAURUS 3.0L V6 EFI,SE,4D SEDAN SE,GREEN,AUTO,2.0,Covers,84440,AMERICAN,MEDIUM,FORD,3639.0,4711.0,4430.0,5588.0,3724.0,4823.0,4522.0,5709.0,,,16044,21075,MD,4515.0,0,983
0,1255996800,MANHEIM,2004,5,CHEVROLET,MALIBU 4C 2.2L I4 MP,Cla,4D SEDAN CLASSIC,WHITE,AUTO,1.0,Alloy,87925,AMERICAN,MEDIUM,GM,2796.0,3896.0,3520.0,4708.0,2290.0,3228.0,5351.0,6700.0,,,20740,19440,PA,4350.0,0,1243
0,1288742400,MANHEIM,2006,4,CHEVROLET,IMPALA,LT,4D SEDAN LT 3.5L,BROWN,AUTO,1.0,Alloy,78534,AMERICAN,LARGE,GM,6426.0,7725.0,9724.0,11158.0,6524.0,7732.0,9699.0,11271.0,,,835,87105,NM,8005.0,0,1974
0,1240358400,MANHEIM,2002,7,DODGE,CARAVAN FWD V6 3.3L,SE,MINIVAN 3.3L FFV SE,BLUE,AUTO,2.0,Covers,29908,AMERICAN,VAN,CHRYSLER,2622.0,3740.0,3332.0,4539.0,2622.0,3740.0,3332.0,4539.0,,,21973,32124,FL,5400.0,0,1301
0,1246320000,OTHER,2003,6,GMC,1500 SIERRA PICKUP 2,Sta,EXT CAB 4.8L,BLUE,AUTO,1.0,Alloy,72266,AMERICAN,LARGE TRUCK,GM,7884.0,9714.0,9015.0,10991.0,7884.0,9714.0,9015.0,10991.0,,,20234,95673,CA,8605.0,0,1455
0,1231286400,ADESA,2004,5,CHRYSLER,PT CRUISER 2.4L I4 S,Bas,4D SEDAN,SILVER,AUTO,2.0,Covers,65107,AMERICAN,MEDIUM,CHRYSLER,3568.0,4312.0,4353.0,5157.0,4225.0,5182.0,5063.0,6097.0,,,18111,30212,GA,4700.0,0,1215
1,1266969600,MANHEIM,2002,8,FORD,ESCAPE 2WD V6,XLT,4D CUV 3.0L XLT,WHITE,AUTO,1.0,Alloy,68506,AMERICAN,SMALL SUV,FORD,4253.0,5149.0,7214.0,8397.0,4549.0,5878.0,7418.0,9488.0,,,8172,33809,FL,5840.0,0,1125
0,1280707200,MANHEIM,2005,5,FORD,FOCUS,ZX4,4D SEDAN ZX4 ST,GREY,MANUAL,1.0,Alloy,62369,AMERICAN,COMPACT,FORD,3841.0,4769.0,7262.0,8058.0,4191.0,4914.0,7463.0,8069.0,,,18880,27542,NC,4935.0,0,1020
0,1265241600,OTHER,2006,4,HYUNDAI,ELANTRA,GLS,4D SEDAN,SILVER,AUTO,2.0,Covers,78872,OTHER ASIAN,MEDIUM,OTHER,4536.0,5602.0,7808.0,9053.0,5221.0,6477.0,8524.0,9713.0,,,17212,73108,OK,5260.0,0,569
1,1277769600,MANHEIM,2003,7,FORD,TAURUS,SES,4D SEDAN SES,BROWN,AUTO,1.0,Alloy,70244,AMERICAN,MEDIUM,FORD,2634.0,3709.0,5800.0,6967.0,2840.0,3839.0,6039.0,7314.0,,,22916,80022,CO,4600.0,0,1220
0,1271721600,MANHEIM,2006,4,SUZUKI,FORENZA,,4D SEDAN,GREEN,AUTO,2.0,Covers,67513,OTHER ASIAN,MEDIUM,OTHER,4005.0,5030.0,7324.0,8458.0,3857.0,4779.0,7275.0,8378.0,,,20833,75050,TX,5725.0,0,533
0,1278633600,OTHER,2007,3,CHEVROLET,IMPALA,LS,4D SEDAN LS,WHITE,AUTO,1.0,Alloy,66517,AMERICAN,LARGE,GM,7992.0,8982.0,11408.0,12653.0,7678.0,8922.0,11353.0,12719.0,,,99750,73108,OK,7900.0,0,1703
1,1283299200,MANHEIM,2005,5,DODGE,DURANGO 2WD V8,ST,4D SUV 4.7L ST,GREY,AUTO,2.0,Covers,66953,AMERICAN,MEDIUM SUV,CHRYSLER,8306.0,9937.0,12318.0,13887.0,6775.0,8536.0,10736.0,12384.0,,,8655,75236,TX,9295.0,0,1215
0,1288224000,MANHEIM,2008,2,FORD,FUSION 4C,SE,4D SEDAN SE,SILVER,AUTO,1.0,Alloy,63333,AMERICAN,MEDIUM,FORD,10204.0,11501.0,14548.0,16021.0,10765.0,12041.0,14162.0,14995.0,,,25100,76040,TX,8240.0,0,728
0,1285804800,MANHEIM,2007,3,FORD,FUSION 4C,S,4D SEDAN S,WHITE,AUTO,2.0,Covers,50906,AMERICAN,MEDIUM,FORD,8196.0,9835.0,11697.0,13202.0,6791.0,8143.0,10740.0,12024.0,,,19662,77061,TX,8030.0,0,671
0,1257206400,OTHER,2008,1,CHRYSLER,PT CRUISER,Bas,4D SEDAN,BLUE,AUTO,2.0,Covers,50359,AMERICAN,MEDIUM,CHRYSLER,6626.0,7094.0,7656.0,8162.0,7391.0,7886.0,10503.0,10964.0,,,99761,74135,OK,6300.0,0,1086
0,1287014400,MANHEIM,2006,4,BUICK,RENDEZVOUS FWD,CX,4D SUV CX,MAROON,AUTO,1.0,Alloy,82522,AMERICAN,MEDIUM SUV,GM,8875.0,9986.0,13351.0,14265.0,7498.0,8971.0,11227.0,12515.0,,,835,85353,AZ,7565.0,0,4032
0,1288828800,MANHEIM,2006,4,PONTIAC,GRAND PRIX,Bas,4D SEDAN,BLUE,AUTO,1.0,Alloy,51127,AMERICAN,LARGE,GM,5549.0,6952.0,9320.0,10583.0,6034.0,7414.0,9622.0,10997.0,,,22916,89120,NV,7670.0,0,1500
0,1291075200,MANHEIM,2003,7,DODGE,NEON,SE,4D SEDAN SE,SILVER,AUTO,1.0,Alloy,64716,AMERICAN,COMPACT,CHRYSLER,2270.0,2974.0,5081.0,6111.0,2371.0,2978.0,4878.0,5559.0,,,16044,19440,PA,4705.0,0,930
1,1237334400,ADESA,2004,5,CHEVROLET,TRAILBLAZER 4WD 6C 4,Nor,4D SUV 4.2L LS,BLUE,AUTO,,,82261,AMERICAN,MEDIUM SUV,GM,7275.0,8655.0,8357.0,9847.0,7162.0,8634.0,8235.0,9825.0,,,835,85226,AZ,8040.0,0,2152
1,1257984000,MANHEIM,2004,5,CHEVROLET,MONTE CARLO,SS,2D COUPE SS,BEIGE,AUTO,,,84284,AMERICAN,LARGE,GM,7117.0,9262.0,8186.0,10503.0,6437.0,8418.0,7452.0,9591.0,,,18881,30272,GA,7260.0,0,2152
0,1292284800,ADESA,2005,5,MAZDA,MAZDA6,i,5D HATCHBACK I,GREY,MANUAL,1.0,Alloy,77393,OTHER ASIAN,MEDIUM,OTHER,6402.0,7604.0,9759.0,11242.0,5717.0,7351.0,9349.0,11249.0,,,25100,78754,TX,7130.0,0,1272
0,1266969600,MANHEIM,2003,7,FORD,EXPEDITION 2WD V8,Edd,4D SUV 5.4L EDDIE BAUER,WHITE,AUTO,1.0,Alloy,92165,AMERICAN,LARGE SUV,FORD,8671.0,9737.0,11660.0,13093.0,7536.0,8729.0,10910.0,12417.0,,,21973,32824,FL,10000.0,0,1497
0,1266364800,OTHER,2006,4,DODGE,1500 RAM PICKUP 2WD,Lar,QUAD CAB 4.7L,WHITE,AUTO,1.0,Alloy,64220,AMERICAN,LARGE TRUCK,CHRYSLER,9470.0,10776.0,14195.0,15284.0,10476.0,12699.0,15049.0,16983.0,,,52117,27407,NC,11965.0,0,825
0,1273708800,MANHEIM,2006,4,CHEVROLET,COBALT,LS,4D SEDAN LS,BLUE,AUTO,2.0,Covers,66493,AMERICAN,COMPACT,GM,5053.0,6227.0,8192.0,9480.0,5018.0,6035.0,8371.0,9223.0,,,23359,92337,CA,6480.0,0,728
1,1258502400,MANHEIM,2004,5,CHEVROLET,TRAILBLAZER 2WD 6C,Nor,4D SUV 4.2L LS,BLACK,AUTO,1.0,Alloy,84996,AMERICAN,MEDIUM SUV,GM,5763.0,7046.0,6724.0,8110.0,5649.0,6765.0,9140.0,10489.0,,,20833,75236,TX,7885.0,0,1243
0,1280188800,ADESA,2006,4,KIA,SPECTRA,EX,4D SEDAN EX,WHITE,AUTO,2.0,Covers,66898,OTHER ASIAN,MEDIUM,OTHER,4717.0,5807.0,7454.0,9011.0,4635.0,5751.0,7695.0,9138.0,,,22808,78754,TX,5515.0,0,533
0,1285113600,ADESA,2005,5,CHRYSLER,PT CRUISER,Lim,4D SEDAN LIMITED,SILVER,AUTO,1.0,Alloy,75324,AMERICAN,MEDIUM,CHRYSLER,4202.0,5472.0,7640.0,9018.0,4620.0,5538.0,7956.0,9047.0,,,52644,77086,TX,5830.0,0,1389
0,1285804800,ADESA,2005,5,CHEVROLET,CAVALIER 4C,Bas,4D SEDAN,GOLD,AUTO,2.0,Covers,90740,AMERICAN,COMPACT,GM,2725.0,3702.0,5967.0,7079.0,2493.0,3565.0,5499.0,6686.0,,,3453,80817,CO,4165.0,0,1341
0,1240185600,MANHEIM,2007,2,CHEVROLET,UPLANDER FWD V6 3.9L,LS,PASSENGER 3.9L LS,BLUE,AUTO,2.0,Covers,80497,AMERICAN,VAN,GM,6280.0,7048.0,7282.0,8112.0,7012.0,7522.0,8073.0,8624.0,,,18880,27542,NC,6600.0,0,2282
0,1286841600,OTHER,2006,4,DODGE,STRATUS V6,SXT,4D SEDAN SXT FFV,GREEN,AUTO,2.0,Covers,62556,AMERICAN,MEDIUM,CHRYSLER,6746.0,7621.0,9928.0,10771.0,5432.0,6555.0,8570.0,9904.0,,,99750,37421,TN,5600.0,0,1215
0,1252368000,MANHEIM,2007,2,CHRYSLER,PT CRUISER 2.4L I4 S,Bas,4D SEDAN,SILVER,AUTO,2.0,Covers,62578,AMERICAN,MEDIUM,CHRYSLER,6401.0,7368.0,7413.0,8457.0,5498.0,6267.0,9310.0,9986.0,,,23359,92504,CA,6240.0,0,1215
0,1264550400,MANHEIM,2005,5,KIA,SPECTRA,EX,4D SEDAN EX,RED,AUTO,1.0,Alloy,64426,OTHER ASIAN,MEDIUM,OTHER,3975.0,4811.0,7294.0,8469.0,4161.0,5260.0,7185.0,8275.0,,,19662,78219,TX,5635.0,0,533
0,1292284800,MANHEIM,2008,2,FORD,FUSION V6,SE,4D SEDAN SE,BLACK,AUTO,1.0,Alloy,76379,AMERICAN,MEDIUM,FORD,10539.0,12419.0,14447.0,16178.0,11096.0,13200.0,14620.0,16461.0,,,18880,37210,TN,8225.0,0,1272
0,1288742400,OTHER,2001,9,MERCURY,SABLE,LS,4D SEDAN LS PREMIUM,RED,AUTO,1.0,Alloy,84500,AMERICAN,MEDIUM,FORD,2406.0,3487.0,4994.0,6023.0,2156.0,3264.0,4667.0,5917.0,NO,GREEN,18880,35004,AL,4200.0,0,1283
0,1235606400,OTHER,2003,6,SATURN,ION 2.0L I4 MPI,2,4D SEDAN LEVEL 2,BLUE,AUTO,2.0,Covers,65665,AMERICAN,MEDIUM,GM,3299.0,4207.0,4063.0,5044.0,3311.0,4099.0,4076.0,4927.0,,,3453,80229,CO,5955.0,0,1028
1,1235001600,ADESA,2004,5,FORD,TAURUS 3.0L V6 EFI,SE,4D SEDAN SE,SILVER,AUTO,1.0,Alloy,76579,AMERICAN,MEDIUM,FORD,3333.0,4380.0,4100.0,5230.0,,,,,,,18822,78227,TX,4370.0,0,920
0,1240790400,MANHEIM,2006,3,CHRYSLER,PT CRUISER 2.4L I4 S,Bas,4D SEDAN,BLUE,AUTO,2.0,Covers,65374,AMERICAN,MEDIUM,CHRYSLER,5443.0,6528.0,6378.0,7550.0,5443.0,6528.0,6378.0,7550.0,,,19619,27542,NC,5335.0,0,1215
0,1287014400,ADESA,2004,6,JEEP,LIBERTY 4WD V6,Lim,4D SUV LIMITED,BLACK,AUTO,1.0,Alloy,87487,AMERICAN,SMALL SUV,CHRYSLER,7559.0,9053.0,11023.0,12449.0,6606.0,8649.0,9871.0,11661.0,,,52598,28273,NC,7460.0,0,983
0,1291852800,MANHEIM,2007,3,HYUNDAI,ELANTRA,GLS,4D SEDAN,SILVER,AUTO,2.0,Covers,66285,OTHER ASIAN,MEDIUM,OTHER,6127.0,7176.0,9741.0,11246.0,6594.0,7663.0,9865.0,11343.0,,,19619,33411,FL,6635.0,0,533
0,1265241600,ADESA,2006,4,CHEVROLET,MONTE CARLO,LT,2D COUPE LT,SILVER,AUTO,1.0,Alloy,89339,AMERICAN,LARGE,GM,7097.0,8688.0,11063.0,12596.0,7147.0,8608.0,10826.0,13218.0,,,8172,28273,NC,6145.0,0,2152
0,1266451200,OTHER,2008,2,DODGE,CALIBER,SE,4D WAGON,BLUE,AUTO,2.0,Covers,52732,AMERICAN,MEDIUM,CHRYSLER,7465.0,8201.0,11180.0,11780.0,7743.0,8225.0,11335.0,11733.0,,,99761,74135,OK,7100.0,0,754
0,1258329600,ADESA,2005,4,FORD,FOCUS,ZX3,2D COUPE ZX3,WHITE,MANUAL,2.0,Covers,66536,AMERICAN,COMPACT,FORD,3672.0,4706.0,4466.0,5582.0,3823.0,4963.0,7150.0,8100.0,,,5546,33619,FL,4800.0,0,1020
0,1267488000,OTHER,2005,5,TOYOTA,CAMRY 4C,Bas,4D SEDAN,SILVER,AUTO,2.0,Covers,97385,TOP LINE ASIAN,MEDIUM,OTHER,7561.0,8359.0,10781.0,12228.0,7324.0,8211.0,10873.0,12288.0,,,3453,84104,UT,7625.0,0,620
0,1242172800,MANHEIM,2001,8,SATURN,S SERIES 1.9L I4 SFI,SL2,4D SEDAN SL2,GOLD,AUTO,1.0,Alloy,99463,AMERICAN,COMPACT,GM,1431.0,2202.0,2045.0,2878.0,1431.0,2202.0,2045.0,2878.0,,,8655,75236,TX,2580.0,0,2218
0,1274227200,MANHEIM,2007,3,FORD,FUSION 4C,SE,4D SEDAN SE,BLACK,AUTO,1.0,Alloy,78478,AMERICAN,MEDIUM,FORD,10408.0,11823.0,13525.0,14591.0,10528.0,12118.0,15795.0,18181.0,,,52117,8505,NJ,8505.0,0,803
0,1265155200,OTHER,2005,5,CHEVROLET,COBALT,LS,2D COUPE,RED,MANUAL,1.0,Alloy,85098,AMERICAN,COMPACT,GM,4016.0,4972.0,6916.0,7908.0,5161.0,6137.0,7927.0,8777.0,,,835,85009,AZ,5395.0,0,853
0,1233878400,ADESA,2005,4,CHRYSLER,PT CRUISER 2.4L I4 S,Tou,4D SEDAN,SILVER,AUTO,2.0,Covers,59620,AMERICAN,MEDIUM,CHRYSLER,4445.0,5468.0,5301.0,6405.0,4179.0,5058.0,5013.0,5963.0,,,16926,91752,CA,5440.0,0,1086
0,1234396800,ADESA,2006,3,PONTIAC,GRAND PRIX 3.8L V6 S,Bas,4D SEDAN,BLUE,AUTO,2.0,Covers,59355,AMERICAN,LARGE,GM,6587.0,7845.0,7614.0,8973.0,6883.0,8261.0,7934.0,9422.0,,,17675,28273,NC,7235.0,0,1500
1,1251331200,ADESA,2002,7,CHEVROLET,IMPALA 3.8L V6 MFI,LS,4D SEDAN LS,GREEN,AUTO,1.0,Alloy,82750,AMERICAN,LARGE,GM,3638.0,4748.0,4429.0,5628.0,3525.0,4769.0,4307.0,5651.0,,,17675,28273,NC,5730.0,0,2452
1,1242864000,ADESA,2006,3,CHEVROLET,HHR 2.2L I4 MPI,LS,4D SUV 2.2L LS,BLACK,AUTO,,,61236,AMERICAN,MEDIUM,GM,5878.0,7102.0,6848.0,8170.0,5878.0,7102.0,6848.0,8170.0,,,17675,28273,NC,6535.0,0,728
0,1282089600,MANHEIM,2007,3,DODGE,CALIBER,Bas,4D WAGON,BLACK,AUTO,2.0,Covers,68457,AMERICAN,MEDIUM,CHRYSLER,6539.0,7810.0,9975.0,11355.0,6444.0,7529.0,10162.0,11246.0,,,20928,32824,FL,6550.0,0,825
0,1250121600,MANHEIM,2005,4,PONTIAC,G6 V6 3.5L V6 SFI,GT,4D SEDAN GT,WHITE,AUTO,1.0,Alloy,69240,AMERICAN,MEDIUM,GM,7761.0,9281.0,8882.0,10523.0,7733.0,9420.0,8852.0,10674.0,,,18880,30272,GA,7710.0,0,1118
0,1278547200,OTHER,2005,5,NISSAN,ALTIMA,Bas,4D SEDAN,GREEN,AUTO,1.0,Alloy,82995,TOP LINE ASIAN,MEDIUM,OTHER,5898.0,6789.0,9430.0,10511.0,5760.0,7581.0,9315.0,11264.0,,,3453,80229,CO,7775.0,0,723
0,1241136000,MANHEIM,2004,5,FORD,FOCUS 2.3L I4 DOHC,LX,4D SEDAN,BLUE,AUTO,1.0,Alloy,77734,AMERICAN,COMPACT,FORD,2930.0,3967.0,3664.0,4784.0,2930.0,3967.0,3664.0,4784.0,,,22916,89165,NV,3985.0,0,1155
0,1253577600,MANHEIM,2003,6,CHEVROLET,SUBURBAN 1500 4WD 5.,150,4D UTILITY 5.3L FFV LS,WHITE,AUTO,3.0,Special,93406,AMERICAN,LARGE SUV,GM,8354.0,9833.0,9522.0,11120.0,7817.0,11345.0,11314.0,14196.0,,,3453,80022,CO,10415.0,0,2218
0,1274400000,MANHEIM,2002,8,JEEP,LIBERTY 4WD V6,Spo,4D SUV SPORT,BLUE,AUTO,1.0,Alloy,85146,AMERICAN,SMALL SUV,CHRYSLER,4865.0,5938.0,7991.0,8760.0,4600.0,5549.0,7334.0,8408.0,,,16044,17545,PA,5440.0,0,1283
0,1269907200,MANHEIM,2007,3,CHEVROLET,IMPALA,LS,4D SEDAN LS,SILVER,AUTO,2.0,Covers,91452,AMERICAN,LARGE,GM,8562.0,9797.0,11621.0,13129.0,7736.0,8836.0,11578.0,12704.0,,,10430,46803,IN,7920.0,1,2351
0,1289433600,MANHEIM,2006,4,HYUNDAI,SONATA V6,GLS,4D SEDAN GLS,BLUE,AUTO,1.0,Alloy,83028,OTHER ASIAN,MEDIUM,OTHER,6173.0,7429.0,9638.0,11324.0,6085.0,7301.0,9579.0,10908.0,,,52598,29532,SC,6795.0,0,853
0,1251849600,MANHEIM,2005,4,MAZDA,MAZDA3 2.0L I-4 MPI,i,4D SEDAN I,GOLD,AUTO,1.0,Alloy,74689,OTHER ASIAN,MEDIUM,OTHER,7679.0,9496.0,8793.0,10756.0,7135.0,8754.0,8206.0,9954.0,,,20833,78219,TX,7665.0,0,1038
0,1268179200,ADESA,2007,3,DODGE,NITRO 2WD V6,SXT,4D SUV 3.7L,WHITE,AUTO,2.0,Covers,77002,AMERICAN,MEDIUM SUV,CHRYSLER,10999.0,12365.0,15050.0,16319.0,10877.0,12358.0,14076.0,15863.0,,,21053,85226,AZ,9605.0,0,686
0,1272931200,MANHEIM,2006,4,JEEP,LIBERTY 4WD V6,Spo,4D SUV,BLACK,AUTO,1.0,Alloy,65584,AMERICAN,SMALL SUV,CHRYSLER,10532.0,12446.0,13977.0,15309.0,8989.0,11080.0,12526.0,14735.0,,,19662,63044,MO,8205.0,0,825
0,1264032000,OTHER,2008,2,DODGE,CALIBER,SE,4D WAGON,SILVER,AUTO,1.0,Alloy,50726,AMERICAN,MEDIUM,CHRYSLER,7048.0,7614.0,11006.0,11599.0,8070.0,8609.0,11076.0,11685.0,,,99761,74135,OK,6400.0,0,754
1,1276560000,MANHEIM,2007,3,CHRYSLER,PT CRUISER,Bas,4D SEDAN,WHITE,AUTO,2.0,Covers,69451,AMERICAN,MEDIUM,CHRYSLER,6078.0,7071.0,9441.0,10299.0,5725.0,6778.0,9035.0,10020.0,,,23359,92504,CA,5955.0,0,1215
0,1269993600,ADESA,2005,5,FORD,FREESTAR FWD V6,SES,4D PASSENGER 3.9L SES,RED,AUTO,1.0,Alloy,81838,AMERICAN,VAN,FORD,6053.0,7625.0,9486.0,11013.0,4474.0,5783.0,8217.0,9628.0,,,18822,77086,TX,6070.0,0,1633
0,1234915200,MANHEIM,2007,2,PONTIAC,GRAND PRIX 3.8L V6 S,Bas,4D SEDAN,SILVER,AUTO,2.0,Covers,68360,AMERICAN,LARGE,GM,7898.0,8863.0,9030.0,10072.0,8421.0,9470.0,9595.0,10728.0,,,20392,64161,MO,7105.0,0,1703
1,1245283200,MANHEIM,2004,5,FORD,EXPLORER 2WD V6 4.0L,Edd,4D SUV 4.0L FFV EDDIE BAUER,RED,AUTO,1.0,Alloy,73670,AMERICAN,MEDIUM SUV,FORD,7280.0,8451.0,8362.0,9627.0,7280.0,8451.0,8362.0,9627.0,,,17212,76040,TX,8085.0,0,1155
0,1261008000,ADESA,2006,3,CHRYSLER,SEBRING 4C,Bas,4D SEDAN,RED,AUTO,2.0,Covers,67140,AMERICAN,MEDIUM,CHRYSLER,4479.0,5551.0,8047.0,9634.0,4732.0,5901.0,7990.0,9166.0,,,19619,28273,NC,5630.0,0,1020
0,1274659200,MANHEIM,2005,5,FORD,TAURUS,SE,4D SEDAN SE,SILVER,AUTO,2.0,Covers,91714,AMERICAN,MEDIUM,FORD,3213.0,4402.0,6405.0,8776.0,3377.0,4665.0,6618.0,8209.0,,,18880,27542,NC,5100.0,0,1053
1,1263427200,ADESA,2004,6,JEEP,LIBERTY 4WD V6,Spo,4D SUV,BLUE,AUTO,2.0,Covers,84954,AMERICAN,SMALL SUV,CHRYSLER,6038.0,7451.0,9883.0,11221.0,6114.0,7520.0,9848.0,11233.0,,,17675,28273,NC,7270.0,0,983
0,1260316800,ADESA,2005,4,PONTIAC,MONTANA FWD,SV6,4D MINIVAN EXT 3.4L,SILVER,AUTO,1.0,Alloy,48850,AMERICAN,VAN,GM,3979.0,5252.0,8330.0,9493.0,3629.0,4901.0,8352.0,9472.0,,,25100,77086,TX,6700.0,0,2922
0,1291161600,MANHEIM,2007,3,CHEVROLET,IMPALA V6,LT,4D SEDAN LT 3.5L,BLACK,AUTO,1.0,Alloy,65905,AMERICAN,LARGE,GM,7663.0,9003.0,11730.0,12829.0,7388.0,8774.0,11340.0,12984.0,,,20234,94544,CA,8470.0,0,1703
0,1260230400,ADESA,2004,5,CHEVROLET,TRAILBLAZER 2WD 6C,Nor,4D SUV 4.2L LS,MAROON,AUTO,1.0,Alloy,81827,AMERICAN,MEDIUM SUV,GM,5778.0,7041.0,9367.0,10842.0,6029.0,7324.0,9737.0,11656.0,,,20928,45005,OH,7245.0,0,1243
0,1234310400,OTHER,2006,3,PONTIAC,GRAND PRIX 3.8L V6 S,Bas,4D SEDAN,MAROON,AUTO,1.0,Alloy,64128,AMERICAN,LARGE,GM,6587.0,7845.0,7614.0,8973.0,6984.0,8369.0,8043.0,9539.0,,,17675,29697,SC,7300.0,0,1703
0,1255392000,MANHEIM,2005,4,DODGE,NEON 2.0L I4 SFI,SXT,4D SEDAN,RED,AUTO,1.0,Alloy,76952,AMERICAN,COMPACT,CHRYSLER,3287.0,4295.0,4050.0,5139.0,3398.0,4312.0,5887.0,6919.0,,,18111,37210,TN,4900.0,0,686
0,1281052800,ADESA,2002,8,CHRYSLER,PT CRUISER,Lim,4D SEDAN LIMITED,BLUE,AUTO,1.0,Alloy,96255,AMERICAN,MEDIUM,CHRYSLER,3180.0,4094.0,6133.0,6952.0,2834.0,3773.0,5412.0,6661.0,,,18111,37771,TN,4750.0,0,1930
0,1234915200,MANHEIM,2001,8,MERCURY,SABLE 3.0L V6 EFI,LS,4D SEDAN LS PREMIUM,GOLD,AUTO,1.0,Alloy,54767,AMERICAN,MEDIUM,FORD,2784.0,3732.0,3507.0,4531.0,3146.0,4063.0,3898.0,4888.0,,,5546,33809,FL,3975.0,0,1054
0,1267488000,MANHEIM,2005,5,JEEP,GRAND CHEROKEE 2WD V,Lar,4D WAGON LAREDO,RED,AUTO,1.0,Alloy,66041,AMERICAN,MEDIUM SUV,CHRYSLER,8842.0,10124.0,12774.0,14806.0,7901.0,9326.0,10922.0,13366.0,,,18822,77041,TX,9515.0,0,1508
0,1249430400,MANHEIM,2007,2,CHEVROLET,IMPALA 3.5L V6 SFI,LS,4D SEDAN LS,BROWN,AUTO,2.0,Covers,84599,AMERICAN,LARGE,GM,7513.0,8711.0,8614.0,9908.0,7749.0,9029.0,8869.0,10251.0,,,16044,8505,NJ,6315.0,0,2152
1,1241481600,MANHEIM,2004,5,DODGE,1500 RAM PICKUP 2WD,ST,QUAD CAB 5.7L,WHITE,AUTO,1.0,Alloy,86117,AMERICAN,LARGE TRUCK,CHRYSLER,8496.0,10471.0,9676.0,11809.0,8496.0,10471.0,9676.0,11809.0,,,17212,75050,TX,9950.0,0,983
0,1268092800,MANHEIM,2007,3,PONTIAC,G6 4C,Bas,4D SEDAN,BLACK,AUTO,2.0,Covers,59615,AMERICAN,MEDIUM,GM,7937.0,8871.0,11027.0,12058.0,8163.0,9322.0,11389.0,12791.0,,,20207,77041,TX,7875.0,0,837
0,1273104000,MANHEIM,2002,8,FORD,TAURUS,SE,4D SEDAN SE,WHITE,AUTO,1.0,Alloy,74911,AMERICAN,MEDIUM,FORD,2237.0,3141.0,4969.0,5864.0,1989.0,2950.0,4836.0,5942.0,,,18880,29532,SC,4880.0,0,1220
0,1235433600,MANHEIM,2007,2,NISSAN,TITAN PICKUP 4WD V8,LE,CREW CAB 5.6L LE,GREY,AUTO,1.0,Alloy,72041,TOP LINE ASIAN,LARGE TRUCK,OTHER,20238.0,24015.0,22357.0,26436.0,21837.0,25847.0,24084.0,28415.0,,,18111,30331,GA,11500.0,0,2091
0,1240358400,ADESA,2004,5,TOYOTA,CAMRY SOLARA V6 3.3L,SE,2D COUPE SE,SILVER,AUTO,1.0,Alloy,53457,TOP LINE ASIAN,MEDIUM,OTHER,7989.0,9927.0,9128.0,11221.0,7989.0,9927.0,9128.0,11221.0,,,18111,30212,GA,9450.0,0,505
0,1263340800,OTHER,2007,3,PONTIAC,G6 V6,Bas,4D SEDAN SE1,GREY,AUTO,1.0,Alloy,82494,AMERICAN,MEDIUM,GM,7291.0,8354.0,11161.0,12379.0,8897.0,10258.0,12225.0,13683.0,,,18111,29697,SC,6600.0,0,1373
0,1279065600,ADESA,2007,3,FORD,FUSION V6,SE,4D SEDAN SE,BLUE,AUTO,1.0,Alloy,89819,AMERICAN,MEDIUM,FORD,10206.0,12038.0,13972.0,16480.0,10566.0,12507.0,14042.0,16041.0,,,21053,85226,AZ,6575.0,0,1373
0,1244592000,OTHER,2005,4,CHEVROLET,COBALT 2.2L I4 MPI,Bas,4D SEDAN,BLACK,AUTO,2.0,Covers,64143,AMERICAN,COMPACT,GM,4794.0,5943.0,5678.0,6918.0,4248.0,5313.0,5088.0,6238.0,,,835,85009,AZ,5685.0,0,728
0,1248912000,ADESA,2001,8,MERCURY,SABLE 3.0L V6 EFI,LS,4D SEDAN LS PREMIUM,GOLD,AUTO,1.0,Alloy,91064,AMERICAN,MEDIUM,FORD,2341.0,3322.0,3028.0,4088.0,2146.0,3107.0,2818.0,3856.0,,,19662,78227,TX,3700.0,0,1353
0,1243900800,MANHEIM,2005,4,DODGE,DURANGO 2WD V8 4.7L,SLT,4D SUV 4.7L SLT,BLUE,AUTO,1.0,Alloy,71055,AMERICAN,MEDIUM SUV,CHRYSLER,8298.0,9574.0,9462.0,10840.0,8298.0,9574.0,9462.0,10840.0,,,3453,80022,CO,8630.0,0,1389
0,1232409600,MANHEIM,2005,4,CHEVROLET,IMPALA 3.4L V6 SFI,Bas,4D SEDAN,SILVER,AUTO,2.0,Covers,95952,AMERICAN,LARGE,GM,4569.0,5691.0,5435.0,6646.0,4875.0,6014.0,5765.0,6995.0,,,3453,80022,CO,3965.0,0,2351
0,1244073600,MANHEIM,2007,2,DODGE,CALIBER 2.0L I4 SFI,SXT,4D WAGON SXT,RED,AUTO,2.0,Covers,60213,AMERICAN,MEDIUM,CHRYSLER,8268.0,9772.0,9429.0,11054.0,8268.0,9772.0,9429.0,11054.0,,,18881,29532,SC,7570.0,0,825
0,1255046400,ADESA,2006,3,CHRYSLER,TOWN & COUNTRY 2WD V,LX,MINIVAN 3.3L,GREEN,AUTO,2.0,Covers,71057,AMERICAN,VAN,CHRYSLER,6975.0,8945.0,8033.0,10161.0,6059.0,7846.0,9854.0,12088.0,,,16926,91752,CA,6460.0,0,1623
0,1287619200,MANHEIM,2006,4,DODGE,STRATUS 4C,SXT,4D SEDAN SXT,WHITE,AUTO,1.0,Alloy,98111,AMERICAN,MEDIUM,CHRYSLER,4234.0,5432.0,7607.0,9303.0,4460.0,5507.0,7799.0,8505.0,NO,GREEN,19662,77061,TX,4595.0,0,1341
0,1258934400,ADESA,2004,5,SATURN,VUE 2WD 4C,,4D CUV 2.2L,RED,AUTO,2.0,Covers,47190,AMERICAN,MEDIUM SUV,GM,3601.0,4634.0,4389.0,5505.0,4247.0,5341.0,7347.0,8214.0,,,19638,33619,FL,6700.0,0,1116
0,1290038400,MANHEIM,2006,4,HYUNDAI,SONATA 4C,GLS,4D SEDAN GLS,BLUE,AUTO,1.0,Alloy,64622,OTHER ASIAN,MEDIUM,OTHER,6036.0,6936.0,8859.0,10279.0,6017.0,6808.0,8994.0,9981.0,,,8172,30272,GA,7260.0,0,728
0,1245196800,MANHEIM,2005,4,CHEVROLET,MALIBU V6 3.5L V6 SF,Bas,4D SEDAN,SILVER,AUTO,2.0,Covers,75700,AMERICAN,MEDIUM,GM,5215.0,6501.0,6132.0,7521.0,5920.0,7364.0,6894.0,8453.0,,,99750,8505,NJ,6500.0,0,1272
0,1267142400,OTHER,2008,2,DODGE,AVENGER 4C,SE,4D SEDAN,BLACK,AUTO,1.0,Alloy,49548,AMERICAN,MEDIUM,CHRYSLER,8640.0,9521.0,12178.0,12772.0,8949.0,9677.0,12945.0,13324.0,,,99761,74135,OK,8500.0,0,834
0,1275955200,MANHEIM,2003,7,BUICK,LE SABRE,Cus,4D SEDAN CUSTOM,BLUE,AUTO,1.0,Alloy,80362,AMERICAN,LARGE,GM,4444.0,5856.0,7767.0,10235.0,4109.0,5529.0,7313.0,9840.0,,,18111,19440,PA,5830.0,0,2712
0,1274918400,MANHEIM,2006,4,FORD,ESCAPE 2WD 4C,XLS,4D CUV 2.3L XLS,BLUE,AUTO,1.0,Alloy,89164,AMERICAN,SMALL SUV,FORD,7786.0,9408.0,11373.0,13206.0,6807.0,8169.0,10610.0,11917.0,,,8655,76040,TX,7885.0,0,983
0,1240444800,MANHEIM,2002,7,SATURN,L SERIES 3.0L V6 EFI,L30,4D SEDAN L300,BLUE,AUTO,1.0,Alloy,59642,AMERICAN,MEDIUM,GM,3261.0,4089.0,4022.0,4916.0,3261.0,4089.0,4022.0,4916.0,,,23359,92337,CA,4185.0,0,1966
0,1285718400,MANHEIM,2009,1,CHEVROLET,MALIBU 4C,LS,4D SEDAN LS,WHITE,AUTO,3.0,Special,79860,AMERICAN,MEDIUM,GM,10456.0,11202.0,14071.0,14837.0,9527.0,10597.0,13104.0,14263.0,,,18822,78219,TX,10350.0,0,1038
0,1291075200,MANHEIM,2005,5,PONTIAC,G6 V6,Bas,4D SEDAN,SILVER,AUTO,1.0,Alloy,71144,AMERICAN,MEDIUM,GM,5404.0,6932.0,8744.0,11217.0,5629.0,6727.0,8842.0,10030.0,NO,GREEN,3453,80022,CO,6550.0,0,1272
0,1256774400,ADESA,2007,2,FORD,FIVE HUNDRED 3.0L V6,SEL,4D SEDAN SEL,RED,AUTO,1.0,Alloy,86373,AMERICAN,LARGE,FORD,8529.0,10779.0,9711.0,12141.0,9205.0,11120.0,13011.0,14824.0,,,1235,80817,CO,6640.0,1,1633
0,1268352000,OTHER,2008,2,DODGE,CALIBER,SE,4D WAGON,BLACK,AUTO,2.0,Covers,45280,AMERICAN,MEDIUM,CHRYSLER,8054.0,8628.0,11156.0,11754.0,7559.0,8168.0,11270.0,11713.0,,,99761,74135,OK,7450.0,0,693
0,1276473600,MANHEIM,2007,3,FORD,RANGER PICKUP 2WD 4C,STX,REG CAB 2.3L,WHITE,AUTO,1.0,Alloy,85193,AMERICAN,SMALL TRUCK,FORD,6075.0,7547.0,9776.0,11043.0,5585.0,6853.0,9496.0,10647.0,,,8172,37210,TN,5700.0,0,594
0,1243814400,OTHER,2006,3,FORD,FREESTAR FWD V6 3.9L,SE,PASSENGER 3.9L SE,WHITE,AUTO,2.0,Covers,87368,AMERICAN,VAN,FORD,5958.0,7671.0,6935.0,8785.0,5958.0,7671.0,6935.0,8785.0,,,23359,85204,AZ,5010.0,0,1633
0,1259625600,ADESA,2006,3,CHEVROLET,UPLANDER FWD V6,LS,PASSENGER EXT 3.5L,WHITE,AUTO,2.0,Covers,76877,AMERICAN,VAN,GM,5916.0,7073.0,6889.0,8139.0,5767.0,7228.0,10063.0,11483.0,,,8655,78754,TX,5710.0,0,2091
0,1240358400,MANHEIM,2007,2,CHRYSLER,PACIFICA FWD 3.8L V6,Bas,4D SPORT,BLUE,AUTO,2.0,Covers,53189,AMERICAN,CROSSOVER,CHRYSLER,9931.0,11865.0,11225.0,13314.0,9931.0,11865.0,11225.0,13314.0,,,8655,75236,TX,8240.0,0,1086
0,1258502400,MANHEIM,2005,4,CHEVROLET,TRAILBLAZER EXT 4WD,LS,4D SUV 4.2L,GREY,AUTO,1.0,Alloy,79759,AMERICAN,MEDIUM SUV,GM,9491.0,11561.0,10750.0,12986.0,8639.0,10064.0,13020.0,14707.0,,,19638,32824,FL,8100.0,0,1974
0,1279065600,MANHEIM,2005,5,MAZDA,MAZDA3,i,4D SEDAN I,GREY,AUTO,1.0,Alloy,77070,OTHER ASIAN,MEDIUM,OTHER,5937.0,7710.0,9408.0,10855.0,6531.0,7896.0,10494.0,11915.0,,,19619,32824,FL,6650.0,0,1038
0,1232496000,ADESA,2006,3,PONTIAC,GRAND PRIX 3.8L V6 S,Bas,4D SEDAN,WHITE,AUTO,1.0,Alloy,68807,AMERICAN,LARGE,GM,6451.0,7797.0,7467.0,8921.0,6587.0,7845.0,7614.0,8973.0,,,20207,77086,TX,6590.0,0,1703
0,1232582400,ADESA,2004,5,FORD,FREESTAR FWD V6 3.9L,S,PASSENGER 3.9L,WHITE,AUTO,2.0,Covers,84787,AMERICAN,VAN,FORD,3094.0,3766.0,3842.0,4567.0,3801.0,4864.0,4605.0,5753.0,,,18822,78227,TX,4370.0,0,1633
0,1273708800,MANHEIM,2008,2,CHRYSLER,SEBRING V6,LX,4D SEDAN,GREY,AUTO,2.0,Covers,78446,AMERICAN,MEDIUM,CHRYSLER,7861.0,8644.0,12487.0,13127.0,7167.0,7824.0,10033.0,10784.0,,,10430,60443,IL,7710.0,1,1272
0,1285804800,ADESA,2007,3,MAZDA,MAZDA5,,MAZDA5 GRAND TOURING,WHITE,AUTO,1.0,Alloy,78825,OTHER ASIAN,CROSSOVER,OTHER,10433.0,11593.0,13011.0,14147.0,7342.0,8867.0,11552.0,12527.0,,,17675,28273,NC,7965.0,0,1038
0,1234310400,OTHER,2006,3,FORD,FREESTYLE AWD V6 3.0,SE,4D CUV 3.0L SE,BLUE,AUTO,1.0,Alloy,85316,AMERICAN,CROSSOVER,FORD,7406.0,9724.0,8498.0,11002.0,8662.0,10862.0,9855.0,12231.0,,,17675,29697,SC,7100.0,0,1763
0,1241654400,MANHEIM,2001,8,BUICK,REGAL 3.8L V6 MFI SC,LS,4D SEDAN LS,SILVER,AUTO,1.0,Alloy,99741,AMERICAN,MEDIUM,GM,2938.0,3921.0,3673.0,4735.0,2938.0,3921.0,3673.0,4735.0,,,20740,30272,GA,4200.0,0,2651
0,1288656000,MANHEIM,2006,4,CHEVROLET,EQUINOX FWD V6,LT,4D SUV LT,BLACK,AUTO,1.0,Alloy,79343,AMERICAN,MEDIUM SUV,GM,8168.0,9787.0,12258.0,13570.0,7673.0,9222.0,11478.0,13514.0,,,5546,34761,FL,8750.0,0,1389
0,1272499200,OTHER,2008,2,DODGE,CALIBER,SE,4D WAGON,RED,AUTO,2.0,Covers,50759,AMERICAN,MEDIUM,CHRYSLER,7590.0,8163.0,11055.0,11725.0,7731.0,8668.0,11453.0,12309.0,,,99761,74135,OK,6900.0,0,754
0,1260144000,ADESA,2007,2,FORD,FIVE HUNDRED,SEL,4D SEDAN SEL,BLUE,AUTO,1.0,Alloy,78138,AMERICAN,LARGE,FORD,7828.0,9749.0,11717.0,13653.0,8798.0,10948.0,12665.0,15149.0,,,1151,91752,CA,6725.0,1,1506
0,1268179200,OTHER,2003,7,SATURN,ION,2,4D SEDAN LEVEL 2,GOLD,AUTO,2.0,Covers,86866,AMERICAN,MEDIUM,GM,3446.0,4532.0,5818.0,7003.0,2585.0,3732.0,4868.0,6209.0,,,835,85009,AZ,4685.0,0,1153
0,1249430400,MANHEIM,2006,3,CHEVROLET,UPLANDER FWD V6 3.5L,LS,PASSENGER EXT 3.5L,BLUE,AUTO,2.0,Covers,65386,AMERICAN,VAN,GM,8671.0,11066.0,9865.0,12451.0,8335.0,10106.0,12513.0,14639.0,,,16044,8505,NJ,7325.0,0,1801
0,1250726400,ADESA,2005,4,CHRYSLER,PACIFICA FWD 3.5L V6,Tou,4D SPORT,BLACK,AUTO,1.0,Alloy,74013,AMERICAN,CROSSOVER,CHRYSLER,6788.0,8207.0,7831.0,9364.0,6600.0,8005.0,7628.0,9145.0,,,21973,28273,NC,8400.0,0,1389
0,1283385600,ADESA,2004,6,DODGE,STRATUS V6,SE,4D SEDAN SE,GREY,AUTO,2.0,Covers,90739,AMERICAN,MEDIUM,CHRYSLER,3840.0,5481.0,7404.0,9246.0,3041.0,4422.0,6242.0,7900.0,,,19662,78227,TX,4705.0,0,1630
0,1237420800,MANHEIM,2005,4,CHEVROLET,TRAILBLAZER EXT 2WD,LS,4D SUV 5.3L LS,SILVER,AUTO,1.0,Alloy,63730,AMERICAN,MEDIUM SUV,GM,4447.0,5308.0,5303.0,6233.0,4538.0,6428.0,5401.0,7442.0,,,19064,76040,TX,8900.0,0,2141
1,1291680000,ADESA,2005,5,DODGE,STRATUS 4C,SXT,4D SEDAN SXT,GREEN,AUTO,2.0,Covers,114184,AMERICAN,MEDIUM,CHRYSLER,3247.0,4265.0,6134.0,7253.0,3414.0,4688.0,6640.0,8593.0,NO,RED,25100,78754,TX,4205.0,0,1571
0,1264636800,ADESA,2007,3,DODGE,NITRO 4WD V6,SXT,4D SUV 3.7L SXT,RED,AUTO,1.0,Alloy,86919,AMERICAN,MEDIUM SUV,CHRYSLER,12199.0,14377.0,15633.0,18096.0,12979.0,14518.0,16719.0,18702.0,,,3453,80817,CO,9370.0,0,983
0,1235433600,MANHEIM,2006,3,HYUNDAI,ELANTRA MFI I-4 2.0L,GLS,4D SEDAN,SILVER,AUTO,1.0,Alloy,49597,OTHER ASIAN,MEDIUM,OTHER,5648.0,6765.0,6600.0,7806.0,5210.0,6405.0,6127.0,7417.0,,,18111,30331,GA,5950.0,0,482
0,1231804800,ADESA,2005,4,DODGE,STRATUS V6 2.7L V6 M,SXT,4D SEDAN SXT FFV,GREEN,AUTO,1.0,Alloy,82816,AMERICAN,MEDIUM,CHRYSLER,3103.0,4333.0,3851.0,5180.0,3433.0,4697.0,4208.0,5573.0,,,22808,78754,TX,4075.0,0,1503
0,1278460800,MANHEIM,2007,3,PONTIAC,G6 V6,GT,4D SEDAN GT,BLACK,AUTO,1.0,Alloy,74983,AMERICAN,MEDIUM,GM,8514.0,10152.0,12533.0,14072.0,9172.0,10613.0,12366.0,14041.0,,,17212,75236,TX,8885.0,0,1272
0,1279756800,ADESA,2006,4,MAZDA,MAZDA3,i,4D SEDAN I,RED,MANUAL,1.0,Alloy,58148,OTHER ASIAN,MEDIUM,OTHER,7732.0,9450.0,11427.0,12740.0,6290.0,7745.0,10123.0,11477.0,,,18822,78227,TX,7430.0,0,837
0,1265673600,OTHER,2008,2,DODGE,CALIBER,SE,4D WAGON,WHITE,AUTO,2.0,Covers,54676,AMERICAN,MEDIUM,CHRYSLER,7293.0,7934.0,10856.0,11447.0,7901.0,8376.0,11284.0,11757.0,,,99761,74135,OK,6900.0,0,754
0,1257811200,ADESA,2006,3,JEEP,LIBERTY 2WD V6,Spo,4D SUV,GOLD,AUTO,2.0,Covers,76353,AMERICAN,SMALL SUV,CHRYSLER,8722.0,10135.0,9920.0,11446.0,8473.0,10120.0,12341.0,13884.0,,,19662,78754,TX,7110.0,0,686
0,1282608000,MANHEIM,2007,3,CHRYSLER,PT CRUISER,Tou,4D SEDAN,YELLOW,AUTO,2.0,Covers,74997,AMERICAN,MEDIUM,CHRYSLER,5690.0,6839.0,9312.0,10436.0,5443.0,6747.0,9189.0,10266.0,,,835,85040,AZ,6300.0,0,1389
0,1237248000,OTHER,2005,4,DODGE,STRATUS V6 2.7L V6 M,SXT,4D SEDAN,WHITE,AUTO,1.0,Alloy,58125,AMERICAN,MEDIUM,CHRYSLER,4834.0,5937.0,5721.0,6912.0,4904.0,6349.0,5796.0,7357.0,,,21053,95673,CA,5205.0,0,1086
0,1268611200,OTHER,2009,1,MITSUBISHI,GALANT 4C,ES,4D SEDAN ES,WHITE,AUTO,1.0,Alloy,60438,OTHER ASIAN,MEDIUM,OTHER,10917.0,11437.0,14915.0,15789.0,10223.0,10982.0,13957.0,14993.0,,,99761,85284,AZ,8500.0,0,533
1,1233705600,MANHEIM,2002,7,JEEP,LIBERTY 2WD V6 3.7L,Spo,4D SUV SPORT,MAROON,AUTO,1.0,Alloy,71533,AMERICAN,SMALL SUV,CHRYSLER,3729.0,4383.0,4527.0,5234.0,4907.0,5847.0,5800.0,6815.0,,,19064,75236,TX,6770.0,0,986
0,1253577600,MANHEIM,2003,6,DODGE,1500 RAM PICKUP 2WD,Lar,QUAD CAB 5.7L SLT,BLACK,AUTO,1.0,Alloy,90743,AMERICAN,LARGE TRUCK,CHRYSLER,7279.0,8830.0,8361.0,10036.0,6252.0,7831.0,10889.0,13639.0,,,835,85040,AZ,8440.0,0,1353
0,1286928000,MANHEIM,2007,3,FORD,ESCAPE 2WD 4C,XLS,4D CUV 2.3L XLS,RED,AUTO,1.0,Alloy,67029,AMERICAN,SMALL SUV,FORD,7557.0,9346.0,11050.0,12742.0,7645.0,9176.0,11868.0,13376.0,,,22808,75236,TX,8060.0,0,825
0,1237507200,MANHEIM,2002,7,DODGE,INTREPID 3.5L V6 EFI,ES,4D SEDAN SXT,SILVER,AUTO,3.0,Special,66507,AMERICAN,LARGE,CHRYSLER,2533.0,3472.0,3236.0,4250.0,1991.0,2893.0,2650.0,3624.0,,,8655,75236,TX,4650.0,0,1808
0,1279843200,ADESA,2003,7,SATURN,ION,2,4D SEDAN LEVEL 2,SILVER,MANUAL,2.0,Covers,83198,AMERICAN,MEDIUM,GM,3047.0,3942.0,5882.0,6863.0,2825.0,3813.0,5698.0,6702.0,,,23657,91752,CA,5780.0,0,1153
0,1254182400,OTHER,2008,1,DODGE,AVENGER 4C 2.4L I4 S,SE,4D SEDAN SE,SILVER,AUTO,2.0,Covers,44911,AMERICAN,MEDIUM,CHRYSLER,8662.0,9382.0,9855.0,10633.0,8060.0,8705.0,9205.0,9901.0,,,99761,91763,CA,8050.0,0,834
0,1251244800,MANHEIM,2007,2,HYUNDAI,SONATA V6 3.3L V6 MP,Lim,4D SEDAN,WHITE,AUTO,1.0,Alloy,58783,OTHER ASIAN,MEDIUM,OTHER,9681.0,11301.0,10955.0,12705.0,8611.0,10128.0,9800.0,11438.0,,,18822,78219,TX,8165.0,0,671
1,1237939200,MANHEIM,2004,5,CHEVROLET,IMPALA 3.8L V6 SFI,LS,4D SEDAN LS,GOLD,AUTO,1.0,Alloy,72753,AMERICAN,LARGE,GM,5669.0,6956.0,6623.0,8012.0,5538.0,6821.0,6481.0,7867.0,,,20928,33809,FL,6395.0,0,1974
0,1289865600,OTHER,2004,6,CHRYSLER,PT CRUISER,Bas,4D SEDAN,GOLD,AUTO,2.0,Covers,43715,AMERICAN,MEDIUM,CHRYSLER,3335.0,4360.0,6529.0,7746.0,3357.0,4368.0,6385.0,7721.0,,,21053,95673,CA,4690.0,0,975
0,1267142400,OTHER,2008,2,DODGE,CALIBER,SE,4D WAGON,WHITE,AUTO,2.0,Covers,47514,AMERICAN,MEDIUM,CHRYSLER,7899.0,8623.0,11060.0,11765.0,7777.0,8231.0,11363.0,11738.0,,,99761,74135,OK,7400.0,0,693
0,1265328000,MANHEIM,2007,3,CHEVROLET,AVEO,LS,4D SEDAN LS,RED,AUTO,2.0,Covers,57775,AMERICAN,COMPACT,GM,4957.0,5763.0,8244.0,9186.0,5191.0,6040.0,9578.0,11145.0,,,18822,78219,TX,4135.0,0,671
1,1281398400,MANHEIM,2004,6,FORD,FOCUS,ZX5,5D SEDAN ZX5,SILVER,AUTO,2.0,Covers,92808,AMERICAN,COMPACT,FORD,3190.0,4200.0,6102.0,7275.0,3550.0,5039.0,6461.0,8375.0,,,25100,77041,TX,5985.0,0,1341
0,1280880000,ADESA,2006,4,FORD,MUSTANG V6,Bas,2D COUPE,BLUE,AUTO,1.0,Alloy,61889,AMERICAN,SPORTS,FORD,9537.0,11189.0,12981.0,14480.0,8451.0,9768.0,12714.0,14273.0,,,52117,20166,VA,10035.0,0,728
0,1285632000,MANHEIM,2006,4,KIA,RIO,Bas,4D SEDAN LX,BLUE,MANUAL,2.0,Covers,68347,OTHER ASIAN,COMPACT,OTHER,3890.0,4919.0,6708.0,7876.0,4542.0,5592.0,7288.0,8722.0,NO,GREEN,22808,77041,TX,4165.0,0,533
0,1248825600,OTHER,2003,6,MERCURY,SABLE 3.0L V6 2V /EF,GS,4D SEDAN GS,GOLD,AUTO,2.0,Covers,86724,AMERICAN,MEDIUM,FORD,2326.0,3415.0,3012.0,4188.0,2299.0,3206.0,2983.0,3962.0,,,835,85009,AZ,4175.0,0,1283
0,1243382400,MANHEIM,2005,4,CHRYSLER,TOWN & COUNTRY FWD V,Bas,MINIVAN 3.3L,WHITE,AUTO,2.0,Covers,73992,AMERICAN,VAN,CHRYSLER,5033.0,6325.0,5936.0,7331.0,5359.0,6968.0,6288.0,8025.0,,,18822,78219,TX,5535.0,0,1623
0,1266451200,OTHER,2008,2,DODGE,CALIBER,SE,4D WAGON,BLACK,AUTO,2.0,Covers,50567,AMERICAN,MEDIUM,CHRYSLER,7465.0,8201.0,11180.0,11780.0,7497.0,8102.0,10721.0,11350.0,,,99761,74135,OK,7100.0,0,754
1,1277424000,OTHER,2003,7,CHEVROLET,VENTURE FWD V6,LS,PASSENGER 3.4L,BLUE,AUTO,2.0,Covers,51772,AMERICAN,VAN,GM,4334.0,5786.0,8465.0,10795.0,5062.0,6102.0,8377.0,9263.0,,,99750,90650,CA,6100.0,0,3676
0,1242691200,OTHER,2004,5,CHEVROLET,TRAILBLAZER EXT 4WD,Nor,4D SUV 4.2L LS,GOLD,AUTO,1.0,Alloy,73629,AMERICAN,MEDIUM SUV,GM,7138.0,8687.0,8209.0,9882.0,7138.0,8687.0,8209.0,9882.0,,,21053,95673,CA,8505.0,0,1974
1,1239753600,OTHER,2004,5,HYUNDAI,ELANTRA 2.0L I4 MPI,GLS,4D SEDAN,RED,AUTO,2.0,Covers,57008,OTHER ASIAN,MEDIUM,OTHER,3364.0,4130.0,4133.0,4960.0,3364.0,4130.0,4133.0,4960.0,,,835,85009,AZ,5370.0,0,505
0,1267574400,OTHER,2003,7,DODGE,DAKOTA PICKUP 2WD V6,SLT,QUAD CAB 3.9L SLT,SILVER,AUTO,1.0,Alloy,84954,AMERICAN,SMALL TRUCK,CHRYSLER,5780.0,6964.0,10185.0,11849.0,6086.0,7247.0,9741.0,10831.0,,,18880,29697,SC,7400.0,0,1543
0,1257897600,OTHER,2007,2,CHRYSLER,300,Lim,4D SEDAN TOURING,SILVER,AUTO,1.0,Alloy,80612,AMERICAN,SPECIALTY,CHRYSLER,12366.0,14735.0,13855.0,16414.0,11582.0,13652.0,15440.0,17641.0,,,17212,76063,TX,10000.0,0,1503
0,1237334400,ADESA,2005,4,CHEVROLET,TRAILBLAZER 2WD 6C 4,LS,4D SUV 4.2L,WHITE,AUTO,1.0,Alloy,81091,AMERICAN,MEDIUM SUV,GM,7839.0,9217.0,8966.0,10454.0,2724.0,3730.0,3442.0,4528.0,,,20833,77086,TX,8315.0,0,1243
1,1242864000,MANHEIM,2004,5,CHRYSLER,PT CRUISER 2.4L I4 S,Bas,4D SEDAN,RED,AUTO,2.0,Covers,88463,AMERICAN,MEDIUM,CHRYSLER,3487.0,4488.0,4266.0,5347.0,3487.0,4488.0,4266.0,5347.0,,,18881,30272,GA,4175.0,0,1503
0,1274659200,OTHER,2004,6,BUICK,RAINIER AWD V6,CXL,4D SUV,GOLD,AUTO,1.0,Alloy,86954,AMERICAN,MEDIUM SUV,GM,7269.0,8488.0,10180.0,11543.0,6647.0,7834.0,10884.0,11866.0,,,20928,26431,WV,8435.0,0,2152
0,1233792000,MANHEIM,2007,2,CHEVROLET,UPLANDER FWD V6 3.9L,LS,PASSENGER EXT 3.5L,PURPLE,AUTO,2.0,Covers,82753,AMERICAN,VAN,GM,0.0,1.0,0.0,0.0,0.0,1.0,0.0,0.0,,,20928,33619,FL,6365.0,0,2282
1,1285804800,OTHER,2006,4,CHEVROLET,COLORADO PICKUP 2WD,LS,REG CAB 2.8L,WHITE,AUTO,2.0,Covers,74983,AMERICAN,SMALL TRUCK,GM,5023.0,6647.0,8722.0,10643.0,4731.0,5536.0,9053.0,9857.0,,,99761,85284,AZ,5500.0,0,686
0,1265760000,OTHER,2006,4,SUZUKI,FORENZA,,4D SEDAN,SILVER,AUTO,2.0,Covers,50502,OTHER ASIAN,MEDIUM,OTHER,3736.0,4892.0,6961.0,9094.0,4021.0,4918.0,6967.0,7891.0,,,18111,29697,SC,5700.0,0,505
0,1287964800,ADESA,2004,6,KIA,RIO,Bas,4D SEDAN,GOLD,AUTO,2.0,Covers,77552,OTHER ASIAN,COMPACT,OTHER,2118.0,2783.0,4727.0,5558.0,1748.0,2395.0,4700.0,6440.0,,,5546,33619,FL,3700.0,0,569
0,1251158400,MANHEIM,2007,2,CHRYSLER,TOWN & COUNTRY 2WD V,LX,EXT MINIVAN 3.3L LX,WHITE,AUTO,2.0,Covers,88504,AMERICAN,VAN,CHRYSLER,6114.0,7291.0,7103.0,8374.0,5867.0,6703.0,6836.0,7739.0,,,18881,30315,GA,6910.0,0,1763
0,1241481600,ADESA,2002,7,NISSAN,XTERRA 2WD V6 3.3L V,SE,4D SPORT UTILITY SE,BLACK,AUTO,1.0,Alloy,67201,TOP LINE ASIAN,MEDIUM SUV,OTHER,5092.0,6208.0,5999.0,7205.0,5092.0,6208.0,5999.0,7205.0,,,20833,78754,TX,6605.0,0,833
0,1247616000,MANHEIM,2006,3,CHEVROLET,MALIBU 4C 2.2L I4 MP,LT,4D SEDAN LT,RED,AUTO,2.0,Covers,70069,AMERICAN,MEDIUM,GM,6408.0,7588.0,7421.0,8695.0,6403.0,7463.0,7415.0,8560.0,,,3453,84087,UT,5230.0,0,1038
0,1242950400,OTHER,2007,2,DODGE,CALIBER 2.0L I4 SFI,SXT,4D WAGON SXT,BLACK,AUTO,2.0,Covers,45788,AMERICAN,MEDIUM,CHRYSLER,8268.0,9772.0,9429.0,11054.0,8268.0,9772.0,9429.0,11054.0,,,99761,23606,VA,7400.0,0,693
0,1281052800,MANHEIM,2007,3,CHEVROLET,UPLANDER FWD V6,LS,PASSENGER 3.9L LS,WHITE,AUTO,2.0,Covers,87217,AMERICAN,VAN,GM,6863.0,7815.0,10484.0,11605.0,6726.0,7669.0,10652.0,11551.0,,,99750,85040,AZ,5600.0,0,2282
0,1254960000,ADESA,2003,6,CHEVROLET,1500 SILVERADO PICKU,W/T,REG CAB 4.8L LS,RED,AUTO,1.0,Alloy,75966,AMERICAN,LARGE TRUCK,GM,5287.0,6968.0,6210.0,8025.0,4730.0,6094.0,8558.0,9720.0,,,8172,28273,NC,7750.0,0,1455
0,1240444800,MANHEIM,2007,2,PONTIAC,G6 V6 3.5L V6 SFI,GT,4D SEDAN GT,WHITE,AUTO,1.0,Alloy,76157,AMERICAN,MEDIUM,GM,9037.0,10119.0,10260.0,11429.0,9037.0,10119.0,10260.0,11429.0,,,18111,29532,SC,7905.0,0,1272
0,1264636800,MANHEIM,2007,3,CHRYSLER,SEBRING 4C,Bas,4D SEDAN,GREY,AUTO,2.0,Covers,83348,AMERICAN,MEDIUM,CHRYSLER,7080.0,8308.0,10547.0,12089.0,8553.0,9852.0,11649.0,13024.0,,,8655,76040,TX,7470.0,0,1243
1,1281571200,MANHEIM,2007,3,FORD,FUSION 4C,S,4D SEDAN S,BLACK,AUTO,2.0,Covers,60723,AMERICAN,MEDIUM,FORD,9049.0,10840.0,12720.0,14424.0,7516.0,9419.0,11576.0,13084.0,,,21973,32124,FL,6850.0,0,728
0,1259798400,MANHEIM,2008,1,DODGE,AVENGER V6,SXT,4D SEDAN SXT,BLUE,AUTO,1.0,Alloy,86987,AMERICAN,MEDIUM,CHRYSLER,10089.0,12346.0,11396.0,13834.0,10158.0,11525.0,13642.0,15110.0,,,18880,29532,SC,8210.0,0,1373
0,1263427200,ADESA,2006,4,PONTIAC,GRAND PRIX,Bas,4D SEDAN,GOLD,AUTO,2.0,Covers,81051,AMERICAN,LARGE,GM,5977.0,7276.0,9742.0,11030.0,6660.0,8006.0,10234.0,11533.0,,,17675,28273,NC,6035.0,0,2152
0,1238630400,MANHEIM,2003,6,NISSAN,XTERRA 4WD V6 3.3L V,SE,4D SPORT UTILITY SE,BLACK,AUTO,2.0,Covers,89326,TOP LINE ASIAN,MEDIUM SUV,OTHER,6722.0,7689.0,7760.0,8804.0,6722.0,7689.0,7760.0,8804.0,,,18111,30272,GA,6795.0,0,1153
0,1269907200,MANHEIM,2005,5,NISSAN,ALTIMA,Bas,4D SEDAN,BLACK,AUTO,2.0,Covers,81478,TOP LINE ASIAN,MEDIUM,OTHER,6712.0,8225.0,9772.0,11341.0,7061.0,8262.0,10488.0,11959.0,,,18822,77041,TX,8300.0,0,723
0,1266796800,OTHER,2008,2,DODGE,AVENGER 4C,SE,4D SEDAN,SILVER,AUTO,2.0,Covers,50919,AMERICAN,MEDIUM,CHRYSLER,8417.0,9313.0,12027.0,12632.0,9111.0,10012.0,12397.0,13175.0,,,99761,74135,OK,8400.0,0,920
0,1241481600,MANHEIM,2003,6,CHRYSLER,PT CRUISER 2.4L I4 M,Tou,4D SEDAN LIMITED,SILVER,AUTO,1.0,Alloy,61794,AMERICAN,MEDIUM,CHRYSLER,3679.0,4651.0,4473.0,5523.0,3679.0,4651.0,4473.0,5523.0,,,5546,19440,PA,4600.0,0,1515
0,1237852800,OTHER,2007,2,PONTIAC,GRAND PRIX 3.8L V6 S,Bas,4D SEDAN,RED,AUTO,1.0,Alloy,54413,AMERICAN,LARGE,GM,8526.0,9638.0,9708.0,10909.0,4979.0,6336.0,5877.0,7343.0,,,21053,95673,CA,8305.0,0,1500
0,1273622400,MANHEIM,2007,3,CHEVROLET,COBALT,LS,4D SEDAN LS,GREEN,AUTO,2.0,Covers,82976,AMERICAN,COMPACT,GM,5658.0,6639.0,9480.0,10358.0,5802.0,6690.0,9430.0,10466.0,,,20928,32824,FL,5450.0,0,853
0,1264032000,OTHER,2008,2,DODGE,CALIBER,SE,4D WAGON,GREY,AUTO,2.0,Covers,52773,AMERICAN,MEDIUM,CHRYSLER,7048.0,7614.0,11006.0,11599.0,7269.0,7898.0,10834.0,11413.0,,,99761,74135,OK,6500.0,0,754
0,1238025600,MANHEIM,2004,5,FORD,EXPEDITION 2WD V8 5.,Edd,4D SUV 5.4L EDDIE BAUER,BLACK,AUTO,1.0,Alloy,91433,AMERICAN,LARGE SUV,FORD,10384.0,11906.0,11715.0,13358.0,9976.0,11582.0,11274.0,13009.0,,,18111,30272,GA,9775.0,0,1197
1,1234915200,OTHER,2004,5,DODGE,1500 RAM PICKUP 2WD,ST,QUAD CAB 4.7L SLT,GOLD,AUTO,1.0,Alloy,62380,AMERICAN,LARGE TRUCK,CHRYSLER,5206.0,6378.0,6122.0,7388.0,6138.0,7826.0,7129.0,8952.0,,,18880,29697,SC,7300.0,0,825
0,1240272000,MANHEIM,2003,6,FORD,EXPLORER 2WD V6 4.0L,XLS,4D SUV 4.0L SPORT TRAC,BLUE,AUTO,1.0,Alloy,62845,AMERICAN,MEDIUM SUV,FORD,6544.0,8094.0,7568.0,9242.0,6544.0,8094.0,7568.0,9242.0,,,20740,21075,MD,7500.0,0,1320
0,1292976000,MANHEIM,2008,2,DODGE,AVENGER 4C,SE,4D SEDAN,BLUE,AUTO,2.0,Covers,39176,AMERICAN,MEDIUM,CHRYSLER,7741.0,8634.0,11492.0,12228.0,7780.0,8851.0,11389.0,12394.0,,,1235,84087,UT,8925.0,1,762
0,1244678400,MANHEIM,2007,2,DODGE,CALIBER 2.0L I4 SFI,SXT,4D WAGON SXT,SILVER,AUTO,2.0,Covers,52855,AMERICAN,MEDIUM,CHRYSLER,8268.0,9772.0,9429.0,11054.0,8268.0,9772.0,9429.0,11054.0,,,99761,30272,GA,7545.0,0,754
0,1285632000,ADESA,2008,2,SATURN,AURA V6,XE,4D SEDAN XE,GREY,AUTO,1.0,Alloy,64760,AMERICAN,MEDIUM,GM,9211.0,10772.0,12439.0,14486.0,8874.0,10592.0,12394.0,14425.0,,,1235,50111,IA,8645.0,1,1118
0,1292284800,OTHER,2006,4,FORD,FIVE HUNDRED,SE,4D SEDAN SE,GOLD,AUTO,1.0,Alloy,79706,AMERICAN,LARGE,FORD,5863.0,7136.0,9812.0,11224.0,6325.0,7973.0,10184.0,11681.0,,,20234,95673,CA,7330.0,0,1506
0,1237939200,MANHEIM,2005,4,CHEVROLET,TRAILBLAZER 2WD 6C 4,LS,4D SUV 4.2L LS,GOLD,AUTO,1.0,Alloy,76989,AMERICAN,MEDIUM SUV,GM,7966.0,9369.0,9103.0,10619.0,7650.0,8985.0,8762.0,10204.0,,,20392,75236,TX,8085.0,0,1155
0,1247011200,ADESA,2005,4,FORD,FREESTYLE 2WD V6 3.0,SEL,4D CUV 3.0L SEL,WHITE,AUTO,1.0,Alloy,85972,AMERICAN,CROSSOVER,FORD,7758.0,9401.0,8879.0,10653.0,6944.0,8143.0,11674.0,12868.0,,,20234,85226,AZ,8665.0,0,1633
0,1292457600,ADESA,2006,4,SUZUKI,RENO,,4D SEDAN,RED,AUTO,1.0,Alloy,83606,OTHER ASIAN,COMPACT,OTHER,3865.0,4880.0,7182.0,8263.0,4029.0,4903.0,7296.0,8879.0,,,22916,80817,CO,4365.0,0,594
0,1264636800,MANHEIM,2008,2,CHRYSLER,SEBRING 4C,LX,4D SEDAN LX,GREY,AUTO,2.0,Covers,81501,AMERICAN,MEDIUM,CHRYSLER,7789.0,8422.0,11338.0,11997.0,8351.0,9022.0,11775.0,12415.0,,,8655,76040,TX,7550.0,0,1243
0,1235433600,MANHEIM,2006,3,DODGE,CHARGER 3.5L V6 EFI,Bas,4D SEDAN,BLUE,AUTO,1.0,Alloy,70780,AMERICAN,SPECIALTY,CHRYSLER,9390.0,10660.0,10641.0,12013.0,9993.0,11317.0,11292.0,12722.0,,,19662,37210,TN,10180.0,0,1389
0,1272326400,ADESA,2007,3,CHEVROLET,IMPALA,LS,4D SEDAN LS,BLACK,AUTO,2.0,Covers,69915,AMERICAN,LARGE,GM,8144.0,9328.0,12010.0,13144.0,7972.0,9209.0,11583.0,12989.0,,,52117,45005,OH,8095.0,0,1703
0,1266969600,MANHEIM,2004,6,HONDA,ACCORD 4C,LX,4D SEDAN LX AUTO,GREY,AUTO,2.0,Covers,51917,TOP LINE ASIAN,MEDIUM,OTHER,6855.0,8026.0,10292.0,11438.0,7076.0,7859.0,10157.0,11202.0,,,16044,22801,VA,9680.0,0,505
0,1282003200,MANHEIM,2008,2,FORD,TAURUS,SEL,4D SEDAN SEL,WHITE,AUTO,1.0,Alloy,84810,AMERICAN,MEDIUM,FORD,10795.0,13346.0,15185.0,17489.0,10624.0,12949.0,14218.0,16165.0,NO,GREEN,17212,75050,TX,7640.0,0,1633
0,1262736000,MANHEIM,2005,5,KIA,SORENTO 2WD,EX,4D SPORT UTILITY EX,GOLD,AUTO,1.0,Alloy,78020,OTHER ASIAN,MEDIUM SUV,OTHER,6006.0,7440.0,9826.0,11632.0,6828.0,8447.0,10195.0,11710.0,,,23359,92807,CA,7670.0,0,1740
0,1252972800,MANHEIM,2006,3,MITSUBISHI,GALANT 4C 2.4L I4 EF,DE,4D SEDAN DE,BLUE,AUTO,2.0,Covers,72560,OTHER ASIAN,MEDIUM,OTHER,7001.0,8395.0,8061.0,9567.0,7214.0,8454.0,8291.0,9630.0,,,25100,75050,TX,6725.0,0,569
0,1273017600,MANHEIM,2006,4,SATURN,ION,2,4D SEDAN LEVEL 2,GREY,AUTO,2.0,Covers,71188,AMERICAN,MEDIUM,GM,5533.0,6535.0,8990.0,10018.0,5224.0,6259.0,8366.0,9479.0,,,23359,92807,CA,6070.0,0,803
0,1245369600,OTHER,2008,1,DODGE,AVENGER 4C 2.4L I4 S,SE,4D SEDAN,RED,AUTO,2.0,Covers,48889,AMERICAN,MEDIUM,CHRYSLER,8196.0,9044.0,9352.0,10268.0,8196.0,9044.0,9352.0,10268.0,,,17212,74135,OK,8300.0,0,834
0,1289347200,MANHEIM,2004,6,CHEVROLET,VENTURE FWD V6,LS,PASSENGER EXT 3.4L,GREY,AUTO,2.0,Covers,98820,AMERICAN,VAN,GM,3496.0,4673.0,6494.0,8680.0,2877.0,4002.0,6525.0,7984.0,,,23359,92807,CA,3355.0,0,5613
1,1290470400,MANHEIM,2004,6,CHRYSLER,PT CRUISER,Tou,4D SEDAN TOURING TURBO,BLUE,AUTO,1.0,Alloy,77635,AMERICAN,MEDIUM,CHRYSLER,3737.0,4820.0,6903.0,8151.0,3654.0,4336.0,6653.0,7461.0,,,835,85040,AZ,5455.0,0,1506
0,1287964800,MANHEIM,2008,2,CHEVROLET,COBALT,LS,4D SEDAN LS,SILVER,AUTO,2.0,Covers,48001,AMERICAN,COMPACT,GM,6281.0,7091.0,9854.0,10590.0,7276.0,8535.0,10169.0,11413.0,NO,GREEN,19638,27542,NC,6800.0,0,623
0,1270684800,MANHEIM,2006,4,DODGE,CHARGER,Bas,4D SEDAN,SILVER,AUTO,2.0,Covers,76411,AMERICAN,SPECIALTY,CHRYSLER,8849.0,10137.0,11732.0,13127.0,8578.0,10158.0,12189.0,13927.0,,,19638,33619,FL,9150.0,0,1389
0,1269907200,MANHEIM,2004,6,FORD,FREESTAR FWD V6,SE,PASSENGER 3.9L LX,BEIGE,AUTO,2.0,Covers,80475,AMERICAN,VAN,FORD,3152.0,3930.0,5649.0,6721.0,3894.0,4402.0,7271.0,7800.0,,,18822,77041,TX,5885.0,0,1633
0,1279670400,MANHEIM,2007,3,PONTIAC,G6 V6,Bas,4D SEDAN,SILVER,AUTO,1.0,Alloy,85297,AMERICAN,MEDIUM,GM,8191.0,9480.0,11953.0,13834.0,8376.0,9804.0,11813.0,13308.0,,,20207,78219,TX,7735.0,0,1373
1,1289260800,MANHEIM,2005,5,CHEVROLET,MALIBU 4C,Cla,4D SEDAN CLASSIC,WHITE,AUTO,2.0,Covers,94575,AMERICAN,MEDIUM,GM,4190.0,5946.0,7378.0,9190.0,3835.0,5529.0,7081.0,8194.0,,,20833,75050,TX,3410.0,0,1341
0,1268870400,MANHEIM,2006,4,CHEVROLET,IMPALA,LT,4D SEDAN LT 3.5L,BLUE,AUTO,1.0,Alloy,81498,AMERICAN,LARGE,GM,7678.0,8845.0,10840.0,12307.0,7049.0,8490.0,11151.0,12309.0,,,19662,39402,MS,8355.0,0,2152
0,1289260800,MANHEIM,2006,4,PONTIAC,GRAND PRIX,Bas,4D SEDAN,BLUE,AUTO,1.0,Alloy,84154,AMERICAN,LARGE,GM,5541.0,6965.0,9263.0,10596.0,5715.0,7121.0,9343.0,10872.0,,,835,85040,AZ,7470.0,0,2152
0,1234828800,MANHEIM,2006,3,CHEVROLET,UPLANDER FWD V6 3.5L,LS,PASSENGER EXT 3.5L,SILVER,AUTO,2.0,Covers,80649,AMERICAN,VAN,GM,7442.0,9040.0,8537.0,10263.0,7979.0,9502.0,9117.0,10762.0,,,835,85040,AZ,6240.0,0,2282
0,1272412800,OTHER,2009,1,DODGE,JOURNEY FWD 4C,SE,4D SPORT UTILITY SE,BEIGE,AUTO,2.0,Covers,50430,AMERICAN,CROSSOVER,CHRYSLER,10346.0,10980.0,14240.0,15214.0,9893.0,10417.0,14361.0,15013.0,,,99761,74135,OK,9400.0,0,920
0,1261526400,MANHEIM,2005,4,KIA,SPECTRA,SX,4D SEDAN EX,BLUE,MANUAL,1.0,Alloy,54657,OTHER ASIAN,MEDIUM,OTHER,3499.0,4222.0,6414.0,7467.0,3981.0,4695.0,7445.0,8781.0,,,16926,92807,CA,5620.0,0,505
0,1233014400,MANHEIM,2006,3,JEEP,GRAND CHEROKEE 4WD V,Lar,4D WAGON LAREDO,SILVER,AUTO,1.0,Alloy,68536,AMERICAN,MEDIUM SUV,CHRYSLER,11710.0,13053.0,13147.0,14597.0,12794.0,14027.0,14318.0,15649.0,,,22916,80022,CO,8905.0,0,1801
0,1288051200,ADESA,2006,4,FORD,FREESTAR FWD V6,SE,PASSENGER 3.9L LX,GREY,AUTO,2.0,Covers,79144,AMERICAN,VAN,FORD,5955.0,7988.0,9848.0,12013.0,4316.0,6185.0,8535.0,10087.0,,,52117,45005,OH,6355.0,0,1506
0,1266278400,OTHER,2005,5,FORD,MUSTANG V6,Bas,2D COUPE,GREY,AUTO,1.0,Alloy,83592,AMERICAN,SPORTS,FORD,8153.0,9182.0,11607.0,12883.0,8607.0,9624.0,11656.0,12922.0,,,20234,95673,CA,7790.0,0,853
0,1280275200,MANHEIM,2007,3,DODGE,CARAVAN FWD V6,SE,MINIVAN 3.3L,BLACK,AUTO,2.0,Covers,78862,AMERICAN,VAN,CHRYSLER,6204.0,7850.0,9751.0,11543.0,5234.0,6656.0,8458.0,10065.0,,,19638,33809,FL,6150.0,0,1623
1,1291161600,OTHER,2001,9,SATURN,L SERIES,L20,4D SEDAN L200,SILVER,AUTO,2.0,Covers,45626,AMERICAN,MEDIUM,GM,1941.0,2771.0,4543.0,5765.0,2288.0,3109.0,4632.0,5523.0,NO,GREEN,52492,29697,SC,4900.0,0,1346
0,1291161600,MANHEIM,2008,2,HYUNDAI,SONATA V6,GLS,4D SEDAN GLS,BLACK,AUTO,1.0,Alloy,85787,OTHER ASIAN,MEDIUM,OTHER,8494.0,10197.0,12598.0,13871.0,7979.0,9931.0,12468.0,13945.0,,,20833,75236,TX,7885.0,0,853
0,1257206400,OTHER,2007,2,CHRYSLER,PT CRUISER,Bas,4D SEDAN,SILVER,AUTO,1.0,Alloy,53075,AMERICAN,MEDIUM,CHRYSLER,5593.0,6462.0,6540.0,7479.0,5527.0,6390.0,9322.0,10358.0,,,20234,95673,CA,5405.0,0,1086
0,1282694400,OTHER,2007,3,PONTIAC,GRAND PRIX,Bas,4D SEDAN,WHITE,AUTO,2.0,Covers,74540,AMERICAN,LARGE,GM,7637.0,9407.0,11586.0,13116.0,7205.0,8859.0,11129.0,12652.0,,,52598,29697,SC,8100.0,0,1974
0,1274313600,ADESA,2007,3,DODGE,DURANGO 2WD V8,Adv,4D SUV 4.7L SLT,RED,AUTO,1.0,Alloy,78824,AMERICAN,MEDIUM SUV,CHRYSLER,10579.0,13126.0,15446.0,18056.0,12138.0,14300.0,16320.0,18456.0,,,22916,80817,CO,11645.0,0,1389
0,1243900800,OTHER,2006,3,FORD,MUSTANG V6 Unspecifi,Bas,2D COUPE,BLUE,AUTO,1.0,Alloy,46934,AMERICAN,SPORTS,FORD,10954.0,12477.0,12330.0,13975.0,10954.0,12477.0,12330.0,13975.0,,,21053,95673,CA,9205.0,0,623
0,1243382400,OTHER,2005,4,CHEVROLET,MONTE CARLO 3.4L V6,LS,2D COUPE LS,BLUE,AUTO,2.0,Covers,71364,AMERICAN,LARGE,GM,4420.0,5863.0,5274.0,6832.0,4420.0,5863.0,5274.0,6832.0,,,17212,75020,TX,6300.0,0,1974
1,1242691200,MANHEIM,2007,2,DODGE,CHARGER V6 2.7L V6 M,Bas,4D SEDAN 2.7L SE,GREY,AUTO,2.0,Covers,74232,AMERICAN,SPECIALTY,CHRYSLER,9461.0,11189.0,10718.0,12584.0,9461.0,11189.0,10718.0,12584.0,,,18111,19440,PA,8880.0,0,1389
1,1280880000,MANHEIM,2005,5,FORD,F150 PICKUP 2WD V8,Lar,EXT CAB 5.4L XLT,BLUE,AUTO,1.0,Alloy,79185,AMERICAN,LARGE TRUCK,FORD,8706.0,10846.0,13318.0,15454.0,8567.0,10795.0,13229.0,15716.0,,,22808,78219,TX,9635.0,0,803
1,1291852800,MANHEIM,2007,3,CHRYSLER,SEBRING V6,Tou,4D SEDAN TOURING,SILVER,AUTO,1.0,Alloy,80216,AMERICAN,MEDIUM,CHRYSLER,7784.0,9128.0,11425.0,12967.0,7255.0,8401.0,10568.0,11739.0,,,19638,33619,FL,7950.0,0,1373
1,1282780800,MANHEIM,2005,5,FORD,FREESTYLE FWD V6,SE,4D CUV 3.0L SE,BLUE,AUTO,1.0,Alloy,95570,AMERICAN,CROSSOVER,FORD,7102.0,8732.0,11098.0,12894.0,6323.0,7573.0,9987.0,11325.0,,,23359,92337,CA,5980.0,0,1774
0,1278979200,MANHEIM,2007,3,CHRYSLER,SEBRING 4C,Bas,4D SEDAN,WHITE,AUTO,2.0,Covers,74812,AMERICAN,MEDIUM,CHRYSLER,7472.0,8598.0,11570.0,12778.0,7145.0,8326.0,11017.0,11962.0,,,23359,92504,CA,8050.0,0,1155
0,1239580800,MANHEIM,2002,7,DODGE,CARAVAN FWD V6 3.3L,SE,MINIVAN 3.3L FFV SE,WHITE,AUTO,2.0,Covers,69005,AMERICAN,VAN,CHRYSLER,2622.0,3740.0,3332.0,4539.0,2622.0,3740.0,3332.0,4539.0,,,21053,85040,AZ,4500.0,0,1711
0,1270684800,MANHEIM,2004,6,TOYOTA,CAMRY 4C,LE,4D SEDAN LE,GOLD,AUTO,2.0,Covers,79970,TOP LINE ASIAN,MEDIUM,OTHER,6725.0,7677.0,9472.0,11368.0,6434.0,7427.0,9693.0,11108.0,,,23359,92337,CA,8165.0,0,569
1,1282608000,OTHER,2007,3,CHRYSLER,PT CRUISER,Bas,4D SEDAN,RED,AUTO,2.0,Covers,64734,AMERICAN,MEDIUM,CHRYSLER,5690.0,6839.0,9312.0,10436.0,5807.0,6981.0,9024.0,10418.0,,,17212,75020,TX,6200.0,0,1215
0,1257379200,ADESA,2006,3,GMC,ENVOY 4WD 6C,SLE,4D UTILITY 4.2L,BLACK,AUTO,1.0,Alloy,81232,AMERICAN,MEDIUM SUV,GM,12635.0,14799.0,14146.0,16483.0,12422.0,15098.0,16496.0,18201.0,,,1235,80817,CO,9460.0,1,2152
0,1268611200,MANHEIM,2003,7,CHEVROLET,TAHOE 2WD,LS,4D SUV 4.8L,MAROON,AUTO,1.0,Alloy,94619,AMERICAN,LARGE SUV,GM,8474.0,9875.0,12494.0,14131.0,8068.0,9619.0,10853.0,13032.0,,,18880,27542,NC,9200.0,0,2218
0,1232064000,ADESA,2004,5,FORD,EXPEDITION 2WD V8 4.,XLT,4D SUV 4.6L XLT,BLACK,AUTO,1.0,Alloy,64787,AMERICAN,LARGE SUV,FORD,6656.0,7829.0,7688.0,8955.0,7650.0,9067.0,8762.0,10292.0,,,835,91752,CA,8275.0,0,923
0,1265328000,MANHEIM,2008,2,DODGE,CALIBER,SE,4D WAGON,BLUE,AUTO,,,67996,AMERICAN,MEDIUM,CHRYSLER,7240.0,7872.0,11111.0,11609.0,7743.0,8225.0,11335.0,11733.0,,,20928,33314,FL,7200.0,0,825
0,1259884800,ADESA,2007,2,PONTIAC,GRAND PRIX,GT,4D SEDAN GT,BLUE,AUTO,1.0,Alloy,63416,AMERICAN,LARGE,GM,8565.0,10197.0,12438.0,13955.0,8899.0,10323.0,12804.0,14153.0,,,16926,91752,CA,7790.0,0,1898
0,1260230400,MANHEIM,2007,2,CHEVROLET,IMPALA,LS,4D SEDAN LS,GOLD,AUTO,2.0,Covers,66007,AMERICAN,LARGE,GM,7293.0,8444.0,10576.0,11972.0,7269.0,8460.0,10642.0,12306.0,,,25100,77041,TX,7675.0,0,1703
0,1234396800,MANHEIM,2003,6,DODGE,DURANGO 2WD V8 4.7L,Spo,4D SUV 4.7L,MAROON,AUTO,1.0,Alloy,62072,AMERICAN,MEDIUM SUV,CHRYSLER,3945.0,5142.0,4761.0,6053.0,5568.0,6492.0,6513.0,7511.0,,,23359,92337,CA,5455.0,0,1515
0,1234828800,MANHEIM,2004,5,JEEP,LIBERTY 4WD V6 3.7L,Spo,4D SUV,WHITE,AUTO,1.0,Alloy,73621,AMERICAN,SMALL SUV,CHRYSLER,6368.0,7630.0,7377.0,8740.0,6697.0,7980.0,7733.0,9118.0,,,22916,80022,CO,7480.0,0,920
0,1273104000,MANHEIM,2007,3,CHEVROLET,UPLANDER FWD V6,LS,PASSENGER EXT 3.5L LS,GOLD,AUTO,2.0,Covers,78834,AMERICAN,VAN,GM,7609.0,9264.0,11406.0,12991.0,6637.0,8966.0,10787.0,12972.0,,,17212,76040,TX,7055.0,0,2091
0,1245801600,OTHER,2004,5,BUICK,CENTURY V6 3.1L V6 S,Cus,4D SEDAN CUSTOM,GREY,AUTO,2.0,Covers,86605,AMERICAN,MEDIUM,GM,2492.0,3900.0,3191.0,4712.0,3424.0,4347.0,6812.0,7897.0,,,17675,27407,NC,4800.0,0,2152
0,1264550400,MANHEIM,2008,2,CHEVROLET,AVEO,LS,4D SEDAN LS,RED,AUTO,1.0,Alloy,45668,AMERICAN,COMPACT,GM,6174.0,6640.0,9584.0,10026.0,6797.0,7355.0,9706.0,10312.0,,,20234,94544,CA,5935.0,0,623
1,1291852800,MANHEIM,2005,5,FORD,FOCUS,ZX3,2D COUPE ZX3,RED,AUTO,1.0,Alloy,98362,AMERICAN,COMPACT,FORD,3827.0,5118.0,7209.0,8203.0,3344.0,4422.0,6862.0,7747.0,,,19619,33411,FL,4115.0,0,1341
0,1258502400,OTHER,2008,1,KIA,SPECTRA,EX,4D SEDAN EX,WHITE,AUTO,2.0,Covers,62965,OTHER ASIAN,MEDIUM,OTHER,7161.0,7817.0,8234.0,8942.0,7076.0,7982.0,10802.0,12186.0,,,22808,73108,OK,4655.0,0,533
0,1252281600,MANHEIM,2003,6,HONDA,ACCORD V6,EX,4D SEDAN EX AUTO NAVIGATION,GREY,AUTO,1.0,Alloy,79578,TOP LINE ASIAN,MEDIUM,OTHER,7522.0,8606.0,8624.0,9794.0,6435.0,6900.0,9733.0,10330.0,,,17675,27542,NC,8600.0,0,1455
0,1248220800,MANHEIM,2007,2,CHEVROLET,IMPALA V6 3.5L V6 SF,LT,4D SEDAN LT 3.5L,SILVER,AUTO,1.0,Alloy,81157,AMERICAN,LARGE,GM,8214.0,9824.0,9371.0,11110.0,7888.0,9277.0,9019.0,10519.0,,,23359,94544,CA,6985.0,0,2152
1,1286236800,MANHEIM,2006,4,SUZUKI,FORENZA,,4D SEDAN,GREEN,AUTO,2.0,Covers,60338,OTHER ASIAN,MEDIUM,OTHER,3590.0,4715.0,6800.0,7865.0,3719.0,4791.0,7160.0,8068.0,,,835,85040,AZ,5200.0,0,533
0,1289779200,ADESA,2007,3,DODGE,NITRO 2WD V6,SLT,4D SUV 3.7L SLT,RED,AUTO,1.0,Alloy,79147,AMERICAN,MEDIUM SUV,CHRYSLER,11601.0,13479.0,15226.0,16795.0,11490.0,13646.0,14770.0,16937.0,,,1081,77086,TX,9825.0,1,686
1,1239580800,ADESA,2003,6,FORD,WINDSTAR FWD V6 3.8L,LX,PASSENGER 3.8L LX,SILVER,AUTO,1.0,Alloy,84774,AMERICAN,VAN,FORD,2677.0,3625.0,3391.0,4415.0,2677.0,3625.0,3391.0,4415.0,,,5546,33619,FL,4600.0,0,2322
0,1254182400,MANHEIM,2001,8,GMC,YUKON 4WD V8 5.3L V8,Den,4D UTILITY 5.3L SLE,GOLD,AUTO,1.0,Alloy,84748,AMERICAN,LARGE SUV,GM,6610.0,8494.0,7639.0,9674.0,6535.0,8485.0,9942.0,12308.0,,,25100,80022,CO,8980.0,0,2063
0,1239667200,MANHEIM,2004,5,DODGE,1500 RAM PICKUP 2WD,ST,QUAD CAB 5.7L,GREY,AUTO,2.0,Covers,80551,AMERICAN,LARGE TRUCK,CHRYSLER,8496.0,10471.0,9676.0,11809.0,8496.0,10471.0,9676.0,11809.0,,,835,85040,AZ,8090.0,0,983
0,1245801600,MANHEIM,2006,3,DODGE,STRATUS V6 2.7L V6 M,SXT,,,,,,46150,AMERICAN,MEDIUM,CHRYSLER,5480.0,6461.0,6418.0,7478.0,5480.0,6461.0,6418.0,7478.0,,,99750,32124,FL,6200.0,0,975
0,1248739200,ADESA,2005,4,CHEVROLET,COBALT 2.2L I4 MPI,Bas,4D SEDAN,GREY,AUTO,2.0,Covers,41894,AMERICAN,COMPACT,GM,4862.0,5976.0,5751.0,6954.0,5048.0,6224.0,5952.0,7222.0,,,22916,50111,IA,5710.0,0,623
0,1280188800,OTHER,2003,7,GMC,ENVOY 2WD 6C,SLE,4D UTILITY 4.2L SLE,WHITE,AUTO,1.0,Alloy,71530,AMERICAN,MEDIUM SUV,GM,5797.0,7072.0,9582.0,11043.0,5667.0,6892.0,9432.0,10679.0,,,21053,95673,CA,7505.0,0,1455
0,1286928000,OTHER,2005,5,JEEP,GRAND CHEROKEE 4WD V,Lar,4D WAGON,GREEN,AUTO,1.0,Alloy,88494,AMERICAN,MEDIUM SUV,CHRYSLER,9277.0,11345.0,11968.0,13951.0,9114.0,10457.0,12925.0,14429.0,NO,GREEN,18111,35004,AL,8900.0,0,2022
0,1259020800,ADESA,2005,4,CHEVROLET,IMPALA,Bas,4D SEDAN,WHITE,AUTO,1.0,Alloy,81508,AMERICAN,LARGE,GM,4117.0,5466.0,4946.0,6403.0,4107.0,5191.0,7638.0,8800.0,,,18822,78754,TX,4900.0,0,2152
0,1245801600,MANHEIM,2008,1,CHRYSLER,SEBRING 4C 2.4L I4 E,LX,4D SEDAN,RED,AUTO,2.0,Covers,53236,AMERICAN,MEDIUM,CHRYSLER,7949.0,8448.0,9085.0,9624.0,7949.0,8448.0,9085.0,9624.0,,,99761,32824,FL,7800.0,0,920
0,1260748800,MANHEIM,2004,5,FORD,EXPEDITION 2WD V8,XLT,4D SUV 4.6L XLT,SILVER,AUTO,,,82525,AMERICAN,LARGE SUV,FORD,7913.0,9402.0,11679.0,13670.0,8391.0,9858.0,11861.0,13695.0,,,19619,27542,NC,8800.0,0,1113
0,1256515200,OTHER,2008,1,DODGE,CALIBER 2.0L I4 SFI,SE,4D WAGON,BLACK,AUTO,1.0,Alloy,50526,AMERICAN,MEDIUM,CHRYSLER,7171.0,7771.0,8245.0,8893.0,7208.0,7783.0,11086.0,11539.0,,,99761,74135,OK,6700.0,0,754
0,1276560000,OTHER,2006,4,CHRYSLER,PT CRUISER,Lim,4D SEDAN,SILVER,AUTO,1.0,Alloy,73321,AMERICAN,MEDIUM,CHRYSLER,4990.0,5991.0,7941.0,9219.0,4802.0,5805.0,8502.0,9320.0,,,18111,29070,SC,5850.0,0,1389
0,1279756800,MANHEIM,2005,5,SATURN,ION,3,4D SEDAN LEVEL 3,GREY,MANUAL,1.0,Alloy,80534,AMERICAN,MEDIUM,GM,4379.0,5891.0,7174.0,8620.0,3833.0,4782.0,7017.0,8206.0,,,18880,29532,SC,3545.0,0,853
0,1291766400,MANHEIM,2009,1,CHEVROLET,IMPALA V6,LS,4D SEDAN LS 3.5L,BLUE,AUTO,2.0,Covers,80741,AMERICAN,LARGE,GM,9033.0,10321.0,13676.0,14769.0,10082.0,11456.0,13716.0,14968.0,NO,GREEN,22916,80011,CO,8330.0,0,2152
0,1245715200,OTHER,2005,4,NISSAN,MAXIMA 3.5L V6 MPI,SE,4D SEDAN SE,RED,AUTO,,,88282,TOP LINE ASIAN,LARGE,OTHER,10113.0,12416.0,11422.0,13909.0,10113.0,12416.0,11422.0,13909.0,,,21053,95673,CA,10405.0,0,1243
0,1234224000,MANHEIM,2006,3,FORD,FIVE HUNDRED 3.0L V6,SE,4D SEDAN SE,WHITE,AUTO,1.0,Alloy,63375,AMERICAN,LARGE,FORD,6231.0,7453.0,7229.0,8549.0,6669.0,8165.0,7703.0,9318.0,,,22916,80022,CO,6960.0,0,1313
1,1282780800,MANHEIM,2006,4,KIA,OPTIMA 4C,EX,4D SEDAN EX,WHITE,AUTO,1.0,Alloy,64008,OTHER ASIAN,MEDIUM,OTHER,4610.0,6129.0,7431.0,9555.0,4624.0,6151.0,7894.0,9295.0,,,5546,33619,FL,6635.0,0,728
0,1270512000,MANHEIM,2004,6,PONTIAC,GRAND AM V6,SE,4D SEDAN SE1,WHITE,AUTO,1.0,Alloy,81796,AMERICAN,MEDIUM,GM,3754.0,4991.0,6512.0,7924.0,3191.0,4208.0,6460.0,7648.0,,,19662,63044,MO,4850.0,0,2412
0,1275350400,OTHER,2006,4,FORD,FIVE HUNDRED,SE,4D SEDAN SE,GREY,AUTO,1.0,Alloy,79133,AMERICAN,LARGE,FORD,6663.0,7883.0,10573.0,11751.0,5854.0,7167.0,9379.0,10793.0,,,20234,95673,CA,6830.0,0,1506
0,1245283200,ADESA,2005,4,FORD,TAURUS 3.0L V6 EFI,SE,4D SEDAN SE,SILVER,AUTO,2.0,Covers,80984,AMERICAN,MEDIUM,FORD,3688.0,4783.0,4483.0,5666.0,3724.0,4823.0,4522.0,5709.0,,,19662,78227,TX,4200.0,0,983
0,1248220800,MANHEIM,2003,6,MITSUBISHI,GALANT 4C 2.4L I4 EF,ES,4D SEDAN ES,SILVER,AUTO,2.0,Covers,55495,OTHER ASIAN,MEDIUM,OTHER,3433.0,4794.0,4208.0,5678.0,3433.0,4794.0,4208.0,5678.0,,,8655,75236,TX,4660.0,0,805
0,1259020800,MANHEIM,2005,4,CHEVROLET,MALIBU MAXX V6,LS,4D SEDAN LS,GOLD,AUTO,1.0,Alloy,58992,AMERICAN,MEDIUM,GM,5046.0,6448.0,5950.0,7464.0,4924.0,6275.0,8145.0,9666.0,,,3453,80022,CO,7100.0,0,1003
0,1234396800,MANHEIM,2004,5,PONTIAC,GRAND PRIX 3.8L V6 S,GTP,4D SEDAN GTP,RED,AUTO,1.0,Alloy,79412,AMERICAN,LARGE,GM,5906.0,7156.0,6878.0,8228.0,6927.0,8119.0,7981.0,9269.0,,,20928,22403,VA,8075.0,0,2208
0,1265760000,MANHEIM,2006,4,FORD,TAURUS,SE,4D SEDAN SE,SILVER,AUTO,1.0,Alloy,88129,AMERICAN,MEDIUM,FORD,4174.0,5261.0,7284.0,8510.0,4825.0,5914.0,7814.0,8873.0,,,8172,33809,FL,5020.0,0,983
1,1252368000,ADESA,2005,4,CHEVROLET,COBALT 2.2L I4 MPI,Bas,4D SEDAN,BLUE,AUTO,2.0,Covers,72670,AMERICAN,COMPACT,GM,4948.0,6276.0,5844.0,7278.0,4086.0,5150.0,4913.0,6062.0,,,18822,78754,TX,5660.0,0,803
0,1288224000,MANHEIM,2006,4,HYUNDAI,SONATA V6,GLS,4D SEDAN GLS,GREY,AUTO,1.0,Alloy,77938,OTHER ASIAN,MEDIUM,OTHER,6172.0,7427.0,9853.0,11172.0,6142.0,7267.0,9690.0,11099.0,,,18111,30272,GA,8010.0,0,803
0,1248134400,OTHER,2004,5,JEEP,LIBERTY 2WD V6 3.7L,Spo,4D SUV,SILVER,AUTO,1.0,Alloy,77533,AMERICAN,SMALL SUV,CHRYSLER,5785.0,7299.0,6748.0,8383.0,5785.0,7299.0,6748.0,8383.0,,,21053,95673,CA,6305.0,0,686
0,1239667200,MANHEIM,2005,4,CHEVROLET,MALIBU MAXX V6 3.5L,LS,4D SEDAN LS,BEIGE,AUTO,1.0,Alloy,71890,AMERICAN,MEDIUM,GM,5552.0,7027.0,6496.0,8089.0,5552.0,7027.0,6496.0,8089.0,,,21973,28625,NC,5830.0,0,1272
0,1282780800,OTHER,2007,3,CHEVROLET,IMPALA,LS,4D SEDAN LS,WHITE,AUTO,2.0,Covers,88642,AMERICAN,LARGE,GM,8111.0,9226.0,11697.0,13003.0,7514.0,8703.0,11029.0,12259.0,,,8655,73108,OK,6635.0,0,2152
0,1269475200,ADESA,2006,4,KIA,SPECTRA,EX,4D SEDAN,GOLD,AUTO,2.0,Covers,71184,OTHER ASIAN,MEDIUM,OTHER,5212.0,6442.0,8125.0,9195.0,4257.0,5911.0,7483.0,8809.0,,,3453,80817,CO,6255.0,0,569
0,1245801600,ADESA,2005,4,DODGE,MAGNUM V6 2.7L V6 MP,SE,WAGON 2.7L,BLACK,AUTO,2.0,Covers,56853,AMERICAN,SPECIALTY,CHRYSLER,5812.0,6726.0,6777.0,7764.0,5777.0,6691.0,6739.0,7726.0,,,18881,30212,GA,8100.0,0,1086
0,1236729600,MANHEIM,2002,7,FORD,EXPLORER 2WD V6 4.0L,,4D SUV 4.0L SPORT TRAC,GOLD,AUTO,1.0,Alloy,70848,AMERICAN,MEDIUM SUV,FORD,5908.0,6740.0,6881.0,7779.0,5432.0,6212.0,6367.0,7209.0,,,21973,32824,FL,7100.0,0,1455
0,1239235200,MANHEIM,2007,2,PONTIAC,GRAND PRIX 3.8L V6 S,Bas,4D SEDAN,SILVER,AUTO,1.0,Alloy,85160,AMERICAN,LARGE,GM,7788.0,9264.0,8911.0,10505.0,7788.0,9264.0,8911.0,10505.0,,,21053,92337,CA,6950.0,0,2152
1,1291766400,MANHEIM,2005,5,NISSAN,MAXIMA,SE,4D SEDAN SL,SILVER,AUTO,1.0,Alloy,83806,TOP LINE ASIAN,LARGE,OTHER,7840.0,9520.0,12207.0,13563.0,8948.0,10872.0,13095.0,14954.0,NO,GREEN,18822,78219,TX,9535.0,0,1243
0,1276560000,MANHEIM,2003,7,CHRYSLER,PT CRUISER,Tou,4D SEDAN LIMITED,GOLD,AUTO,1.0,Alloy,88381,AMERICAN,MEDIUM,CHRYSLER,3646.0,4460.0,6763.0,7394.0,3794.0,4948.0,7228.0,9074.0,,,8655,77041,TX,4465.0,0,1803
0,1238544000,MANHEIM,2003,6,FORD,TAURUS 3.0L V6 EFI,SES,4D SEDAN SES DURATEC,BEIGE,AUTO,,,77199,AMERICAN,MEDIUM,FORD,2740.0,3869.0,3459.0,4679.0,3117.0,4042.0,5858.0,6878.0,,,20392,75236,TX,5225.0,0,1220
0,1253059200,MANHEIM,2006,3,NISSAN,TITAN PICKUP 2WD V8,LE,CREW CAB 5.6L,RED,AUTO,1.0,Alloy,78094,TOP LINE ASIAN,LARGE TRUCK,OTHER,16894.0,18581.0,18746.0,20567.0,12765.0,15247.0,17436.0,20400.0,,,19064,75236,TX,11260.0,0,1272
0,1253059200,OTHER,2004,5,FORD,TAURUS 3.0L V6 EFI,SES,4D SEDAN SES,BLACK,AUTO,3.0,Special,87681,AMERICAN,MEDIUM,FORD,3214.0,4497.0,3971.0,5357.0,2509.0,3470.0,5749.0,6801.0,,,835,85009,AZ,4675.0,0,983
0,1248739200,MANHEIM,2005,4,PONTIAC,GRAND PRIX 3.8L V6 S,Bas,4D SEDAN,WHITE,AUTO,1.0,Alloy,52394,AMERICAN,LARGE,GM,5508.0,6999.0,6449.0,8059.0,5566.0,7158.0,6511.0,8231.0,,,17675,28625,NC,7210.0,0,1500
0,1268179200,MANHEIM,2003,7,NISSAN,PATHFINDER 4WD V6,LE,4D SPORT UTILITY SE,WHITE,AUTO,1.0,Alloy,83487,TOP LINE ASIAN,MEDIUM SUV,OTHER,7271.0,8734.0,11099.0,13310.0,7136.0,8499.0,10801.0,12450.0,,,25100,75236,TX,8585.0,0,1543
0,1254441600,ADESA,2003,6,FORD,MUSTANG V6 3.8L V6 E,Bas,2D COUPE,SILVER,MANUAL,1.0,Alloy,64805,AMERICAN,SPORTS,FORD,4105.0,5255.0,4933.0,6175.0,4274.0,5316.0,7711.0,8920.0,,,16926,91752,CA,6050.0,0,1028
0,1265155200,ADESA,2004,6,MERCURY,MOUNTAINEER AWD V8,,4D SUV 4.6L,GOLD,AUTO,1.0,Alloy,65213,AMERICAN,MEDIUM SUV,FORD,6463.0,7994.0,11050.0,12430.0,6916.0,8437.0,11353.0,13231.0,,,19619,20166,VA,8520.0,0,1801
0,1273104000,MANHEIM,2007,3,CHRYSLER,SEBRING 4C,Bas,4D SEDAN,WHITE,AUTO,2.0,Covers,69451,AMERICAN,MEDIUM,CHRYSLER,7780.0,8965.0,11312.0,12463.0,7539.0,8744.0,11456.0,12630.0,,,23359,92337,CA,7995.0,0,1020
0,1272844800,MANHEIM,2006,4,CHRYSLER,PACIFICA FWD,Tou,4D SPORT TOURING,GREEN,AUTO,1.0,Alloy,79368,AMERICAN,CROSSOVER,CHRYSLER,10334.0,12718.0,13413.0,15323.0,8878.0,10831.0,12927.0,14732.0,,,1191,28625,NC,9100.0,1,1389
1,1273104000,MANHEIM,2005,5,CHRYSLER,PT CRUISER,Tou,4D SEDAN,BLUE,AUTO,2.0,Covers,96334,AMERICAN,MEDIUM,CHRYSLER,4372.0,5438.0,7630.0,8765.0,4302.0,5352.0,7267.0,8368.0,,,18880,29532,SC,5555.0,0,1630
0,1263340800,OTHER,2008,2,CHRYSLER,PT CRUISER,Bas,4D SEDAN,BLUE,AUTO,2.0,Covers,47978,AMERICAN,MEDIUM,CHRYSLER,6361.0,6972.0,9745.0,10200.0,6656.0,7217.0,9947.0,10437.0,,,99761,85284,AZ,6100.0,0,975
0,1276560000,MANHEIM,2004,6,MERCURY,SABLE,LS,4D SEDAN LS PREMIUM,GREEN,AUTO,1.0,Alloy,73573,AMERICAN,MEDIUM,FORD,4099.0,5734.0,7832.0,9611.0,4326.0,5669.0,7834.0,9246.0,,,20740,19440,PA,5005.0,0,920
0,1260921600,MANHEIM,2003,6,DODGE,1500 RAM PICKUP 2WD,ST,REG CAB 3.7L ST,GREEN,AUTO,1.0,Alloy,72970,AMERICAN,LARGE TRUCK,CHRYSLER,4234.0,5367.0,7514.0,8559.0,3478.0,4539.0,7075.0,8328.0,,,22916,80011,CO,4340.0,0,869
0,1269302400,ADESA,2007,3,FORD,FIVE HUNDRED,SEL,4D SEDAN SEL AWD,GREY,AUTO,1.0,Alloy,89599,AMERICAN,LARGE,FORD,9085.0,11381.0,12343.0,15004.0,9379.0,11519.0,12948.0,15309.0,,,52117,45005,OH,7795.0,0,1763
0,1258502400,MANHEIM,2001,8,DODGE,DAKOTA PICKUP 4WD V8,SLT,QUAD CAB 4.7L,BLUE,AUTO,1.0,Alloy,90469,AMERICAN,SMALL TRUCK,CHRYSLER,4260.0,5644.0,5101.0,6596.0,4838.0,6566.0,8120.0,9564.0,,,3453,80011,CO,7090.0,0,2218
0,1254873600,MANHEIM,2004,5,MERCURY,SABLE 3.0L V6 4V /EF,LS,4D SEDAN LS PREMIUM,GREEN,AUTO,1.0,Alloy,71204,AMERICAN,MEDIUM,FORD,3696.0,5150.0,4492.0,6062.0,2861.0,4070.0,6593.0,7639.0,,,20740,22801,VA,5340.0,0,920
0,1255910400,OTHER,2005,4,CHEVROLET,1500 SILVERADO PICKU,Bas,EXT CAB 4.3L,RED,AUTO,2.0,Covers,60848,AMERICAN,LARGE TRUCK,GM,0.0,0.0,0.0,0.0,0.0,0.0,0.0,0.0,,,20234,95673,CA,8005.0,0,1118
0,1255564800,ADESA,2007,2,SUZUKI,FORENZA 2.0L I4 EFI,,4D SEDAN,BLACK,AUTO,1.0,Alloy,59862,OTHER ASIAN,MEDIUM,OTHER,5213.0,6304.0,6130.0,7308.0,5033.0,5954.0,8369.0,9662.0,,,17675,28273,NC,4415.0,0,505
0,1236211200,OTHER,2006,3,DODGE,STRATUS 4C 2.4L I4 S,SXT,4D SEDAN,BLUE,AUTO,1.0,Alloy,54929,AMERICAN,MEDIUM,CHRYSLER,5141.0,6107.0,6052.0,7096.0,5372.0,6414.0,6302.0,7427.0,,,8655,38637,MS,5805.0,0,920
0,1247702400,ADESA,2004,5,KIA,OPTIMA V6 2.7L V6 MP,EX,4D SEDAN EX,SILVER,AUTO,1.0,Alloy,57397,OTHER ASIAN,MEDIUM,OTHER,2814.0,3493.0,3539.0,4272.0,2501.0,3399.0,3201.0,4171.0,,,21973,32219,FL,4200.0,0,671
0,1253664000,MANHEIM,2003,6,DODGE,DURANGO 2WD V8 4.7L,Spo,4D SUV 4.7L,GREY,AUTO,2.0,Covers,85041,AMERICAN,MEDIUM SUV,CHRYSLER,4203.0,5589.0,5039.0,6536.0,4245.0,5387.0,5085.0,6318.0,,,19619,32824,FL,5600.0,0,1803
0,1246406400,ADESA,2004,5,CHEVROLET,TRAILBLAZER 4WD 6C 4,Nor,4D SUV 4.2L LS,BEIGE,AUTO,1.0,Alloy,79573,AMERICAN,MEDIUM SUV,GM,7092.0,8595.0,8159.0,9783.0,7520.0,8987.0,8622.0,10206.0,,,20234,85226,AZ,7925.0,0,1974
0,1280793600,MANHEIM,2006,4,CHEVROLET,TRAILBLAZER 2WD 6C,LS,4D SUV 4.2L LS,GREY,AUTO,1.0,Alloy,95475,AMERICAN,MEDIUM SUV,GM,8379.0,10115.0,12930.0,14493.0,8160.0,10016.0,12296.0,14490.0,,,25100,77041,TX,7600.0,0,1341
0,1245110400,MANHEIM,2005,4,CHEVROLET,TRAILBLAZER 4WD 6C 4,LS,4D SUV 4.2L LS,WHITE,AUTO,1.0,Alloy,89390,AMERICAN,MEDIUM SUV,GM,9131.0,10801.0,10361.0,12165.0,9131.0,10801.0,10361.0,12165.0,,,16044,21075,MD,8615.0,0,2152
0,1273017600,OTHER,2007,3,JEEP,LIBERTY 2WD V6,Spo,4D SUV,SILVER,AUTO,1.0,Alloy,70473,AMERICAN,SMALL SUV,CHRYSLER,11038.0,12477.0,14306.0,15595.0,10547.0,12013.0,13849.0,15182.0,,,8655,77073,TX,7625.0,0,686
1,1288051200,MANHEIM,2006,4,CHEVROLET,IMPALA,LT,4D SEDAN LT 3.5L,MAROON,AUTO,2.0,Covers,90762,AMERICAN,LARGE,GM,6421.0,7692.0,9507.0,11045.0,6208.0,7504.0,9638.0,11209.0,,,835,85040,AZ,6000.0,0,2351
0,1240790400,MANHEIM,2003,6,DODGE,CARAVAN GRAND FWD V6,SE,MINIVAN 3.3L FFV SE,BLUE,AUTO,2.0,Covers,84319,AMERICAN,VAN,CHRYSLER,3251.0,4264.0,4011.0,5105.0,3251.0,4264.0,4011.0,5105.0,,,17675,27542,NC,3600.0,0,2063
0,1264032000,OTHER,2008,2,DODGE,CALIBER,SE,4D WAGON,WHITE,AUTO,2.0,Covers,50228,AMERICAN,MEDIUM,CHRYSLER,7048.0,7614.0,11006.0,11599.0,7524.0,8277.0,10564.0,11431.0,,,99761,74135,OK,6400.0,0,754
0,1234396800,ADESA,2006,3,CHEVROLET,TRAILBLAZER EXT 2WD,LS,4D SUV 4.2L LS,SILVER,AUTO,1.0,Alloy,67155,AMERICAN,MEDIUM SUV,GM,8596.0,10132.0,9784.0,11443.0,9641.0,11242.0,10912.0,12641.0,,,18880,28273,NC,8740.0,0,1020
0,1277769600,MANHEIM,2007,3,KIA,OPTIMA 4C,EX,4D SEDAN,RED,AUTO,2.0,Covers,56513,OTHER ASIAN,MEDIUM,OTHER,6779.0,7625.0,9972.0,10676.0,6950.0,8205.0,10744.0,11902.0,,,5546,34761,FL,6785.0,0,671
0,1242604800,MANHEIM,2007,2,CHEVROLET,COBALT 2.2L I4 MPI /,LS,4D SEDAN LS,WHITE,AUTO,2.0,Covers,61298,AMERICAN,COMPACT,GM,6284.0,7104.0,7287.0,8172.0,6284.0,7104.0,7287.0,8172.0,,,20740,27542,NC,5300.0,0,728
0,1293062400,ADESA,2004,6,SATURN,ION,1,4D SEDAN LEVEL 1,BLACK,AUTO,2.0,Covers,76993,AMERICAN,MEDIUM,GM,3092.0,4176.0,6091.0,7074.0,3178.0,3909.0,5875.0,6700.0,NO,GREEN,17675,28273,NC,4030.0,0,803
0,1291766400,MANHEIM,2008,2,CHRYSLER,SEBRING 4C,Bas,2D CONVERTIBLE LX,RED,AUTO,1.0,Alloy,69325,AMERICAN,MEDIUM,CHRYSLER,8738.0,9949.0,12051.0,13038.0,9538.0,11209.0,13027.0,14306.0,,,8655,75236,TX,7185.0,0,1020
0,1263945600,MANHEIM,2003,7,FORD,EXPEDITION 2WD V8,XLT,4D SUV 4.6L XLT,GREY,AUTO,1.0,Alloy,89013,AMERICAN,LARGE SUV,FORD,6094.0,7371.0,10176.0,11514.0,7507.0,8730.0,10845.0,11655.0,,,23359,92807,CA,6820.0,0,1413
0,1251417600,MANHEIM,2004,5,TOYOTA,CAMRY 4C 2.4L I-4 SF,LE,4D SEDAN XLE,BLUE,AUTO,2.0,Covers,79098,TOP LINE ASIAN,MEDIUM,OTHER,8292.0,9255.0,9455.0,10495.0,6761.0,7704.0,7802.0,8820.0,,,20207,75236,TX,8650.0,0,569
1,1240272000,MANHEIM,2005,4,DODGE,DURANGO 4WD V8 4.7L,ST,4D SUV 4.7L,BLUE,AUTO,2.0,Covers,65500,AMERICAN,MEDIUM SUV,CHRYSLER,9078.0,11086.0,10304.0,12473.0,9078.0,11086.0,10304.0,12473.0,,,16044,19440,PA,8580.0,0,1411
0,1246924800,MANHEIM,2008,1,DODGE,AVENGER 4C 2.4L I4 S,SE,4D SEDAN,BLACK,AUTO,2.0,Covers,46786,AMERICAN,MEDIUM,CHRYSLER,8194.0,9045.0,9350.0,10269.0,8194.0,9045.0,9350.0,10269.0,,,99761,28625,NC,8045.0,0,834
0,1277337600,MANHEIM,2005,5,DODGE,NEON,SXT,4D SEDAN SXT,SILVER,AUTO,1.0,Alloy,56735,AMERICAN,COMPACT,CHRYSLER,3352.0,4413.0,6670.0,7854.0,3349.0,4368.0,6360.0,7566.0,,,8655,76040,TX,4760.0,0,588
0,1232582400,ADESA,2004,5,CHEVROLET,MALIBU 4C 2.2L I4 MP,Cla,4D SEDAN CLASSIC,GOLD,AUTO,2.0,Covers,71419,AMERICAN,MEDIUM,GM,3027.0,4026.0,3769.0,4848.0,3305.0,4231.0,4069.0,5069.0,,,18822,78227,TX,3970.0,0,1155
0,1284422400,MANHEIM,2007,3,JEEP,PATRIOT FWD 4C,Spo,4D SUV,BLACK,MANUAL,1.0,Alloy,46730,AMERICAN,SMALL SUV,CHRYSLER,9536.0,11425.0,13031.0,14706.0,9365.0,10869.0,13145.0,14541.0,,,18822,77041,TX,7335.0,0,693
0,1255305600,MANHEIM,2007,2,PONTIAC,G6 4C 2.4L I4 MPI,Bas,4D SEDAN SE1,WHITE,AUTO,2.0,Covers,78976,AMERICAN,MEDIUM,GM,8305.0,9872.0,9469.0,11162.0,8639.0,9723.0,12041.0,13139.0,,,18880,27542,NC,7800.0,0,1038
0,1284422400,MANHEIM,2008,2,CHEVROLET,IMPALA V6,LT,4D SEDAN LT 3.5L FFV,BLUE,AUTO,1.0,Alloy,64244,AMERICAN,LARGE,GM,9012.0,10769.0,12518.0,14703.0,8258.0,9643.0,12516.0,13880.0,,,22916,80022,CO,8555.0,0,1703
0,1256688000,MANHEIM,2004,5,FORD,FOCUS 2.0L I4 MFI /,LX,4D SEDAN LX,RED,AUTO,2.0,Covers,66118,AMERICAN,COMPACT,FORD,3542.0,4734.0,4325.0,5613.0,3180.0,3836.0,6768.0,8164.0,,,18822,64161,MO,5365.0,0,1020
0,1251849600,MANHEIM,2005,4,DODGE,CARAVAN GRAND FWD V6,SXT,MINIVAN 3.8L SXT,SILVER,AUTO,2.0,Covers,76372,AMERICAN,VAN,CHRYSLER,5793.0,7831.0,6756.0,8957.0,5962.0,7603.0,6939.0,8711.0,,,19638,33809,FL,7310.0,0,1623
0,1255392000,MANHEIM,2006,3,SUZUKI,FORENZA 2.0L I4 EFI,,4D SEDAN,SILVER,AUTO,2.0,Covers,66009,OTHER ASIAN,MEDIUM,OTHER,3790.0,4787.0,4593.0,5670.0,3714.0,4702.0,6906.0,7844.0,,,17675,28625,NC,4475.0,0,533
0,1265673600,OTHER,2008,2,DODGE,CALIBER,SE,4D WAGON,ORANGE,AUTO,1.0,Alloy,54506,AMERICAN,MEDIUM,CHRYSLER,7293.0,7934.0,10856.0,11447.0,7950.0,8563.0,11110.0,11706.0,,,99761,74135,OK,7200.0,0,754
0,1240876800,MANHEIM,2005,4,FORD,FREESTAR FWD V6 3.9L,S,PASSENGER 3.9L,GREY,AUTO,1.0,Alloy,58045,AMERICAN,VAN,FORD,4817.0,6658.0,5702.0,7691.0,4817.0,6658.0,5702.0,7691.0,,,19064,75050,TX,5825.0,0,1169
0,1245196800,OTHER,2006,3,SUZUKI,FORENZA 2.0L I4 EFI,,4D SEDAN,RED,AUTO,2.0,Covers,52430,OTHER ASIAN,MEDIUM,OTHER,3913.0,4867.0,4726.0,5756.0,3913.0,4867.0,4726.0,5756.0,,,835,85009,AZ,5685.0,0,505
0,1265932800,ADESA,2006,4,HYUNDAI,ELANTRA,GLS,4D SEDAN,BLACK,AUTO,2.0,Covers,73384,OTHER ASIAN,MEDIUM,OTHER,4665.0,5697.0,8031.0,9221.0,5440.0,6488.0,8805.0,10114.0,,,20740,32219,FL,5700.0,0,569
0,1249516800,ADESA,2006,3,CHRYSLER,TOWN & COUNTRY 2WD V,Bas,MINIVAN 3.3L,RED,AUTO,1.0,Alloy,70940,AMERICAN,VAN,CHRYSLER,6996.0,8023.0,8056.0,9165.0,7391.0,8310.0,8482.0,9475.0,,,17675,28273,NC,6130.0,0,1623
0,1244419200,MANHEIM,2004,5,PONTIAC,GRAND PRIX 3.8L V6 S,GT,4D SEDAN GT,WHITE,AUTO,1.0,Alloy,65816,AMERICAN,LARGE,GM,4172.0,5270.0,5006.0,6192.0,4172.0,5270.0,5006.0,6192.0,,,18880,27542,NC,5835.0,0,1703
0,1248825600,OTHER,2008,1,DODGE,AVENGER 4C 2.4L I4 S,SE,4D SEDAN SE,NOT AVAIL,AUTO,2.0,Covers,54796,AMERICAN,MEDIUM,CHRYSLER,8560.0,9501.0,9745.0,10761.0,8802.0,9497.0,10006.0,10757.0,,,99761,74135,OK,7800.0,0,920
0,1239667200,MANHEIM,2006,3,MERCURY,MONTEGO 3.0L V6 EFI,Bas,4D SEDAN LUXURY,BLACK,AUTO,1.0,Alloy,68354,AMERICAN,LARGE,FORD,9782.0,12124.0,11065.0,13594.0,9782.0,12124.0,11065.0,13594.0,,,16044,19440,PA,7480.0,0,1313
0,1248825600,OTHER,2008,1,CHRYSLER,PT CRUISER 2.4L I4 S,Bas,4D SEDAN,NOT AVAIL,AUTO,2.0,Covers,49122,AMERICAN,MEDIUM,CHRYSLER,6733.0,7195.0,7772.0,8271.0,6810.0,7242.0,7855.0,8321.0,,,99761,74135,OK,6300.0,0,975
0,1265760000,MANHEIM,2003,7,CHEVROLET,AVALANCHE 1500 2WD V,150,4D SUV-PICKUP 5.3L,GREEN,AUTO,1.0,Alloy,82596,AMERICAN,LARGE TRUCK,GM,8751.0,9786.0,13325.0,15022.0,9084.0,10794.0,12475.0,13789.0,,,19619,32124,FL,10600.0,0,1673
0,1276560000,ADESA,2005,5,DODGE,DURANGO 4WD V8,SLT,4D SUV 4.7L,BLACK,AUTO,1.0,Alloy,71144,AMERICAN,MEDIUM SUV,CHRYSLER,8288.0,9731.0,12597.0,13689.0,7948.0,9645.0,12369.0,13677.0,,,19619,45005,OH,10020.0,0,1623
0,1292198400,ADESA,2006,4,DODGE,STRATUS V6,SXT,4D SEDAN SXT FFV,WHITE,AUTO,1.0,Alloy,76712,AMERICAN,MEDIUM,CHRYSLER,5969.0,6753.0,9307.0,9807.0,6091.0,8079.0,9702.0,11756.0,NO,GREEN,19638,33619,FL,5800.0,0,1389
1,1234224000,ADESA,2005,4,MAZDA,TRIBUTE 2WD 4C 2.3L,i,4D SPORT UTILITY I,BLACK,AUTO,,,62296,OTHER ASIAN,SMALL SUV,OTHER,5755.0,6836.0,6715.0,7883.0,5755.0,6836.0,6715.0,7883.0,,,22808,78754,TX,6810.0,0,825
0,1266969600,OTHER,2006,4,CHEVROLET,COBALT,LS,2D COUPE,BLACK,AUTO,2.0,Covers,62795,AMERICAN,COMPACT,GM,5324.0,6539.0,9074.0,10380.0,5311.0,6706.0,9198.0,11614.0,,,5546,35004,AL,6500.0,0,728
0,1264464000,MANHEIM,2006,4,MERCURY,MONTEGO,Bas,4D SEDAN LUXURY,SILVER,AUTO,1.0,Alloy,74345,AMERICAN,LARGE,FORD,8288.0,9676.0,12623.0,13869.0,8107.0,9444.0,12465.0,13451.0,,,18822,77061,TX,7260.0,0,1506
1,1270598400,OTHER,2004,6,CHEVROLET,MALIBU 4C,Cla,4D SEDAN CLASSIC,GREY,AUTO,2.0,Covers,49985,AMERICAN,MEDIUM,GM,3264.0,4394.0,6229.0,7427.0,3117.0,4567.0,6098.0,7967.0,,,835,85009,AZ,4685.0,0,834
0,1278633600,ADESA,2007,3,FORD,FOCUS,ZX3,2D HATCHBACK ZX3,BLACK,MANUAL,1.0,Alloy,77650,AMERICAN,COMPACT,FORD,6990.0,8728.0,9985.0,11593.0,5023.0,6375.0,8528.0,10824.0,,,23359,91752,CA,6080.0,0,1155
1,1258502400,MANHEIM,2005,4,FORD,ESCAPE 2WD V6,XLT,4D CUV 3.0L XLT,GREY,AUTO,1.0,Alloy,84314,AMERICAN,SMALL SUV,FORD,6108.0,7527.0,7097.0,8629.0,6578.0,8164.0,10642.0,12025.0,,,17212,64161,MO,6490.0,0,983
0,1248912000,MANHEIM,2007,2,JEEP,LIBERTY 4WD V6 3.7L,Spo,4D SUV SPORT,RED,AUTO,1.0,Alloy,84748,AMERICAN,SMALL SUV,CHRYSLER,9718.0,12029.0,10995.0,13491.0,9494.0,11776.0,10754.0,13218.0,,,20207,76040,TX,7025.0,0,983
0,1240963200,MANHEIM,2006,3,CHEVROLET,IMPALA 3.5L V6 SFI,LS,4D SEDAN LS,BLUE,AUTO,2.0,Covers,48635,AMERICAN,LARGE,GM,6858.0,8107.0,7907.0,9256.0,6858.0,8107.0,7907.0,9256.0,,,5546,32824,FL,7900.0,0,1328
1,1250640000,MANHEIM,2003,6,CHRYSLER,PT CRUISER 2.4L I4 M,Bas,4D SEDAN,GOLD,AUTO,2.0,Covers,76440,AMERICAN,MEDIUM,CHRYSLER,2907.0,3833.0,3640.0,4640.0,3104.0,3831.0,3852.0,4637.0,,,19662,64161,MO,3640.0,0,1689
0,1236729600,MANHEIM,2005,4,CHEVROLET,EQUINOX AWD V6 3.4L,LS,4D SUV LS,BLACK,AUTO,2.0,Covers,62335,AMERICAN,MEDIUM SUV,GM,7790.0,9620.0,8913.0,10890.0,7436.0,8848.0,8531.0,10056.0,,,22916,80011,CO,8785.0,0,1313
0,1285804800,OTHER,2005,5,HYUNDAI,ELANTRA,GT,4D SEDAN GT,BLUE,MANUAL,1.0,Alloy,83434,OTHER ASIAN,MEDIUM,OTHER,4360.0,5732.0,7464.0,9001.0,3347.0,4437.0,6732.0,8925.0,,,25100,73108,OK,4635.0,0,594
0,1251676800,OTHER,2008,1,DODGE,CALIBER 2.0L I4 SFI,SE,4D WAGON,ORANGE,AUTO,2.0,Covers,40641,AMERICAN,MEDIUM,CHRYSLER,7541.0,8187.0,8644.0,9342.0,6805.0,7301.0,7849.0,8385.0,,,99761,74135,OK,7400.0,0,693
0,1264032000,MANHEIM,2006,4,CHEVROLET,MALIBU 4C,LS,4D SEDAN LS,GREEN,AUTO,1.0,Alloy,64578,AMERICAN,MEDIUM,GM,6189.0,7437.0,10251.0,11300.0,6276.0,7687.0,9904.0,11896.0,,,18111,30272,GA,6195.0,0,923
1,1279238400,MANHEIM,2003,7,FORD,WINDSTAR FWD V6,LX,PASSENGER 3.8L LX,GREY,AUTO,1.0,Alloy,77717,AMERICAN,VAN,FORD,2717.0,3821.0,5698.0,6926.0,2456.0,3381.0,6115.0,7049.0,,,17212,75236,TX,4040.0,0,2157
0,1268265600,MANHEIM,2007,3,CHRYSLER,SEBRING 4C,Bas,4D SEDAN,WHITE,AUTO,1.0,Alloy,80561,AMERICAN,MEDIUM,CHRYSLER,8408.0,9647.0,11484.0,12793.0,7661.0,8634.0,10866.0,12282.0,,,18881,30272,GA,7910.0,0,1243
0,1289865600,ADESA,2007,3,CHEVROLET,IMPALA,LS,4D SEDAN LS,BEIGE,AUTO,2.0,Covers,67800,AMERICAN,LARGE,GM,7567.0,8877.0,10840.0,12389.0,6814.0,7885.0,10481.0,11725.0,,,52117,45005,OH,7695.0,0,1703
0,1266451200,MANHEIM,2006,4,HYUNDAI,ACCENT,GLS,4D SEDAN GLS,BLACK,AUTO,1.0,Alloy,45454,OTHER ASIAN,COMPACT,OTHER,4826.0,5825.0,8100.0,9290.0,4721.0,5485.0,7927.0,8794.0,,,10310,47129,IN,6425.0,1,693
0,1269475200,MANHEIM,2007,3,CHEVROLET,1500 SILVERADO PICKU,LS,EXT CAB 4.3L,RED,AUTO,1.0,Alloy,74557,AMERICAN,LARGE TRUCK,GM,10747.0,12888.0,14674.0,16759.0,10316.0,12570.0,14614.0,16391.0,,,19064,76040,TX,9450.0,0,1272
0,1266364800,MANHEIM,2007,3,SUZUKI,FORENZA,,4D SEDAN,SILVER,AUTO,2.0,Covers,24648,OTHER ASIAN,MEDIUM,OTHER,5318.0,6151.0,8815.0,9617.0,5244.0,6134.0,8632.0,9665.0,,,19619,32824,FL,6400.0,0,462
1,1285200000,OTHER,2005,5,CHRYSLER,300,Tou,4D SEDAN TOURING,WHITE,AUTO,1.0,Alloy,88899,AMERICAN,SPECIALTY,CHRYSLER,8284.0,9355.0,12571.0,13698.0,8544.0,10116.0,12313.0,13921.0,,,17212,75020,TX,10100.0,0,1503
0,1292284800,OTHER,2007,3,CHEVROLET,IMPALA,LS,4D SEDAN LS,BLUE,AUTO,2.0,Covers,74468,AMERICAN,LARGE,GM,7424.0,8595.0,10124.0,11634.0,8493.0,10159.0,11467.0,13281.0,,,99750,37421,TN,7900.0,0,1974
0,1276473600,MANHEIM,2006,4,CHRYSLER,PT CRUISER,Tou,4D SEDAN,SILVER,AUTO,2.0,Covers,68043,AMERICAN,MEDIUM,CHRYSLER,4944.0,6005.0,7882.0,9237.0,4830.0,5977.0,8397.0,9451.0,,,18880,27542,NC,5900.0,0,1215
0,1290038400,MANHEIM,2007,3,CHEVROLET,MALIBU 4C,LS,4D SEDAN LS,RED,AUTO,2.0,Covers,90545,AMERICAN,MEDIUM,GM,7133.0,8253.0,10252.0,11483.0,6365.0,7672.0,9639.0,11059.0,,,8655,76040,TX,6300.0,0,1197
0,1267574400,ADESA,2005,5,MERCURY,MARINER 4WD V6,Bas,4D SUV 3.0L,GREY,AUTO,1.0,Alloy,88893,AMERICAN,SMALL SUV,FORD,7203.0,8449.0,11478.0,12629.0,9748.0,12647.0,14651.0,19217.0,,,21053,85226,AZ,8180.0,0,1503
0,1250553600,MANHEIM,2006,3,CHEVROLET,UPLANDER FWD V6 3.5L,LS,PASSENGER 3.5L LS,MAROON,AUTO,2.0,Covers,58970,AMERICAN,VAN,GM,6663.0,7974.0,7696.0,9112.0,6168.0,7399.0,10547.0,11839.0,,,18822,77041,TX,7295.0,0,1583
0,1257379200,OTHER,2005,4,CHEVROLET,MALIBU 4C,Bas,4D SEDAN,WHITE,AUTO,2.0,Covers,86880,AMERICAN,MEDIUM,GM,4453.0,5792.0,5309.0,6755.0,5061.0,6293.0,8095.0,9256.0,,,3453,80229,CO,5005.0,0,1113
0,1241568000,MANHEIM,2006,3,BUICK,LACROSSE 3.8L V6 SFI,CX,4D SEDAN CX,RED,AUTO,2.0,Covers,59779,AMERICAN,LARGE,GM,8910.0,10944.0,10123.0,12320.0,9079.0,10821.0,10305.0,12187.0,,,21973,32824,FL,6700.0,0,1169
0,1282089600,OTHER,2006,4,HYUNDAI,SONATA V6,GLS,4D SEDAN GLS,SILVER,AUTO,3.0,Special,80237,OTHER ASIAN,MEDIUM,OTHER,6349.0,7742.0,10082.0,11823.0,6195.0,7563.0,9937.0,11230.0,,,19638,35004,AL,7300.0,0,853
0,1277251200,MANHEIM,2006,4,DODGE,STRATUS V6,SXT,4D SEDAN SXT FFV,WHITE,AUTO,2.0,Covers,65885,AMERICAN,MEDIUM,CHRYSLER,6516.0,7389.0,9851.0,10749.0,6473.0,7415.0,9857.0,10895.0,,,99750,32124,FL,5700.0,0,1215
0,1252454400,MANHEIM,2004,5,DODGE,1500 RAM PICKUP 2WD,ST,QUAD CAB 5.7L,SILVER,AUTO,1.0,Alloy,65597,AMERICAN,LARGE TRUCK,CHRYSLER,8183.0,9995.0,9338.0,11295.0,7309.0,8780.0,8394.0,9982.0,,,3453,80011,CO,10115.0,0,825
1,1241654400,ADESA,2004,5,PONTIAC,SUNFIRE 2.2L I4 MPI,SE,2D COUPE,BLUE,AUTO,,,61551,AMERICAN,COMPACT,GM,3003.0,4128.0,3743.0,4958.0,3003.0,4128.0,3743.0,4958.0,,,18880,28273,NC,4035.0,0,1020
0,1235952000,MANHEIM,2004,5,BUICK,LE SABRE 3.8L V6 MFI,Cus,4D SEDAN CUSTOM,SILVER,AUTO,2.0,Covers,51784,AMERICAN,LARGE,GM,5342.0,6668.0,6269.0,7701.0,5256.0,6737.0,6176.0,7776.0,,,20928,27542,NC,6400.0,0,1666
0,1288742400,MANHEIM,2004,6,GMC,ENVOY 2WD 6C,SLE,4D UTILITY 4.2L SLE,RED,AUTO,3.0,Special,64742,AMERICAN,MEDIUM SUV,GM,4963.0,6771.0,8609.0,10637.0,6457.0,7598.0,10456.0,11568.0,NO,GREEN,20234,94544,CA,8730.0,0,1020
0,1258502400,MANHEIM,2005,4,JEEP,GRAND CHEROKEE 2WD V,Lar,4D WAGON LAREDO,GREEN,AUTO,1.0,Alloy,65928,AMERICAN,MEDIUM SUV,CHRYSLER,8048.0,9338.0,9192.0,10585.0,8229.0,9710.0,11506.0,13657.0,,,19638,32824,FL,7800.0,0,1508
1,1256688000,MANHEIM,2006,3,DODGE,CARAVAN GRAND FWD V6,Bas,MINIVAN 3.3L,BLUE,AUTO,2.0,Covers,72340,AMERICAN,VAN,CHRYSLER,5847.0,7348.0,6815.0,8436.0,5734.0,6998.0,6693.0,8058.0,,,20740,32124,FL,7800.0,0,1623
0,1279584000,MANHEIM,2007,3,CHEVROLET,MALIBU 4C,LS,4D SEDAN LS,WHITE,AUTO,2.0,Covers,87558,AMERICAN,MEDIUM,GM,7163.0,8235.0,10490.0,11708.0,7122.0,8334.0,10931.0,11944.0,,,99750,80011,CO,6100.0,0,1113
0,1261353600,MANHEIM,2007,2,CHEVROLET,MALIBU 4C,LS,4D SEDAN LS,SILVER,AUTO,,,77000,AMERICAN,MEDIUM,GM,6410.0,7332.0,9977.0,11571.0,6785.0,8132.0,10151.0,11652.0,,,20740,27542,NC,6800.0,0,1038
0,1264550400,ADESA,2007,3,DODGE,CARAVAN FWD V6,SE,MINIVAN 3.3L,SILVER,AUTO,2.0,Covers,86041,AMERICAN,VAN,CHRYSLER,5973.0,7150.0,9838.0,11123.0,6364.0,7560.0,10022.0,11232.0,,,18822,77086,TX,5600.0,0,1763
0,1235692800,MANHEIM,2005,4,BUICK,LACROSSE 3.8L V6 SFI,CXL,4D SEDAN CXL,BLUE,AUTO,1.0,Alloy,82820,AMERICAN,LARGE,GM,9051.0,10359.0,10275.0,11688.0,9483.0,10908.0,10742.0,12281.0,,,20234,85040,AZ,6640.0,0,1633
0,1279065600,MANHEIM,2008,2,MITSUBISHI,GALANT 4C,ES,4D SEDAN,GREY,AUTO,1.0,Alloy,51130,OTHER ASIAN,MEDIUM,OTHER,8519.0,9426.0,11553.0,12380.0,7060.0,8273.0,10472.0,11615.0,,,19638,33809,FL,8950.0,0,505
0,1265155200,MANHEIM,2008,2,DODGE,AVENGER V6,SXT,4D SEDAN SXT,BLUE,AUTO,1.0,Alloy,72089,AMERICAN,MEDIUM,CHRYSLER,9360.0,11063.0,13252.0,14740.0,11063.0,12380.0,15330.0,16576.0,,,23359,92807,CA,7020.0,0,1272
0,1285718400,MANHEIM,2006,4,PONTIAC,G6 V6,GT,4D SEDAN GT,SILVER,AUTO,1.0,Alloy,77840,AMERICAN,MEDIUM,GM,7636.0,9035.0,10834.0,12192.0,6933.0,8220.0,10441.0,11795.0,NO,GREEN,23657,94544,CA,7730.0,0,1272
0,1260835200,MANHEIM,2005,4,FORD,EXPLORER 2WD V6,XLT,4D SUV 4.0L FFV XLT,GOLD,AUTO,1.0,Alloy,63449,AMERICAN,MEDIUM SUV,FORD,6896.0,8296.0,10919.0,12528.0,7201.0,8786.0,11455.0,13012.0,,,25100,75050,TX,8440.0,0,1020
1,1279584000,ADESA,2005,5,CHEVROLET,COBALT,Bas,4D SEDAN,BLACK,AUTO,2.0,Covers,73189,AMERICAN,COMPACT,GM,4506.0,5497.0,7294.0,8415.0,3654.0,4790.0,7060.0,7907.0,,,1231,50111,IA,6235.0,1,803
0,1276128000,MANHEIM,2006,4,MAZDA,MAZDA6,s,4D SEDAN S,MAROON,AUTO,1.0,Alloy,68903,OTHER ASIAN,MEDIUM,OTHER,7255.0,8986.0,11050.0,12649.0,7422.0,8947.0,11288.0,12528.0,,,25100,77061,TX,7830.0,0,1313
0,1255996800,MANHEIM,2001,8,PONTIAC,GRAND AM 4C 2.4L I-4,SE,4D SEDAN SE,GREY,AUTO,3.0,Special,77161,AMERICAN,MEDIUM,GM,1553.0,2475.0,2177.0,3173.0,1330.0,2150.0,1936.0,2822.0,,,20740,19440,PA,3535.0,0,1806
0,1286323200,MANHEIM,2007,3,CHEVROLET,IMPALA,LS,4D SEDAN LS,WHITE,AUTO,2.0,Covers,67496,AMERICAN,LARGE,GM,7667.0,8877.0,11125.0,12448.0,7334.0,8656.0,10543.0,12252.0,,,99750,87105,NM,8000.0,0,1703
1,1247529600,MANHEIM,2005,4,CHRYSLER,PT CRUISER 2.4L I4 S,Bas,4D SEDAN,BLUE,MANUAL,2.0,Covers,62341,AMERICAN,MEDIUM,CHRYSLER,4243.0,5195.0,5082.0,6111.0,4243.0,5195.0,5082.0,6111.0,,,22808,75050,TX,3660.0,0,1215
1,1286323200,MANHEIM,2005,5,CHRYSLER,PT CRUISER,Tou,4D SEDAN,GOLD,AUTO,3.0,Special,79348,AMERICAN,MEDIUM,CHRYSLER,3684.0,4696.0,6937.0,8162.0,3827.0,4798.0,7339.0,8458.0,,,19619,32124,FL,5150.0,0,1389
1,1251849600,ADESA,2005,4,FORD,TAURUS 3.0L V6 EFI,SE,4D SEDAN SE,SILVER,AUTO,2.0,Covers,84811,AMERICAN,MEDIUM,FORD,3725.0,4764.0,4523.0,5645.0,3724.0,4823.0,4522.0,5709.0,,,18881,30212,GA,3500.0,0,983
0,1271289600,MANHEIM,2006,4,KIA,RIO 5,SX,4D WAGON SX,ORANGE,MANUAL,1.0,Alloy,62754,OTHER ASIAN,COMPACT,OTHER,4286.0,5003.0,7647.0,8236.0,5332.0,6632.0,8753.0,10435.0,,,17212,76040,TX,5525.0,0,533
0,1249430400,OTHER,2006,3,KIA,OPTIMA 4C 2.4L I4 MP,EX,4D SEDAN EX,BLACK,AUTO,2.0,Covers,55839,OTHER ASIAN,MEDIUM,OTHER,0.0,0.0,0.0,0.0,0.0,0.0,0.0,0.0,,,18880,29697,SC,5500.0,0,671
0,1238716800,OTHER,2006,3,DODGE,STRATUS 4C 2.4L I4 S,SXT,4D SEDAN SXT,BEIGE,AUTO,1.0,Alloy,83168,AMERICAN,MEDIUM,CHRYSLER,4297.0,5635.0,5141.0,6586.0,4297.0,5635.0,5141.0,6586.0,,,17212,75020,TX,5700.0,0,1243
0,1264118400,MANHEIM,2003,7,FORD,EXPLORER 4WD V6,Spo,2D SUV 4.0L SPORT,SILVER,AUTO,2.0,Covers,80544,AMERICAN,MEDIUM SUV,FORD,4498.0,5801.0,7259.0,9917.0,5183.0,6209.0,8591.0,9775.0,,,22916,89165,NV,5805.0,0,2193
0,1240444800,ADESA,2004,5,FORD,FREESTAR FWD V6 4.2L,Lim,4D PASSENGER 4.2L LIMITED,GREEN,AUTO,1.0,Alloy,70465,AMERICAN,VAN,FORD,6326.0,7916.0,7332.0,9049.0,6326.0,7916.0,7332.0,9049.0,,,17675,28273,NC,5525.0,0,1506
0,1244073600,OTHER,2005,4,DODGE,CARAVAN FWD V6 3.3L,SE,MINIVAN 3.3L SE,WHITE,AUTO,2.0,Covers,74565,AMERICAN,VAN,CHRYSLER,5022.0,6025.0,5924.0,7007.0,5022.0,6025.0,5924.0,7007.0,,,99750,39208,MS,5100.0,0,1623
0,1234310400,MANHEIM,2006,3,PONTIAC,GRAND PRIX 3.8L V6 S,Bas,4D SEDAN,GOLD,AUTO,,,64703,AMERICAN,LARGE,GM,6587.0,7845.0,7614.0,8973.0,6984.0,8369.0,8043.0,9539.0,,,21973,32824,FL,7300.0,0,1703
0,1261094400,OTHER,2008,1,DODGE,CALIBER,SE,4D WAGON,BLUE,AUTO,2.0,Covers,52557,AMERICAN,MEDIUM,CHRYSLER,6897.0,7389.0,11172.0,11635.0,7524.0,8277.0,10564.0,11431.0,,,99761,74135,OK,6400.0,0,754
0,1268870400,ADESA,2007,3,HYUNDAI,SONATA 4C,GLS,4D SEDAN,WHITE,AUTO,2.0,Covers,86525,OTHER ASIAN,MEDIUM,OTHER,8307.0,9631.0,12584.0,13907.0,8183.0,9283.0,11560.0,12579.0,,,20740,32219,FL,8050.0,0,853
0,1289520000,ADESA,2005,5,JEEP,GRAND CHEROKEE 2WD V,Lar,4D WAGON LAREDO,BLACK,AUTO,1.0,Alloy,88686,AMERICAN,MEDIUM SUV,CHRYSLER,7601.0,9021.0,11466.0,13828.0,7031.0,8112.0,10463.0,11879.0,,,23359,91752,CA,8925.0,0,1893
0,1269561600,ADESA,2007,3,CHRYSLER,PACIFICA FWD,Bas,4D SPORT,WHITE,AUTO,2.0,Covers,94416,AMERICAN,CROSSOVER,CHRYSLER,10150.0,12123.0,14091.0,15827.0,9523.0,11186.0,13760.0,15068.0,,,23359,91752,CA,7590.0,0,1630
0,1251244800,ADESA,2004,5,FORD,EXPEDITION 2WD V8 4.,XLS,4D SUV 4.6L XLS,RED,AUTO,1.0,Alloy,91051,AMERICAN,LARGE SUV,FORD,8008.0,10029.0,9149.0,11331.0,6721.0,8272.0,10457.0,12594.0,,,20234,85226,AZ,9445.0,0,1197
0,1244592000,OTHER,2003,6,CHEVROLET,CAVALIER 4C 2.2L I4,Bas,4D SEDAN,RED,AUTO,2.0,Covers,80526,AMERICAN,COMPACT,GM,2079.0,2991.0,2745.0,3730.0,2079.0,2991.0,2745.0,3730.0,,,835,85009,AZ,4175.0,0,1543
0,1253577600,MANHEIM,2007,2,PONTIAC,GRAND PRIX 3.8L V6 S,Bas,4D SEDAN,SILVER,AUTO,1.0,Alloy,69508,AMERICAN,LARGE,GM,7599.0,8925.0,8707.0,10139.0,7058.0,8313.0,8123.0,9478.0,,,17212,77041,TX,6880.0,0,1703
0,1235520000,ADESA,2007,2,DODGE,CALIBER 2.0L I4 SFI,Bas,4D WAGON,BLUE,AUTO,2.0,Covers,52566,AMERICAN,MEDIUM,CHRYSLER,7680.0,8771.0,8794.0,9973.0,8056.0,8970.0,9200.0,10188.0,,,18111,30212,GA,7150.0,0,754
0,1248652800,ADESA,2006,3,FORD,RANGER PICKUP 2WD 4C,XL,REG CAB 2.3L,GOLD,MANUAL,1.0,Alloy,63172,AMERICAN,SMALL TRUCK,FORD,0.0,0.0,0.0,0.0,0.0,0.0,0.0,0.0,,,17212,77086,TX,5520.0,0,533
0,1248220800,MANHEIM,2006,3,CHEVROLET,IMPALA 3.5L V6 SFI,LT,4D SEDAN LT 3.5L,BLACK,AUTO,2.0,Covers,80919,AMERICAN,LARGE,GM,7524.0,9014.0,8626.0,10235.0,6518.0,7611.0,10385.0,11780.0,,,23359,94544,CA,6585.0,0,2152
0,1259020800,OTHER,2008,1,CHRYSLER,SEBRING 4C,LX,4D SEDAN LX,GOLD,AUTO,2.0,Covers,50601,AMERICAN,MEDIUM,CHRYSLER,7955.0,8517.0,9091.0,9698.0,8033.0,8669.0,11710.0,12387.0,,,99761,74135,OK,7200.0,0,920
0,1262563200,ADESA,2005,5,FORD,FOCUS,ZX5,4D HATCHBACK ZX5 S,BLACK,AUTO,1.0,Alloy,89861,AMERICAN,COMPACT,FORD,4098.0,4939.0,7668.0,8461.0,5720.0,6465.0,8731.0,9352.0,,,1151,91752,CA,4025.0,1,1243
0,1261353600,OTHER,2008,1,KIA,SPECTRA,EX,4D SEDAN EX,BLUE,AUTO,2.0,Covers,58726,OTHER ASIAN,MEDIUM,OTHER,6803.0,7308.0,10504.0,11283.0,7076.0,7982.0,10802.0,12186.0,,,99761,27407,NC,6200.0,0,505
0,1269302400,ADESA,2002,8,CHRYSLER,PT CRUISER,Tou,4D SEDAN TOURING,RED,AUTO,1.0,Alloy,97739,AMERICAN,MEDIUM,CHRYSLER,3367.0,4282.0,5924.0,6781.0,3157.0,4076.0,5359.0,6557.0,,,20833,78754,TX,4355.0,0,1930
0,1265241600,ADESA,2006,4,CHEVROLET,COBALT,LS,4D SEDAN LS,BLUE,AUTO,2.0,Covers,86260,AMERICAN,COMPACT,GM,4573.0,5538.0,8371.0,9227.0,5084.0,6125.0,8609.0,9793.0,,,8172,28273,NC,4735.0,0,853
0,1284595200,OTHER,2006,4,NISSAN,ALTIMA,Bas,4D SEDAN 2.5 S,BLACK,AUTO,1.0,Alloy,80867,TOP LINE ASIAN,MEDIUM,OTHER,7594.0,9219.0,11900.0,13675.0,7284.0,8800.0,11339.0,12815.0,,,22808,73108,OK,7135.0,0,723
0,1256515200,OTHER,2006,3,FORD,FREESTAR FWD V6 3.9L,SE,PASSENGER 3.9L SE,SILVER,AUTO,2.0,Covers,91851,AMERICAN,VAN,FORD,5245.0,6711.0,6165.0,7748.0,5703.0,6939.0,6659.0,7994.0,,,17212,76063,TX,4000.0,0,1774
1,1272412800,MANHEIM,2007,3,CHRYSLER,SEBRING 4C,Tou,4D SEDAN TOURING,BLUE,AUTO,1.0,Alloy,74564,AMERICAN,MEDIUM,CHRYSLER,9031.0,10328.0,12608.0,13858.0,9059.0,10382.0,12822.0,14098.0,,,18822,78219,TX,6725.0,0,1155
0,1242259200,MANHEIM,2003,6,JEEP,LIBERTY 2WD V6 3.7L,Lim,4D SUV LIMITED,RED,AUTO,1.0,Alloy,57238,AMERICAN,SMALL SUV,CHRYSLER,5622.0,6509.0,6572.0,7530.0,5622.0,6509.0,6572.0,7530.0,,,19619,33411,FL,7130.0,0,888
0,1259020800,ADESA,2006,3,DODGE,1500 RAM PICKUP 2WD,Lar,QUAD CAB 4.7L,SILVER,AUTO,1.0,Alloy,54800,AMERICAN,LARGE TRUCK,CHRYSLER,9406.0,11731.0,10658.0,13169.0,9226.0,11100.0,14192.0,16363.0,,,18822,78754,TX,11545.0,0,754
0,1291248000,ADESA,2008,2,KIA,OPTIMA 4C,LX,4D SEDAN LX,GOLD,AUTO,2.0,Covers,55688,OTHER ASIAN,MEDIUM,OTHER,7691.0,8494.0,10890.0,12026.0,8461.0,9944.0,11688.0,12289.0,NO,GREEN,18822,78227,TX,7230.0,0,671
0,1258502400,MANHEIM,2008,1,NISSAN,ALTIMA,Bas,4D SEDAN S,GREY,AUTO,2.0,Covers,50918,TOP LINE ASIAN,MEDIUM,OTHER,12256.0,13760.0,13736.0,15361.0,13749.0,15270.0,17111.0,18545.0,,,8655,64161,MO,10915.0,0,588
0,1238457600,MANHEIM,2004,5,CHEVROLET,MONTE CARLO 3.4L V6,LS,2D COUPE LS,WHITE,AUTO,1.0,Alloy,67640,AMERICAN,LARGE,GM,4939.0,6235.0,5834.0,7234.0,4174.0,5268.0,5008.0,6189.0,,,3453,80022,CO,6580.0,0,1703
0,1253059200,OTHER,2005,4,KIA,SPECTRA 2.0L I4 EFI,EX,4D SEDAN EX,SILVER,AUTO,2.0,Covers,57006,OTHER ASIAN,MEDIUM,OTHER,3982.0,5158.0,4801.0,6071.0,4064.0,5009.0,4889.0,5910.0,,,835,85009,AZ,5885.0,0,505
0,1289260800,MANHEIM,2006,4,DODGE,DURANGO 2WD V6,Adv,4D SUV 3.7L SLT,BLUE,AUTO,1.0,Alloy,70066,AMERICAN,MEDIUM SUV,CHRYSLER,9429.0,10593.0,13094.0,14577.0,8293.0,10152.0,11988.0,14107.0,,,5546,34761,FL,10310.0,0,1272
0,1236038400,MANHEIM,2004,5,CHRYSLER,PACIFICA FWD 3.5L V6,,4D SPORT TOURER,WHITE,AUTO,1.0,Alloy,82279,AMERICAN,CROSSOVER,CHRYSLER,6704.0,7703.0,7740.0,8819.0,6385.0,7545.0,7396.0,8649.0,,,18881,30331,GA,8645.0,0,1503
0,1264464000,MANHEIM,2007,3,DODGE,CHARGER V6,Bas,4D SEDAN 3.5L,GREY,AUTO,2.0,Covers,47850,AMERICAN,SPECIALTY,CHRYSLER,9143.0,10674.0,15499.0,18094.0,10371.0,12047.0,14193.0,15792.0,,,835,85040,AZ,9725.0,0,975
0,1236211200,MANHEIM,2006,3,MERCURY,MARINER 4WD V6 3.0L,Bas,4D SUV 3.0L PREMIER,BLACK,AUTO,1.0,Alloy,84716,AMERICAN,SMALL SUV,FORD,11519.0,13751.0,12941.0,15351.0,11371.0,12962.0,12781.0,14499.0,,,18881,29532,SC,6855.0,0,1503
0,1277164800,MANHEIM,2007,3,DODGE,CALIBER,Bas,4D WAGON,RED,AUTO,2.0,Covers,93053,AMERICAN,MEDIUM,CHRYSLER,6365.0,7424.0,10079.0,11045.0,5934.0,7266.0,9351.0,10494.0,,,835,85040,AZ,5800.0,0,1053
0,1274745600,OTHER,2008,2,JEEP,COMPASS FWD 4C,Spo,4D SUV SPORT 2.0L,SILVER,AUTO,1.0,Alloy,61471,AMERICAN,SMALL SUV,CHRYSLER,8794.0,9801.0,12782.0,13892.0,9082.0,10246.0,12656.0,13797.0,,,99761,90045,CA,8600.0,0,825
1,1273017600,MANHEIM,2005,5,DODGE,1500 RAM PICKUP 2WD,ST,QUAD CAB 3.7L,WHITE,AUTO,1.0,Alloy,90797,AMERICAN,LARGE TRUCK,CHRYSLER,7234.0,8275.0,10846.0,11674.0,7645.0,8634.0,11618.0,12589.0,,,19662,78219,TX,8135.0,0,620
0,1274140800,ADESA,2003,7,JEEP,LIBERTY 4WD V6,Spo,4D SUV SPORT,BEIGE,AUTO,1.0,Alloy,91924,AMERICAN,SMALL SUV,CHRYSLER,5980.0,7366.0,9397.0,11924.0,5669.0,7432.0,9001.0,10239.0,,,22808,78754,TX,7195.0,0,1353
0,1241568000,ADESA,2007,2,CHEVROLET,COBALT 2.2L I4 MPI /,LT,4D SEDAN LS,BLUE,AUTO,2.0,Covers,74773,AMERICAN,COMPACT,GM,6284.0,7104.0,7287.0,8172.0,6284.0,7104.0,7287.0,8172.0,,,20234,85226,AZ,5985.0,0,803
0,1257897600,MANHEIM,2001,8,JEEP,GRAND CHEROKEE 2WD 6,Lim,4D WAGON LIMITED,GOLD,AUTO,1.0,Alloy,93837,AMERICAN,MEDIUM SUV,CHRYSLER,3405.0,5606.0,4177.0,6554.0,4115.0,5608.0,6598.0,7630.0,,,20928,32824,FL,6600.0,0,2362
0,1242086400,MANHEIM,2005,4,DODGE,NEON 2.0L I4 SFI,SXT,4D SEDAN,RED,AUTO,1.0,Alloy,87756,AMERICAN,COMPACT,CHRYSLER,3414.0,4480.0,4187.0,5338.0,3414.0,4480.0,4187.0,5338.0,,,5546,34761,FL,4160.0,0,723
1,1268870400,ADESA,2007,3,HYUNDAI,TIBURON,GS,2D COUPE GS,GREY,AUTO,1.0,Alloy,63136,OTHER ASIAN,SPORTS,OTHER,9858.0,11051.0,13419.0,14487.0,9609.0,11143.0,12988.0,14424.0,,,8172,28273,NC,8500.0,0,825
1,1264032000,MANHEIM,2007,3,CHEVROLET,COBALT,LS,2D COUPE,BLACK,AUTO,2.0,Covers,45844,AMERICAN,COMPACT,GM,5533.0,6813.0,9129.0,10383.0,5706.0,6995.0,8866.0,10225.0,,,20234,85353,AZ,6170.0,0,623
0,1291161600,MANHEIM,2004,6,KIA,SPECTRA,EX,4D SEDAN EX,MAROON,AUTO,2.0,Covers,89028,OTHER ASIAN,MEDIUM,OTHER,2641.0,3587.0,5612.0,6889.0,3589.0,4689.0,6310.0,7113.0,NO,GREEN,20928,32824,FL,4450.0,0,594
0,1248220800,ADESA,2005,4,FORD,FIVE HUNDRED 3.0L V6,SE,4D SEDAN SE,BLUE,AUTO,1.0,Alloy,73353,AMERICAN,LARGE,FORD,6124.0,7519.0,7114.0,8621.0,6783.0,8190.0,7826.0,9345.0,,,21053,85226,AZ,7360.0,0,1506
0,1265932800,OTHER,2003,7,SATURN,L SERIES,L20,4D SEDAN L200,WHITE,AUTO,2.0,Covers,70053,AMERICAN,MEDIUM,GM,3011.0,4057.0,5865.0,6806.0,3178.0,4423.0,5931.0,7152.0,,,18111,29461,SC,5500.0,0,1806
1,1288137600,OTHER,2004,6,FORD,EXPLORER 4WD V8,XLT,4D SUV 4.6L XLT,GREY,AUTO,,,84985,AMERICAN,MEDIUM SUV,FORD,6247.0,7962.0,10541.0,12502.0,6247.0,7962.0,10541.0,12502.0,,,17212,60445,IL,8325.0,0,2282
0,1288656000,OTHER,2009,1,CHEVROLET,MALIBU 4C,LS,4D SEDAN LS,GREEN,AUTO,1.0,Alloy,70533,AMERICAN,MEDIUM,GM,9887.0,10845.0,13673.0,14713.0,10544.0,12223.0,14592.0,15988.0,,,1235,84104,UT,8950.0,1,1038
0,1286323200,ADESA,2009,1,CHEVROLET,IMPALA V6,LS,4D SEDAN LS 3.5L,SILVER,AUTO,2.0,Covers,73692,AMERICAN,LARGE,GM,9278.0,10104.0,13220.0,14332.0,8792.0,9819.0,12369.0,13480.0,,,52117,17406,PA,8525.0,0,1974
0,1290556800,MANHEIM,2006,4,CHRYSLER,TOWN & COUNTRY 2WD V,LX,MINIVAN 3.3L,SILVER,AUTO,2.0,Covers,83074,AMERICAN,VAN,CHRYSLER,5418.0,6851.0,9483.0,10842.0,5048.0,6365.0,9274.0,10676.0,,,10315,30272,GA,5580.0,1,1763
0,1242691200,MANHEIM,2005,4,CHEVROLET,EQUINOX FWD V6 3.4L,LS,4D SUV LS,WHITE,AUTO,2.0,Covers,80348,AMERICAN,MEDIUM SUV,GM,7423.0,8915.0,8517.0,10128.0,7423.0,8915.0,8517.0,10128.0,,,18111,19440,PA,5865.0,0,1503
0,1232409600,MANHEIM,2004,5,JEEP,GRAND CHEROKEE 2WD 6,Lim,4D WAGON LIMITED,GREY,AUTO,1.0,Alloy,77269,AMERICAN,MEDIUM SUV,CHRYSLER,5405.0,6953.0,6337.0,8009.0,5622.0,7245.0,6572.0,8325.0,,,21973,28625,NC,6695.0,0,1740
0,1267574400,MANHEIM,2005,5,CHEVROLET,EQUINOX FWD V6,LS,4D SUV LS,SILVER,AUTO,2.0,Covers,79510,AMERICAN,MEDIUM SUV,GM,7227.0,8388.0,10225.0,11803.0,6721.0,8413.0,10372.0,12068.0,,,20928,32824,FL,7600.0,0,1389
0,1275609600,OTHER,2006,4,CHRYSLER,PT CRUISER,Bas,2D CONVERTIBLE,BLACK,AUTO,2.0,Covers,45677,AMERICAN,MEDIUM,CHRYSLER,6665.0,7746.0,10817.0,12165.0,7085.0,8798.0,10546.0,12167.0,,,20740,29461,SC,7400.0,0,975
0,1266364800,MANHEIM,2004,6,CHEVROLET,AVALANCHE 1500 2WD V,150,4D SUV-PICKUP 5.3L,WHITE,AUTO,1.0,Alloy,88936,AMERICAN,LARGE TRUCK,GM,9444.0,11116.0,13948.0,15672.0,8863.0,10731.0,12605.0,14533.0,,,5546,33809,FL,11750.0,0,1373
1,1257811200,OTHER,2007,2,SATURN,ION,2,4D SEDAN LEVEL 2,RED,AUTO,2.0,Covers,64341,AMERICAN,MEDIUM,GM,5674.0,6734.0,6628.0,7773.0,5674.0,6734.0,6628.0,7773.0,,,21053,95673,CA,5605.0,0,728
0,1248220800,MANHEIM,2007,2,FORD,F150 PICKUP 2WD V6 4,STX,REG CAB 4.2L STX,BLACK,AUTO,1.0,Alloy,90117,AMERICAN,LARGE TRUCK,FORD,8914.0,11041.0,10127.0,12424.0,8773.0,10990.0,9975.0,12369.0,,,18822,77061,TX,6440.0,0,620
0,1288137600,MANHEIM,2006,4,DODGE,STRATUS V6,SXT,4D SEDAN SXT FFV,SILVER,AUTO,2.0,Covers,51880,AMERICAN,MEDIUM,CHRYSLER,5798.0,6802.0,9579.0,11237.0,6322.0,8045.0,9694.0,11367.0,NO,GREEN,99750,32124,FL,6300.0,0,1086
0,1279238400,OTHER,2006,4,CHEVROLET,MALIBU 4C,LT,4D SEDAN LT,SILVER,AUTO,2.0,Covers,67742,AMERICAN,MEDIUM,GM,6993.0,8106.0,10175.0,11351.0,6838.0,8217.0,10418.0,12426.0,,,99750,90650,CA,7100.0,0,923
0,1286323200,MANHEIM,2006,4,TOYOTA,COROLLA,CE,4D SEDAN CE,BLUE,AUTO,2.0,Covers,81927,TOP LINE ASIAN,COMPACT,OTHER,6264.0,7353.0,9424.0,11002.0,6020.0,7027.0,9730.0,10639.0,,,8655,75236,TX,7045.0,0,594
0,1254096000,MANHEIM,2005,4,CHRYSLER,PACIFICA FWD 3.5L V6,Tou,4D SPORT,BLUE,AUTO,1.0,Alloy,84333,AMERICAN,CROSSOVER,CHRYSLER,6823.0,8512.0,7869.0,9693.0,5772.0,7231.0,8649.0,10775.0,,,20928,27542,NC,7000.0,0,1503
0,1239235200,OTHER,2006,3,SATURN,RELAY 2WD V6 3.5L V6,,4D SPORT UTILITY,BLUE,AUTO,1.0,Alloy,64913,AMERICAN,VAN,GM,8463.0,10891.0,9640.0,12262.0,8463.0,10891.0,9640.0,12262.0,,,22808,73108,OK,6120.0,0,1801
0,1274745600,MANHEIM,2008,2,CHEVROLET,MALIBU 4C,LS,4D SEDAN LS,SILVER,AUTO,2.0,Covers,79842,AMERICAN,MEDIUM,GM,10032.0,11239.0,13680.0,15046.0,10197.0,11569.0,14032.0,15558.0,,,10430,46803,IN,8970.0,1,1038
0,1254268800,ADESA,2007,2,CHEVROLET,AVEO 1.6L I4 EFI / M,LS,4D SEDAN LS,BLUE,AUTO,1.0,Alloy,59828,AMERICAN,COMPACT,GM,6003.0,6915.0,6983.0,7968.0,4748.0,5715.0,8304.0,9376.0,,,18822,77086,TX,6000.0,0,671
0,1233705600,OTHER,2004,5,FORD,F150 PICKUP 2WD V6 4,Her,EXT CAB 4.2L W/T,GREEN,AUTO,2.0,Covers,79536,AMERICAN,LARGE TRUCK,FORD,4182.0,5270.0,5017.0,6192.0,3840.0,4844.0,4647.0,5732.0,,,835,85009,AZ,6470.0,0,569
0,1260748800,MANHEIM,2005,4,DODGE,STRATUS V6,SXT,4D SEDAN SXT FFV,GREY,AUTO,,,50360,AMERICAN,MEDIUM,CHRYSLER,3756.0,5239.0,7385.0,8912.0,4035.0,5557.0,7146.0,8702.0,,,19619,27542,NC,5700.0,0,1086
0,1239062400,MANHEIM,2007,2,PONTIAC,GRAND PRIX 3.8L V6 S,Bas,4D SEDAN,WHITE,AUTO,1.0,Alloy,66930,AMERICAN,LARGE,GM,7788.0,9264.0,8911.0,10505.0,7788.0,9264.0,8911.0,10505.0,,,835,85040,AZ,7890.0,0,1703
0,1255392000,MANHEIM,2006,3,CHEVROLET,IMPALA 3.5L V6 SFI,LS,4D SEDAN LS,SILVER,AUTO,2.0,Covers,50058,AMERICAN,LARGE,GM,7106.0,8317.0,8174.0,9482.0,7048.0,8107.0,10558.0,11695.0,,,22916,80022,CO,7705.0,0,1500
0,1265760000,MANHEIM,2004,6,FORD,EXPLORER 2WD V6,XLS,4D SUV 4.0L FFV XLS,GOLD,AUTO,1.0,Alloy,71186,AMERICAN,MEDIUM SUV,FORD,5234.0,6396.0,8633.0,10148.0,5972.0,7410.0,8898.0,10530.0,,,21973,32824,FL,6700.0,0,1155
0,1252454400,ADESA,2007,2,CHEVROLET,MALIBU MAXX V6 3.5L,LT,4D SEDAN LT,BLUE,AUTO,2.0,Covers,63709,AMERICAN,MEDIUM,GM,7425.0,8862.0,8519.0,10071.0,7619.0,9363.0,8729.0,10612.0,,,20740,20166,VA,6785.0,0,1118
1,1240272000,MANHEIM,2003,6,CHEVROLET,TRAILBLAZER 4WD 6C 4,LS,4D SUV 4.2L LS,GREEN,AUTO,1.0,Alloy,74317,AMERICAN,MEDIUM SUV,GM,5612.0,6802.0,6561.0,7846.0,5612.0,6802.0,6561.0,7846.0,,,22916,80011,CO,7200.0,0,2274
0,1271030400,MANHEIM,2008,2,BUICK,LACROSSE,CX,4D SEDAN CX,BLACK,AUTO,2.0,Covers,85523,AMERICAN,LARGE,GM,10713.0,12703.0,14226.0,16511.0,8571.0,10784.0,14205.0,15731.0,,,5546,27542,NC,8330.0,0,1633
0,1268179200,OTHER,2006,4,PONTIAC,G6 V6,Bas,4D SEDAN,SILVER,AUTO,1.0,Alloy,91251,AMERICAN,MEDIUM,GM,7138.0,8326.0,10382.0,11827.0,6415.0,7714.0,9976.0,11166.0,,,17675,27407,NC,6530.0,0,1485
1,1274227200,ADESA,2007,3,CHEVROLET,COBALT,LS,4D SEDAN LS,GOLD,AUTO,,,65482,AMERICAN,COMPACT,GM,5586.0,6421.0,9411.0,10189.0,5586.0,6421.0,9411.0,10189.0,,,18822,77086,TX,6635.0,0,728
0,1233100800,ADESA,2006,3,DODGE,CARAVAN FWD V6 3.3L,SXT,MINIVAN 3.3L SPORT,WHITE,AUTO,1.0,Alloy,69074,AMERICAN,VAN,CHRYSLER,6343.0,7892.0,7350.0,9023.0,7713.0,9329.0,8830.0,10575.0,,,21053,85226,AZ,5835.0,0,1411
0,1277337600,MANHEIM,2008,2,CHEVROLET,AVEO,LS,4D SEDAN LS,BLUE,AUTO,2.0,Covers,63009,AMERICAN,COMPACT,GM,6628.0,7237.0,9568.0,10125.0,6025.0,7005.0,9237.0,10097.0,,,18880,29532,SC,5960.0,0,728
0,1282089600,MANHEIM,2004,6,CHEVROLET,CAVALIER 4C,Bas,2D COUPE,GOLD,AUTO,2.0,Covers,79397,AMERICAN,COMPACT,GM,2645.0,3928.0,5548.0,7370.0,2193.0,3055.0,5077.0,5578.0,,,20740,32824,FL,4350.0,0,1155
0,1274227200,OTHER,2006,4,CHEVROLET,COBALT,LS,4D SEDAN LS,WHITE,AUTO,2.0,Covers,93332,AMERICAN,COMPACT,GM,4769.0,5877.0,8533.0,9603.0,4744.0,5807.0,8233.0,9332.0,,,19619,29697,SC,5600.0,0,909
0,1240790400,MANHEIM,2006,3,CHEVROLET,MALIBU V6 3.5L V6 SF,LT,4D SEDAN LT,GREY,AUTO,1.0,Alloy,80436,AMERICAN,MEDIUM,GM,6935.0,8681.0,7990.0,9875.0,6935.0,8681.0,7990.0,9875.0,,,17675,27542,NC,6200.0,0,1373
0,1286928000,MANHEIM,2004,6,CHRYSLER,TOWN & COUNTRY FWD V,Bas,MINIVAN 3.3L SPORT,RED,AUTO,2.0,Covers,81088,AMERICAN,VAN,CHRYSLER,4231.0,5552.0,8218.0,9547.0,2718.0,3913.0,6698.0,7858.0,,,19662,78219,TX,6470.0,0,1763
1,1246838400,OTHER,2008,1,CHRYSLER,SEBRING 4C 2.4L I4 E,LX,4D SEDAN,BLACK,AUTO,2.0,Covers,54767,AMERICAN,MEDIUM,CHRYSLER,7960.0,8466.0,9097.0,9643.0,7960.0,8466.0,9097.0,9643.0,,,99761,74135,OK,7700.0,0,920
1,1257897600,MANHEIM,2004,5,DODGE,DURANGO 4WD V8,SLT,4D SUV 5.7L SLT,BLACK,AUTO,1.0,Alloy,75525,AMERICAN,MEDIUM SUV,CHRYSLER,8290.0,10593.0,9453.0,11940.0,7407.0,8915.0,11416.0,12794.0,,,18822,64161,MO,9885.0,0,1623
1,1236729600,ADESA,2001,8,CHEVROLET,IMPALA 3.8L V6 MFI S,Bas,4D SEDAN,WHITE,AUTO,1.0,Alloy,62335,AMERICAN,LARGE,GM,2991.0,3767.0,3730.0,4568.0,2666.0,3701.0,3379.0,4497.0,,,20234,85226,AZ,5130.0,0,2003
0,1291680000,ADESA,2008,2,CHEVROLET,IMPALA V6,LT,4D SEDAN LT 3.8L FFV,BLUE,AUTO,1.0,Alloy,73723,AMERICAN,LARGE,GM,8420.0,9666.0,12454.0,13767.0,8550.0,10336.0,12321.0,14256.0,,,52117,45005,OH,8255.0,0,1974
0,1237334400,MANHEIM,2007,2,FORD,FIVE HUNDRED 3.0L V6,SEL,4D SEDAN SEL,GREEN,AUTO,1.0,Alloy,77965,AMERICAN,LARGE,FORD,9419.0,11318.0,10673.0,12723.0,9419.0,11728.0,10673.0,13166.0,,,19619,32824,FL,7430.0,0,1506
0,1270598400,MANHEIM,2002,8,DODGE,CARAVAN FWD V6,Spo,MINIVAN 3.3L FFV SPORT,RED,AUTO,2.0,Covers,74561,AMERICAN,VAN,CHRYSLER,3391.0,4395.0,5860.0,6848.0,3108.0,4204.0,5561.0,6741.0,,,20740,32124,FL,5100.0,0,1923
0,1246492800,ADESA,2006,3,DODGE,STRATUS 4C 2.4L I4 S,SXT,4D SEDAN,GOLD,AUTO,1.0,Alloy,66500,AMERICAN,MEDIUM,CHRYSLER,4540.0,5694.0,5403.0,6650.0,4140.0,5505.0,4971.0,6445.0,,,8172,28273,NC,5575.0,0,1020
0,1234396800,MANHEIM,2003,6,HYUNDAI,ELANTRA 2.0L I4 MPI,GLS,4D SEDAN,SILVER,AUTO,2.0,Covers,77697,OTHER ASIAN,MEDIUM,OTHER,2417.0,3102.0,3110.0,3850.0,2745.0,3584.0,3465.0,4371.0,,,23359,92337,CA,4635.0,0,869
0,1273449600,MANHEIM,2007,3,CHRYSLER,TOWN & COUNTRY 2WD V,LX,MINIVAN 3.3L,GREEN,AUTO,2.0,Covers,89073,AMERICAN,VAN,CHRYSLER,8041.0,9830.0,11330.0,13416.0,7150.0,8800.0,11205.0,12807.0,,,1191,28625,NC,6930.0,1,1763
0,1248134400,OTHER,2006,3,CHEVROLET,HHR 2.4L I-4 MPI,LT,4D SUV 2.2L 1LT,MAROON,AUTO,1.0,Alloy,66452,AMERICAN,MEDIUM,GM,5846.0,7103.0,6814.0,8171.0,5955.0,7178.0,6931.0,8252.0,,,21053,95673,CA,8005.0,0,728
0,1273536000,MANHEIM,2003,7,CHEVROLET,VENTURE FWD V6,Ent,PASSENGER EXT 3.4L ENTERTAINER,SILVER,AUTO,1.0,Alloy,91737,AMERICAN,VAN,GM,3105.0,3881.0,6171.0,7354.0,3210.0,4104.0,6822.0,8181.0,,,22916,80022,CO,5000.0,0,5913
0,1257984000,OTHER,2004,5,DODGE,DURANGO 2WD V8,Lim,4D SUV 5.7L LIMITED,GREY,AUTO,1.0,Alloy,62853,AMERICAN,MEDIUM SUV,CHRYSLER,7527.0,9472.0,8629.0,10730.0,7716.0,9313.0,11458.0,12909.0,,,1235,83716,ID,10780.0,1,1215
0,1244073600,OTHER,2006,3,DODGE,STRATUS V6 2.7L V6 M,SXT,4D SEDAN SXT FFV,GREEN,AUTO,2.0,Covers,76108,AMERICAN,MEDIUM,CHRYSLER,5480.0,6461.0,6418.0,7478.0,5638.0,6512.0,6589.0,7533.0,,,99750,39208,MS,4800.0,0,1389
0,1265155200,MANHEIM,2005,5,FORD,F150 PICKUP 2WD V8,XLT,CREW CAB 4.6L XLT,BLACK,AUTO,1.0,Alloy,69017,AMERICAN,LARGE TRUCK,FORD,9679.0,11812.0,14666.0,17174.0,10986.0,13143.0,16610.0,19210.0,,,20833,75236,TX,12105.0,0,728
0,1282521600,ADESA,2007,3,PONTIAC,GRAND PRIX,Bas,4D SEDAN,RED,AUTO,2.0,Covers,85219,AMERICAN,LARGE,GM,7614.0,9451.0,11566.0,13154.0,7829.0,9387.0,11200.0,12774.0,,,5546,33619,FL,7300.0,0,2152
0,1279584000,MANHEIM,2007,3,DODGE,DURANGO 4WD V8,SXT,4D SUV 4.7L FFV SXT,GREY,AUTO,1.0,Alloy,89835,AMERICAN,MEDIUM SUV,CHRYSLER,10888.0,12067.0,16038.0,16991.0,10800.0,11999.0,14647.0,15961.0,,,99750,80011,CO,10200.0,0,1763
0,1278979200,MANHEIM,2004,6,SATURN,L SERIES,L30,4D SEDAN L300,SILVER,AUTO,2.0,Covers,71958,AMERICAN,MEDIUM,GM,4584.0,5625.0,8060.0,8970.0,3872.0,5168.0,7249.0,8764.0,,,20740,19440,PA,5830.0,0,1506
0,1275955200,MANHEIM,2004,6,NISSAN,ALTIMA,Bas,4D SEDAN,SILVER,AUTO,1.0,Alloy,87130,TOP LINE ASIAN,MEDIUM,OTHER,4480.0,5599.0,7296.0,8910.0,4536.0,5872.0,7702.0,9315.0,,,18880,30331,GA,7150.0,0,723
0,1291161600,OTHER,2006,4,FORD,TAURUS,SE,4D SEDAN SE,BEIGE,AUTO,1.0,Alloy,99788,AMERICAN,MEDIUM,FORD,4255.0,5574.0,7552.0,8874.0,3860.0,5092.0,7075.0,8268.0,,,52598,29697,SC,3500.0,0,1053
0,1267488000,MANHEIM,2007,3,CHEVROLET,COBALT,LT,2D COUPE LT,BLACK,MANUAL,1.0,Alloy,30435,AMERICAN,COMPACT,GM,6915.0,8089.0,10467.0,12006.0,6903.0,7965.0,10096.0,11126.0,,,20928,34761,FL,6835.0,0,582
0,1268784000,ADESA,2007,3,PONTIAC,G6 V6,Bas,4D SEDAN SE1,SILVER,AUTO,1.0,Alloy,57080,AMERICAN,MEDIUM,GM,8761.0,10104.0,12157.0,13735.0,8401.0,9811.0,12059.0,13403.0,,,19619,20166,VA,8330.0,0,1003
0,1240876800,OTHER,2003,6,NISSAN,XTERRA 2WD V6 3.3L V,SE,4D SPORT UTILITY SE,RED,AUTO,1.0,Alloy,69435,TOP LINE ASIAN,MEDIUM SUV,OTHER,5311.0,6356.0,6236.0,7364.0,5311.0,6356.0,6236.0,7364.0,,,18822,70401,LA,6750.0,0,833
1,1290988800,MANHEIM,2004,6,PONTIAC,GRAND AM V6,GT,4D SEDAN GT,BLACK,AUTO,1.0,Alloy,100684,AMERICAN,MEDIUM,GM,3574.0,4820.0,6749.0,8248.0,4187.0,5300.0,7210.0,8332.0,,,16044,27542,NC,3300.0,0,2891
0,1279065600,MANHEIM,2003,7,TOYOTA,MATRIX 2WD,Bas,4D SEDAN,BLACK,MANUAL,2.0,Covers,78600,TOP LINE ASIAN,MEDIUM,OTHER,4239.0,5224.0,7011.0,7901.0,4263.0,5316.0,7066.0,8569.0,,,22916,80011,CO,6255.0,0,869
0,1289347200,MANHEIM,2008,2,CHEVROLET,IMPALA V6,LT,4D SEDAN LT 3.5L FFV,WHITE,AUTO,1.0,Alloy,84900,AMERICAN,LARGE,GM,8274.0,9368.0,12131.0,13461.0,8649.0,10183.0,12428.0,14090.0,,,16044,22801,VA,7660.0,0,2152
0,1273622400,MANHEIM,2008,2,CHRYSLER,SEBRING V6,Tou,4D SEDAN FFV TOURING,SILVER,AUTO,1.0,Alloy,67604,AMERICAN,MEDIUM,CHRYSLER,9813.0,11232.0,13215.0,15126.0,9308.0,11151.0,12517.0,14614.0,,,22916,80011,CO,8205.0,0,1118
0,1237334400,ADESA,2003,6,FORD,TAURUS 3.0L V6 EFI,SES,4D SEDAN SES,RED,AUTO,1.0,Alloy,92472,AMERICAN,MEDIUM,FORD,3234.0,4181.0,3993.0,5015.0,2748.0,3732.0,3468.0,4531.0,,,18111,30212,GA,3750.0,0,1353
0,1288224000,MANHEIM,2005,5,CHEVROLET,TRAILBLAZER EXT 4WD,LS,4D SUV 4.2L,WHITE,AUTO,1.0,Alloy,74271,AMERICAN,MEDIUM SUV,GM,8844.0,10822.0,13130.0,15543.0,7056.0,8478.0,11864.0,13820.0,,,18111,30272,GA,9010.0,0,1974
0,1250035200,ADESA,2006,3,CHRYSLER,SEBRING 4C 2.4L I4 S,Bas,4D SEDAN,SILVER,AUTO,1.0,Alloy,68491,AMERICAN,MEDIUM,CHRYSLER,4360.0,5520.0,5209.0,6462.0,4410.0,5631.0,5263.0,6581.0,,,22808,77086,TX,4225.0,0,1020
1,1278460800,MANHEIM,2007,3,DODGE,CHARGER V6,Bas,4D SEDAN 3.5L SXT,WHITE,AUTO,1.0,Alloy,83426,AMERICAN,SPECIALTY,CHRYSLER,11314.0,13255.0,15234.0,16865.0,11626.0,13587.0,15680.0,17818.0,,,17212,75236,TX,10650.0,0,1503
0,1235433600,OTHER,2005,4,CHEVROLET,IMPALA 3.4L V6 SFI,Bas,4D SEDAN,WHITE,AUTO,2.0,Covers,71992,AMERICAN,LARGE,GM,5080.0,6276.0,5986.0,7278.0,5057.0,6385.0,5962.0,7396.0,,,8655,35613,AL,5655.0,0,1974
1,1265932800,ADESA,2006,4,CHRYSLER,TOWN & COUNTRY 2WD V,LX,EXT MINIVAN 3.3L LX,BLUE,AUTO,,,59915,AMERICAN,VAN,CHRYSLER,5333.0,6740.0,9129.0,10680.0,5902.0,7386.0,9536.0,11510.0,,,23359,91752,CA,7490.0,0,1251
0,1231891200,ADESA,2005,4,PONTIAC,MONTANA FWD 3.4L V6,Bas,4D MINIVAN EXT 3.4L,GOLD,AUTO,1.0,Alloy,40721,AMERICAN,VAN,GM,4777.0,6515.0,5659.0,7536.0,5061.0,6536.0,5966.0,7559.0,,,21053,85226,AZ,4980.0,0,2922
0,1250121600,MANHEIM,2007,2,DODGE,CALIBER 2.0L I4 SFI,Bas,4D WAGON,SILVER,AUTO,2.0,Covers,66792,AMERICAN,MEDIUM,CHRYSLER,7925.0,9430.0,9059.0,10684.0,7065.0,8608.0,10773.0,12184.0,,,18880,30272,GA,6695.0,0,825
0,1258416000,MANHEIM,2003,6,DODGE,CARAVAN GRAND FWD V6,ES,MINIVAN 3.8L ES,GOLD,AUTO,3.0,Special,90015,AMERICAN,VAN,CHRYSLER,4196.0,5791.0,5032.0,6754.0,4295.0,6099.0,7651.0,9947.0,,,835,85040,AZ,6040.0,0,2218
0,1291766400,MANHEIM,2007,3,CHRYSLER,TOWN & COUNTRY 2WD V,Bas,MINIVAN 3.3L,BLACK,AUTO,2.0,Covers,77021,AMERICAN,VAN,CHRYSLER,6299.0,7759.0,10173.0,11558.0,6767.0,8281.0,10553.0,12452.0,,,20740,8505,NJ,6185.0,0,1623
0,1278633600,OTHER,2006,4,DODGE,STRATUS V6,SXT,4D SEDAN SXT FFV,BLUE,AUTO,2.0,Covers,64349,AMERICAN,MEDIUM,CHRYSLER,6257.0,7048.0,9393.0,9976.0,5563.0,6722.0,9190.0,11105.0,,,99750,73108,OK,6500.0,0,1215
0,1255392000,MANHEIM,2005,4,JEEP,GRAND CHEROKEE 2WD V,Lar,4D WAGON LAREDO,RED,AUTO,1.0,Alloy,69917,AMERICAN,MEDIUM SUV,CHRYSLER,8947.0,10353.0,10163.0,11681.0,8029.0,9299.0,9171.0,10543.0,,,25100,77041,TX,9310.0,0,1508
1,1273708800,MANHEIM,2007,3,DODGE,CALIBER,Bas,4D WAGON,WHITE,AUTO,2.0,Covers,76813,AMERICAN,MEDIUM,CHRYSLER,6849.0,8093.0,10824.0,11761.0,6444.0,7529.0,10162.0,11246.0,,,18822,39402,MS,7005.0,0,920
0,1251072000,OTHER,2008,1,DODGE,AVENGER 4C 2.4L I4 S,SE,4D SEDAN,SILVER,AUTO,2.0,Covers,53451,AMERICAN,MEDIUM,CHRYSLER,8339.0,9145.0,9506.0,10377.0,7608.0,8484.0,11640.0,12308.0,,,99761,74135,OK,7800.0,0,920
0,1281484800,ADESA,2005,5,JEEP,GRAND CHEROKEE 2WD V,Lar,4D WAGON LAREDO,SILVER,AUTO,1.0,Alloy,67339,AMERICAN,MEDIUM SUV,CHRYSLER,8051.0,9536.0,11501.0,13337.0,7678.0,9117.0,11201.0,12744.0,,,21053,85226,AZ,10015.0,0,1508
0,1274745600,MANHEIM,2007,3,CHEVROLET,COBALT,LS,2D COUPE,WHITE,AUTO,2.0,Covers,79095,AMERICAN,COMPACT,GM,5275.0,6651.0,8438.0,10100.0,4702.0,5431.0,7617.0,8797.0,,,17675,28625,NC,5695.0,0,803
0,1279497600,OTHER,2004,6,CHRYSLER,PT CRUISER,Bas,4D SEDAN,WHITE,AUTO,1.0,Alloy,71435,AMERICAN,MEDIUM,CHRYSLER,3235.0,4080.0,6484.0,7563.0,3343.0,4389.0,7338.0,9634.0,,,18111,26431,WV,5045.0,0,1389
0,1257292800,ADESA,2006,3,NISSAN,ALTIMA,Bas,4D SEDAN,WHITE,AUTO,2.0,Covers,81437,TOP LINE ASIAN,MEDIUM,OTHER,8471.0,10045.0,9649.0,11349.0,8421.0,10387.0,11888.0,14584.0,,,21053,85226,AZ,8030.0,0,723
0,1284508800,OTHER,2004,6,TOYOTA,CAMRY 4C,LE,4D SEDAN LE,GOLD,AUTO,2.0,Covers,64524,TOP LINE ASIAN,MEDIUM,OTHER,5963.0,6941.0,8922.0,10364.0,6302.0,7477.0,9441.0,11260.0,,,19638,33311,FL,8965.0,0,533
0,1273017600,MANHEIM,2002,8,MERCURY,SABLE,GS,4D SEDAN GS,BLUE,AUTO,1.0,Alloy,67343,AMERICAN,MEDIUM,FORD,2327.0,3181.0,5187.0,5905.0,2201.0,3162.0,5157.0,6240.0,,,17212,64161,MO,4840.0,0,1125
1,1235088000,ADESA,2003,6,BUICK,LE SABRE 3.8L V6 MFI,Cus,4D SEDAN CUSTOM,SILVER,AUTO,1.0,Alloy,84324,AMERICAN,LARGE,GM,4494.0,5600.0,5354.0,6548.0,,,,,,,5546,34203,FL,5750.0,0,2712
0,1237334400,ADESA,2005,4,CHEVROLET,UPLANDER FWD V6 3.5L,Bas,PASSENGER EXT 3.5L,GOLD,AUTO,2.0,Covers,77204,AMERICAN,VAN,GM,8062.0,9562.0,9207.0,10827.0,8667.0,9945.0,9860.0,11241.0,,,835,85226,AZ,6435.0,0,2091
1,1281571200,MANHEIM,2007,3,SUZUKI,FORENZA,,4D SEDAN,BLACK,AUTO,2.0,Covers,63731,OTHER ASIAN,MEDIUM,OTHER,4948.0,6192.0,8560.0,9380.0,4403.0,5474.0,7858.0,8826.0,,,18880,29532,SC,5495.0,0,533
0,1247011200,ADESA,2004,5,DODGE,DURANGO 2WD V8 5.7L,SLT,4D SUV 5.7L SLT,WHITE,AUTO,2.0,Covers,68189,AMERICAN,MEDIUM SUV,CHRYSLER,7976.0,9538.0,9114.0,10801.0,7472.0,8887.0,8570.0,10098.0,,,20234,85226,AZ,9125.0,0,1215
0,1251676800,OTHER,2008,1,DODGE,CALIBER 2.0L I4 SFI,SE,4D WAGON,BLACK,AUTO,2.0,Covers,44527,AMERICAN,MEDIUM,CHRYSLER,7541.0,8187.0,8644.0,9342.0,6950.0,7442.0,11022.0,11462.0,,,99761,74135,OK,7400.0,0,693
0,1257811200,OTHER,2007,2,CHEVROLET,MALIBU 4C,LS,4D SEDAN LS,GOLD,AUTO,2.0,Covers,68212,AMERICAN,MEDIUM,GM,6525.0,7678.0,7547.0,8792.0,6198.0,7646.0,9907.0,11952.0,,,20207,75061,TX,7065.0,0,923
1,1237939200,MANHEIM,2006,3,PONTIAC,G6 4C 2.4L I4 MFI /,Bas,4D SEDAN SE,RED,AUTO,2.0,Covers,58350,AMERICAN,MEDIUM,GM,6827.0,8017.0,7873.0,9158.0,6265.0,7404.0,7266.0,8496.0,,,21973,32824,FL,7000.0,0,837
0,1284422400,ADESA,2009,1,DODGE,AVENGER,SE,4D SEDAN SE,BLUE,AUTO,2.0,Covers,80714,AMERICAN,MEDIUM,CHRYSLER,0.0,0.0,0.0,0.0,8217.0,8914.0,8692.0,9674.0,,,52117,45005,OH,8275.0,0,1373
0,1238112000,ADESA,2001,8,DODGE,STRATUS 4C 2.4L I4 S,SE,4D SEDAN SE,SILVER,AUTO,2.0,Covers,73974,AMERICAN,MEDIUM,CHRYSLER,2446.0,3415.0,3142.0,4188.0,2442.0,3485.0,3137.0,4264.0,,,20928,34203,FL,3610.0,0,1455
0,1246924800,MANHEIM,2003,6,DODGE,STRATUS 4C 2.4L I-4,SE,4D SEDAN SE,SILVER,AUTO,1.0,Alloy,97264,AMERICAN,MEDIUM,CHRYSLER,2434.0,3210.0,3129.0,3967.0,2316.0,3276.0,3001.0,4038.0,,,19064,75050,TX,3710.0,0,1641
0,1242691200,OTHER,2002,7,GMC,YUKON XL 1500 2WD 5.,150,4D UTILITY 5.3L SLE,GREY,AUTO,1.0,Alloy,77512,AMERICAN,LARGE SUV,GM,5833.0,6462.0,6800.0,7479.0,5833.0,6462.0,6800.0,7479.0,,,22808,75061,TX,8475.0,0,1923
0,1269475200,ADESA,2005,5,HYUNDAI,ACCENT,GLS,4D SEDAN GLS,RED,MANUAL,2.0,Covers,57379,OTHER ASIAN,COMPACT,OTHER,3165.0,4101.0,6259.0,7001.0,2902.0,3930.0,6159.0,7612.0,,,3453,80817,CO,4695.0,0,754
1,1238025600,OTHER,2001,8,FORD,TAURUS 3.0L V6 EFI,LX,4D SEDAN LX,WHITE,AUTO,1.0,Alloy,60851,AMERICAN,MEDIUM,FORD,2663.0,3447.0,3376.0,4223.0,2289.0,3218.0,2972.0,3975.0,,,3453,80229,CO,3655.0,0,1125
1,1250121600,MANHEIM,2002,7,CHRYSLER,VOYAGER FWD V6 3.3L,Bas,MINIVAN 3.3L,SILVER,AUTO,2.0,Covers,59444,AMERICAN,VAN,CHRYSLER,2325.0,3257.0,3011.0,4018.0,2287.0,3168.0,2970.0,3921.0,,,22808,77061,TX,4160.0,0,1551
0,1287360000,MANHEIM,2008,2,SATURN,AURA V6,XE,4D SEDAN XE,BLACK,AUTO,2.0,Covers,75645,AMERICAN,MEDIUM,GM,8337.0,9645.0,12659.0,13621.0,8201.0,9792.0,12002.0,13607.0,,,1191,28625,NC,7955.0,1,1272
1,1289260800,MANHEIM,2006,4,FORD,FREESTYLE FWD V6,SE,4D CUV 3.0L SE,BLUE,AUTO,1.0,Alloy,89310,AMERICAN,CROSSOVER,FORD,7142.0,8507.0,11036.0,12395.0,6858.0,7932.0,10594.0,11622.0,,,835,85040,AZ,7670.0,0,1633
1,1258416000,MANHEIM,2006,3,CHEVROLET,TRAILBLAZER 2WD 6C,LS,4D SUV 4.2L,RED,AUTO,1.0,Alloy,78801,AMERICAN,MEDIUM SUV,GM,8590.0,10507.0,9777.0,11848.0,8356.0,9809.0,12703.0,13774.0,,,19638,34761,FL,7065.0,0,1155
0,1271721600,MANHEIM,2007,3,DODGE,CHARGER V6,Bas,4D SEDAN 3.5L,GREY,AUTO,2.0,Covers,85727,AMERICAN,SPECIALTY,CHRYSLER,10985.0,12724.0,14741.0,16543.0,10628.0,12178.0,14795.0,16632.0,,,17212,75050,TX,9450.0,0,1503
0,1250208000,MANHEIM,2005,4,FORD,EXPEDITION 4WD V8 5.,XLT,4D SUV 5.4L XLT,BROWN,AUTO,1.0,Alloy,72277,AMERICAN,LARGE SUV,FORD,10809.0,13207.0,12174.0,14764.0,10232.0,12834.0,15119.0,17545.0,,,20234,85040,AZ,10940.0,0,1389
0,1254268800,MANHEIM,2008,1,SATURN,AURA V6 3.5L V6 SFI,XE,4D SEDAN XE,BLUE,AUTO,,,78844,AMERICAN,MEDIUM,GM,10710.0,11760.0,12067.0,13201.0,8830.0,9839.0,10036.0,11126.0,,,20928,32824,FL,8130.0,0,1272
0,1266364800,MANHEIM,2006,4,FORD,TAURUS,SEL,4D SEDAN SEL,SILVER,AUTO,1.0,Alloy,70093,AMERICAN,MEDIUM,FORD,5149.0,6379.0,8610.0,10236.0,4797.0,6216.0,8114.0,9771.0,,,16044,22801,VA,5640.0,0,920
0,1235606400,MANHEIM,2003,6,FORD,MUSTANG V6 3.8L V6 E,Bas,2D COUPE,GREY,AUTO,1.0,Alloy,83463,AMERICAN,SPORTS,FORD,4787.0,5801.0,5670.0,6765.0,4614.0,5563.0,5483.0,6508.0,,,18881,30272,GA,6345.0,0,1153
0,1264032000,OTHER,2008,2,DODGE,AVENGER 4C,SE,4D SEDAN,BLACK,AUTO,1.0,Alloy,51028,AMERICAN,MEDIUM,CHRYSLER,7746.0,8643.0,11745.0,12429.0,8018.0,8991.0,11713.0,12526.0,,,99761,74135,OK,7800.0,0,920
0,1274140800,MANHEIM,2007,3,FORD,FIVE HUNDRED,SEL,4D SEDAN SEL,WHITE,AUTO,1.0,Alloy,87279,AMERICAN,LARGE,FORD,8566.0,10394.0,12526.0,14190.0,8419.0,10392.0,11972.0,14099.0,,,10430,60440,IL,7165.0,1,1633
0,1253664000,OTHER,2007,2,DODGE,CHARGER V6 2.7L V6 M,Bas,4D SEDAN 2.7L,BLACK,AUTO,2.0,Covers,66449,AMERICAN,SPECIALTY,CHRYSLER,10252.0,11847.0,11572.0,13295.0,10252.0,11847.0,11572.0,13295.0,,,18880,29697,SC,8600.0,0,1215
0,1271721600,OTHER,2008,2,DODGE,AVENGER 4C,SE,4D SEDAN,SILVER,AUTO,2.0,Covers,46961,AMERICAN,MEDIUM,CHRYSLER,8949.0,9677.0,12945.0,13324.0,8504.0,9452.0,12325.0,13244.0,,,99761,74135,OK,9000.0,0,834
0,1260835200,ADESA,2007,3,CHEVROLET,IMPALA,LS,4D SEDAN LS,WHITE,AUTO,2.0,Covers,72250,AMERICAN,LARGE,GM,7006.0,8139.0,10676.0,12295.0,7091.0,8208.0,10393.0,11954.0,,,20833,78754,TX,,0,1974
0,1249430400,OTHER,2008,1,DODGE,AVENGER 4C 2.4L I4 S,SE,4D SEDAN SE,WHITE,AUTO,2.0,Covers,52483,AMERICAN,MEDIUM,CHRYSLER,8560.0,9501.0,9745.0,10761.0,8060.0,8705.0,9205.0,9901.0,,,99761,74135,OK,7800.0,0,920
0,1257897600,MANHEIM,2005,4,CHRYSLER,PT CRUISER,Tou,4D SEDAN,BLUE,AUTO,2.0,Covers,90933,AMERICAN,MEDIUM,CHRYSLER,3828.0,4993.0,4634.0,5892.0,3794.0,4809.0,7416.0,8527.0,,,20928,32824,FL,4200.0,0,1630
1,1239062400,MANHEIM,2003,6,HYUNDAI,SONATA 4C MFI I-4 2.,Bas,4D SEDAN,SILVER,AUTO,2.0,Covers,67464,OTHER ASIAN,MEDIUM,OTHER,2489.0,3566.0,3188.0,4351.0,2489.0,3566.0,3188.0,4351.0,,,3453,80022,CO,4665.0,0,1028
0,1281571200,MANHEIM,2005,5,FORD,TAURUS,SEL,4D SEDAN SEL,GREY,AUTO,1.0,Alloy,81703,AMERICAN,MEDIUM,FORD,4458.0,5553.0,8043.0,9179.0,3706.0,4877.0,6729.0,7931.0,,,17212,76040,TX,5225.0,0,983
0,1282003200,MANHEIM,2008,2,DODGE,CALIBER,SE,4D WAGON,SILVER,AUTO,2.0,Covers,60100,AMERICAN,MEDIUM,CHRYSLER,7536.0,8383.0,11504.0,12252.0,7339.0,8309.0,10970.0,11911.0,,,835,85040,AZ,7040.0,0,825
0,1288742400,OTHER,2009,1,CHRYSLER,PT CRUISER,Bas,4D SEDAN,WHITE,AUTO,2.0,Covers,39937,AMERICAN,MEDIUM,CHRYSLER,7127.0,7515.0,10855.0,11224.0,9509.0,10094.0,12735.0,13494.0,NO,GREEN,99761,74135,OK,7000.0,0,882
0,1286323200,ADESA,2004,6,TOYOTA,CAMRY 4C,Bas,4D SEDAN LE,SILVER,AUTO,2.0,Covers,95547,TOP LINE ASIAN,MEDIUM,OTHER,6097.0,7018.0,9411.0,10921.0,5803.0,6744.0,8660.0,10160.0,,,52117,17406,PA,7665.0,0,620
0,1271203200,MANHEIM,2007,3,CHEVROLET,IMPALA V6,LT,4D SEDAN LT 3.5L,SILVER,AUTO,1.0,Alloy,71694,AMERICAN,LARGE,GM,8700.0,10182.0,11878.0,13506.0,8201.0,9657.0,11739.0,13412.0,,,1051,98064,WA,8095.0,1,1974
0,1271808000,MANHEIM,2006,4,CHEVROLET,IMPALA,LT,4D SEDAN LT 3.5L,WHITE,AUTO,2.0,Covers,76990,AMERICAN,LARGE,GM,7342.0,8703.0,10548.0,12443.0,7155.0,8559.0,10799.0,12236.0,,,3453,80011,CO,7385.0,0,1974
0,1238457600,MANHEIM,2006,3,CHEVROLET,IMPALA 3.5L V6 SFI,LS,4D SEDAN LS,BLUE,AUTO,2.0,Covers,91363,AMERICAN,LARGE,GM,7284.0,8314.0,8367.0,9479.0,,,,,,,17212,73129,OK,6905.0,0,2351
0,1239926400,OTHER,2006,3,CHEVROLET,IMPALA 3.5L V6 SFI,LS,4D SEDAN LS,GREY,AUTO,2.0,Covers,52056,AMERICAN,LARGE,GM,6858.0,8107.0,7907.0,9256.0,6858.0,8107.0,7907.0,9256.0,,,99750,95673,CA,8100.0,0,1500
0,1231286400,ADESA,2006,3,CHRYSLER,PT CRUISER 2.4L I4 S,Tou,4D SEDAN TOURING,BLACK,AUTO,2.0,Covers,40821,AMERICAN,MEDIUM,CHRYSLER,5259.0,6097.0,6180.0,7085.0,6047.0,7064.0,7031.0,8129.0,,,20234,85226,AZ,6135.0,0,975
0,1273536000,MANHEIM,2004,6,CHRYSLER,SEBRING V6,Tou,2D CONVERTIBLE,WHITE,AUTO,1.0,Alloy,77130,AMERICAN,MEDIUM,CHRYSLER,4872.0,6783.0,8108.0,9804.0,5024.0,6342.0,8304.0,9706.0,,,22916,80022,CO,5710.0,0,1272
0,1249344000,OTHER,2006,3,FORD,FUSION 4C 2.3L I4 EF,SEL,4D SEDAN SEL,BLUE,AUTO,1.0,Alloy,88841,AMERICAN,MEDIUM,FORD,10001.0,11864.0,11301.0,13313.0,9603.0,11761.0,10871.0,13202.0,,,21053,95673,CA,7235.0,0,853
0,1291852800,MANHEIM,2005,5,SATURN,ION,2,4D SEDAN LEVEL 2,BLACK,AUTO,2.0,Covers,90758,AMERICAN,MEDIUM,GM,4208.0,5074.0,7381.0,8135.0,3626.0,4858.0,6896.0,8154.0,,,19638,33619,FL,5015.0,0,909
0,1283212800,MANHEIM,2007,3,PONTIAC,G6 4C,Bas,4D SEDAN,BLACK,AUTO,1.0,Alloy,78392,AMERICAN,MEDIUM,GM,7028.0,8504.0,10800.0,12174.0,7137.0,8229.0,10424.0,11406.0,,,22916,80022,CO,7580.0,0,1038
0,1278460800,MANHEIM,2006,4,HYUNDAI,SONATA V6,GLS,4D SEDAN GLS,GOLD,AUTO,1.0,Alloy,74336,OTHER ASIAN,MEDIUM,OTHER,6383.0,7659.0,9730.0,11072.0,6407.0,7759.0,10327.0,11760.0,,,19638,33809,FL,7255.0,0,803
0,1287532800,OTHER,2005,5,CHRYSLER,TOWN & COUNTRY FWD V,LX,MINIVAN 3.3L LX,WHITE,AUTO,2.0,Covers,69554,AMERICAN,VAN,CHRYSLER,5080.0,6372.0,8786.0,10224.0,5211.0,6491.0,8648.0,10026.0,NO,GREEN,18881,35004,AL,7000.0,0,1411
1,1272931200,MANHEIM,2007,3,PONTIAC,G6 V6,Bas,4D SEDAN SE1,RED,AUTO,1.0,Alloy,63746,AMERICAN,MEDIUM,GM,9013.0,10375.0,12702.0,14034.0,7991.0,9182.0,11802.0,12983.0,,,835,85040,AZ,7940.0,0,1118
0,1248739200,MANHEIM,2005,4,HONDA,ACCORD V6 3.0L V6 EF,EX,4D SEDAN EX AUTO,GREY,AUTO,2.0,Covers,80098,TOP LINE ASIAN,MEDIUM,OTHER,10704.0,12563.0,12060.0,14068.0,11342.0,12865.0,12749.0,14394.0,,,835,85040,AZ,9700.0,0,1243
0,1264550400,OTHER,2007,3,PONTIAC,GRAND PRIX,Bas,4D SEDAN,GREY,AUTO,1.0,Alloy,53524,AMERICAN,LARGE,GM,7123.0,8357.0,10910.0,12268.0,7935.0,9303.0,11520.0,13182.0,,,18111,29697,SC,7100.0,0,1500
0,1275350400,MANHEIM,2008,2,CHEVROLET,MALIBU 4C,LT,4D SEDAN LT,GREY,AUTO,1.0,Alloy,70060,AMERICAN,MEDIUM,GM,10664.0,12501.0,14755.0,16786.0,9894.0,11401.0,14115.0,15219.0,,,22808,46803,IN,9280.0,0,1038
0,1278028800,MANHEIM,2008,2,PONTIAC,G5 4C,Bas,2D COUPE,BLACK,MANUAL,2.0,Covers,36254,AMERICAN,COMPACT,GM,7810.0,8471.0,11603.0,12092.0,7893.0,8637.0,11195.0,11911.0,,,20207,75236,TX,6250.0,0,582
0,1250035200,MANHEIM,2004,5,FORD,MUSTANG V6 3.8L V6 E,Bas,2D COUPE,GREY,MANUAL,1.0,Alloy,66198,AMERICAN,SPORTS,FORD,5371.0,6748.0,6301.0,7788.0,5206.0,6457.0,6122.0,7474.0,,,5546,33809,FL,5395.0,0,728
0,1276560000,MANHEIM,2006,4,FORD,FREESTAR FWD V6,SE,PASSENGER 3.9L SE,RED,AUTO,2.0,Covers,94107,AMERICAN,VAN,FORD,5699.0,7060.0,8690.0,10339.0,6330.0,7685.0,10289.0,11924.0,,,835,85040,AZ,6000.0,0,1774
0,1265673600,OTHER,2008,2,CHRYSLER,PT CRUISER,Bas,4D SEDAN,BLUE,AUTO,2.0,Covers,50678,AMERICAN,MEDIUM,CHRYSLER,6744.0,7345.0,9942.0,10623.0,7391.0,7886.0,10503.0,10964.0,,,99761,74135,OK,6200.0,0,1086
0,1276041600,MANHEIM,2006,4,CHRYSLER,SEBRING V6,GTC,2D CONVERTIBLE GTC,RED,AUTO,1.0,Alloy,51813,AMERICAN,MEDIUM,CHRYSLER,6270.0,7255.0,10197.0,10869.0,5952.0,7147.0,9736.0,10695.0,,,20928,32824,FL,6150.0,0,1003
0,1266451200,MANHEIM,2006,4,ISUZU,ASCENDER 2WD 6C,LS,SPORT UTILITY,BLACK,AUTO,1.0,Alloy,62887,OTHER ASIAN,MEDIUM SUV,OTHER,7475.0,9071.0,11539.0,12816.0,8666.0,9951.0,12522.0,13588.0,,,18880,29532,SC,7210.0,0,1020
0,1261440000,OTHER,2008,1,KIA,SPECTRA,EX,4D SEDAN EX,SILVER,AUTO,1.0,Alloy,48852,OTHER ASIAN,MEDIUM,OTHER,6803.0,7308.0,10504.0,11283.0,7017.0,7809.0,10443.0,11157.0,,,21053,95673,CA,6405.0,0,482
0,1271203200,MANHEIM,2006,4,DODGE,STRATUS 4C,SXT,4D SEDAN,GREEN,AUTO,1.0,Alloy,63858,AMERICAN,MEDIUM,CHRYSLER,4895.0,6046.0,7522.0,9291.0,4389.0,5604.0,7878.0,9200.0,,,21973,32124,FL,5500.0,0,1020
0,1237939200,ADESA,2006,3,CHEVROLET,IMPALA 3.5L V6 SFI,LS,4D SEDAN LS,BLACK,AUTO,2.0,Covers,72533,AMERICAN,LARGE,GM,7233.0,8307.0,8312.0,9472.0,7144.0,8181.0,8216.0,9335.0,,,21053,85226,AZ,7640.0,0,1974
0,1268006400,MANHEIM,2004,6,DODGE,STRATUS 4C,SXT,2D COUPE,SILVER,AUTO,1.0,Alloy,85137,AMERICAN,MEDIUM,CHRYSLER,3605.0,4293.0,6246.0,6881.0,4087.0,4815.0,7437.0,8338.0,,,8172,27542,NC,6200.0,0,1243
0,1264636800,ADESA,2006,4,SATURN,ION,2,4D SEDAN LEVEL 2,SILVER,AUTO,2.0,Covers,69252,AMERICAN,MEDIUM,GM,4950.0,6123.0,8268.0,9516.0,5282.0,6299.0,8319.0,9648.0,,,20740,32219,FL,5900.0,0,728
0,1234915200,MANHEIM,2004,5,DODGE,STRATUS V6 2.7L V6 M,SE,4D SEDAN SE,WHITE,AUTO,2.0,Covers,65404,AMERICAN,MEDIUM,CHRYSLER,3471.0,4645.0,4249.0,5517.0,727.0,1217.0,1285.0,1814.0,,,18822,78219,TX,5535.0,0,1215
0,1282780800,ADESA,2007,3,DODGE,MAGNUM V6,SE,WAGON 2.7L,SILVER,AUTO,2.0,Covers,81411,AMERICAN,SPECIALTY,CHRYSLER,8294.0,9773.0,12463.0,13845.0,7374.0,8994.0,11013.0,12610.0,,,3453,80817,CO,8805.0,0,1503
0,1259020800,OTHER,2008,1,DODGE,AVENGER 4C,SE,4D SEDAN,RED,AUTO,2.0,Covers,48569,AMERICAN,MEDIUM,CHRYSLER,7859.0,8755.0,8988.0,9955.0,7608.0,8484.0,11640.0,12308.0,,,99761,74135,OK,7800.0,0,834
0,1284422400,MANHEIM,2008,2,DODGE,CALIBER,SE,4D WAGON,SILVER,AUTO,2.0,Covers,67704,AMERICAN,MEDIUM,CHRYSLER,7360.0,8294.0,11088.0,11907.0,7489.0,8400.0,11664.0,12415.0,,,835,85040,AZ,6900.0,0,825
0,1254268800,ADESA,2007,2,CHRYSLER,SEBRING 4C 2.4L I4 E,Bas,4D SEDAN,SILVER,AUTO,2.0,Covers,51921,AMERICAN,MEDIUM,CHRYSLER,7225.0,8141.0,8303.0,9292.0,6921.0,7832.0,10411.0,11529.0,,,18822,77086,TX,7600.0,0,920
0,1245196800,MANHEIM,2002,7,FORD,RANGER PICKUP 2WD V6,Edg,REG CAB 3.0L EDGE,GOLD,AUTO,2.0,Covers,64300,AMERICAN,SMALL TRUCK,FORD,2419.0,3109.0,3113.0,3858.0,2419.0,3109.0,3113.0,3858.0,,,20928,32824,FL,5500.0,0,833
0,1249948800,MANHEIM,2007,2,CHRYSLER,SEBRING 4C 2.4L I4 E,Bas,4D SEDAN,BLACK,AUTO,2.0,Covers,81466,AMERICAN,MEDIUM,CHRYSLER,7074.0,8223.0,8140.0,9381.0,7270.0,8282.0,8352.0,9445.0,,,22808,77061,TX,6645.0,0,1243
0,1237852800,MANHEIM,2004,5,CHEVROLET,IMPALA 3.8L V6 SFI,LS,4D SEDAN LS,GREY,AUTO,1.0,Alloy,82602,AMERICAN,LARGE,GM,5669.0,6956.0,6623.0,8012.0,5225.0,6524.0,6143.0,7546.0,,,22916,80022,CO,5040.0,0,2152
0,1251763200,MANHEIM,2003,6,CHEVROLET,S10 PICKUP 4WD V6 MF,Bas,3D EXT CAB 4.3L,BLACK,AUTO,1.0,Alloy,70902,AMERICAN,SMALL TRUCK,GM,6369.0,7481.0,7379.0,8579.0,6095.0,7633.0,9804.0,11054.0,,,22916,80022,CO,7680.0,0,3276
0,1283817600,MANHEIM,2004,6,CHRYSLER,PT CRUISER,Bas,4D SEDAN,GREY,AUTO,1.0,Alloy,60909,AMERICAN,MEDIUM,CHRYSLER,3565.0,4590.0,6575.0,7660.0,3252.0,4288.0,6430.0,7660.0,,,20833,75050,TX,5010.0,0,1215
0,1269388800,MANHEIM,2007,3,KIA,OPTIMA 4C,EX,4D SEDAN,BLACK,AUTO,2.0,Covers,56198,OTHER ASIAN,MEDIUM,OTHER,7515.0,8298.0,10632.0,11373.0,6092.0,6374.0,9761.0,9997.0,,,19638,32824,FL,8050.0,0,671
0,1278374400,ADESA,2007,3,CHRYSLER,SEBRING 4C,Bas,4D SEDAN,SILVER,AUTO,2.0,Covers,65798,AMERICAN,MEDIUM,CHRYSLER,7403.0,8523.0,11031.0,12319.0,7311.0,8281.0,11013.0,12199.0,,,1235,50111,IA,8035.0,1,1020
0,1284508800,OTHER,2006,4,CHEVROLET,MALIBU 4C,LT,4D SEDAN LT,SILVER,AUTO,2.0,Covers,61176,AMERICAN,MEDIUM,GM,7057.0,8500.0,10507.0,12050.0,6154.0,7650.0,9469.0,10473.0,,,99750,37421,TN,6900.0,0,923
0,1242259200,MANHEIM,2003,6,CHEVROLET,TRAILBLAZER 2WD 6C 4,LS,4D SUV 4.2L LS,WHITE,AUTO,1.0,Alloy,83597,AMERICAN,MEDIUM SUV,GM,5201.0,6219.0,6117.0,7217.0,5110.0,6132.0,6019.0,7123.0,,,20740,30272,GA,6745.0,0,1543
0,1237334400,MANHEIM,2001,8,CHRYSLER,PT CRUISER 2.4L I-4,Bas,4D SEDAN,BLACK,AUTO,2.0,Covers,70139,AMERICAN,MEDIUM,CHRYSLER,3153.0,3974.0,3905.0,4792.0,3033.0,3800.0,3776.0,4604.0,,,21973,32824,FL,4100.0,0,1689
0,1253577600,MANHEIM,2007,2,CHRYSLER,SEBRING 4C 2.4L I4 E,Bas,4D SEDAN,BLACK,AUTO,2.0,Covers,80634,AMERICAN,MEDIUM,CHRYSLER,7538.0,8493.0,8641.0,9672.0,7538.0,8493.0,8641.0,9672.0,,,23359,92504,CA,6770.0,0,1243
1,1243468800,MANHEIM,2005,4,FORD,F150 PICKUP 2WD V6 4,STX,REG CAB 4.2L STX,SILVER,AUTO,1.0,Alloy,64669,AMERICAN,LARGE TRUCK,FORD,7860.0,9792.0,8989.0,11075.0,7860.0,9792.0,8989.0,11075.0,,,18111,30272,GA,8845.0,0,533
0,1266278400,MANHEIM,2008,2,CHEVROLET,MALIBU V6,LS,4D SEDAN LS,WHITE,AUTO,2.0,Covers,73635,AMERICAN,MEDIUM,GM,8816.0,9957.0,13083.0,14236.0,10789.0,12211.0,14044.0,15604.0,,,22916,80022,CO,8905.0,0,1272
0,1232409600,MANHEIM,2004,5,GMC,ENVOY XL 2WD 6C 4.2L,SLE,4D UTILITY 4.2L SLE,WHITE,AUTO,1.0,Alloy,66712,AMERICAN,MEDIUM SUV,GM,5846.0,7088.0,6814.0,8155.0,7304.0,8476.0,8388.0,9654.0,,,835,85040,AZ,6680.0,0,1020
0,1282003200,MANHEIM,2006,4,DODGE,STRATUS 4C,SXT,4D SEDAN,GOLD,AUTO,1.0,Alloy,83585,AMERICAN,MEDIUM,CHRYSLER,4004.0,5235.0,7346.0,8754.0,4328.0,5327.0,7706.0,8818.0,,,52646,21075,MD,4930.0,0,1243
0,1265673600,MANHEIM,2005,5,CHEVROLET,IMPALA,Bas,4D SEDAN,BLUE,AUTO,2.0,Covers,80808,AMERICAN,LARGE,GM,4202.0,5316.0,7739.0,8934.0,4656.0,5761.0,7435.0,9128.0,,,22916,80022,CO,5310.0,0,2152
0,1274745600,MANHEIM,2007,3,DODGE,DURANGO 2WD V6,SXT,4D SUV 3.7L SXT,GREY,AUTO,1.0,Alloy,97889,AMERICAN,MEDIUM SUV,CHRYSLER,11477.0,13913.0,15724.0,17401.0,10975.0,12103.0,15215.0,16529.0,,,17675,28625,NC,9225.0,0,1485
0,1245110400,ADESA,2005,4,DODGE,CARAVAN FWD 4C 2.4L,SE,MINIVAN 2.4L,BLUE,AUTO,2.0,Covers,48399,AMERICAN,VAN,CHRYSLER,4499.0,5434.0,5359.0,6369.0,4499.0,5434.0,5359.0,6369.0,,,20740,45005,OH,5975.0,0,1116
0,1272326400,OTHER,2008,2,CHRYSLER,SEBRING 4C,LX,4D SEDAN LX,BLACK,AUTO,2.0,Covers,48765,AMERICAN,MEDIUM,CHRYSLER,8511.0,9215.0,12159.0,12837.0,7866.0,8580.0,11751.0,12494.0,,,99761,74135,OK,8600.0,0,834
0,1250035200,MANHEIM,2006,3,CHRYSLER,PT CRUISER 2.4L I4 S,Bas,4D SEDAN,RED,AUTO,2.0,Covers,54839,AMERICAN,MEDIUM,CHRYSLER,5427.0,6508.0,6361.0,7529.0,5540.0,6569.0,6483.0,7595.0,,,21973,32824,FL,4100.0,0,1086
1,1234828800,ADESA,2005,4,CHRYSLER,PT CRUISER 2.4L I4 S,Bas,4D SEDAN,BLUE,AUTO,2.0,Covers,81754,AMERICAN,MEDIUM,CHRYSLER,4481.0,5385.0,5339.0,6316.0,4996.0,5826.0,5896.0,6792.0,,,19662,78754,TX,4650.0,0,1503
0,1236729600,MANHEIM,2006,3,HYUNDAI,ACCENT 1.6L I4 MPI,GLS,4D SEDAN GLS,RED,AUTO,1.0,Alloy,41966,OTHER ASIAN,COMPACT,OTHER,5375.0,6248.0,6305.0,7248.0,5046.0,5981.0,5950.0,6959.0,,,17212,64161,MO,5725.0,0,693
0,1285027200,OTHER,2004,6,MAZDA,MAZDA6,s,4D SEDAN S,GOLD,AUTO,1.0,Alloy,75143,OTHER ASIAN,MEDIUM,OTHER,5429.0,6609.0,9137.0,10594.0,4917.0,6300.0,8188.0,9466.0,,,21053,95673,CA,7705.0,0,1506
0,1232409600,OTHER,2006,3,CHEVROLET,MALIBU 4C 2.2L I4 MP,LT,4D SEDAN LT,SILVER,AUTO,2.0,Covers,66051,AMERICAN,MEDIUM,GM,5641.0,6812.0,6592.0,7857.0,6441.0,7510.0,7456.0,8611.0,,,21053,95673,CA,5735.0,0,923
0,1240272000,MANHEIM,2004,5,DODGE,STRATUS 4C 2.4L I4 M,SE,4D SEDAN,BLUE,AUTO,2.0,Covers,54871,AMERICAN,MEDIUM,CHRYSLER,2636.0,3519.0,3347.0,4301.0,2636.0,3519.0,3347.0,4301.0,,,20740,21075,MD,4800.0,0,920
0,1241136000,OTHER,2008,1,DODGE,AVENGER 4C 2.4L I4 S,SE,4D SEDAN,WHITE,AUTO,2.0,Covers,47529,AMERICAN,MEDIUM,CHRYSLER,8196.0,9044.0,9352.0,10268.0,8196.0,9044.0,9352.0,10268.0,,,99761,33073,FL,8200.0,0,834
0,1292889600,ADESA,2004,6,FORD,FREESTAR FWD V6,SEL,PASSENGER 3.9L SEL,RED,AUTO,1.0,Alloy,73159,AMERICAN,VAN,FORD,4031.0,5215.0,7686.0,9088.0,4450.0,5468.0,8084.0,9135.0,NO,GREEN,1231,50111,IA,5290.0,1,1506
0,1236124800,MANHEIM,2005,4,CHEVROLET,EQUINOX FWD V6 3.4L,LT,4D SUV LT,BLACK,AUTO,1.0,Alloy,72774,AMERICAN,MEDIUM SUV,GM,8052.0,9345.0,9196.0,10593.0,5401.0,6136.0,6333.0,7127.0,,,19619,37122,TN,8170.0,0,1389
0,1255478400,OTHER,2008,1,CHEVROLET,AVEO,LS,4D SEDAN LS,RED,AUTO,2.0,Covers,50257,AMERICAN,COMPACT,GM,6369.0,6927.0,7379.0,7981.0,5833.0,6329.0,9484.0,10064.0,,,99761,27407,NC,6000.0,0,671
0,1272931200,ADESA,2006,4,DODGE,CARAVAN GRAND FWD V6,SXT,MINIVAN 3.8L,RED,AUTO,1.0,Alloy,82430,AMERICAN,VAN,CHRYSLER,7008.0,8279.0,10710.0,11775.0,7444.0,9294.0,11156.0,13541.0,NO,GREEN,52117,45005,OH,6285.0,0,1763
0,1251244800,ADESA,2003,6,FORD,FOCUS 2.0L I4 SPI,SE,4D SEDAN SE,BLUE,AUTO,1.0,Alloy,78710,AMERICAN,COMPACT,FORD,2573.0,3620.0,3279.0,4410.0,2548.0,3529.0,3252.0,4311.0,,,18881,30212,GA,4100.0,0,1455
0,1256169600,ADESA,2007,2,CHRYSLER,PT CRUISER 2.4L I4 S,Tou,4D SEDAN,RED,AUTO,2.0,Covers,51795,AMERICAN,MEDIUM,CHRYSLER,5696.0,6452.0,6652.0,7468.0,5527.0,6390.0,9322.0,10358.0,,,8172,28273,NC,6235.0,0,1086
0,1263859200,MANHEIM,2008,2,JEEP,PATRIOT 2WD 4C,Spo,4D SUV,SILVER,AUTO,2.0,Covers,68616,AMERICAN,SMALL SUV,CHRYSLER,9257.0,10518.0,13701.0,14807.0,,,,,,,5546,28625,NC,8645.0,0,825
0,1270166400,OTHER,2008,2,SUZUKI,FORENZA,,4D SEDAN,WHITE,AUTO,2.0,Covers,40748,OTHER ASIAN,MEDIUM,OTHER,6874.0,7324.0,10192.0,10859.0,6568.0,7170.0,9825.0,10726.0,,,99761,85284,AZ,6535.0,0,482
0,1281657600,MANHEIM,2007,3,CHEVROLET,IMPALA,LS,4D SEDAN LS,WHITE,AUTO,2.0,Covers,77885,AMERICAN,LARGE,GM,7986.0,9076.0,11635.0,12910.0,7678.0,8922.0,11353.0,12719.0,,,99750,87105,NM,7900.0,0,1974
1,1251331200,MANHEIM,2007,2,SUZUKI,FORENZA 2.0L I4 EFI,,4D SEDAN,RED,AUTO,2.0,Covers,65433,OTHER ASIAN,MEDIUM,OTHER,5740.0,6726.0,6699.0,7764.0,5779.0,6662.0,6741.0,7695.0,,,23359,92337,CA,5560.0,0,533
0,1289952000,MANHEIM,2007,3,CHEVROLET,HHR,LT,4D SUV 2.2L LS,GOLD,AUTO,1.0,Alloy,88153,AMERICAN,MEDIUM,GM,5907.0,6972.0,10018.0,10743.0,5915.0,6960.0,9501.0,10737.0,,,23359,92807,CA,7345.0,0,853
0,1255910400,OTHER,2008,1,PONTIAC,G6 V6 3.5L V6 SFI,GT,4D SEDAN GT,RED,AUTO,1.0,Alloy,50341,AMERICAN,MEDIUM,GM,9380.0,10383.0,10630.0,11714.0,8733.0,9267.0,12702.0,13347.0,,,99761,27407,NC,8500.0,0,1003
0,1266883200,OTHER,2008,2,CHRYSLER,PT CRUISER,Bas,4D SEDAN,WHITE,AUTO,2.0,Covers,50907,AMERICAN,MEDIUM,CHRYSLER,7048.0,7721.0,10426.0,11039.0,7285.0,7812.0,10367.0,10941.0,,,99761,74135,OK,6600.0,0,1086
0,1281052800,MANHEIM,2003,7,DODGE,NEON,SXT,4D SEDAN SXT,WHITE,AUTO,1.0,Alloy,73725,AMERICAN,COMPACT,CHRYSLER,2795.0,3857.0,6496.0,8964.0,2394.0,3254.0,4924.0,5994.0,,,10315,27542,NC,3700.0,1,986
0,1235433600,ADESA,2006,3,DODGE,CHARGER 2.7L V6 MPI,Bas,4D SEDAN,SILVER,AUTO,2.0,Covers,48352,AMERICAN,SPECIALTY,CHRYSLER,9390.0,10660.0,10641.0,12013.0,10085.0,11493.0,11392.0,12912.0,,,19619,45005,OH,9630.0,0,975
0,1253750400,ADESA,2004,5,HYUNDAI,ELANTRA 2.0L I4 MPI,GLS,4D SEDAN,WHITE,AUTO,2.0,Covers,66908,OTHER ASIAN,MEDIUM,OTHER,3103.0,4166.0,3851.0,4999.0,3167.0,4279.0,5879.0,7571.0,,,21973,32219,FL,5300.0,0,533
0,1265932800,OTHER,2006,4,PONTIAC,G6 V6,GTP,2D COUPE GTP,BLUE,AUTO,1.0,Alloy,73934,AMERICAN,MEDIUM,GM,8365.0,9452.0,12179.0,13454.0,9101.0,10937.0,12509.0,14285.0,,,18111,29461,SC,9000.0,0,1272
0,1290556800,MANHEIM,2006,4,CHEVROLET,AVEO,LS,4D SEDAN LS,BLUE,AUTO,2.0,Covers,86401,AMERICAN,COMPACT,GM,3623.0,4447.0,6586.0,7327.0,3896.0,4783.0,6832.0,7534.0,NO,GREEN,21047,92807,CA,4195.0,0,853
0,1241481600,MANHEIM,2006,3,CHEVROLET,IMPALA 3.5L V6 SFI,LS,4D SEDAN LS,SILVER,AUTO,2.0,Covers,54378,AMERICAN,LARGE,GM,6858.0,8107.0,7907.0,9256.0,6858.0,8107.0,7907.0,9256.0,,,22808,75050,TX,7840.0,0,1500
0,1289865600,MANHEIM,2005,5,DODGE,CARAVAN GRAND FWD V6,SXT,MINIVAN 3.8L SXT,BLACK,AUTO,1.0,Alloy,67944,AMERICAN,VAN,CHRYSLER,5211.0,6614.0,9611.0,12198.0,5381.0,6843.0,8978.0,10295.0,,,22916,80022,CO,7930.0,0,1411
1,1264636800,MANHEIM,2005,5,DODGE,DURANGO 2WD V6,ST,4D SUV 3.7L,PURPLE,AUTO,1.0,Alloy,77674,AMERICAN,MEDIUM SUV,CHRYSLER,7090.0,8101.0,10601.0,11471.0,7090.0,8101.0,10668.0,11519.0,,,5546,33762,FL,9135.0,0,1272
0,1284595200,MANHEIM,2006,4,MERCURY,MILAN 4C,Bas,4D SEDAN,GREY,AUTO,2.0,Covers,84781,AMERICAN,MEDIUM,FORD,0.0,0.0,0.0,0.0,6400.0,7839.0,9819.0,11305.0,,,23657,92337,CA,6220.0,0,853
0,1266451200,OTHER,2008,2,DODGE,AVENGER 4C,SE,4D SEDAN,BLACK,AUTO,2.0,Covers,54608,AMERICAN,MEDIUM,CHRYSLER,8261.0,9213.0,11909.0,12739.0,8814.0,9655.0,12322.0,13155.0,,,99761,74135,OK,8300.0,0,920
0,1252454400,MANHEIM,2005,4,DODGE,1500 RAM PICKUP 2WD,SLT,REG CAB 4.7L,BLUE,AUTO,1.0,Alloy,59296,AMERICAN,LARGE TRUCK,CHRYSLER,5444.0,6780.0,6380.0,7822.0,6112.0,7482.0,7101.0,8581.0,,,3453,80011,CO,7205.0,0,754
1,1266451200,OTHER,2007,3,SATURN,AURA,XE,4D SEDAN XE,GREY,AUTO,,,69943,AMERICAN,MEDIUM,GM,9477.0,10878.0,13381.0,14921.0,9616.0,10987.0,13446.0,15019.0,,,22808,73108,OK,7800.0,0,1118
0,1234828800,OTHER,2005,4,FORD,TAURUS 3.0L V6 EFI,SE,4D SEDAN SE,GREY,AUTO,2.0,Covers,93371,AMERICAN,MEDIUM,FORD,3964.0,4962.0,4781.0,5859.0,4204.0,5171.0,5040.0,6085.0,,,8655,38637,MS,4095.0,0,1053
0,1283212800,MANHEIM,2007,3,PONTIAC,GRAND PRIX,Bas,4D SEDAN,RED,AUTO,1.0,Alloy,75914,AMERICAN,LARGE,GM,7787.0,9556.0,11855.0,13531.0,7172.0,8532.0,11297.0,12530.0,,,19662,77041,TX,7500.0,0,1974
0,1284422400,MANHEIM,2007,3,FORD,ESCAPE 2WD 4C,XLS,4D CUV 2.3L XLS,BLUE,AUTO,1.0,Alloy,70699,AMERICAN,SMALL SUV,FORD,8460.0,10246.0,12297.0,13975.0,8223.0,10358.0,12126.0,14046.0,,,52646,21075,MD,7970.0,0,920
0,1234915200,MANHEIM,2004,5,FORD,FREESTAR FWD V6 3.9L,SES,4D PASSENGER 3.9L SES,BLUE,AUTO,1.0,Alloy,48395,AMERICAN,VAN,FORD,4094.0,5083.0,4922.0,5990.0,4473.0,5524.0,5331.0,6466.0,,,19662,78219,TX,6035.0,0,1046
0,1244678400,MANHEIM,2005,4,CHEVROLET,IMPALA 3.4L V6 SFI,Bas,4D SEDAN,GOLD,AUTO,2.0,Covers,87211,AMERICAN,LARGE,GM,4573.0,5967.0,5439.0,6944.0,4591.0,6005.0,5458.0,6985.0,,,20234,85353,AZ,4660.0,0,2152
0,1233014400,MANHEIM,2006,3,FORD,FIVE HUNDRED 3.0L V6,SE,4D SEDAN SE,GREY,AUTO,1.0,Alloy,53915,AMERICAN,LARGE,FORD,6042.0,7247.0,7025.0,8327.0,6231.0,7453.0,7229.0,8549.0,,,18881,37210,TN,6750.0,0,1169
0,1231804800,OTHER,2006,3,SATURN,VUE 2WD 4C 2.2L I4 M,,4D CUV 2.2L,BLUE,AUTO,2.0,Covers,62174,AMERICAN,MEDIUM SUV,GM,6993.0,8232.0,8052.0,9391.0,6951.0,8272.0,8007.0,9434.0,,,21053,95673,CA,6235.0,0,1411
0,1266969600,MANHEIM,2006,4,CHEVROLET,MALIBU 4C,LT,4D SEDAN LT,GOLD,AUTO,1.0,Alloy,80758,AMERICAN,MEDIUM,GM,6164.0,7497.0,9811.0,11062.0,6224.0,7604.0,9516.0,10794.0,,,20928,32824,FL,6500.0,0,1113
0,1289260800,MANHEIM,2006,4,HYUNDAI,SONATA V6,GLS,4D SEDAN GLS,MAROON,AUTO,1.0,Alloy,81837,OTHER ASIAN,MEDIUM,OTHER,6155.0,7455.0,9613.0,11359.0,7110.0,8502.0,10049.0,11208.0,,,20740,19440,PA,5375.0,0,853
0,1272412800,MANHEIM,2002,8,SATURN,S SERIES,SL2,4D SEDAN SL2,BLACK,AUTO,2.0,Covers,79811,AMERICAN,COMPACT,GM,2236.0,3272.0,4557.0,5727.0,2077.0,2874.0,4738.0,5304.0,,,20234,94544,CA,3730.0,0,1923
0,1236643200,ADESA,2006,3,CHRYSLER,300 2.7L V6 MPI,Bas,4D SEDAN,BLACK,AUTO,1.0,Alloy,67741,AMERICAN,SPECIALTY,CHRYSLER,10234.0,11681.0,11553.0,13115.0,9958.0,11537.0,11255.0,12960.0,,,18111,30212,GA,9450.0,0,1215
0,1271116800,MANHEIM,2005,5,DODGE,DURANGO 4WD V8,SLT,4D SUV 4.7L,SILVER,AUTO,1.0,Alloy,88216,AMERICAN,MEDIUM SUV,CHRYSLER,8601.0,10646.0,12800.0,14732.0,7827.0,9475.0,12418.0,13876.0,,,835,85040,AZ,10940.0,0,1763
0,1275868800,MANHEIM,2006,4,HONDA,ACCORD 4C,VP,4D SEDAN DX AUTO,WHITE,AUTO,2.0,Covers,64697,TOP LINE ASIAN,MEDIUM,OTHER,8047.0,9093.0,11798.0,12928.0,7704.0,8542.0,11353.0,12183.0,,,1045,75236,TX,9100.0,1,533
0,1260835200,MANHEIM,2006,3,CHEVROLET,COBALT,LS,4D SEDAN LS,SILVER,AUTO,1.0,Alloy,79776,AMERICAN,COMPACT,GM,4581.0,5452.0,7836.0,8793.0,5263.0,6389.0,8556.0,9621.0,,,25100,75050,TX,5670.0,0,803
0,1265846400,MANHEIM,2005,5,MAZDA,TRIBUTE 2WD V6,s,4D SPORT UTILITY S,GREY,AUTO,1.0,Alloy,86591,OTHER ASIAN,SMALL SUV,OTHER,7142.0,8292.0,11042.0,12072.0,7464.0,8366.0,10822.0,11853.0,,,18880,30272,GA,7610.0,0,983
0,1255392000,MANHEIM,2006,3,CHEVROLET,COLORADO PICKUP 2WD,LT,CREW CAB 3.5L LS,BLUE,AUTO,1.0,Alloy,77535,AMERICAN,SMALL TRUCK,GM,11758.0,13801.0,13199.0,15405.0,11008.0,13762.0,14778.0,17047.0,,,20207,75050,TX,8240.0,0,803
0,1290988800,OTHER,2007,3,CHEVROLET,MALIBU V6,LS,4D SEDAN LS,GREY,AUTO,2.0,Covers,78820,AMERICAN,MEDIUM,GM,6213.0,7601.0,10098.0,11372.0,6580.0,7880.0,10149.0,11348.0,NO,GREEN,21053,95673,CA,6830.0,0,1272
0,1234742400,MANHEIM,2005,4,MERCURY,SABLE 3.0L V6 EFI,GS,4D SEDAN GS,BEIGE,AUTO,,,68660,AMERICAN,MEDIUM,FORD,3885.0,4913.0,4696.0,5806.0,4089.0,4997.0,4916.0,5897.0,,,18880,27542,NC,4535.0,0,825
0,1262044800,ADESA,2005,4,MERCURY,SABLE,GS,4D SEDAN GS,BLUE,AUTO,2.0,Covers,84883,AMERICAN,MEDIUM,FORD,3611.0,4383.0,6869.0,7807.0,3289.0,4397.0,6695.0,7971.0,,,16926,91752,CA,3250.0,0,983
0,1251763200,OTHER,2006,3,FORD,TAURUS 3.0L V6 EFI,SE,4D SEDAN SE,SILVER,AUTO,1.0,Alloy,96955,AMERICAN,MEDIUM,FORD,4462.0,5694.0,5319.0,6650.0,4400.0,5626.0,5252.0,6576.0,,,3453,84104,UT,3495.0,0,1053
0,1269388800,MANHEIM,2004,6,GMC,ENVOY 2WD 6C,SLE,4D UTILITY 4.2L SLE,BLACK,AUTO,1.0,Alloy,58707,AMERICAN,MEDIUM SUV,GM,6265.0,7507.0,9704.0,11247.0,6980.0,8461.0,10851.0,12270.0,,,22808,75236,TX,8615.0,0,920
0,1256688000,OTHER,2005,4,FORD,TAURUS 3.0L V6 EFI,SE,4D SEDAN SE,WHITE,AUTO,1.0,Alloy,90385,AMERICAN,MEDIUM,FORD,3212.0,4372.0,3969.0,5222.0,3370.0,4434.0,4140.0,5289.0,,,835,85009,AZ,4075.0,0,1053
0,1279584000,OTHER,2006,4,DODGE,STRATUS V6,SXT,4D SEDAN SXT FFV,SILVER,AUTO,2.0,Covers,60033,AMERICAN,MEDIUM,CHRYSLER,6290.0,7125.0,9391.0,10157.0,6683.0,7547.0,10041.0,10845.0,,,99750,21014,MD,5900.0,0,1215
0,1236556800,MANHEIM,2005,4,PONTIAC,GRAND PRIX 3.8L V6 S,Bas,4D SEDAN,BLACK,AUTO,2.0,Covers,76194,AMERICAN,LARGE,GM,6305.0,7448.0,7309.0,8544.0,5638.0,7004.0,6589.0,8064.0,,,19638,37210,TN,5715.0,0,1974
0,1265846400,ADESA,2007,3,CHEVROLET,MALIBU V6,LT,4D SEDAN LT,GOLD,AUTO,2.0,Covers,73617,AMERICAN,MEDIUM,GM,7354.0,8793.0,11219.0,12994.0,7464.0,8839.0,11313.0,12727.0,,,52117,28273,NC,7560.0,0,1272
0,1231977600,MANHEIM,2003,6,PONTIAC,SUNFIRE 2.2L I4 MPI,SE,2D COUPE SE,SILVER,MANUAL,1.0,Alloy,83934,AMERICAN,COMPACT,GM,2684.0,3719.0,3399.0,4517.0,2812.0,3826.0,3537.0,4632.0,,,18881,29532,SC,3175.0,0,1543
1,1288137600,OTHER,2007,3,FORD,EDGE AWD V6,SEL,4D CROSSOVER SEL,BEIGE,AUTO,,,86510,AMERICAN,CROSSOVER,FORD,15852.0,17625.0,20912.0,22888.0,15852.0,17625.0,20912.0,22888.0,,,17675,27407,NC,9655.0,0,1893
0,1259020800,OTHER,2008,1,DODGE,CALIBER,SE,4D WAGON,SILVER,AUTO,2.0,Covers,48997,AMERICAN,MEDIUM,CHRYSLER,6820.0,7280.0,7866.0,8362.0,6967.0,7560.0,10921.0,11542.0,,,99761,74135,OK,6500.0,0,693
0,1282262400,OTHER,2006,4,DODGE,STRATUS V6,SXT,4D SEDAN SXT FFV,SILVER,AUTO,2.0,Covers,50147,AMERICAN,MEDIUM,CHRYSLER,6223.0,7161.0,9533.0,10869.0,5435.0,7083.0,8784.0,10383.0,,,99750,95673,CA,5600.0,0,1086
0,1283299200,ADESA,2003,7,TOYOTA,TUNDRA PICKUP 2WD V8,SR5,EXT CAB 4.7L SR5,GOLD,AUTO,1.0,Alloy,94842,TOP LINE ASIAN,LARGE TRUCK,OTHER,7036.0,8552.0,10666.0,12231.0,7028.0,8811.0,10598.0,12373.0,,,21053,85226,AZ,9765.0,0,1065
0,1256169600,OTHER,2002,7,SATURN,L SERIES 2.0L I4 MPI,L10,4D SEDAN LS,GREEN,AUTO,1.0,Alloy,95824,AMERICAN,MEDIUM,GM,2115.0,2949.0,2784.0,3685.0,2703.0,3856.0,5453.0,6958.0,,,22916,80229,CO,2600.0,0,2074
1,1289865600,MANHEIM,2007,3,KIA,SORENTO 2WD,EX,4D SPORT UTILITY EX,BLACK,AUTO,1.0,Alloy,78324,OTHER ASIAN,MEDIUM SUV,OTHER,8643.0,11195.0,12856.0,15022.0,9664.0,11535.0,13762.0,15545.0,,,52598,28625,NC,7610.0,0,1740
0,1256083200,OTHER,2006,3,DODGE,STRATUS 4C 2.4L I4 S,SXT,4D SEDAN,SILVER,AUTO,1.0,Alloy,85910,AMERICAN,MEDIUM,CHRYSLER,4768.0,6145.0,5649.0,7137.0,4707.0,5812.0,8679.0,10638.0,,,18881,29697,SC,5400.0,0,1243
0,1286755200,MANHEIM,2006,4,CHEVROLET,COBALT,LT,4D SEDAN LT,PURPLE,AUTO,1.0,Alloy,67212,AMERICAN,COMPACT,GM,4967.0,6355.0,8235.0,9407.0,4885.0,6021.0,8036.0,9256.0,,,5546,27542,NC,6300.0,0,728
0,1270512000,ADESA,2004,6,TOYOTA,COROLLA,CE,4D SEDAN CE,SILVER,AUTO,2.0,Covers,72612,TOP LINE ASIAN,COMPACT,OTHER,4919.0,5601.0,7703.0,8629.0,4556.0,5676.0,7149.0,8660.0,,,52117,45005,OH,6325.0,0,569
0,1270512000,MANHEIM,2006,4,PONTIAC,G6 V6,Bas,4D SEDAN,GREY,AUTO,1.0,Alloy,80405,AMERICAN,MEDIUM,GM,0.0,0.0,0.0,0.0,6471.0,7769.0,9995.0,11452.0,,,16044,21075,MD,7455.0,0,1373
0,1250208000,OTHER,2006,3,FORD,FIVE HUNDRED 3.0L V6,SEL,4D SEDAN SEL,BLACK,AUTO,1.0,Alloy,75851,AMERICAN,LARGE,FORD,9797.0,12367.0,11081.0,13856.0,9533.0,11897.0,10796.0,13349.0,,,20740,29461,SC,7600.0,0,1506
0,1247616000,OTHER,2001,8,CHEVROLET,VENTURE FWD V6 3.4L,Plu,PASSENGER EXT 3.4L,BEIGE,AUTO,1.0,Alloy,80792,AMERICAN,VAN,GM,1865.0,2643.0,2514.0,3354.0,1866.0,2371.0,4448.0,5101.0,,,18880,29697,SC,4700.0,0,5392
0,1242604800,OTHER,2007,2,CHRYSLER,SEBRING 4C 2.4L I4 E,Bas,4D SEDAN,SILVER,AUTO,2.0,Covers,46614,AMERICAN,MEDIUM,CHRYSLER,7025.0,8164.0,8087.0,9317.0,7540.0,8534.0,8643.0,9717.0,,,99761,91763,CA,7650.0,0,834
0,1247097600,MANHEIM,2004,5,CHRYSLER,PT CRUISER 2.4L I4 S,Lim,4D SEDAN LIMITED,GOLD,AUTO,2.0,Covers,77083,AMERICAN,MEDIUM,CHRYSLER,4700.0,5603.0,5576.0,6551.0,3759.0,4177.0,4560.0,5011.0,,,16044,22403,VA,5515.0,0,1389
0,1235520000,MANHEIM,2002,7,CHEVROLET,IMPALA 3.8L V6 MFI,LS,4D SEDAN LS,RED,AUTO,1.0,Alloy,84305,AMERICAN,LARGE,GM,4062.0,5295.0,4887.0,6219.0,3599.0,4648.0,4387.0,5520.0,,,19638,33916,FL,5400.0,0,2452
0,1285113600,ADESA,2007,3,CHEVROLET,TRAILBLAZER 2WD 6C,LS,4D SUV 4.2L,BLUE,AUTO,1.0,Alloy,86896,AMERICAN,MEDIUM SUV,GM,13351.0,14873.0,17477.0,18716.0,12781.0,14437.0,16422.0,17942.0,,,835,85226,AZ,8815.0,0,1243
0,1246924800,OTHER,2006,3,CHEVROLET,IMPALA 3.5L V6 SFI,LT,4D SEDAN LT 3.5L,BEIGE,AUTO,1.0,Alloy,68978,AMERICAN,LARGE,GM,7524.0,9014.0,8626.0,10235.0,7529.0,9135.0,8631.0,10366.0,,,21053,95673,CA,7735.0,0,1703
0,1285804800,MANHEIM,2006,4,DODGE,STRATUS V6,SXT,4D SEDAN SXT FFV,SILVER,AUTO,2.0,Covers,74171,AMERICAN,MEDIUM,CHRYSLER,6634.0,7516.0,9996.0,10816.0,5956.0,6499.0,9322.0,9710.0,,,23359,92337,CA,5980.0,0,1389
0,1277769600,MANHEIM,2004,6,CHRYSLER,PT CRUISER,Bas,4D SEDAN,SILVER,AUTO,1.0,Alloy,89028,AMERICAN,MEDIUM,CHRYSLER,3532.0,4517.0,6631.0,7928.0,2945.0,3938.0,5977.0,7143.0,,,23657,92504,CA,4695.0,0,1503
0,1276732800,OTHER,2007,3,CHEVROLET,IMPALA,LS,4D SEDAN LS,MAROON,AUTO,2.0,Covers,59998,AMERICAN,LARGE,GM,7922.0,8954.0,11400.0,12507.0,8011.0,9078.0,11478.0,12655.0,,,99750,97060,OR,7900.0,0,1500
0,1265846400,ADESA,2006,4,CHRYSLER,SEBRING V6,Tou,4D SEDAN,SILVER,AUTO,1.0,Alloy,82518,AMERICAN,MEDIUM,CHRYSLER,3799.0,4357.0,6909.0,7924.0,3756.0,4317.0,7114.0,7872.0,,,52117,28273,NC,4735.0,0,1373
0,1245715200,ADESA,2007,2,DODGE,CALIBER 2.0L I4 SFI,Bas,4D WAGON,BLACK,AUTO,2.0,Covers,42572,AMERICAN,MEDIUM,CHRYSLER,7925.0,9430.0,9059.0,10684.0,7925.0,9430.0,9059.0,10684.0,,,20833,78754,TX,7010.0,0,693
0,1250035200,MANHEIM,2006,3,DODGE,MAGNUM V6 2.7L V6 MP,SE,WAGON 2.7L,WHITE,AUTO,2.0,Covers,84837,AMERICAN,SPECIALTY,CHRYSLER,7499.0,8756.0,8599.0,9956.0,7195.0,8752.0,11436.0,13042.0,,,18822,64161,MO,8605.0,0,1503
0,1288828800,MANHEIM,2005,5,CHEVROLET,TRAILBLAZER 2WD 6C,LS,4D SUV 4.2L,SILVER,AUTO,1.0,Alloy,92815,AMERICAN,MEDIUM SUV,GM,6655.0,7899.0,10544.0,11733.0,6582.0,7894.0,10050.0,11557.0,NO,GREEN,52117,47129,IN,6960.0,0,1341
0,1251072000,MANHEIM,2005,4,CHRYSLER,PT CRUISER 2.4L I4 S,Tou,4D SEDAN,SILVER,AUTO,2.0,Covers,79787,AMERICAN,MEDIUM,CHRYSLER,4290.0,5305.0,5133.0,6229.0,4365.0,5333.0,5214.0,6260.0,,,17675,27542,NC,4300.0,0,1389
0,1269302400,OTHER,2008,2,DODGE,CALIBER,SE,4D WAGON,RED,AUTO,1.0,Alloy,48796,AMERICAN,MEDIUM,CHRYSLER,7991.0,8469.0,11882.0,12239.0,7495.0,8140.0,11072.0,11706.0,,,99761,74135,OK,7500.0,0,693
1,1257120000,MANHEIM,2005,4,MAZDA,MAZDA6,i,4D SEDAN I,WHITE,AUTO,1.0,Alloy,86663,OTHER ASIAN,MEDIUM,OTHER,6455.0,8190.0,7471.0,9345.0,5894.0,7175.0,9374.0,10853.0,,,18880,27542,NC,6435.0,0,1373
0,1269475200,MANHEIM,2006,4,DODGE,CARAVAN GRAND FWD V6,SXT,MINIVAN 3.8L,GREY,AUTO,1.0,Alloy,87941,AMERICAN,VAN,CHRYSLER,7759.0,10001.0,11518.0,13496.0,7444.0,8855.0,11988.0,13489.0,,,18881,30272,GA,6245.0,0,1763
0,1259712000,MANHEIM,2005,4,NISSAN,ALTIMA,Bas,4D SEDAN 2.5 S,BLUE,AUTO,2.0,Covers,75291,TOP LINE ASIAN,MEDIUM,OTHER,6000.0,7253.0,6980.0,8333.0,6737.0,7998.0,10308.0,11902.0,,,22808,75236,TX,6925.0,0,686
0,1239062400,MANHEIM,2002,7,CHEVROLET,AVALANCHE 1500 2WD V,150,4D SUV-PICKUP 5.3L,BEIGE,AUTO,1.0,Alloy,74838,AMERICAN,LARGE TRUCK,GM,7379.0,8733.0,8469.0,9932.0,7379.0,8733.0,8469.0,9932.0,,,16044,28625,NC,9260.0,0,1572
0,1286928000,MANHEIM,2009,1,MITSUBISHI,GALANT 4C,ES,4D SEDAN ES,RED,AUTO,1.0,Alloy,71954,OTHER ASIAN,MEDIUM,OTHER,8613.0,9233.0,11860.0,12714.0,8546.0,9290.0,12176.0,12916.0,,,22808,75236,TX,8860.0,0,569
1,1233532800,MANHEIM,2005,4,CHRYSLER,PT CRUISER 2.4L I4 S,Tou,4D SEDAN,GOLD,AUTO,2.0,Covers,71670,AMERICAN,MEDIUM,CHRYSLER,4445.0,5468.0,5301.0,6405.0,4481.0,5385.0,5339.0,6316.0,,,20928,27542,NC,5300.0,0,1389
0,1265155200,MANHEIM,2005,5,DODGE,CARAVAN GRAND FWD V6,SE,MINIVAN 3.3L,GREEN,AUTO,2.0,Covers,60428,AMERICAN,VAN,CHRYSLER,4448.0,5806.0,8874.0,10590.0,4807.0,6077.0,8523.0,10124.0,,,21973,32824,FL,5600.0,0,1411
0,1241568000,MANHEIM,2003,6,FORD,TAURUS 3.0L V6 EFI,SE,4D SEDAN SE,SILVER,AUTO,1.0,Alloy,37968,AMERICAN,MEDIUM,FORD,2326.0,3367.0,3012.0,4136.0,2326.0,3367.0,3012.0,4136.0,,,23359,94544,CA,4895.0,0,942
0,1248825600,OTHER,2008,1,DODGE,AVENGER 4C 2.4L I4 S,SE,4D SEDAN,RED,AUTO,2.0,Covers,44654,AMERICAN,MEDIUM,CHRYSLER,8194.0,9045.0,9350.0,10269.0,8477.0,9266.0,9655.0,10507.0,,,99761,74135,OK,8300.0,0,834
1,1242604800,MANHEIM,2005,4,DODGE,STRATUS V6 2.7L V6 M,SXT,4D SEDAN SXT FFV,WHITE,AUTO,2.0,Covers,47519,AMERICAN,MEDIUM,CHRYSLER,5569.0,6584.0,6515.0,7611.0,3640.0,5106.0,7265.0,8775.0,,,20740,27542,NC,5400.0,0,975
0,1251244800,MANHEIM,2002,7,CHEVROLET,TAHOE 2WD 5.3L V8 SF,LS,4D SUV 5.3L FFV LS,MAROON,AUTO,1.0,Alloy,90537,AMERICAN,LARGE SUV,GM,6587.0,7934.0,7614.0,9069.0,6128.0,7340.0,9213.0,10835.0,,,5546,32824,FL,9000.0,0,2218
0,1277164800,OTHER,2008,2,CHRYSLER,PT CRUISER,Bas,4D SEDAN,BLACK,AUTO,2.0,Covers,61505,AMERICAN,MEDIUM,CHRYSLER,6938.0,7728.0,10231.0,10972.0,6501.0,7278.0,9880.0,10625.0,,,99761,90045,CA,6100.0,0,1215
0,1253664000,MANHEIM,2007,2,CHEVROLET,IMPALA V6 3.5L V6 SF,LT,4D SEDAN LT 3.5L,SILVER,AUTO,1.0,Alloy,62205,AMERICAN,LARGE,GM,8717.0,10378.0,9914.0,11708.0,7612.0,8962.0,12070.0,13469.0,,,19638,32824,FL,8000.0,0,1703
0,1242604800,MANHEIM,2004,5,DODGE,STRATUS V6 2.7L V6 M,SE,4D SEDAN,SILVER,AUTO,1.0,Alloy,69804,AMERICAN,MEDIUM,CHRYSLER,2718.0,3605.0,3435.0,4393.0,2718.0,3605.0,3435.0,4393.0,,,20740,27542,NC,3800.0,0,1215
0,1258502400,MANHEIM,2004,5,HYUNDAI,SONATA V6,Bas,4D SEDAN,GOLD,AUTO,3.0,Special,76033,OTHER ASIAN,MEDIUM,OTHER,3748.0,4937.0,4548.0,5832.0,3359.0,4507.0,6485.0,7807.0,,,16926,92057,CA,4975.0,0,803
0,1275609600,OTHER,2005,5,PONTIAC,GRAND AM V6,SE,4D SEDAN SE,RED,AUTO,1.0,Alloy,88325,AMERICAN,MEDIUM,GM,3897.0,4906.0,7344.0,8640.0,3443.0,4612.0,6595.0,7716.0,,,20740,29461,SC,4400.0,0,2412
0,1285113600,MANHEIM,2005,5,CHRYSLER,SEBRING 4C,Bas,2D COUPE,RED,AUTO,1.0,Alloy,78740,AMERICAN,MEDIUM,CHRYSLER,3927.0,5422.0,7261.0,9474.0,4676.0,5224.0,8210.0,8887.0,,,19064,75236,TX,4910.0,0,1155
0,1289952000,MANHEIM,2006,4,CHEVROLET,COBALT,LS,4D SEDAN LS,BLUE,MANUAL,2.0,Covers,61772,AMERICAN,COMPACT,GM,4539.0,5580.0,7244.0,8452.0,4587.0,5641.0,7403.0,8724.0,,,20928,32824,FL,5650.0,0,728
0,1234915200,MANHEIM,2006,3,FORD,TAURUS 3.0L V6 EFI,SE,4D SEDAN SE,BLACK,AUTO,2.0,Covers,60596,AMERICAN,MEDIUM,FORD,4867.0,5814.0,5756.0,6779.0,4889.0,5951.0,5780.0,6927.0,,,20740,22801,VA,4820.0,0,825
0,1265155200,ADESA,2003,7,HONDA,ELEMENT 4WD,EX,4D SPORT UTILITY EX,GREY,AUTO,1.0,Alloy,61123,TOP LINE ASIAN,SMALL SUV,OTHER,6632.0,8026.0,10008.0,11469.0,7024.0,8722.0,10152.0,11844.0,,,19619,20166,VA,8420.0,0,930
0,1282089600,MANHEIM,2005,5,CHEVROLET,EQUINOX FWD V6,LS,4D SUV LS,GOLD,AUTO,1.0,Alloy,77075,AMERICAN,MEDIUM SUV,GM,6848.0,7952.0,10445.0,11759.0,6185.0,7486.0,9722.0,10857.0,,,20928,32824,FL,8050.0,0,1389
0,1285113600,ADESA,2007,3,DODGE,MAGNUM V6,SE,WAGON 2.7L,GREY,AUTO,2.0,Covers,68578,AMERICAN,SPECIALTY,CHRYSLER,8099.0,9663.0,12342.0,13553.0,8017.0,9408.0,12646.0,13645.0,,,835,85226,AZ,9115.0,0,1215
0,1274745600,MANHEIM,2006,4,CHEVROLET,EQUINOX AWD V6,LS,4D SUV LS,GREY,AUTO,2.0,Covers,77862,AMERICAN,MEDIUM SUV,GM,9136.0,11672.0,13431.0,15622.0,9510.0,11455.0,13490.0,15380.0,,,16044,21075,MD,8485.0,0,1506
0,1279584000,MANHEIM,2007,3,DODGE,DURANGO 4WD V8,SXT,4D SUV 4.7L FFV SXT,GREY,AUTO,1.0,Alloy,80541,AMERICAN,MEDIUM SUV,CHRYSLER,10888.0,12067.0,16038.0,16991.0,11234.0,13138.0,15667.0,17400.0,,,99750,80011,CO,10400.0,0,1763
0,1245628800,MANHEIM,2005,4,KIA,OPTIMA 4C 2.4L I4 MP,EX,4D SEDAN EX,WHITE,AUTO,2.0,Covers,75495,OTHER ASIAN,MEDIUM,OTHER,0.0,0.0,0.0,0.0,0.0,0.0,0.0,0.0,,,18111,27542,NC,4000.0,0,803
0,1288742400,OTHER,2009,1,CHRYSLER,PT CRUISER,Bas,4D SEDAN,SILVER,AUTO,2.0,Covers,42245,AMERICAN,MEDIUM,CHRYSLER,7127.0,7515.0,10855.0,11224.0,8452.0,8923.0,11324.0,11955.0,,,99761,74135,OK,6800.0,0,975
0,1264464000,MANHEIM,2006,4,GMC,1500 SIERRA PICKUP 2,SL,CREW CAB 4.8L,BLUE,AUTO,1.0,Alloy,73983,AMERICAN,LARGE TRUCK,GM,10597.0,13419.0,15922.0,18942.0,12744.0,14967.0,17007.0,18810.0,,,17212,75050,TX,11705.0,0,1155
1,1287532800,OTHER,2006,4,FORD,ESCAPE 2WD 4C,XLS,4D CUV 2.3L XLS,WHITE,AUTO,,,89237,AMERICAN,SMALL SUV,FORD,6282.0,7905.0,10236.0,12105.0,6547.0,8180.0,10465.0,12278.0,,,52492,29697,SC,7900.0,0,983
1,1273708800,MANHEIM,2007,3,DODGE,CALIBER,Bas,4D WAGON,SILVER,AUTO,2.0,Covers,68426,AMERICAN,MEDIUM,CHRYSLER,6960.0,8256.0,10907.0,11884.0,6524.0,7780.0,10166.0,11252.0,,,20234,85353,AZ,6970.0,0,825
1,1282780800,MANHEIM,2005,5,CHRYSLER,PT CRUISER,Lim,4D SEDAN LIMITED,GOLD,AUTO,3.0,Special,70392,AMERICAN,MEDIUM,CHRYSLER,4783.0,5602.0,8131.0,9058.0,4602.0,5815.0,8188.0,9245.0,,,21053,87105,NM,5690.0,0,1389
1,1287619200,MANHEIM,2002,8,MERCURY,SABLE,GS,4D SEDAN GS,WHITE,AUTO,2.0,Covers,89611,AMERICAN,MEDIUM,FORD,2011.0,3039.0,4698.0,6020.0,2290.0,3236.0,5020.0,6065.0,,,18880,29532,SC,4950.0,0,1283
0,1251158400,MANHEIM,2005,4,JEEP,GRAND CHEROKEE 2WD V,Lar,4D WAGON LAREDO,BLUE,AUTO,1.0,Alloy,86864,AMERICAN,MEDIUM SUV,CHRYSLER,8967.0,10264.0,10184.0,11585.0,8229.0,9710.0,11506.0,13657.0,,,21973,34761,FL,8495.0,0,1893
0,1236729600,MANHEIM,2007,2,DODGE,1500 RAM PICKUP 2WD,SLT,QUAD CAB 4.7L FFV SLT,WHITE,AUTO,1.0,Alloy,76268,AMERICAN,LARGE TRUCK,CHRYSLER,14415.0,15624.0,16068.0,17374.0,14362.0,15686.0,16011.0,17441.0,,,22916,80011,CO,9385.0,0,920
0,1264636800,MANHEIM,2005,5,DODGE,STRATUS V6,SXT,4D SEDAN,WHITE,AUTO,2.0,Covers,53550,AMERICAN,MEDIUM,CHRYSLER,3554.0,5017.0,6627.0,8006.0,3463.0,5020.0,6561.0,8153.0,,,18822,77061,TX,5780.0,0,1086
0,1245974400,OTHER,2005,4,FORD,TAURUS 3.0L V6 EFI,SE,4D SEDAN SE,WHITE,AUTO,,,80975,AMERICAN,MEDIUM,FORD,3688.0,4783.0,4483.0,5666.0,3688.0,4783.0,4483.0,5666.0,,,99761,85018,AZ,4050.0,0,983
0,1239062400,ADESA,2007,2,DODGE,CHARGER V6 2.7L V6 M,Bas,4D SEDAN 2.7L SE,GREY,AUTO,2.0,Covers,73171,AMERICAN,SPECIALTY,CHRYSLER,9461.0,11189.0,10718.0,12584.0,9461.0,11189.0,10718.0,12584.0,,,19619,45005,OH,9865.0,0,1389
0,1244678400,OTHER,2006,3,CHEVROLET,MALIBU 4C 2.2L I4 MP,LT,4D SEDAN LT,GOLD,AUTO,1.0,Alloy,75423,AMERICAN,MEDIUM,GM,6311.0,7450.0,7316.0,8546.0,6311.0,7450.0,7316.0,8546.0,,,8655,38637,MS,6225.0,0,1038
0,1255910400,ADESA,2005,4,CHRYSLER,PT CRUISER 2.4L I4 S,Bas,4D SEDAN,GOLD,AUTO,2.0,Covers,63458,AMERICAN,MEDIUM,CHRYSLER,4390.0,5579.0,5241.0,6525.0,3796.0,4837.0,7137.0,8428.0,,,5546,33619,FL,5800.0,0,1215
0,1237939200,OTHER,2005,4,DODGE,CARAVAN GRAND FWD V6,SE,MINIVAN 3.3L,SILVER,AUTO,2.0,Covers,74742,AMERICAN,VAN,CHRYSLER,5036.0,6187.0,5939.0,7182.0,5615.0,7167.0,6564.0,8240.0,,,835,85009,AZ,6170.0,0,1623
0,1277164800,MANHEIM,2004,6,DODGE,NEON,SE,4D SEDAN,WHITE,AUTO,2.0,Covers,72335,AMERICAN,COMPACT,CHRYSLER,3033.0,4071.0,5991.0,7033.0,2560.0,3549.0,5747.0,6926.0,,,20234,97217,OR,5030.0,0,686
0,1265846400,MANHEIM,2006,4,DODGE,STRATUS 4C,SXT,4D SEDAN,RED,AUTO,1.0,Alloy,61038,AMERICAN,MEDIUM,CHRYSLER,4280.0,5495.0,8056.0,9307.0,4797.0,5810.0,7722.0,9096.0,,,19638,33762,FL,6320.0,0,1020
0,1271721600,MANHEIM,2002,8,CHEVROLET,MALIBU V6,LS,4D SEDAN LS,GOLD,AUTO,1.0,Alloy,82602,AMERICAN,MEDIUM,GM,2399.0,3446.0,4701.0,6078.0,2521.0,3544.0,5389.0,6953.0,,,20207,77041,TX,3765.0,0,2712
0,1264032000,OTHER,2008,2,DODGE,CALIBER,SE,4D WAGON,SILVER,AUTO,2.0,Covers,53252,AMERICAN,MEDIUM,CHRYSLER,7048.0,7614.0,11006.0,11599.0,7269.0,7898.0,10834.0,11413.0,,,99761,74135,OK,6300.0,0,754
0,1280361600,ADESA,2004,6,DODGE,DURANGO 4WD V8,Lim,4D SUV 5.7L LIMITED,WHITE,AUTO,3.0,Special,91894,AMERICAN,MEDIUM SUV,CHRYSLER,8972.0,10742.0,12735.0,14357.0,8056.0,9796.0,11653.0,13520.0,,,17675,28273,NC,9975.0,0,1918
0,1280361600,ADESA,2006,4,TOYOTA,MATRIX 2WD,Bas,4D SEDAN,BLACK,MANUAL,2.0,Covers,52298,TOP LINE ASIAN,MEDIUM,OTHER,7512.0,9284.0,11407.0,12779.0,6393.0,7772.0,9873.0,12482.0,,,22916,80817,CO,8325.0,0,505
1,1271808000,MANHEIM,2003,7,FORD,EXPLORER 2WD V6,XLS,4D SUV 4.0L SPORT TRAC,WHITE,AUTO,1.0,Alloy,72627,AMERICAN,MEDIUM SUV,FORD,6725.0,7813.0,9885.0,10956.0,6425.0,7529.0,10248.0,11374.0,,,19619,32824,FL,8250.0,0,1455
1,1288742400,OTHER,2006,4,SUZUKI,FORENZA,,4D SEDAN,NOT AVAIL,AUTO,,,68206,OTHER ASIAN,MEDIUM,OTHER,3598.0,4715.0,6823.0,8099.0,3623.0,4758.0,6767.0,8055.0,,,52598,29697,SC,4500.0,0,533
0,1275350400,OTHER,2008,2,CHRYSLER,PT CRUISER,Bas,4D SEDAN,GREY,AUTO,2.0,Covers,58072,AMERICAN,MEDIUM,CHRYSLER,6953.0,7690.0,10661.0,11125.0,6861.0,7766.0,10362.0,11389.0,,,99761,90045,CA,6300.0,0,1086
0,1236643200,MANHEIM,2007,2,CHEVROLET,IMPALA 3.5L V6 SFI,LS,4D SEDAN LS,BLACK,AUTO,2.0,Covers,61118,AMERICAN,LARGE,GM,8461.0,9575.0,9638.0,10841.0,7431.0,8482.0,8525.0,9661.0,,,3453,80022,CO,7405.0,0,1703
0,1258934400,MANHEIM,2006,3,SATURN,VUE 2WD 4C,,4D CUV 2.2L,BLUE,AUTO,2.0,Covers,62730,AMERICAN,MEDIUM SUV,GM,6894.0,8511.0,7946.0,9692.0,6452.0,7851.0,10566.0,11808.0,,,18880,27542,NC,6600.0,0,1411
0,1268611200,OTHER,2005,5,CHEVROLET,IMPALA,Bas,4D SEDAN,SILVER,AUTO,2.0,Covers,89934,AMERICAN,LARGE,GM,4735.0,5867.0,7498.0,8834.0,4102.0,5318.0,7358.0,8702.0,,,20234,95673,CA,6405.0,0,2152
0,1287532800,MANHEIM,2005,5,DODGE,DURANGO 2WD V8,SLT,4D SUV 4.7L SLT,MAROON,AUTO,1.0,Alloy,92503,AMERICAN,MEDIUM SUV,CHRYSLER,7041.0,8423.0,10913.0,12102.0,8108.0,9993.0,12061.0,13711.0,NO,GREEN,18822,78219,TX,8935.0,0,1630
1,1239840000,MANHEIM,2003,6,FORD,TAURUS 3.0L V6 EFI,SE,4D SEDAN SE,RED,AUTO,1.0,Alloy,76067,AMERICAN,MEDIUM,FORD,2326.0,3367.0,3012.0,4136.0,2326.0,3367.0,3012.0,4136.0,,,23359,92337,CA,4130.0,0,1220
0,1243296000,OTHER,2004,5,SATURN,ION 2.2L I4 EFI,2,4D SEDAN LEVEL 2,RED,MANUAL,2.0,Covers,68872,AMERICAN,MEDIUM,GM,4065.0,5204.0,4890.0,6120.0,4065.0,5204.0,4890.0,6120.0,,,21053,95673,CA,3890.0,0,728
0,1277164800,OTHER,2004,6,FORD,EXPLORER 2WD V6,XLS,4D SUV 4.0L SPORT TRAC,BLUE,AUTO,1.0,Alloy,74479,AMERICAN,MEDIUM SUV,FORD,8003.0,9519.0,11776.0,13468.0,7453.0,8775.0,11519.0,13101.0,,,20740,21014,MD,8500.0,0,1155
0,1233705600,MANHEIM,2003,6,PONTIAC,MONTANA 3.4L V6 EFI,,4D MINIVAN 3.4L VALUE,WHITE,AUTO,2.0,Covers,62467,AMERICAN,VAN,GM,2531.0,3244.0,3233.0,4004.0,2978.0,3881.0,3716.0,4691.0,,,23359,92807,CA,4095.0,0,4210
0,1291248000,MANHEIM,2008,2,MERCURY,SABLE,Bas,4D SEDAN,SILVER,AUTO,1.0,Alloy,80052,AMERICAN,MEDIUM,FORD,11046.0,13339.0,15336.0,17556.0,11905.0,14031.0,15705.0,17756.0,NO,GREEN,16044,12552,NY,7125.0,0,983
0,1246233600,MANHEIM,2005,4,FORD,FOCUS 2.0L I4 SFI,ZX4,4D SEDAN ZX4,SILVER,AUTO,2.0,Covers,49469,AMERICAN,COMPACT,FORD,3740.0,4842.0,4539.0,5729.0,3740.0,4842.0,4539.0,5729.0,,,20740,27542,NC,5235.0,0,834
0,1285113600,MANHEIM,2006,4,FORD,TAURUS,SEL,4D SEDAN SEL,GREEN,AUTO,1.0,Alloy,80544,AMERICAN,MEDIUM,FORD,4671.0,5869.0,10062.0,12642.0,4792.0,6025.0,8005.0,9322.0,,,17212,64161,MO,5890.0,0,983
1,1244592000,OTHER,2005,4,FORD,TAURUS 3.0L V6 EFI,SE,4D SEDAN SE FFV,GOLD,AUTO,2.0,Covers,89632,AMERICAN,MEDIUM,FORD,4321.0,5665.0,5167.0,6618.0,4321.0,5665.0,5167.0,6618.0,,,835,85009,AZ,4175.0,0,983
0,1280275200,MANHEIM,2007,3,CHEVROLET,MALIBU V6,LS,4D SEDAN LS,WHITE,AUTO,2.0,Covers,76272,AMERICAN,MEDIUM,GM,7163.0,8435.0,11051.0,12302.0,6649.0,8158.0,10322.0,11867.0,,,23359,92807,CA,6980.0,0,1272
0,1284508800,MANHEIM,2006,4,CHRYSLER,PT CRUISER,Tou,4D SEDAN,SILVER,AUTO,2.0,Covers,90592,AMERICAN,MEDIUM,CHRYSLER,4421.0,5425.0,8153.0,9097.0,4546.0,5560.0,7967.0,9010.0,,,21973,32824,FL,4650.0,0,1630
1,1247011200,OTHER,2003,6,MITSUBISHI,LANCER 2.0L I4 MPI,ES,4D SEDAN ES,BLUE,AUTO,2.0,Covers,82516,OTHER ASIAN,COMPACT,OTHER,2551.0,3463.0,3255.0,4240.0,2551.0,3463.0,3255.0,4240.0,,,835,85009,AZ,4675.0,0,894
0,1282176000,MANHEIM,2007,3,CHEVROLET,IMPALA,LS,4D SEDAN LS,BLUE,AUTO,2.0,Covers,68206,AMERICAN,LARGE,GM,8058.0,9130.0,11595.0,12810.0,7078.0,8282.0,10791.0,12229.0,,,99750,76040,TX,8300.0,0,1703
1,1285113600,OTHER,2004,6,NISSAN,XTERRA 2WD V6,SE,4D SPORT UTILITY,SILVER,AUTO,1.0,Alloy,74311,TOP LINE ASIAN,MEDIUM SUV,OTHER,6856.0,8413.0,10678.0,13103.0,6158.0,7342.0,10074.0,11036.0,,,52644,77073,TX,7725.0,0,569
0,1258416000,MANHEIM,2004,5,FORD,FREESTAR FWD V6,SES,4D PASSENGER 3.9L SES,MAROON,AUTO,1.0,Alloy,82581,AMERICAN,VAN,FORD,3911.0,4806.0,4724.0,5690.0,3575.0,4696.0,7047.0,8283.0,,,16044,21075,MD,5045.0,0,1633
0,1240272000,MANHEIM,2005,4,DODGE,DAKOTA PICKUP 2WD V6,ST,EXT CAB 3.7L,BLACK,AUTO,1.0,Alloy,56937,AMERICAN,SMALL TRUCK,CHRYSLER,6972.0,8250.0,8030.0,9410.0,6972.0,8250.0,8030.0,9410.0,,,3453,80022,CO,7130.0,0,920
0,1269216000,MANHEIM,2007,3,TOYOTA,AVALON,XL,4D SEDAN LIMITED,BLACK,AUTO,1.0,Alloy,79075,TOP LINE ASIAN,LARGE,OTHER,17178.0,18928.0,22253.0,24450.0,17128.0,18921.0,20831.0,22655.0,,,18111,27542,NC,11000.0,0,569
0,1260403200,ADESA,2004,5,FORD,ESCAPE 2WD V6,XLS,4D CUV 3.0L XLS,RED,AUTO,1.0,Alloy,83085,AMERICAN,SMALL SUV,FORD,5361.0,6599.0,9144.0,10981.0,4772.0,6035.0,8136.0,9925.0,,,5546,28273,NC,6580.0,0,983
0,1278374400,MANHEIM,2007,3,MAZDA,MAZDA3,i,4D SEDAN I,MAROON,MANUAL,1.0,Alloy,74017,OTHER ASIAN,MEDIUM,OTHER,10101.0,11750.0,14026.0,15298.0,9888.0,11569.0,13969.0,15477.0,,,835,85040,AZ,7640.0,0,1038
0,1289520000,ADESA,2002,8,FORD,EXPLORER 4WD V6,XLT,4D SUV 4.0L XLT,GREEN,AUTO,1.0,Alloy,72490,AMERICAN,MEDIUM SUV,FORD,3785.0,4911.0,7728.0,8613.0,3598.0,4517.0,7099.0,8011.0,,,8172,37771,TN,7980.0,0,2040
0,1272499200,OTHER,2007,3,FORD,FUSION 4C,SE,4D SEDAN SE,BLACK,AUTO,1.0,Alloy,74059,AMERICAN,MEDIUM,FORD,10729.0,12096.0,13828.0,14746.0,10256.0,11655.0,13833.0,14876.0,,,17212,76063,TX,7500.0,0,803
0,1241740800,MANHEIM,2004,5,CHEVROLET,MALIBU 4C 2.2L I4 MP,Cla,4D SEDAN CLASSIC,BLUE,AUTO,2.0,Covers,57997,AMERICAN,MEDIUM,GM,3486.0,5019.0,4265.0,5921.0,3486.0,5019.0,4265.0,5921.0,,,99750,85040,AZ,4100.0,0,920
0,1259020800,ADESA,2007,2,CHRYSLER,PT CRUISER,Bas,4D SEDAN,RED,AUTO,2.0,Covers,44646,AMERICAN,MEDIUM,CHRYSLER,5380.0,6264.0,6310.0,7265.0,5690.0,6677.0,9332.0,10090.0,,,18822,78754,TX,5605.0,0,975
0,1269993600,MANHEIM,2006,4,CHEVROLET,IMPALA,LS,4D SEDAN LS,GREY,AUTO,2.0,Covers,72789,AMERICAN,LARGE,GM,7573.0,8719.0,10530.0,11800.0,6831.0,8109.0,10851.0,12141.0,,,25100,75236,TX,8540.0,0,1974
0,1271721600,OTHER,2008,2,DODGE,AVENGER 4C,SE,4D SEDAN,BLUE,AUTO,2.0,Covers,48340,AMERICAN,MEDIUM,CHRYSLER,8949.0,9677.0,12945.0,13324.0,8065.0,9303.0,11929.0,13099.0,,,99761,74135,OK,9000.0,0,834
0,1237939200,MANHEIM,2004,5,DODGE,STRATUS 4C 2.4L I4 M,SE,4D SEDAN,GREY,AUTO,2.0,Covers,83840,AMERICAN,MEDIUM,CHRYSLER,3125.0,4092.0,3875.0,4919.0,,,,,,,17212,64161,MO,5090.0,0,1243
0,1240272000,MANHEIM,2005,4,SATURN,ION 2.2L I4 EFI,1,4D SEDAN LEVEL 1,BLACK,AUTO,2.0,Covers,75318,AMERICAN,MEDIUM,GM,3894.0,4969.0,4706.0,5867.0,3894.0,4969.0,4706.0,5867.0,,,20740,21075,MD,4115.0,0,803
0,1259625600,MANHEIM,2003,6,CHRYSLER,PT CRUISER,Bas,4D SEDAN,GREEN,MANUAL,2.0,Covers,73297,AMERICAN,MEDIUM,CHRYSLER,2897.0,3721.0,3629.0,4519.0,2471.0,3131.0,5798.0,6453.0,,,22916,80022,CO,4200.0,0,1689
1,1255651200,MANHEIM,2004,5,CHRYSLER,SEBRING 4C 2.4L I-4,Bas,2D CONVERTIBLE,MAROON,AUTO,2.0,Covers,98116,AMERICAN,MEDIUM,CHRYSLER,3221.0,4413.0,3979.0,5266.0,2915.0,4176.0,3648.0,5010.0,,,99740,27542,NC,3200.0,0,1341
0,1240876800,MANHEIM,2006,3,MERCURY,MONTEGO 3.0L V6 EFI,Bas,4D SEDAN LUXURY,GOLD,AUTO,1.0,Alloy,71658,AMERICAN,LARGE,FORD,9782.0,12124.0,11065.0,13594.0,9782.0,12124.0,11065.0,13594.0,,,16044,19440,PA,7480.0,0,1506
1,1272412800,MANHEIM,2006,4,KIA,OPTIMA 4C,EX,4D SEDAN EX,SILVER,AUTO,1.0,Alloy,69485,OTHER ASIAN,MEDIUM,OTHER,3956.0,6202.0,6106.0,9413.0,4405.0,5406.0,8185.0,8890.0,,,17212,64161,MO,5555.0,0,728
0,1249430400,MANHEIM,2007,2,CHEVROLET,MALIBU 4C 2.2L I4 MP,LS,4D SEDAN LS,SILVER,AUTO,2.0,Covers,84200,AMERICAN,MEDIUM,GM,6325.0,7698.0,7331.0,8814.0,6918.0,8067.0,7971.0,9212.0,,,16926,92807,CA,6520.0,0,1113
0,1256688000,MANHEIM,2007,2,CHRYSLER,TOWN & COUNTRY 2WD V,LX,EXT MINIVAN 3.3L LX,BEIGE,AUTO,2.0,Covers,78512,AMERICAN,VAN,CHRYSLER,6594.0,7432.0,7622.0,8527.0,6553.0,7774.0,10180.0,11652.0,,,19638,32824,FL,6730.0,0,1623
1,1237334400,OTHER,2004,5,DODGE,CARAVAN GRAND FWD V6,SXT,MINIVAN 3.8L SPORT,BLUE,AUTO,1.0,Alloy,89990,AMERICAN,VAN,CHRYSLER,5583.0,6981.0,6530.0,8039.0,4481.0,5678.0,5339.0,6632.0,,,18880,29697,SC,5600.0,0,1763
1,1276560000,MANHEIM,2006,4,CHEVROLET,TRAILBLAZER 2WD 6C,LS,4D SUV 4.2L LS,GREY,AUTO,1.0,Alloy,83913,AMERICAN,MEDIUM SUV,GM,8929.0,10735.0,13484.0,14710.0,8697.0,10607.0,12755.0,14378.0,,,25100,75050,TX,8175.0,0,1243
0,1288656000,MANHEIM,2006,4,CHRYSLER,PT CRUISER,Tou,4D SEDAN TOURING,RED,AUTO,2.0,Covers,41243,AMERICAN,MEDIUM,CHRYSLER,4230.0,5333.0,7608.0,9592.0,4348.0,5371.0,7239.0,8602.0,,,5546,34761,FL,5470.0,0,975
0,1285200000,OTHER,2004,6,CHRYSLER,CONCORDE,LX,4D SEDAN LX,SILVER,AUTO,1.0,Alloy,84624,AMERICAN,LARGE,CHRYSLER,2062.0,2912.0,5457.0,6217.0,3217.0,3997.0,6293.0,7106.0,NO,GREEN,17212,75020,TX,5200.0,0,1893
0,1292284800,ADESA,2005,5,PONTIAC,SUNFIRE,,2D COUPE SE,RED,MANUAL,2.0,Covers,53400,AMERICAN,COMPACT,GM,3322.0,4522.0,6924.0,12545.0,3798.0,5151.0,6607.0,8426.0,NO,GREEN,25100,78754,TX,3400.0,0,920
0,1250208000,ADESA,2006,3,CHRYSLER,PACIFICA FWD 3.5L V6,Bas,4D SPORT,BLUE,AUTO,2.0,Covers,86088,AMERICAN,CROSSOVER,CHRYSLER,8213.0,9788.0,9370.0,11071.0,7959.0,9471.0,9096.0,10729.0,,,16926,91752,CA,7160.0,0,1503
0,1242777600,OTHER,2005,4,SATURN,VUE 2WD 4C 2.2L I-4,,4D CUV 2.2L,BLACK,AUTO,1.0,Alloy,71936,AMERICAN,MEDIUM SUV,GM,6116.0,7859.0,7105.0,8988.0,6116.0,7859.0,7105.0,8988.0,,,17675,29697,SC,5200.0,0,1623
0,1271203200,MANHEIM,2007,3,CHEVROLET,IMPALA V6,LT,4D SEDAN LT 3.5L,GOLD,AUTO,1.0,Alloy,83709,AMERICAN,LARGE,GM,8677.0,10175.0,11853.0,13498.0,8637.0,10046.0,12126.0,13993.0,,,20928,32824,FL,8180.0,0,2152
0,1251936000,MANHEIM,2005,4,HYUNDAI,TUCSON 2WD V6 2.7L V,GLS,4D CUV,WHITE,AUTO,1.0,Alloy,70628,OTHER ASIAN,SMALL SUV,OTHER,7341.0,8544.0,8428.0,9728.0,6809.0,7790.0,7854.0,8913.0,,,23359,92337,CA,7575.0,0,1389
0,1256601600,MANHEIM,2005,4,DODGE,MAGNUM V6 3.5L V6 MP,SE,WAGON 3.5L,GREY,AUTO,1.0,Alloy,68013,AMERICAN,SPECIALTY,CHRYSLER,7187.0,8775.0,8262.0,9977.0,7854.0,9244.0,11597.0,12672.0,,,22916,80022,CO,8180.0,0,1215
0,1278979200,ADESA,2004,6,CHEVROLET,SUBURBAN 1500 2WD,150,4D UTILITY 5.3L FFV LS,BLACK,AUTO,1.0,Alloy,95945,AMERICAN,LARGE SUV,GM,9727.0,11946.0,13173.0,14900.0,6981.0,7893.0,11509.0,12364.0,,,22808,78754,TX,11150.0,0,1918
0,1257206400,ADESA,2006,3,DODGE,CHARGER,Bas,4D SEDAN,WHITE,AUTO,2.0,Covers,69908,AMERICAN,SPECIALTY,CHRYSLER,8601.0,10106.0,9789.0,11414.0,8362.0,9554.0,12009.0,13438.0,,,1151,91752,CA,9625.0,1,1215
0,1246492800,MANHEIM,2006,3,KIA,OPTIMA V6 2.7L V6 MP,EX,4D SEDAN EX,BEIGE,AUTO,1.0,Alloy,68667,OTHER ASIAN,MEDIUM,OTHER,0.0,0.0,0.0,0.0,0.0,0.0,0.0,0.0,,,20234,85353,AZ,5815.0,0,728
0,1233878400,ADESA,2007,2,SATURN,ION 2.2L I4 EFI / SF,2,4D SEDAN LEVEL 2,WHITE,AUTO,2.0,Covers,48762,AMERICAN,MEDIUM,GM,6934.0,8014.0,7989.0,9155.0,7034.0,8039.0,8097.0,9182.0,,,16926,91752,CA,6550.0,0,623
0,1242345600,OTHER,2007,2,DODGE,CALIBER 2.0L I4 SFI,SXT,4D WAGON SXT,BEIGE,AUTO,2.0,Covers,49762,AMERICAN,MEDIUM,CHRYSLER,8268.0,9772.0,9429.0,11054.0,8268.0,9772.0,9429.0,11054.0,,,99761,27407,NC,7400.0,0,693
0,1247702400,MANHEIM,2007,2,DODGE,CHARGER V6 2.7L V6 M,Bas,4D SEDAN 2.7L,GREY,AUTO,2.0,Covers,60551,AMERICAN,SPECIALTY,CHRYSLER,9780.0,11272.0,11062.0,12674.0,10107.0,11636.0,11416.0,13067.0,,,18111,30272,GA,10500.0,0,1215
0,1282608000,ADESA,2006,4,CHEVROLET,TRAILBLAZER 2WD 6C,LS,4D SUV 4.2L LS,GOLD,AUTO,1.0,Alloy,66187,AMERICAN,MEDIUM SUV,GM,8759.0,10512.0,12909.0,14402.0,7954.0,9819.0,12395.0,14348.0,,,18822,78754,TX,8740.0,0,1020
0,1236643200,ADESA,2005,4,CHEVROLET,MALIBU V6 3.5L V6 SF,LS,4D SEDAN LS,MAROON,AUTO,1.0,Alloy,72693,AMERICAN,MEDIUM,GM,6151.0,7483.0,7143.0,8582.0,6004.0,7295.0,6984.0,8379.0,,,22808,38118,TN,6240.0,0,1272
0,1234310400,OTHER,2004,5,NISSAN,SENTRA 1.8L I4 EFI,S,4D SEDAN 1.8,WHITE,AUTO,2.0,Covers,76484,TOP LINE ASIAN,COMPACT,OTHER,3737.0,4635.0,4536.0,5506.0,4267.0,5132.0,5108.0,6043.0,,,835,85009,AZ,5170.0,0,569
0,1256169600,ADESA,2003,6,CHRYSLER,PT CRUISER 2.4L I4 M,Tou,4D SEDAN LIMITED,GOLD,AUTO,1.0,Alloy,36449,AMERICAN,MEDIUM,CHRYSLER,3425.0,4439.0,4199.0,5294.0,3221.0,3853.0,6364.0,6971.0,,,19662,78227,TX,5210.0,0,1182
0,1265760000,MANHEIM,2005,5,FORD,MUSTANG V6,Bas,2D COUPE,SILVER,AUTO,1.0,Alloy,82230,AMERICAN,SPORTS,FORD,8001.0,9071.0,11639.0,13300.0,8348.0,9174.0,11330.0,12474.0,,,23359,92807,CA,8785.0,0,853
0,1279238400,ADESA,2006,4,CHEVROLET,IMPALA,LT,4D SEDAN LT 3.5L,BLUE,AUTO,,,89307,AMERICAN,LARGE,GM,6166.0,7478.0,9952.0,11243.0,6197.0,7380.0,9686.0,10898.0,,,18111,37771,TN,6870.0,0,2152
0,1285804800,ADESA,2006,4,CHRYSLER,PT CRUISER,Tou,4D SEDAN,BLUE,AUTO,2.0,Covers,71538,AMERICAN,MEDIUM,CHRYSLER,4612.0,5699.0,8186.0,10115.0,4253.0,5206.0,8129.0,8880.0,,,17675,28273,NC,5135.0,0,1389
0,1244764800,OTHER,2005,4,MERCURY,SABLE 3.0L V6 EFI,GS,4D SEDAN GS,SILVER,AUTO,1.0,Alloy,76915,AMERICAN,MEDIUM,FORD,3679.0,4958.0,4473.0,5855.0,3679.0,4958.0,4473.0,5855.0,,,99761,85018,AZ,4200.0,0,920
0,1289347200,MANHEIM,2008,2,CHRYSLER,TOWN & COUNTRY FWD V,LX,MINIVAN 3.8L,BLACK,AUTO,2.0,Covers,79127,AMERICAN,VAN,CHRYSLER,8749.0,10103.0,14032.0,15330.0,9112.0,10684.0,12324.0,14001.0,,,16044,22801,VA,8460.0,0,1623
0,1266796800,ADESA,2007,3,DODGE,CARAVAN GRAND FWD V6,SXT,MINIVAN 3.8L,BLUE,AUTO,1.0,Alloy,66545,AMERICAN,VAN,CHRYSLER,9693.0,12057.0,13671.0,15991.0,11871.0,14671.0,15959.0,18815.0,,,20928,33619,FL,7800.0,0,1411
0,1278374400,MANHEIM,2005,5,CHRYSLER,PACIFICA FWD,Bas,4D SPORT,BEIGE,AUTO,2.0,Covers,66341,AMERICAN,CROSSOVER,CHRYSLER,6259.0,7674.0,9652.0,11149.0,5529.0,6854.0,8978.0,10369.0,,,8172,30331,GA,7965.0,0,1215
1,1234915200,MANHEIM,2003,6,FORD,FOCUS 2.0L I4 SPI,LX,4D SEDAN LX,BLUE,AUTO,2.0,Covers,54967,AMERICAN,COMPACT,FORD,2863.0,3704.0,3592.0,4500.0,2953.0,3753.0,3689.0,4553.0,,,20740,22801,VA,3720.0,0,1220
0,1272326400,ADESA,2006,4,CHEVROLET,MALIBU V6,LT,4D SEDAN LT,WHITE,AUTO,2.0,Covers,71252,AMERICAN,MEDIUM,GM,6633.0,8393.0,9858.0,11844.0,6734.0,8114.0,10309.0,11927.0,,,52117,45005,OH,7135.0,0,1272
0,1246492800,MANHEIM,2006,3,CHEVROLET,MALIBU 4C 2.2L I4 MP,LT,4D SEDAN LT,SILVER,AUTO,2.0,Covers,70534,AMERICAN,MEDIUM,GM,6408.0,7588.0,7421.0,8695.0,6685.0,8129.0,7720.0,9279.0,,,16044,22403,VA,6515.0,0,1038
0,1291680000,ADESA,2006,4,FORD,FUSION V6,SE,4D SEDAN SE,GREY,AUTO,1.0,Alloy,62607,AMERICAN,MEDIUM,FORD,6792.0,8326.0,10815.0,12516.0,6958.0,8676.0,10265.0,11766.0,NO,GREEN,53245,78754,TX,7835.0,0,1118
0,1242777600,MANHEIM,2005,4,DODGE,STRATUS V6 2.7L V6 M,SXT,4D SEDAN SXT FFV,GREY,AUTO,2.0,Covers,48470,AMERICAN,MEDIUM,CHRYSLER,5569.0,6584.0,6515.0,7611.0,5569.0,6584.0,6515.0,7611.0,,,99750,78219,TX,5000.0,0,975
0,1291248000,MANHEIM,2008,2,CHEVROLET,MALIBU 4C,LS,4D SEDAN LS,GOLD,AUTO,2.0,Covers,69891,AMERICAN,MEDIUM,GM,9025.0,10139.0,12991.0,14102.0,9730.0,11310.0,13496.0,14726.0,NO,GREEN,19619,33619,FL,8915.0,0,923
0,1257379200,OTHER,2005,4,DODGE,CARAVAN FWD V6,SE,MINIVAN 3.3L,SILVER,AUTO,2.0,Covers,86145,AMERICAN,VAN,CHRYSLER,3289.0,4513.0,4052.0,5374.0,3323.0,4344.0,6350.0,7614.0,,,3453,80229,CO,4155.0,0,1763
0,1250467200,MANHEIM,2006,3,DODGE,STRATUS V6 2.7L V6 M,SXT,4D SEDAN SXT FFV,BLUE,AUTO,2.0,Covers,75193,AMERICAN,MEDIUM,CHRYSLER,5665.0,6461.0,6618.0,7478.0,5760.0,6783.0,6721.0,7826.0,,,18880,27542,NC,5300.0,0,1389
0,1255996800,MANHEIM,2008,1,DODGE,AVENGER 4C 2.4L I4 S,SE,4D SEDAN SE,WHITE,AUTO,2.0,Covers,60648,AMERICAN,MEDIUM,CHRYSLER,8484.0,9232.0,9663.0,10471.0,7611.0,8250.0,11642.0,12129.0,,,23359,92504,CA,7955.0,0,1020
0,1288051200,ADESA,2005,5,JEEP,LIBERTY 2WD V6,Spo,4D SUV,SILVER,AUTO,1.0,Alloy,71618,AMERICAN,SMALL SUV,CHRYSLER,6206.0,7493.0,9559.0,10971.0,5519.0,6820.0,8828.0,10170.0,,,52117,45005,OH,8105.0,0,686
0,1233705600,MANHEIM,2004,5,NISSAN,TITAN PICKUP 2WD V8,LE,EXT CAB 5.6L LE,WHITE,AUTO,1.0,Alloy,57316,TOP LINE ASIAN,LARGE TRUCK,OTHER,8246.0,9888.0,9406.0,11179.0,8144.0,9121.0,9296.0,10351.0,,,19064,75236,TX,9495.0,0,1003
0,1234224000,MANHEIM,2003,6,FORD,TAURUS 3.0L V6 EFI,SES,4D SEDAN SES,SILVER,AUTO,1.0,Alloy,73035,AMERICAN,MEDIUM,FORD,2822.0,3785.0,3548.0,4588.0,3040.0,4104.0,3783.0,4932.0,,,22916,80022,CO,3890.0,0,1220
0,1234224000,MANHEIM,2004,5,CHRYSLER,PT CRUISER 2.4L I4 S,Bas,4D SEDAN,SILVER,AUTO,2.0,Covers,59644,AMERICAN,MEDIUM,CHRYSLER,3962.0,4852.0,4779.0,5740.0,3664.0,4655.0,4457.0,5527.0,,,22916,80022,CO,5560.0,0,1086
1,1236124800,MANHEIM,2004,5,CHEVROLET,TRAILBLAZER 4WD 6C 4,Nor,4D SUV 4.2L LS,SILVER,AUTO,1.0,Alloy,76530,AMERICAN,MEDIUM SUV,GM,7134.0,8457.0,8205.0,9634.0,7162.0,8634.0,8235.0,9825.0,,,20740,22801,VA,8260.0,0,1974
0,1264032000,ADESA,2005,5,FORD,TAURUS,SE,4D SEDAN SE,WHITE,AUTO,2.0,Covers,84850,AMERICAN,MEDIUM,FORD,3060.0,4007.0,6358.0,7369.0,3846.0,4811.0,6965.0,7935.0,,,22916,80817,CO,4290.0,0,983
1,1282694400,OTHER,2002,8,HONDA,CIVIC,EX,4D SEDAN EX AUTO,NOT AVAIL,AUTO,,,89602,TOP LINE ASIAN,COMPACT,OTHER,4001.0,5096.0,8452.0,10765.0,4001.0,5096.0,8452.0,10765.0,,,20928,33311,FL,6035.0,0,1023
0,1253145600,ADESA,2004,5,DODGE,1500 RAM PICKUP 2WD,ST,QUAD CAB 4.7L SLT,SILVER,AUTO,3.0,Special,74997,AMERICAN,LARGE TRUCK,CHRYSLER,4246.0,5604.0,5086.0,6552.0,6470.0,7361.0,10548.0,11778.0,,,17675,28273,NC,9555.0,0,920
0,1274745600,MANHEIM,2007,3,DODGE,DAKOTA PICKUP 2WD V6,ST,QUAD CAB 3.7L,RED,AUTO,1.0,Alloy,91494,AMERICAN,SMALL TRUCK,CHRYSLER,11053.0,12426.0,14681.0,15483.0,8922.0,10678.0,13892.0,14775.0,,,17675,28625,NC,8845.0,0,1341
0,1237334400,ADESA,2006,3,KIA,SORENTO 2WD 3.5L V6,EX,4D SPORT UTILITY LX,SILVER,AUTO,1.0,Alloy,67926,OTHER ASIAN,MEDIUM SUV,OTHER,8120.0,9319.0,9270.0,10565.0,7665.0,8988.0,8778.0,10207.0,,,22808,71119,LA,6900.0,0,1508
0,1290470400,MANHEIM,2008,2,PONTIAC,GRAND PRIX,Bas,4D SEDAN,SILVER,AUTO,1.0,Alloy,79694,AMERICAN,LARGE,GM,8412.0,9805.0,12488.0,13921.0,8247.0,10201.0,11709.0,13772.0,,,18880,37210,TN,7500.0,0,1974
0,1270166400,OTHER,2008,2,KIA,SPECTRA,EX,4D SEDAN EX,BLACK,AUTO,2.0,Covers,48341,OTHER ASIAN,MEDIUM,OTHER,7590.0,8214.0,10725.0,11607.0,7347.0,7931.0,10879.0,11470.0,,,99761,85284,AZ,6735.0,0,482
0,1279670400,MANHEIM,2005,5,CHRYSLER,SEBRING V6,Tou,4D SEDAN LXI,BLUE,AUTO,2.0,Covers,66283,AMERICAN,MEDIUM,CHRYSLER,4295.0,5715.0,8075.0,9524.0,4479.0,5895.0,8205.0,9652.0,,,3453,80011,CO,5490.0,0,1118
0,1276646400,MANHEIM,2007,3,CHRYSLER,TOWN & COUNTRY 2WD V,LX,EXT MINIVAN 3.3L LX,BLUE,AUTO,2.0,Covers,98741,AMERICAN,VAN,CHRYSLER,6051.0,6789.0,10138.0,10855.0,5903.0,6850.0,9605.0,10620.0,,,3453,80011,CO,5965.0,0,1918
0,1285200000,MANHEIM,2003,7,FORD,ESCAPE 2WD V6,XLT,4D CUV 3.0L XLT,RED,AUTO,2.0,Covers,93335,AMERICAN,SMALL SUV,FORD,4409.0,5807.0,7435.0,9301.0,4655.0,5915.0,7606.0,9081.0,,,18111,30272,GA,7410.0,0,1353
0,1238025600,ADESA,2003,6,FORD,EXPLORER 2WD V6 4.0L,XLS,4D SUV 4.0L SPORT TRAC,RED,AUTO,1.0,Alloy,87352,AMERICAN,MEDIUM SUV,FORD,6941.0,7964.0,7996.0,9101.0,8421.0,9708.0,9595.0,10985.0,,,3453,80817,CO,7200.0,0,1543
0,1262736000,MANHEIM,2005,5,CHEVROLET,MALIBU V6,Bas,4D SEDAN,BLUE,AUTO,2.0,Covers,51832,AMERICAN,MEDIUM,GM,4251.0,5529.0,7651.0,9073.0,4869.0,5996.0,7913.0,9248.0,,,16926,92057,CA,6380.0,0,1003
0,1244505600,MANHEIM,2006,3,CHEVROLET,MALIBU 4C 2.2L I4 MP,LT,4D SEDAN LT,GREEN,AUTO,2.0,Covers,70357,AMERICAN,MEDIUM,GM,6311.0,7450.0,7316.0,8546.0,6311.0,7450.0,7316.0,8546.0,,,3453,80022,CO,6300.0,0,1038
0,1273622400,OTHER,2003,7,DODGE,DURANGO 2WD V8,Spo,4D SUV 4.7L,GREY,AUTO,1.0,Alloy,51017,AMERICAN,MEDIUM SUV,CHRYSLER,4201.0,5615.0,7687.0,8726.0,4006.0,5381.0,7580.0,8797.0,,,19638,35004,AL,6400.0,0,1386
0,1279238400,MANHEIM,2003,7,NISSAN,SENTRA,GXE,4D SEDAN GXE,SILVER,AUTO,2.0,Covers,86797,TOP LINE ASIAN,COMPACT,OTHER,3091.0,4143.0,5680.0,6900.0,3508.0,4304.0,6376.0,7379.0,,,18822,78219,TX,5135.0,0,894
0,1264550400,MANHEIM,2004,6,SATURN,ION,2,4D SEDAN LEVEL 2,SILVER,MANUAL,1.0,Alloy,54411,AMERICAN,MEDIUM,GM,3410.0,4443.0,6589.0,7894.0,3852.0,4742.0,6618.0,7606.0,,,20740,8505,NJ,5080.0,0,671
0,1240272000,MANHEIM,2005,4,FORD,FREESTAR FWD V6 3.9L,SE,PASSENGER 3.9L SE,GREY,AUTO,2.0,Covers,58060,AMERICAN,VAN,FORD,4798.0,6220.0,5682.0,7218.0,4798.0,6220.0,5682.0,7218.0,,,20207,75050,TX,5425.0,0,1169
1,1253577600,MANHEIM,2006,3,DODGE,CARAVAN GRAND FWD V6,Bas,MINIVAN 3.3L,SILVER,AUTO,2.0,Covers,77747,AMERICAN,VAN,CHRYSLER,6524.0,8267.0,7546.0,9428.0,6074.0,7571.0,7060.0,8677.0,,,23359,92504,CA,6940.0,0,1623
0,1256688000,ADESA,2006,3,FORD,FREESTAR FWD V6 3.9L,SE,PASSENGER 3.9L SE,WHITE,AUTO,2.0,Covers,80918,AMERICAN,VAN,FORD,5270.0,6545.0,6192.0,7569.0,5544.0,6676.0,9488.0,10880.0,,,21053,85226,AZ,6525.0,0,1633
0,1288915200,ADESA,2006,4,DODGE,1500 RAM PICKUP 2WD,Lar,QUAD CAB 5.7L BIG HORN,SILVER,AUTO,1.0,Alloy,85621,AMERICAN,LARGE TRUCK,CHRYSLER,11689.0,14180.0,16098.0,18724.0,9379.0,11984.0,14426.0,17856.0,,,23359,91752,CA,9225.0,0,983
1,1239753600,ADESA,2005,4,CHEVROLET,TRAILBLAZER 4WD 6C 4,LS,4D SUV 4.2L LS,WHITE,AUTO,1.0,Alloy,68285,AMERICAN,MEDIUM SUV,GM,9131.0,10801.0,10361.0,12165.0,9131.0,10801.0,10361.0,12165.0,,,20234,85226,AZ,8195.0,0,1703
0,1250640000,MANHEIM,2005,4,CHEVROLET,TRAILBLAZER 4WD 6C 4,LS,4D SUV 4.2L LS,GREY,AUTO,1.0,Alloy,93701,AMERICAN,MEDIUM SUV,GM,9104.0,10799.0,10332.0,12163.0,9254.0,11323.0,10494.0,12729.0,,,22916,80011,CO,7570.0,0,2351
0,1260403200,OTHER,2002,7,FORD,ESCAPE 4WD V6,XLT,4D CUV 3.0L XLT,SILVER,AUTO,1.0,Alloy,95011,AMERICAN,SMALL SUV,FORD,4330.0,5398.0,7661.0,9010.0,4637.0,5958.0,7614.0,8713.0,,,3453,80229,CO,6055.0,0,1930
0,1291248000,MANHEIM,2007,3,FORD,FREESTYLE FWD V6,SEL,4D CUV 3.0L SEL,BLACK,AUTO,1.0,Alloy,76424,AMERICAN,CROSSOVER,FORD,9131.0,10952.0,13860.0,15321.0,8869.0,11282.0,13159.0,15492.0,,,16044,12552,NY,8490.0,0,1506
0,1248220800,MANHEIM,2006,3,CHEVROLET,COBALT 2.2L I4 MPI,LS,4D SEDAN LS,GOLD,AUTO,2.0,Covers,51894,AMERICAN,COMPACT,GM,4810.0,5899.0,5695.0,6871.0,4994.0,6101.0,5894.0,7089.0,,,18111,37122,TN,5750.0,0,671
1,1251244800,MANHEIM,2005,4,DODGE,NEON 2.0L I4 SFI,SXT,4D SEDAN,BLUE,AUTO,1.0,Alloy,67575,AMERICAN,COMPACT,CHRYSLER,3457.0,4427.0,4234.0,5281.0,3346.0,4554.0,4114.0,5418.0,,,21973,32124,FL,4800.0,0,630
0,1286928000,OTHER,2004,6,MAZDA,MAZDA6,i,4D SEDAN I,BLUE,AUTO,1.0,Alloy,87667,OTHER ASIAN,MEDIUM,OTHER,4940.0,6442.0,8004.0,9621.0,4903.0,6332.0,8181.0,9893.0,,,52492,29697,SC,5700.0,0,1373
0,1252022400,ADESA,2005,4,FORD,FOCUS 2.0L I4 SFI,ZX4,4D SEDAN ZX4,BLUE,AUTO,1.0,Alloy,67483,AMERICAN,COMPACT,FORD,4107.0,5249.0,4936.0,6169.0,3515.0,4449.0,6750.0,8544.0,,,18111,37771,TN,5145.0,0,1020
0,1292457600,MANHEIM,2004,6,NISSAN,ALTIMA,Bas,4D SEDAN,SILVER,AUTO,1.0,Alloy,84097,TOP LINE ASIAN,MEDIUM,OTHER,4308.0,5388.0,7388.0,8505.0,3457.0,4091.0,6852.0,7402.0,,,19619,33411,FL,7355.0,0,723
0,1250726400,MANHEIM,2005,4,DODGE,STRATUS V6 2.7L V6 M,SXT,4D SEDAN SXT FFV,GREEN,AUTO,2.0,Covers,33515,AMERICAN,MEDIUM,CHRYSLER,5963.0,6942.0,6940.0,7997.0,5717.0,6933.0,6674.0,7988.0,,,99750,76040,TX,5100.0,0,882
0,1253836800,OTHER,2005,4,CHEVROLET,IMPALA 3.4L V6 SFI,Bas,4D SEDAN,GOLD,AUTO,1.0,Alloy,80145,AMERICAN,LARGE,GM,4255.0,5633.0,5095.0,6584.0,4277.0,5682.0,5119.0,6637.0,,,20928,32750,FL,4925.0,0,2152
0,1273708800,MANHEIM,2008,2,DODGE,AVENGER 4C,SE,4D SEDAN,ORANGE,AUTO,2.0,Covers,83682,AMERICAN,MEDIUM,CHRYSLER,8085.0,8994.0,11387.0,12380.0,7875.0,8984.0,12096.0,12902.0,,,835,85353,AZ,7575.0,0,1243
0,1263340800,OTHER,2008,2,SUZUKI,FORENZA,,4D SEDAN,GOLD,AUTO,2.0,Covers,43227,OTHER ASIAN,MEDIUM,OTHER,6078.0,6642.0,9372.0,10132.0,6777.0,7298.0,10510.0,11318.0,,,99761,85284,AZ,5800.0,0,482
1,1256601600,OTHER,2007,2,DODGE,CALIBER 2.0L I4 SFI,SXT,4D WAGON SXT,SILVER,AUTO,,,62061,AMERICAN,MEDIUM,CHRYSLER,7682.0,9160.0,8797.0,10393.0,7682.0,9160.0,8797.0,10393.0,,,21053,95673,CA,7205.0,0,825
0,1288137600,MANHEIM,2008,2,NISSAN,ALTIMA,Bas,4D SEDAN,RED,AUTO,2.0,Covers,75235,TOP LINE ASIAN,MEDIUM,OTHER,12049.0,13589.0,16565.0,17577.0,12670.0,13985.0,16226.0,17729.0,,,8655,75236,TX,8685.0,0,686
0,1264550400,OTHER,2007,3,CHEVROLET,IMPALA,LS,4D SEDAN LS,SILVER,AUTO,2.0,Covers,63891,AMERICAN,LARGE,GM,7081.0,8197.0,10611.0,12381.0,7792.0,9018.0,11631.0,12890.0,,,18881,42104,KY,7590.0,0,1703
1,1248134400,MANHEIM,2005,4,KIA,OPTIMA 4C 2.4L I4 MP,EX,4D SEDAN EX,GREEN,AUTO,2.0,Covers,61586,OTHER ASIAN,MEDIUM,OTHER,0.0,0.0,0.0,0.0,0.0,0.0,0.0,0.0,,,22808,75050,TX,4110.0,0,728
0,1284595200,MANHEIM,2006,4,SUZUKI,FORENZA,,4D SEDAN,WHITE,AUTO,1.0,Alloy,75961,OTHER ASIAN,MEDIUM,OTHER,0.0,0.0,0.0,0.0,3565.0,4724.0,6857.0,7715.0,,,8655,76040,TX,5010.0,0,569
1,1257897600,MANHEIM,2006,3,CHEVROLET,TRAILBLAZER EXT 2WD,LS,4D SUV 4.2L LS,WHITE,AUTO,1.0,Alloy,65702,AMERICAN,MEDIUM SUV,GM,9253.0,11392.0,10493.0,12803.0,8937.0,11012.0,13407.0,15474.0,,,16926,92057,CA,10025.0,0,1020
0,1264032000,ADESA,2001,9,FORD,FOCUS,SE,4D WAGON SE,RED,AUTO,1.0,Alloy,74474,AMERICAN,COMPACT,FORD,1680.0,2287.0,3618.0,4387.0,2706.0,3494.0,5120.0,6610.0,,,18822,78227,TX,3705.0,0,1455
0,1235606400,ADESA,2006,3,KIA,SPECTRA 2.0L I4 EFI,EX,4D SEDAN,GREY,AUTO,1.0,Alloy,48259,OTHER ASIAN,MEDIUM,OTHER,4584.0,5336.0,5451.0,6263.0,5178.0,5894.0,6092.0,6866.0,,,18880,28273,NC,5655.0,0,482
1,1259798400,MANHEIM,2008,1,CHEVROLET,MALIBU 4C,LS,4D SEDAN LS CLASSIC,SILVER,AUTO,2.0,Covers,79859,AMERICAN,MEDIUM,GM,8018.0,8941.0,9159.0,10156.0,7538.0,8327.0,11158.0,12107.0,,,18880,29532,SC,6995.0,0,1038
1,1263772800,ADESA,2004,6,CHRYSLER,PACIFICA FWD,,4D SPORT TOURER,GOLD,AUTO,1.0,Alloy,87008,AMERICAN,CROSSOVER,CHRYSLER,5925.0,7204.0,9121.0,10766.0,6372.0,7756.0,9650.0,10993.0,,,19638,33619,FL,6900.0,0,1503
1,1264982400,MANHEIM,2005,5,CHEVROLET,IMPALA,Bas,4D SEDAN,SILVER,AUTO,2.0,Covers,82905,AMERICAN,LARGE,GM,3953.0,5032.0,8177.0,10409.0,3953.0,5032.0,8177.0,10409.0,,,19619,27542,NC,5700.0,0,2152
0,1259884800,MANHEIM,2002,7,SATURN,L SERIES,L10,4D SEDAN LS,GOLD,AUTO,1.0,Alloy,80291,AMERICAN,MEDIUM,GM,2793.0,3548.0,5620.0,6560.0,2703.0,3856.0,5453.0,6958.0,,,19619,33314,FL,3810.0,0,1933
0,1266451200,MANHEIM,2006,4,KIA,RIO,Bas,4D SEDAN,BLUE,AUTO,1.0,Alloy,43111,OTHER ASIAN,COMPACT,OTHER,3571.0,3930.0,6908.0,7398.0,4423.0,5311.0,7365.0,8728.0,,,1231,89120,NV,5255.0,1,482
0,1236729600,MANHEIM,2005,4,FORD,ESCAPE 2WD 4C 2.3L I,XLS,4D CUV 2.3L XLS,GREY,AUTO,1.0,Alloy,86065,AMERICAN,SMALL SUV,FORD,6102.0,7540.0,7090.0,8643.0,5755.0,7020.0,6715.0,8082.0,,,21973,32824,FL,7100.0,0,983
0,1275868800,ADESA,2004,6,SATURN,ION,3,4D SEDAN LEVEL 3,MAROON,AUTO,1.0,Alloy,75321,AMERICAN,MEDIUM,GM,3801.0,4975.0,6936.0,8031.0,4988.0,6190.0,8244.0,9249.0,,,5546,33619,FL,5000.0,0,803
1,1252368000,MANHEIM,2004,5,DODGE,INTREPID 3.5L V6 MPI,SXT,4D SEDAN ES,WHITE,AUTO,1.0,Alloy,80805,AMERICAN,LARGE,CHRYSLER,1801.0,2672.0,2445.0,3386.0,3125.0,4333.0,3875.0,5180.0,,,22916,80022,CO,5040.0,0,1893
0,1280880000,MANHEIM,2005,5,CHEVROLET,IMPALA,LS,4D SEDAN LS,WHITE,AUTO,1.0,Alloy,94944,AMERICAN,LARGE,GM,4877.0,6222.0,8409.0,10038.0,4157.0,5593.0,7829.0,9164.0,,,18111,37122,TN,5050.0,0,2351
0,1289260800,MANHEIM,2004,6,DODGE,DURANGO 4WD V8,Lim,4D SUV 5.7L,RED,AUTO,1.0,Alloy,80735,AMERICAN,MEDIUM SUV,CHRYSLER,7866.0,9361.0,11823.0,13298.0,7242.0,9458.0,11017.0,13550.0,,,20740,19440,PA,8890.0,0,1763
0,1271980800,ADESA,2006,4,PONTIAC,GRAND PRIX,Bas,4D SEDAN,GREEN,AUTO,1.0,Alloy,75797,AMERICAN,LARGE,GM,6612.0,8026.0,10072.0,11522.0,6069.0,7609.0,9943.0,11352.0,,,16926,91752,CA,7790.0,0,1974
1,1259539200,MANHEIM,2006,3,CHEVROLET,EQUINOX FWD V6,LS,4D SUV LS,PURPLE,AUTO,2.0,Covers,76268,AMERICAN,MEDIUM SUV,GM,8641.0,10154.0,9832.0,11466.0,8427.0,10176.0,12797.0,14819.0,,,20740,27542,NC,7100.0,0,1389
0,1255046400,OTHER,2008,1,CHRYSLER,SEBRING 4C 2.4L I4 E,LX,4D SEDAN LX,RED,AUTO,2.0,Covers,51583,AMERICAN,MEDIUM,CHRYSLER,8514.0,9142.0,9695.0,10373.0,7806.0,8419.0,11432.0,12248.0,,,99761,74135,OK,7600.0,0,920
0,1256601600,MANHEIM,2005,4,DODGE,1500 RAM PICKUP 2WD,SLT,QUAD CAB 4.7L SLT,BLUE,AUTO,1.0,Alloy,68495,AMERICAN,LARGE TRUCK,CHRYSLER,8204.0,10100.0,9360.0,11408.0,9265.0,11460.0,13235.0,15291.0,,,22808,75050,TX,9695.0,0,825
0,1233273600,ADESA,2005,4,DODGE,NEON 2.0L I4 SFI,SE,4D SEDAN,RED,AUTO,1.0,Alloy,71949,AMERICAN,COMPACT,CHRYSLER,3413.0,4582.0,4186.0,5449.0,3564.0,4704.0,4349.0,5580.0,,,5546,34203,FL,3810.0,0,686
0,1289952000,MANHEIM,2006,4,PONTIAC,G6 V6,Bas,4D SEDAN,SILVER,AUTO,1.0,Alloy,80588,AMERICAN,MEDIUM,GM,5980.0,7347.0,9755.0,11177.0,6912.0,8604.0,9728.0,11850.0,,,835,87105,NM,6690.0,0,1373
0,1282694400,MANHEIM,2007,3,CHEVROLET,IMPALA,LS,4D SEDAN LS,WHITE,AUTO,2.0,Covers,77622,AMERICAN,LARGE,GM,8065.0,9162.0,11643.0,12928.0,7555.0,8827.0,10816.0,12239.0,,,20234,98064,WA,7445.0,0,1974
0,1245196800,MANHEIM,2003,6,GMC,ENVOY 2WD 6C 4.2L I6,SLE,4D UTILITY 4.2L SLE,WHITE,AUTO,1.0,Alloy,80794,AMERICAN,MEDIUM SUV,GM,5512.0,6483.0,6453.0,7502.0,6356.0,8054.0,7364.0,9198.0,,,17675,32824,FL,8100.0,0,1543
0,1268956800,MANHEIM,2006,4,CHEVROLET,COBALT,LS,4D SEDAN LS,WHITE,AUTO,2.0,Covers,62978,AMERICAN,COMPACT,GM,0.0,0.0,0.0,0.0,4744.0,5807.0,8233.0,9332.0,,,16044,17545,PA,6640.0,0,728
0,1255564800,OTHER,2008,1,DODGE,CALIBER 2.0L I4 SFI,SE,4D WAGON,WHITE,AUTO,2.0,Covers,50765,AMERICAN,MEDIUM,CHRYSLER,7342.0,7897.0,8429.0,9029.0,7661.0,8350.0,11321.0,11966.0,,,8655,38637,MS,7250.0,0,754
0,1272931200,ADESA,2005,5,KIA,SPECTRA,EX,4D SEDAN EX,WHITE,AUTO,2.0,Covers,26975,OTHER ASIAN,MEDIUM,OTHER,4350.0,5378.0,7299.0,8541.0,3552.0,4406.0,6970.0,7585.0,,,22808,78754,TX,5810.0,0,462
0,1258934400,ADESA,2004,5,CHEVROLET,MALIBU V6,LS,4D SEDAN LS,GOLD,AUTO,1.0,Alloy,81183,AMERICAN,MEDIUM,GM,4367.0,5444.0,5216.0,6380.0,4929.0,6043.0,7915.0,9023.0,,,5546,33619,FL,5300.0,0,1373
0,1247443200,MANHEIM,2004,5,NISSAN,ALTIMA 2.5L I4 EFI,Bas,4D SEDAN,GOLD,AUTO,1.0,Alloy,86088,TOP LINE ASIAN,MEDIUM,OTHER,5431.0,6376.0,6365.0,7386.0,5431.0,6376.0,6365.0,7386.0,,,17675,27542,NC,6500.0,0,723
0,1286236800,OTHER,2008,2,CHRYSLER,SEBRING 4C,LX,4D SEDAN LX,BLACK,AUTO,2.0,Covers,48723,AMERICAN,MEDIUM,CHRYSLER,7875.0,8850.0,12157.0,13162.0,7625.0,8770.0,11551.0,12514.0,,,25100,78610,TX,8195.0,0,834
0,1250812800,MANHEIM,2005,4,PONTIAC,G6 V6 3.5L V6 SFI,Bas,4D SEDAN,SILVER,AUTO,1.0,Alloy,85990,AMERICAN,MEDIUM,GM,6571.0,7810.0,7597.0,8935.0,6014.0,7453.0,6995.0,8549.0,,,20928,33314,FL,6030.0,0,1373
1,1278028800,ADESA,2004,6,PONTIAC,GRAND AM V6,SE,4D SEDAN SE1,GOLD,AUTO,,,92037,AMERICAN,MEDIUM,GM,2988.0,4268.0,5860.0,7193.0,2867.0,4040.0,5830.0,8216.0,,,23359,91752,CA,4245.0,0,2639
0,1234915200,MANHEIM,2003,6,FORD,EXPEDITION 2WD V8 4.,XLT,4D SUV 4.6L XLT,GOLD,AUTO,1.0,Alloy,79907,AMERICAN,LARGE SUV,FORD,6851.0,8045.0,7899.0,9189.0,7358.0,8779.0,8447.0,9981.0,,,19662,78219,TX,9575.0,0,1338
0,1241049600,ADESA,2003,6,FORD,EXPLORER 2WD V6 4.0L,XLS,4D SUV 4.0L FFV XLS,BLACK,AUTO,1.0,Alloy,52701,AMERICAN,MEDIUM SUV,FORD,4399.0,5349.0,5251.0,6277.0,4399.0,5349.0,5251.0,6277.0,,,19619,28273,NC,7160.0,0,1220
0,1277769600,MANHEIM,2002,8,FORD,F150 PICKUP 2WD V8,XL,EXT CAB 4.6L XLT,WHITE,AUTO,1.0,Alloy,88506,AMERICAN,LARGE TRUCK,FORD,4299.0,5891.0,8553.0,10110.0,4784.0,6374.0,8254.0,10051.0,,,25100,75050,TX,7025.0,0,1153
0,1245801600,OTHER,2006,3,JEEP,GRAND CHEROKEE 2WD V,Lar,4D WAGON LAREDO,WHITE,AUTO,1.0,Alloy,72769,AMERICAN,MEDIUM SUV,CHRYSLER,11484.0,13101.0,12903.0,14649.0,11935.0,13531.0,13390.0,15113.0,,,17212,76063,TX,10000.0,0,1740
0,1250121600,ADESA,2005,4,HYUNDAI,ELANTRA 2.0L I4 MPI,GLS,4D SEDAN,RED,AUTO,2.0,Covers,73011,OTHER ASIAN,MEDIUM,OTHER,3837.0,4833.0,4644.0,5720.0,4204.0,5254.0,5040.0,6174.0,,,20740,32219,FL,5400.0,0,569
0,1256688000,ADESA,2006,3,CHEVROLET,IMPALA 3.5L V6 SFI,LS,4D SEDAN LS,GOLD,AUTO,2.0,Covers,66841,AMERICAN,LARGE,GM,6573.0,7798.0,7599.0,8922.0,6590.0,7684.0,10099.0,11228.0,,,21053,85226,AZ,7270.0,0,1703
0,1265241600,ADESA,2006,4,SUZUKI,RENO,,4D SEDAN,SILVER,AUTO,2.0,Covers,59111,OTHER ASIAN,COMPACT,OTHER,3412.0,4462.0,6554.0,7711.0,4306.0,5359.0,7677.0,8754.0,,,17675,28273,NC,5540.0,0,505
0,1283299200,MANHEIM,2007,3,FORD,FOCUS,ZX4,4D SEDAN S,GREY,AUTO,2.0,Covers,56935,AMERICAN,COMPACT,FORD,5340.0,6934.0,8244.0,10705.0,5834.0,7355.0,9721.0,11127.0,,,23657,92807,CA,5930.0,0,920
0,1266364800,MANHEIM,2003,7,GMC,YUKON 4WD V8,SLE,4D UTILITY 5.3L SLE,WHITE,AUTO,1.0,Alloy,86791,AMERICAN,LARGE SUV,GM,8226.0,9707.0,12106.0,14285.0,7305.0,8292.0,11081.0,12099.0,,,1051,94544,CA,10005.0,1,2063
0,1268352000,ADESA,2007,3,CHRYSLER,PT CRUISER,Bas,4D SEDAN,WHITE,AUTO,2.0,Covers,49984,AMERICAN,MEDIUM,CHRYSLER,6266.0,7200.0,9495.0,10593.0,6057.0,7034.0,9404.0,10479.0,,,20740,37771,TN,6405.0,0,975
0,1286236800,MANHEIM,2007,3,DODGE,CARAVAN FWD V6,SE,MINIVAN 3.3L,SILVER,AUTO,2.0,Covers,75041,AMERICAN,VAN,CHRYSLER,5493.0,6840.0,8751.0,10273.0,5358.0,6539.0,8931.0,10544.0,,,20833,75050,TX,6870.0,0,1623
0,1267660800,OTHER,2004,6,FORD,FOCUS,LX,4D SEDAN LX,SILVER,MANUAL,2.0,Covers,85814,AMERICAN,COMPACT,FORD,3153.0,3799.0,6710.0,8085.0,2849.0,3623.0,5965.0,6841.0,,,3453,80229,CO,4355.0,0,1243
0,1280275200,MANHEIM,2007,3,PONTIAC,G6 V6,Bas,4D SEDAN,WHITE,AUTO,1.0,Alloy,86840,AMERICAN,MEDIUM,GM,8221.0,9671.0,12090.0,13527.0,8365.0,9713.0,12059.0,13371.0,,,18111,37122,TN,7690.0,0,1373
0,1248220800,OTHER,2008,1,DODGE,AVENGER 4C 2.4L I4 S,SE,4D SEDAN SE,WHITE,AUTO,2.0,Covers,51766,AMERICAN,MEDIUM,CHRYSLER,8560.0,9501.0,9745.0,10761.0,8551.0,9479.0,9735.0,10737.0,,,99761,74135,OK,7800.0,0,920
0,1278979200,MANHEIM,2004,6,DODGE,DURANGO 4WD V8,SLT,4D SUV 4.7L,RED,AUTO,1.0,Alloy,90050,AMERICAN,MEDIUM SUV,CHRYSLER,7168.0,8743.0,11644.0,13107.0,8528.0,10025.0,12498.0,14072.0,,,20207,77041,TX,9315.0,0,1918
0,1255996800,ADESA,2004,5,DODGE,NEON 2.0L I4 SFI,SXT,4D SEDAN,SILVER,AUTO,1.0,Alloy,48698,AMERICAN,COMPACT,CHRYSLER,2468.0,3280.0,3165.0,4042.0,2368.0,3172.0,5186.0,6126.0,,,20833,78754,TX,5090.0,0,553
1,1239148800,ADESA,2006,3,KIA,RIO MFI I-4 1.6L DOH,Bas,4D SEDAN,RED,AUTO,,,75263,OTHER ASIAN,COMPACT,OTHER,4344.0,5285.0,5192.0,6208.0,4344.0,5285.0,5192.0,6208.0,,,21053,85226,AZ,3470.0,0,569
0,1288569600,MANHEIM,2006,4,CADILLAC,CTS,Bas,4D SEDAN,BEIGE,AUTO,1.0,Alloy,82704,AMERICAN,SPECIALTY,GM,10597.0,12871.0,14998.0,17153.0,10746.0,12819.0,14761.0,16241.0,,,8172,27542,NC,9400.0,0,1763
0,1285804800,MANHEIM,2007,3,FORD,MUSTANG V6,Bas,2D COUPE,SILVER,AUTO,1.0,Alloy,68453,AMERICAN,SPORTS,FORD,10414.0,12210.0,14396.0,15916.0,10206.0,11879.0,13672.0,15096.0,,,22808,77061,TX,9645.0,0,728
0,1255996800,MANHEIM,2005,4,CHRYSLER,PACIFICA AWD 3.5L V6,Tou,4D SPORT,SILVER,AUTO,1.0,Alloy,75850,AMERICAN,CROSSOVER,CHRYSLER,7130.0,8839.0,8200.0,10046.0,6105.0,7645.0,7093.0,8757.0,,,23359,92504,CA,9775.0,0,1857
0,1255910400,OTHER,2007,2,DODGE,CALIBER 2.0L I4 SFI,SXT,4D WAGON SXT,SILVER,AUTO,2.0,Covers,51894,AMERICAN,MEDIUM,CHRYSLER,7742.0,9103.0,8861.0,10331.0,7139.0,8581.0,10841.0,12159.0,,,99761,27407,NC,6800.0,0,754
0,1234915200,MANHEIM,2002,7,FORD,ESCAPE 2WD V6 3.0L V,XLS,4D CUV 3.0L XLS,RED,AUTO,1.0,Alloy,88403,AMERICAN,SMALL SUV,FORD,3398.0,4313.0,4170.0,5158.0,3536.0,4424.0,4319.0,5278.0,,,23359,92807,CA,4945.0,0,1283
0,1258070400,MANHEIM,2004,5,CHRYSLER,PACIFICA FWD,,4D SPORT TOURER,RED,AUTO,1.0,Alloy,61074,AMERICAN,CROSSOVER,CHRYSLER,6105.0,7439.0,7093.0,8534.0,5902.0,7198.0,9091.0,10758.0,,,20928,33314,FL,8510.0,0,1215
0,1287014400,MANHEIM,2006,4,NISSAN,ALTIMA,Bas,4D SEDAN 2.5 S,GREEN,AUTO,1.0,Alloy,60074,TOP LINE ASIAN,MEDIUM,OTHER,7375.0,8885.0,11202.0,12899.0,7302.0,8813.0,11140.0,12050.0,,,25100,76040,TX,8240.0,0,630
0,1256083200,MANHEIM,2006,3,CHRYSLER,300 2.7L V6 MPI,Bas,4D SEDAN,BLACK,AUTO,2.0,Covers,51156,AMERICAN,SPECIALTY,CHRYSLER,9056.0,10600.0,10280.0,11948.0,9022.0,10641.0,12993.0,14737.0,,,25100,75236,TX,10450.0,0,1086
0,1285804800,ADESA,2008,2,CHEVROLET,IMPALA V6,LS,4D SEDAN LS 3.5L FFV,SILVER,AUTO,2.0,Covers,66155,AMERICAN,LARGE,GM,7878.0,8925.0,11723.0,13026.0,8020.0,9248.0,11956.0,13121.0,,,3453,80817,CO,7885.0,0,1703
0,1287014400,MANHEIM,2004,6,CHRYSLER,PT CRUISER,Tou,4D SEDAN TOURING TURBO,SILVER,AUTO,1.0,Alloy,77581,AMERICAN,MEDIUM,CHRYSLER,4018.0,4810.0,7188.0,7910.0,3990.0,5441.0,7355.0,8937.0,NO,GREEN,18822,77061,TX,5180.0,0,1506
0,1261526400,MANHEIM,2005,4,CHEVROLET,COLORADO PICKUP 2WD,Bas,REG CAB 2.8L,WHITE,AUTO,2.0,Covers,78263,AMERICAN,SMALL TRUCK,GM,4633.0,5662.0,8247.0,9354.0,4674.0,5817.0,8388.0,9695.0,,,20740,32824,FL,5100.0,0,686
0,1278892800,MANHEIM,2005,5,CHEVROLET,MALIBU 4C,Cla,4D SEDAN CLASSIC,SILVER,AUTO,2.0,Covers,40656,AMERICAN,MEDIUM,GM,4736.0,6464.0,7856.0,9932.0,3558.0,5176.0,6743.0,8696.0,,,99750,85040,AZ,5600.0,0,834
0,1255392000,MANHEIM,2006,3,FORD,TAURUS 3.0L V6 EFI,SE,4D SEDAN SE,SILVER,AUTO,2.0,Covers,76726,AMERICAN,MEDIUM,FORD,4466.0,5663.0,5323.0,6616.0,4578.0,5723.0,7912.0,9232.0,,,18881,30331,GA,5330.0,0,920
1,1270684800,MANHEIM,2006,4,CHEVROLET,TRAILBLAZER EXT 2WD,LS,4D SUV 4.2L LS,WHITE,AUTO,1.0,Alloy,92279,AMERICAN,MEDIUM SUV,GM,9183.0,10818.0,13135.0,15029.0,9986.0,11446.0,14339.0,16390.0,,,19638,33619,FL,8015.0,0,1341
0,1261353600,MANHEIM,2005,4,CHRYSLER,PT CRUISER,Bas,4D SEDAN,BLACK,AUTO,,,62907,AMERICAN,MEDIUM,CHRYSLER,4157.0,5323.0,8047.0,9042.0,4490.0,5372.0,7583.0,8641.0,,,52117,27542,NC,5400.0,0,1215
0,1255996800,MANHEIM,2005,4,HYUNDAI,SANTA FE 4WD V6 2.7L,GLS,4D CUV 2.7L GLS,SILVER,AUTO,1.0,Alloy,75812,OTHER ASIAN,MEDIUM SUV,OTHER,6611.0,8153.0,7640.0,9305.0,6987.0,8408.0,11372.0,12217.0,,,18880,28625,NC,7710.0,0,1155
0,1269907200,MANHEIM,2007,3,PONTIAC,G6 V6,Bas,4D SEDAN SE1,GOLD,AUTO,1.0,Alloy,33689,AMERICAN,MEDIUM,GM,9075.0,10387.0,12496.0,13953.0,9111.0,10361.0,12590.0,13881.0,,,16044,21075,MD,8500.0,0,822
0,1249430400,OTHER,2005,4,DODGE,DURANGO 2WD V8 4.7L,ST,4D SUV 4.7L ST,BLUE,AUTO,1.0,Alloy,73652,AMERICAN,MEDIUM SUV,CHRYSLER,8080.0,9630.0,9226.0,10900.0,7979.0,9622.0,9117.0,10892.0,,,18880,29697,SC,8000.0,0,1389
0,1279670400,OTHER,2004,6,FORD,TAURUS,SES,4D SEDAN SES DURATEC,SILVER,AUTO,1.0,Alloy,88607,AMERICAN,MEDIUM,FORD,2982.0,4229.0,6496.0,7315.0,2921.0,4221.0,6167.0,7548.0,,,22808,73108,OK,3620.0,0,983
0,1236124800,OTHER,2006,3,NISSAN,ALTIMA 2.5L I4 MPI /,Bas,4D SEDAN,GREY,AUTO,2.0,Covers,83104,TOP LINE ASIAN,MEDIUM,OTHER,9563.0,10932.0,10828.0,12307.0,9552.0,10943.0,10816.0,12318.0,,,17675,29697,SC,8000.0,0,723
0,1237766400,MANHEIM,2005,4,HYUNDAI,ELANTRA 2.0L I4 MPI,GLS,4D SEDAN,GOLD,MANUAL,2.0,Covers,70263,OTHER ASIAN,MEDIUM,OTHER,4216.0,5031.0,5053.0,5933.0,4095.0,5039.0,4923.0,5942.0,,,18111,27542,NC,3900.0,0,569
0,1236038400,MANHEIM,2006,3,LINCOLN,ZEPHYR,,4D SEDAN,BEIGE,AUTO,1.0,Alloy,68976,AMERICAN,SPECIALTY,FORD,13765.0,15297.0,15366.0,17021.0,13981.0,15490.0,15599.0,17229.0,,,3453,80022,CO,9215.0,0,1118
0,1233705600,OTHER,2003,6,CHEVROLET,TRAILBLAZER 2WD 6C 4,LS,4D SUV 4.2L LS,WHITE,AUTO,1.0,Alloy,94346,AMERICAN,MEDIUM SUV,GM,4569.0,5330.0,5435.0,6256.0,5644.0,6728.0,6596.0,7766.0,,,17675,29697,SC,6700.0,0,1641
1,1282694400,MANHEIM,2007,3,CHEVROLET,COBALT,LT,4D SEDAN LS,RED,AUTO,2.0,Covers,55512,AMERICAN,COMPACT,GM,5327.0,6486.0,8796.0,9967.0,5268.0,6498.0,8824.0,9987.0,,,23657,92057,CA,5890.0,0,671
0,1259712000,MANHEIM,2003,6,SATURN,VUE 2WD V6,,4D CUV 3.0L,SILVER,AUTO,2.0,Covers,82416,AMERICAN,MEDIUM SUV,GM,3580.0,4557.0,4366.0,5422.0,4237.0,5266.0,7386.0,8296.0,,,20928,32824,FL,5600.0,0,1803
0,1290124800,MANHEIM,2004,6,CHRYSLER,PACIFICA FWD,,4D SPORT TOURER,SILVER,AUTO,1.0,Alloy,89613,AMERICAN,CROSSOVER,CHRYSLER,5404.0,6855.0,8836.0,10296.0,5212.0,6599.0,8263.0,9458.0,,,20928,33314,FL,6935.0,0,1503
0,1249257600,MANHEIM,2003,6,MERCURY,SABLE 3.0L V6 EFI 4B,LS,4D SEDAN LS PREMIUM,GOLD,AUTO,1.0,Alloy,85303,AMERICAN,MEDIUM,FORD,3364.0,4624.0,4133.0,5494.0,3008.0,4314.0,3749.0,5159.0,,,21973,27542,NC,3200.0,0,1283
1,1277164800,ADESA,2005,5,BUICK,RENDEZVOUS AWD,CX,4D SUV CX,GOLD,AUTO,,,50367,AMERICAN,MEDIUM SUV,GM,5333.0,6973.0,9067.0,10567.0,5839.0,7326.0,9424.0,11032.0,,,22808,78754,TX,7495.0,0,3376
0,1286928000,MANHEIM,2007,3,MAZDA,MAZDA3,i,4D SEDAN I,WHITE,AUTO,2.0,Covers,82269,OTHER ASIAN,MEDIUM,OTHER,8999.0,10603.0,13088.0,14244.0,8575.0,10269.0,12048.0,13968.0,NO,GREEN,21973,32824,FL,8450.0,0,1113
1,1264550400,MANHEIM,2005,5,FORD,F150 PICKUP 4WD V8,FX4,EXT CAB 5.4L FX4,GREY,AUTO,1.0,Alloy,87285,AMERICAN,LARGE TRUCK,FORD,11881.0,14737.0,16421.0,19125.0,12387.0,14737.0,17357.0,20649.0,,,3453,80011,CO,11065.0,0,1633
0,1233014400,MANHEIM,2005,4,JEEP,LIBERTY 2WD V6 3.7L,Ren,4D SUV RENEGADE,BLACK,AUTO,1.0,Alloy,72400,AMERICAN,SMALL SUV,CHRYSLER,7924.0,9050.0,9058.0,10274.0,8321.0,9774.0,9487.0,11056.0,,,19638,34761,FL,6780.0,0,686
0,1259712000,OTHER,2003,6,FORD,TAURUS,SES,4D SEDAN SES,GOLD,AUTO,1.0,Alloy,91413,AMERICAN,MEDIUM,FORD,2774.0,3766.0,3496.0,4567.0,2538.0,3511.0,5525.0,6202.0,,,835,85009,AZ,3675.0,0,1353
0,1247529600,MANHEIM,2003,6,PONTIAC,SUNFIRE 2.2L I4 MPI,SE,2D COUPE SE,GREY,AUTO,2.0,Covers,73055,AMERICAN,COMPACT,GM,2656.0,3577.0,3368.0,4363.0,3044.0,3864.0,3788.0,4673.0,,,18822,77041,TX,4160.0,0,1455
0,1249862400,MANHEIM,2005,4,CHEVROLET,TRAILBLAZER 2WD 6C 4,LS,4D SUV 4.2L,WHITE,AUTO,1.0,Alloy,76245,AMERICAN,MEDIUM SUV,GM,7774.0,9234.0,8896.0,10473.0,7138.0,8564.0,8209.0,9749.0,,,19662,77041,TX,7395.0,0,1155
0,1286409600,MANHEIM,2006,4,CHRYSLER,PT CRUISER,Lim,4D SEDAN,RED,AUTO,1.0,Alloy,82288,AMERICAN,MEDIUM,CHRYSLER,4501.0,5620.0,7964.0,9145.0,4501.0,5553.0,7625.0,9044.0,,,21973,47129,IN,5625.0,0,1503
0,1242086400,MANHEIM,2006,3,FORD,FREESTAR FWD V6 3.9L,SE,PASSENGER 3.9L LX,BLUE,AUTO,2.0,Covers,48943,AMERICAN,VAN,FORD,6354.0,7759.0,7362.0,8880.0,6354.0,7759.0,7362.0,8880.0,,,835,85040,AZ,5980.0,0,1046
0,1288742400,MANHEIM,2003,7,CHRYSLER,VOYAGER FWD V6,LX,MINIVAN 3.3L LX POPULAR,SILVER,AUTO,2.0,Covers,71430,AMERICAN,VAN,CHRYSLER,2939.0,4110.0,5785.0,7128.0,2925.0,3543.0,6063.0,6701.0,,,19619,32124,FL,4850.0,0,1923
0,1271116800,MANHEIM,2007,3,CHEVROLET,IMPALA,LS,4D SEDAN LS,WHITE,AUTO,2.0,Covers,89344,AMERICAN,LARGE,GM,8420.0,9656.0,11869.0,13224.0,7972.0,9209.0,11583.0,12989.0,,,10430,60440,IL,7580.0,1,2152
1,1249948800,OTHER,2005,4,CHEVROLET,COBALT 2.2L I4 MPI,Bas,4D SEDAN,BLUE,MANUAL,2.0,Covers,61230,AMERICAN,COMPACT,GM,4862.0,5976.0,5751.0,6954.0,4816.0,5896.0,5701.0,6868.0,,,5546,83716,ID,4315.0,0,728
0,1248825600,MANHEIM,2005,4,CHEVROLET,EQUINOX FWD V6 3.4L,LT,4D SUV LT,BLACK,AUTO,1.0,Alloy,69618,AMERICAN,MEDIUM SUV,GM,8077.0,9873.0,9223.0,11163.0,8098.0,9818.0,9246.0,11103.0,,,23359,92807,CA,8070.0,0,1215
0,1240272000,MANHEIM,2004,5,DODGE,DURANGO 4WD V8 5.7L,Lim,4D SUV 5.7L,RED,AUTO,1.0,Alloy,66283,AMERICAN,MEDIUM SUV,CHRYSLER,9661.0,11438.0,10934.0,12853.0,9661.0,11438.0,10934.0,12853.0,,,5546,34761,FL,9600.0,0,1411
0,1283904000,ADESA,2005,5,DODGE,MAGNUM V8,RT,WAGON R/T,GREY,AUTO,1.0,Alloy,80439,AMERICAN,SPECIALTY,CHRYSLER,10109.0,12086.0,14037.0,16471.0,9681.0,11853.0,13810.0,16044.0,,,5546,33619,FL,8600.0,0,1503
0,1249344000,ADESA,2004,5,FORD,EXPEDITION 2WD V8 4.,XLS,4D SUV 4.6L XLS,RED,AUTO,1.0,Alloy,82689,AMERICAN,LARGE SUV,FORD,8019.0,10320.0,9161.0,11646.0,7005.0,8597.0,10464.0,12594.0,,,20833,78754,TX,9225.0,0,1113
0,1284508800,MANHEIM,2005,5,FORD,F150 PICKUP 2WD V8,STX,EXT CAB 4.6L STX,RED,AUTO,1.0,Alloy,95999,AMERICAN,LARGE TRUCK,FORD,8212.0,10780.0,12511.0,15441.0,7242.0,9033.0,11491.0,13537.0,NO,GREEN,16044,22801,VA,7860.0,0,909
0,1250726400,OTHER,2003,6,CHEVROLET,TRAILBLAZER 4WD 6C 4,LS,4D SUV 4.2L LS,SILVER,AUTO,1.0,Alloy,81504,AMERICAN,MEDIUM SUV,GM,5690.0,6845.0,6645.0,7893.0,5907.0,7358.0,6880.0,8447.0,,,3453,80229,CO,8175.0,0,2452
0,1260230400,ADESA,2006,3,JEEP,GRAND CHEROKEE 4WD V,Lar,4D WAGON LAREDO,BEIGE,AUTO,1.0,Alloy,85100,AMERICAN,MEDIUM SUV,CHRYSLER,13194.0,15016.0,16819.0,18074.0,13278.0,14858.0,16479.0,18007.0,,,20928,45005,OH,9450.0,0,2022
0,1232409600,MANHEIM,2004,5,SATURN,ION 2.2L I-4 MPI DOH,2,2D QUAD COUPE LEVEL 2,SILVER,AUTO,3.0,Special,64828,AMERICAN,MEDIUM,GM,4106.0,5633.0,4934.0,6584.0,4271.0,5707.0,5113.0,6664.0,,,19619,34761,FL,4945.0,0,728
0,1283212800,MANHEIM,2006,4,MITSUBISHI,ECLIPSE,GS,2D COUPE GS,ORANGE,AUTO,1.0,Alloy,71859,OTHER ASIAN,SPORTS,OTHER,7736.0,9334.0,11273.0,12757.0,7404.0,9180.0,11524.0,13288.0,,,52646,21075,MD,7500.0,0,569
0,1291248000,ADESA,2006,4,CHRYSLER,PT CRUISER,Tou,4D SEDAN TOURING,WHITE,AUTO,2.0,Covers,65420,AMERICAN,MEDIUM,CHRYSLER,4546.0,5573.0,8021.0,9060.0,5343.0,6443.0,8451.0,9594.0,NO,GREEN,19662,72117,AR,5110.0,0,1215
0,1275436800,MANHEIM,2006,4,PONTIAC,G6 V6,Bas,4D SEDAN,SILVER,AUTO,1.0,Alloy,77864,AMERICAN,MEDIUM,GM,6351.0,7671.0,9861.0,11342.0,6531.0,8019.0,9751.0,11391.0,,,20207,64161,MO,7170.0,0,1272
0,1263945600,OTHER,2005,5,DODGE,1500 RAM PICKUP 2WD,SLT,QUAD CAB 4.7L SLT,RED,AUTO,1.0,Alloy,56883,AMERICAN,LARGE TRUCK,CHRYSLER,7576.0,9191.0,12542.0,14543.0,9002.0,11242.0,13108.0,15066.0,,,18880,29697,SC,11500.0,0,754
0,1273622400,MANHEIM,2006,4,FORD,FUSION 4C,SE,4D SEDAN SE,PURPLE,MANUAL,1.0,Alloy,68114,AMERICAN,MEDIUM,FORD,7610.0,9234.0,11128.0,12579.0,6601.0,8116.0,10965.0,12458.0,,,19619,32824,FL,6950.0,0,728
0,1254787200,OTHER,2005,4,DODGE,CARAVAN GRAND FWD V6,SE,MINIVAN 3.3L,BLUE,AUTO,2.0,Covers,70406,AMERICAN,VAN,CHRYSLER,4699.0,5984.0,5575.0,6963.0,4316.0,5569.0,8091.0,9565.0,,,99740,84104,UT,6660.0,0,1623
0,1284508800,ADESA,2007,3,CHRYSLER,SEBRING 4C,Bas,4D SEDAN,WHITE,AUTO,2.0,Covers,69271,AMERICAN,MEDIUM,CHRYSLER,7111.0,8314.0,10796.0,12112.0,6757.0,7908.0,10111.0,11557.0,,,19662,77086,TX,7530.0,0,1020
0,1234915200,MANHEIM,2005,4,CHEVROLET,TRAILBLAZER 4WD 6C 4,LS,4D SUV 4.2L LS,GOLD,AUTO,1.0,Alloy,67018,AMERICAN,MEDIUM SUV,GM,8296.0,9932.0,9460.0,11227.0,2872.0,4162.0,3602.0,4995.0,,,23359,92807,CA,8155.0,0,1703
0,1284595200,MANHEIM,2008,2,CHEVROLET,AVEO,LS,4D SEDAN LS,BLACK,AUTO,2.0,Covers,49401,AMERICAN,COMPACT,GM,6436.0,7520.0,10030.0,10969.0,6320.0,7439.0,9422.0,10262.0,,,18880,29532,SC,5970.0,0,623
0,1278979200,MANHEIM,2007,3,CHRYSLER,PT CRUISER,Bas,4D SEDAN,RED,AUTO,2.0,Covers,86308,AMERICAN,MEDIUM,CHRYSLER,5812.0,6815.0,9161.0,10104.0,5807.0,6981.0,9024.0,10418.0,,,8172,30331,GA,5550.0,0,1503
0,1278979200,OTHER,2005,5,FORD,EXPLORER 4WD V6,XLS,4D SUV 4.0L FFV XLS,WHITE,AUTO,1.0,Alloy,83135,AMERICAN,MEDIUM SUV,FORD,7444.0,8843.0,11359.0,13493.0,6152.0,8132.0,10068.0,12339.0,,,99750,37421,TN,7700.0,0,1893
0,1265241600,MANHEIM,2007,3,HYUNDAI,ACCENT,GLS,4D SEDAN GLS,BLACK,AUTO,2.0,Covers,34060,OTHER ASIAN,COMPACT,OTHER,6114.0,7016.0,9550.0,10390.0,6004.0,6857.0,9249.0,9969.0,,,22808,76040,TX,6325.0,0,642
0,1248739200,MANHEIM,2006,3,CHEVROLET,HHR 2.4L I-4 MPI,LT,4D SUV 2.2L 1LT,SILVER,AUTO,1.0,Alloy,70414,AMERICAN,MEDIUM,GM,5846.0,7103.0,6814.0,8171.0,5950.0,7263.0,6926.0,8344.0,,,16044,21075,MD,6665.0,0,803
0,1268179200,MANHEIM,2003,7,FORD,TAURUS,SES,4D SEDAN SES,GOLD,AUTO,1.0,Alloy,67109,AMERICAN,MEDIUM,FORD,3190.0,4140.0,5683.0,6816.0,3202.0,4112.0,6125.0,7241.0,,,19619,32124,FL,5500.0,0,1125
0,1283904000,ADESA,2008,2,CHEVROLET,COBALT,LS,4D SEDAN LS,RED,AUTO,2.0,Covers,63093,AMERICAN,COMPACT,GM,6832.0,7397.0,10230.0,10879.0,6378.0,7276.0,9850.0,10774.0,,,52644,77086,TX,6130.0,0,728
0,1270598400,MANHEIM,2006,4,PONTIAC,G6 V6,Bas,4D SEDAN,GREY,AUTO,1.0,Alloy,94333,AMERICAN,MEDIUM,GM,6872.0,8042.0,10415.0,11422.0,6440.0,7632.0,9588.0,10943.0,,,20740,32124,FL,7400.0,0,1485
0,1262131200,MANHEIM,2005,4,CHEVROLET,CAVALIER 4C,LS,4D SEDAN LS,BEIGE,AUTO,2.0,Covers,59512,AMERICAN,COMPACT,GM,2925.0,4194.0,6554.0,7791.0,3276.0,4610.0,6497.0,7981.0,,,1231,89165,NV,3950.0,1,920
0,1249430400,MANHEIM,2007,2,PONTIAC,GRAND PRIX 3.8L V6 S,Bas,4D SEDAN,RED,AUTO,1.0,Alloy,79015,AMERICAN,LARGE,GM,7712.0,9180.0,8829.0,10414.0,7976.0,9352.0,9114.0,10600.0,,,19064,75236,TX,5925.0,0,1974
0,1250812800,OTHER,2008,1,DODGE,AVENGER 4C 2.4L I4 S,SE,4D SEDAN,GREY,AUTO,2.0,Covers,44443,AMERICAN,MEDIUM,CHRYSLER,8258.0,9007.0,9419.0,10228.0,7781.0,8545.0,11777.0,12505.0,,,99761,74135,OK,8800.0,0,834
0,1261958400,ADESA,2005,4,DODGE,CARAVAN GRAND FWD V6,SXT,MINIVAN 3.8L SXT,GREY,AUTO,1.0,Alloy,80064,AMERICAN,VAN,CHRYSLER,5439.0,7255.0,9587.0,11288.0,6175.0,7792.0,9768.0,11489.0,,,19638,33619,FL,5600.0,0,1763
0,1243987200,MANHEIM,2006,3,CHRYSLER,PACIFICA FWD 3.5L V6,Bas,4D SPORT,SILVER,AUTO,2.0,Covers,66932,AMERICAN,CROSSOVER,CHRYSLER,8235.0,9864.0,9394.0,11153.0,8235.0,9864.0,9394.0,11153.0,,,21973,32124,FL,7000.0,0,1215
0,1288742400,OTHER,2009,1,SCION,XB,Bas,4D WAGON,SILVER,AUTO,2.0,Covers,51507,OTHER ASIAN,MEDIUM,OTHER,11939.0,13419.0,15457.0,16461.0,11420.0,12838.0,15102.0,16641.0,,,99761,3106,NH,9390.0,0,505
1,1269302400,MANHEIM,2004,6,CHEVROLET,AVEO,Bas,4D SEDAN,BLUE,MANUAL,2.0,Covers,70026,AMERICAN,COMPACT,GM,3052.0,3876.0,5775.0,6503.0,2751.0,3285.0,5366.0,5867.0,,,835,85040,AZ,4680.0,0,803
0,1266278400,OTHER,2007,3,CHRYSLER,PT CRUISER,Tou,4D SEDAN,SILVER,AUTO,2.0,Covers,37837,AMERICAN,MEDIUM,CHRYSLER,5812.0,6765.0,9169.0,10404.0,6261.0,7266.0,9394.0,10564.0,,,25100,75061,TX,6765.0,0,882
0,1290470400,OTHER,2006,4,CHEVROLET,COBALT,LS,2D COUPE LS,PURPLE,AUTO,2.0,Covers,78225,AMERICAN,COMPACT,GM,4610.0,5496.0,7778.0,8556.0,4486.0,5279.0,7277.0,8270.0,,,1235,83716,ID,4830.0,1,803
0,1236643200,OTHER,2005,4,KIA,SPECTRA 2.0L I4 EFI,EX,4D SEDAN EX,WHITE,AUTO,2.0,Covers,82191,OTHER ASIAN,MEDIUM,OTHER,4597.0,5538.0,5465.0,6481.0,4388.0,5364.0,5239.0,6293.0,,,21053,95673,CA,4190.0,0,594
0,1285113600,ADESA,2005,5,CHEVROLET,MALIBU V6,LS,4D SEDAN LS,MAROON,AUTO,1.0,Alloy,86575,AMERICAN,MEDIUM,GM,4196.0,5440.0,7311.0,9053.0,4032.0,5092.0,7429.0,8751.0,,,52117,20166,VA,6310.0,0,1373
0,1291161600,ADESA,2008,2,PONTIAC,G6 4C,Bas,4D SEDAN SE1,BLUE,AUTO,2.0,Covers,62959,AMERICAN,MEDIUM,GM,8226.0,9718.0,10948.0,12934.0,9846.0,11433.0,12752.0,14517.0,NO,GREEN,20740,17406,PA,8075.0,0,923
0,1246492800,ADESA,2006,3,FORD,FREESTAR FWD V6 3.9L,SE,PASSENGER 3.9L LX,WHITE,AUTO,2.0,Covers,65597,AMERICAN,VAN,FORD,6157.0,7598.0,7150.0,8706.0,6675.0,7901.0,7709.0,9033.0,,,21973,32219,FL,6000.0,0,1313
0,1248652800,MANHEIM,2004,5,CHEVROLET,MALIBU V6 3.5L V6 SF,LS,4D SEDAN LS,WHITE,AUTO,1.0,Alloy,91959,AMERICAN,MEDIUM,GM,4510.0,5701.0,5371.0,6657.0,4287.0,5507.0,7506.0,8836.0,,,18880,27542,NC,6100.0,0,1485
0,1282780800,MANHEIM,2004,6,DODGE,DURANGO 2WD V8,SLT,4D SUV 4.7L SLT,SILVER,AUTO,2.0,Covers,49148,AMERICAN,MEDIUM SUV,CHRYSLER,6892.0,8436.0,10582.0,11892.0,6556.0,8189.0,10649.0,12482.0,,,19619,33619,FL,10770.0,0,975
1,1289347200,OTHER,2006,4,SATURN,ION,2,4D SEDAN LEVEL 2,GREY,AUTO,,,56537,AMERICAN,MEDIUM,GM,4900.0,6063.0,7982.0,9293.0,4900.0,6063.0,7982.0,9293.0,,,52646,60445,IL,5200.0,0,671
1,1279756800,OTHER,2002,8,CHRYSLER,PT CRUISER,Lim,4D SEDAN LIMITED,GOLD,AUTO,1.0,Alloy,63163,AMERICAN,MEDIUM,CHRYSLER,2901.0,3916.0,5931.0,6776.0,3122.0,3967.0,6085.0,6776.0,,,3453,80229,CO,5965.0,0,1515
0,1283472000,ADESA,2002,8,CHRYSLER,300M,Spe,4D SEDAN SPECIAL,BLUE,AUTO,1.0,Alloy,65364,AMERICAN,LARGE,CHRYSLER,3485.0,4669.0,6738.0,8367.0,2961.0,3821.0,6461.0,7396.0,,,5546,34203,FL,4525.0,0,1515
0,1259107200,ADESA,2006,3,CHEVROLET,EQUINOX FWD V6,LT,4D SUV LT,RED,AUTO,1.0,Alloy,70673,AMERICAN,MEDIUM SUV,GM,8972.0,10862.0,10190.0,12231.0,9353.0,11343.0,14196.0,17217.0,,,20833,77086,TX,7800.0,0,1389
0,1241395200,OTHER,2006,3,MERCURY,MARINER 4WD V6 3.0L,Bas,4D SUV 3.0L PREMIER,GREY,AUTO,1.0,Alloy,83970,AMERICAN,SMALL SUV,FORD,13058.0,14554.0,14603.0,16218.0,13058.0,14554.0,14603.0,16218.0,,,17212,75020,TX,7500.0,0,1503
0,1270080000,MANHEIM,2004,6,FORD,FREESTAR FWD V6,S,PASSENGER 3.9L,SILVER,AUTO,2.0,Covers,68580,AMERICAN,VAN,FORD,4097.0,4995.0,6951.0,8189.0,3928.0,4992.0,7077.0,8292.0,,,19638,33619,FL,6535.0,0,1313
1,1273104000,MANHEIM,2005,5,CHEVROLET,EQUINOX FWD V6,LT,4D SUV LT,RED,AUTO,1.0,Alloy,85545,AMERICAN,MEDIUM SUV,GM,7144.0,8518.0,10634.0,11906.0,7353.0,9392.0,11005.0,13049.0,,,18880,29532,SC,7970.0,0,1503
0,1278028800,OTHER,2007,3,CHEVROLET,MALIBU 4C,LS,4D SEDAN LS,BROWN,AUTO,2.0,Covers,74560,AMERICAN,MEDIUM,GM,7460.0,8348.0,10806.0,11724.0,6814.0,8132.0,9845.0,11634.0,,,17212,75020,TX,7500.0,0,1038
0,1258588800,MANHEIM,2005,4,PONTIAC,GRAND PRIX,Bas,4D SEDAN,GOLD,AUTO,1.0,Alloy,83369,AMERICAN,LARGE,GM,4993.0,6451.0,5892.0,7467.0,5033.0,6288.0,8296.0,9623.0,,,18881,30272,GA,6845.0,0,2152
1,1280707200,MANHEIM,2001,9,DODGE,STRATUS V6,R/T,2D COUPE R/T,GREEN,AUTO,1.0,Alloy,77646,AMERICAN,MEDIUM,CHRYSLER,2757.0,3870.0,5690.0,7191.0,2299.0,3328.0,4792.0,5944.0,,,18880,27542,NC,4100.0,0,1689
0,1264636800,MANHEIM,2002,8,BUICK,CENTURY V6,Cus,4D SEDAN CUSTOM,BEIGE,AUTO,2.0,Covers,74237,AMERICAN,MEDIUM,GM,2771.0,3754.0,5617.0,6495.0,3343.0,4419.0,6061.0,6845.0,,,18880,32503,FL,4050.0,0,2274
0,1269302400,MANHEIM,2006,4,SATURN,ION,2,4D SEDAN LEVEL 2,BLUE,AUTO,1.0,Alloy,50333,AMERICAN,MEDIUM,GM,5489.0,6617.0,8740.0,10007.0,5303.0,6616.0,8475.0,9922.0,,,20207,77041,TX,6185.0,0,671
0,1256860800,MANHEIM,2006,3,DODGE,STRATUS 4C 2.4L I4 S,SXT,4D SEDAN,GOLD,AUTO,1.0,Alloy,54589,AMERICAN,MEDIUM,CHRYSLER,4511.0,5888.0,5372.0,6859.0,4161.0,5107.0,7118.0,8102.0,,,18822,78219,TX,5835.0,0,920
0,1235606400,MANHEIM,2006,3,FORD,FOCUS 2.0L I4 SFI,ZX4,4D SEDAN ZX4,RED,AUTO,2.0,Covers,73944,AMERICAN,COMPACT,FORD,5271.0,6249.0,6193.0,7249.0,5260.0,6599.0,6181.0,7627.0,,,18111,29532,SC,4675.0,0,1155
0,1273017600,ADESA,2006,4,VOLKSWAGEN,JETTA 5C,Val,4D SEDAN VALUE,BLUE,AUTO,2.0,Covers,84541,OTHER,SPECIALTY,OTHER,8167.0,9591.0,12512.0,13839.0,7760.0,8957.0,11771.0,13500.0,,,21053,85226,AZ,7890.0,0,1373
0,1255651200,ADESA,2004,5,PONTIAC,GRAND AM 4C 2.2L I4,SE,4D SEDAN SE1,WHITE,AUTO,1.0,Alloy,69661,AMERICAN,MEDIUM,GM,2676.0,4429.0,3390.0,5283.0,2878.0,4258.0,6010.0,7498.0,,,16926,91752,CA,5030.0,0,1313
1,1250035200,OTHER,2007,2,CHRYSLER,PT CRUISER 2.4L I4 S,Bas,4D SEDAN,SILVER,AUTO,2.0,Covers,59949,AMERICAN,MEDIUM,CHRYSLER,6312.0,7367.0,7317.0,8456.0,6294.0,7396.0,7298.0,8488.0,,,18880,29697,SC,6100.0,0,1086
0,1249344000,MANHEIM,2006,3,CHEVROLET,MALIBU 4C 2.2L I4 MP,LS,4D SEDAN LS,GOLD,AUTO,2.0,Covers,55012,AMERICAN,MEDIUM,GM,6826.0,7965.0,7872.0,9102.0,6357.0,7652.0,7366.0,8764.0,,,20740,21075,MD,6735.0,0,837
0,1246406400,ADESA,2004,5,FORD,F150 PICKUP 2WD V8 5,XL,EXT CAB 5.4L LARIAT,MAROON,AUTO,1.0,Alloy,87961,AMERICAN,LARGE TRUCK,FORD,9261.0,11333.0,10502.0,12740.0,8886.0,10718.0,10097.0,12075.0,,,8172,30212,GA,9100.0,0,853
0,1289865600,MANHEIM,2005,5,HYUNDAI,ACCENT,GLS,4D SEDAN GLS,WHITE,AUTO,2.0,Covers,60718,OTHER ASIAN,COMPACT,OTHER,2765.0,3656.0,5768.0,6457.0,3274.0,4291.0,6056.0,7307.0,NO,GREEN,835,85040,AZ,4140.0,0,825
0,1234310400,OTHER,2003,6,OLDSMOBILE,ALERO 4C 2.2L I4 MPI,GL,4D SEDAN GL2,GREEN,AUTO,2.0,Covers,71725,AMERICAN,MEDIUM,GM,3353.0,4390.0,4121.0,5241.0,2915.0,3705.0,3648.0,4501.0,,,835,85009,AZ,4660.0,0,1806
0,1248220800,ADESA,2007,2,CHEVROLET,COBALT 2.2L I4 MPI,LS,2D COUPE,YELLOW,AUTO,2.0,Covers,50325,AMERICAN,COMPACT,GM,6443.0,7079.0,7458.0,8145.0,6418.0,7073.0,7431.0,8139.0,,,18822,77086,TX,6100.0,0,671
0,1273449600,MANHEIM,2004,6,PONTIAC,GRAND PRIX,GT,4D SEDAN GT,GREEN,AUTO,1.0,Alloy,85940,AMERICAN,LARGE,GM,4465.0,5477.0,7627.0,8714.0,3878.0,5149.0,7102.0,8586.0,,,20740,27542,NC,4800.0,0,2152
1,1246924800,MANHEIM,2005,4,CHRYSLER,PACIFICA FWD 3.8L V6,Bas,4D SPORT,WHITE,AUTO,2.0,Covers,65234,AMERICAN,CROSSOVER,CHRYSLER,0.0,0.0,0.0,0.0,0.0,0.0,0.0,0.0,,,18822,77041,TX,7695.0,0,1215
0,1255564800,MANHEIM,2004,5,FORD,TAURUS,LX,BASE,WHITE,AUTO,2.0,Covers,64691,AMERICAN,MEDIUM,FORD,4836.0,6245.0,5723.0,7245.0,3738.0,4593.0,6606.0,7511.0,,,99750,76040,TX,5000.0,0,825
0,1281484800,MANHEIM,2007,3,FORD,FIVE HUNDRED,SEL,4D SEDAN SEL,SILVER,AUTO,1.0,Alloy,89595,AMERICAN,LARGE,FORD,8368.0,10557.0,12201.0,14281.0,8063.0,9980.0,11848.0,13605.0,,,3453,80011,CO,6715.0,0,1633
0,1235433600,ADESA,2006,3,FORD,ESCAPE 2WD 4C 2.3L I,XLS,4D CUV 2.3L XLS,BLACK,AUTO,1.0,Alloy,82383,AMERICAN,SMALL SUV,FORD,7456.0,9405.0,8552.0,10657.0,7389.0,8911.0,8480.0,10124.0,,,19619,45005,OH,7015.0,0,983
0,1276732800,MANHEIM,2007,3,CHEVROLET,IMPALA,LS,4D SEDAN LS,BLACK,AUTO,2.0,Covers,69149,AMERICAN,LARGE,GM,7909.0,8952.0,11386.0,12505.0,8035.0,9121.0,11608.0,12880.0,,,99750,8505,NJ,7800.0,0,1703
0,1240358400,ADESA,2005,4,DODGE,DURANGO 2WD V8 4.7L,ST,4D SUV 4.7L ST,BLUE,AUTO,1.0,Alloy,43870,AMERICAN,MEDIUM SUV,CHRYSLER,8067.0,9556.0,9212.0,10820.0,8067.0,9556.0,9212.0,10820.0,,,18881,30212,GA,8350.0,0,975
0,1242691200,MANHEIM,2004,5,CHEVROLET,MALIBU 4C 2.2L I4 MP,Cla,4D SEDAN CLASSIC,WHITE,AUTO,2.0,Covers,85176,AMERICAN,MEDIUM,GM,3486.0,5019.0,4265.0,5921.0,3486.0,5019.0,4265.0,5921.0,,,22808,75050,TX,3710.0,0,1243
0,1240963200,OTHER,2004,5,PONTIAC,GRAND AM V6 3.4L V6,SE,4D SEDAN SE1,WHITE,AUTO,1.0,Alloy,88384,AMERICAN,MEDIUM,GM,3528.0,4745.0,4310.0,5625.0,3528.0,4745.0,4310.0,5625.0,,,835,85009,AZ,5380.0,0,2412
0,1257984000,MANHEIM,2008,1,CHEVROLET,IMPALA V6,LS,4D SEDAN LS 3.5L FFV,GREY,AUTO,,,87201,AMERICAN,LARGE,GM,8119.0,9401.0,9269.0,10653.0,8054.0,9363.0,11578.0,13488.0,,,18880,29532,SC,8010.0,0,2152
1,1278460800,ADESA,2001,9,SATURN,S SERIES,SL1,4D SEDAN SL1,SILVER,AUTO,2.0,Covers,74145,AMERICAN,COMPACT,GM,2010.0,2716.0,5592.0,9499.0,1708.0,2480.0,4113.0,4803.0,,,19619,20166,VA,2925.0,0,1923
0,1240272000,MANHEIM,2006,3,DODGE,STRATUS V6 2.7L V6 M,SXT,4D SEDAN SXT FFV,WHITE,AUTO,2.0,Covers,73146,AMERICAN,MEDIUM,CHRYSLER,5480.0,6461.0,6418.0,7478.0,5480.0,6461.0,6418.0,7478.0,,,20740,21075,MD,5300.0,0,1389
0,1255996800,OTHER,2008,1,DODGE,CALIBER 2.0L I4 SFI,SE,4D WAGON,BLUE,AUTO,,,51021,AMERICAN,MEDIUM,CHRYSLER,7235.0,7804.0,8314.0,8928.0,6966.0,7500.0,11237.0,11739.0,,,99761,74135,OK,7000.0,0,754
0,1236643200,MANHEIM,2006,3,KIA,OPTIMA 4C 2.4L I4 MP,EX,4D SEDAN EX,WHITE,AUTO,2.0,Covers,46249,OTHER ASIAN,MEDIUM,OTHER,0.0,1.0,0.0,0.0,0.0,1.0,0.0,0.0,,,3453,80022,CO,4865.0,0,623
0,1278374400,MANHEIM,2007,3,CHEVROLET,AVEO,LS,4D SEDAN LS,SILVER,MANUAL,2.0,Covers,51165,AMERICAN,COMPACT,GM,4668.0,5682.0,7955.0,9420.0,4986.0,6112.0,7768.0,8870.0,,,5546,34761,FL,4845.0,0,671
0,1252972800,ADESA,2005,4,FORD,MUSTANG V6 4.0L V6 E,Bas,2D COUPE,BLUE,AUTO,1.0,Alloy,78263,AMERICAN,SPORTS,FORD,8479.0,9884.0,9657.0,11175.0,7560.0,8857.0,11947.0,13465.0,,,20833,78754,TX,9185.0,0,803
0,1276646400,MANHEIM,2007,3,CHRYSLER,300,Bas,4D SEDAN,BLACK,AUTO,2.0,Covers,72425,AMERICAN,SPECIALTY,CHRYSLER,10793.0,12402.0,14696.0,16330.0,10545.0,12324.0,15000.0,16687.0,,,19064,75236,TX,9950.0,0,1389
0,1283299200,MANHEIM,2004,6,HYUNDAI,ELANTRA,GLS,4D SEDAN,BLUE,AUTO,2.0,Covers,54037,OTHER ASIAN,MEDIUM,OTHER,2590.0,3586.0,5253.0,7273.0,2821.0,3824.0,5987.0,6803.0,,,20928,32824,FL,5250.0,0,505
0,1243814400,MANHEIM,2004,5,FORD,EXPEDITION 2WD V8 5.,XLT,4D SUV 5.4L XLT,WHITE,AUTO,1.0,Alloy,66605,AMERICAN,LARGE SUV,FORD,9468.0,11139.0,10725.0,12530.0,9468.0,11139.0,10725.0,12530.0,,,19064,75236,TX,9700.0,0,923
0,1282262400,OTHER,2006,4,FORD,TAURUS,SE,4D SEDAN SE,SILVER,AUTO,2.0,Covers,60455,AMERICAN,MEDIUM,FORD,4278.0,5658.0,7700.0,8748.0,3885.0,5229.0,6986.0,8564.0,,,99750,95673,CA,6100.0,0,825
0,1251763200,MANHEIM,2006,3,PONTIAC,GRAND PRIX 3.8L V6 S,Bas,4D SEDAN,WHITE,AUTO,1.0,Alloy,79414,AMERICAN,LARGE,GM,7084.0,8862.0,8151.0,10071.0,5895.0,7103.0,9396.0,10995.0,,,8655,60440,IL,7830.0,0,1974
0,1236124800,MANHEIM,2005,4,CHRYSLER,TOWN & COUNTRY FWD V,Bas,MINIVAN 3.3L,BLACK,AUTO,2.0,Covers,59723,AMERICAN,VAN,CHRYSLER,5430.0,6633.0,6364.0,7664.0,5257.0,6326.0,6178.0,7332.0,,,5546,33809,FL,5695.0,0,1251
0,1289260800,ADESA,2007,3,DODGE,CALIBER,SXT,4D WAGON SXT,SILVER,AUTO,2.0,Covers,66852,AMERICAN,MEDIUM,CHRYSLER,6460.0,7690.0,10084.0,11301.0,6755.0,8075.0,10292.0,11311.0,,,25100,78754,TX,7735.0,0,825
0,1254268800,OTHER,2008,1,CHRYSLER,SEBRING 4C 2.4L I4 E,LX,4D SEDAN LX,BLACK,AUTO,2.0,Covers,53584,AMERICAN,MEDIUM,CHRYSLER,8863.0,9487.0,10072.0,10746.0,8009.0,8530.0,9150.0,9712.0,,,99761,74135,OK,7500.0,0,920
0,1277251200,MANHEIM,2006,4,PONTIAC,GRAND PRIX,Bas,4D SEDAN,SILVER,AUTO,1.0,Alloy,88187,AMERICAN,LARGE,GM,6361.0,7869.0,10084.0,11572.0,6367.0,7901.0,9987.0,11693.0,,,21973,32824,FL,7050.0,0,2152
0,1280361600,MANHEIM,2007,3,CHEVROLET,IMPALA,LS,4D SEDAN LS,GOLD,AUTO,2.0,Covers,81476,AMERICAN,LARGE,GM,8009.0,9075.0,11476.0,12652.0,8186.0,9279.0,11674.0,12864.0,,,16044,22403,VA,8155.0,0,2152
0,1278979200,MANHEIM,2004,6,PONTIAC,VIBE,GT,4D WAGON GT,BLUE,MANUAL,1.0,Alloy,96774,AMERICAN,MEDIUM,GM,5000.0,5430.0,8367.0,8937.0,5260.0,6131.0,8688.0,10062.0,,,3453,80022,CO,5180.0,0,620
0,1244592000,ADESA,2004,5,GMC,ENVOY 4WD V8 5.3L V8,SLE,4D UTILITY 5.3L SLT,GREEN,AUTO,1.0,Alloy,83909,AMERICAN,MEDIUM SUV,GM,8095.0,9372.0,9243.0,10622.0,8095.0,9372.0,9243.0,10622.0,,,20234,85226,AZ,9465.0,0,2735
0,1269475200,OTHER,2006,4,BUICK,LACROSSE,CX,4D SEDAN CX,SILVER,AUTO,2.0,Covers,72572,AMERICAN,LARGE,GM,8344.0,10002.0,12207.0,13657.0,8262.0,10312.0,11998.0,13916.0,,,17212,73108,OK,7435.0,0,1506
0,1286323200,ADESA,2007,3,FORD,FOCUS,ZX4,4D SEDAN S,RED,AUTO,2.0,Covers,89595,AMERICAN,COMPACT,FORD,5780.0,7207.0,9671.0,12059.0,5749.0,7379.0,8821.0,10265.0,NO,GREEN,22808,77086,TX,5530.0,0,1243
0,1243987200,ADESA,2005,4,CHEVROLET,MONTE CARLO 3.4L V6,LS,2D COUPE LS,BLUE,AUTO,1.0,Alloy,63320,AMERICAN,LARGE,GM,4420.0,5863.0,5274.0,6832.0,4689.0,6221.0,5564.0,7219.0,,,835,85226,AZ,6105.0,0,1703
0,1285200000,ADESA,2003,7,SATURN,VUE 2WD V6,,4D CUV 3.0L,BLACK,AUTO,2.0,Covers,71579,AMERICAN,MEDIUM SUV,GM,3074.0,3970.0,5634.0,6955.0,3325.0,4232.0,6741.0,7868.0,,,17675,28273,NC,5845.0,0,1689
1,1292371200,MANHEIM,2007,3,CHRYSLER,SEBRING V6,Lim,4D SEDAN LIMITED,SILVER,AUTO,1.0,Alloy,60770,AMERICAN,MEDIUM,CHRYSLER,9989.0,11549.0,13604.0,15270.0,10314.0,11620.0,13700.0,15011.0,,,20928,32824,FL,7950.0,0,1118
0,1289433600,ADESA,2006,4,CHEVROLET,MALIBU V6,LT,4D SEDAN LT,BLUE,AUTO,2.0,Covers,75380,AMERICAN,MEDIUM,GM,5502.0,7085.0,8816.0,10662.0,5737.0,7015.0,9074.0,10772.0,,,17675,28273,NC,7155.0,0,1272
0,1235001600,ADESA,2006,3,DODGE,DURANGO 2WD V8 4.7L,Adv,4D SUV 4.7L ADVENTURER,SILVER,AUTO,1.0,Alloy,61664,AMERICAN,MEDIUM SUV,CHRYSLER,9625.0,11033.0,10895.0,12416.0,9848.0,11417.0,11136.0,12830.0,,,19662,78227,TX,9505.0,0,1215
0,1261440000,MANHEIM,2005,4,CHRYSLER,PT CRUISER,Bas,4D SEDAN,BLACK,AUTO,3.0,Special,59875,AMERICAN,MEDIUM,CHRYSLER,4082.0,5269.0,7983.0,8996.0,4297.0,5272.0,7800.0,9135.0,,,17212,75050,TX,5225.0,0,1086
0,1280793600,MANHEIM,2007,3,CHEVROLET,COBALT,LT,4D SEDAN LS,WHITE,AUTO,2.0,Covers,63439,AMERICAN,COMPACT,GM,5811.0,6831.0,9112.0,10309.0,5551.0,6651.0,9105.0,10177.0,,,21973,34761,FL,6270.0,0,728
0,1271289600,MANHEIM,2006,4,DODGE,STRATUS 4C,SXT,4D SEDAN,GREEN,AUTO,2.0,Covers,67918,AMERICAN,MEDIUM,CHRYSLER,4895.0,6046.0,7522.0,9291.0,4483.0,5456.0,7988.0,9337.0,,,8172,29532,SC,6055.0,0,1020
0,1290988800,OTHER,2006,4,TOYOTA,MATRIX 2WD,Bas,4D SEDAN,GREY,AUTO,2.0,Covers,76764,TOP LINE ASIAN,MEDIUM,OTHER,6125.0,7427.0,9550.0,11491.0,6904.0,7845.0,10712.0,12128.0,NO,GREEN,21053,95673,CA,7805.0,0,569
0,1244073600,MANHEIM,2006,3,DODGE,DURANGO 4WD V8 4.7L,SXT,4D SUV 4.7L,SILVER,AUTO,1.0,Alloy,72196,AMERICAN,MEDIUM SUV,CHRYSLER,11393.0,13586.0,12804.0,15173.0,12065.0,14119.0,13530.0,15749.0,,,835,85353,AZ,8860.0,0,1623
0,1248220800,OTHER,2008,1,DODGE,CALIBER 2.0L I4 SFI,SE,4D WAGON,BLACK,AUTO,1.0,Alloy,49030,AMERICAN,MEDIUM,CHRYSLER,7245.0,7837.0,8325.0,8964.0,7764.0,8444.0,8885.0,9620.0,,,99761,74135,OK,7000.0,0,693
0,1257811200,MANHEIM,2004,5,DODGE,STRATUS 4C,SXT,4D SEDAN SE,BLACK,AUTO,1.0,Alloy,80010,AMERICAN,MEDIUM,CHRYSLER,2647.0,3749.0,3359.0,4549.0,2418.0,3241.0,5373.0,6476.0,,,18881,37210,TN,5000.0,0,1243
1,1233014400,MANHEIM,2002,7,CHRYSLER,VOYAGER FWD 4C 2.4L,Bas,MINIVAN 2.4L,BLUE,AUTO,2.0,Covers,85518,AMERICAN,VAN,CHRYSLER,2354.0,2873.0,3042.0,3603.0,2313.0,2821.0,2998.0,3547.0,,,20207,77041,TX,3035.0,0,2063
1,1232582400,MANHEIM,2005,4,FORD,FOCUS 2.0L I4 SFI,ZX3,2D COUPE ZX3,RED,AUTO,2.0,Covers,53112,AMERICAN,COMPACT,FORD,4236.0,5206.0,5075.0,6122.0,4679.0,5775.0,5553.0,6737.0,,,17212,76040,TX,4160.0,0,920
0,1281916800,MANHEIM,2004,6,HONDA,ACCORD 4C,EX,4D SEDAN EX AUTO,BLACK,AUTO,1.0,Alloy,98923,TOP LINE ASIAN,MEDIUM,OTHER,7484.0,8598.0,11066.0,12544.0,7587.0,8643.0,10964.0,11873.0,,,5546,27542,NC,9000.0,0,620
0,1290988800,OTHER,2009,1,KIA,SPECTRA,EX,4D SEDAN EX,BLUE,AUTO,2.0,Covers,48215,OTHER ASIAN,MEDIUM,OTHER,7404.0,7884.0,10292.0,10960.0,8456.0,9025.0,11457.0,12228.0,NO,GREEN,99761,85284,AZ,7200.0,0,482
0,1239148800,OTHER,2006,3,CHEVROLET,COBALT 2.2L I4 MPI,LS,2D COUPE,YELLOW,AUTO,2.0,Covers,72711,AMERICAN,COMPACT,GM,5309.0,6354.0,6234.0,7362.0,5309.0,6354.0,6234.0,7362.0,,,18880,29697,SC,5600.0,0,803
0,1241481600,OTHER,2006,3,DODGE,STRATUS V6 2.7L V6 M,SXT,4D SEDAN SXT FFV,SILVER,AUTO,2.0,Covers,51526,AMERICAN,MEDIUM,CHRYSLER,5480.0,6461.0,6418.0,7478.0,5677.0,6569.0,6631.0,7595.0,,,99750,21014,MD,5600.0,0,1086
0,1251158400,MANHEIM,2006,3,CHRYSLER,PT CRUISER 2.4L I4 S,Bas,4D SEDAN,BLUE,AUTO,2.0,Covers,66060,AMERICAN,MEDIUM,CHRYSLER,5598.0,6665.0,6546.0,7698.0,5425.0,6541.0,8656.0,9837.0,,,22916,80022,CO,6420.0,0,1215
0,1253059200,MANHEIM,2008,1,CHEVROLET,MALIBU 4C 2.2L I4 MP,LS,4D SEDAN LS CLASSIC,BEIGE,AUTO,2.0,Covers,61140,AMERICAN,MEDIUM,GM,8971.0,9510.0,10189.0,10771.0,7937.0,8933.0,11574.0,12699.0,,,16926,94544,CA,7845.0,0,923
0,1241395200,OTHER,2007,2,CHRYSLER,SEBRING 4C 2.4L I4 E,Bas,4D SEDAN,GOLD,AUTO,1.0,Alloy,40957,AMERICAN,MEDIUM,CHRYSLER,7025.0,8164.0,8087.0,9317.0,7025.0,8164.0,8087.0,9317.0,,,99761,32812,FL,7800.0,0,834
0,1270512000,MANHEIM,2005,5,HONDA,ACCORD 4C,LX,4D SEDAN LX AUTO,SILVER,AUTO,2.0,Covers,75929,TOP LINE ASIAN,MEDIUM,OTHER,7792.0,8836.0,11589.0,12477.0,7693.0,8819.0,10970.0,12899.0,,,17212,77041,TX,9215.0,0,569
0,1234224000,OTHER,2005,4,CHEVROLET,IMPALA 3.4L V6 SFI,Bas,4D SEDAN,MAROON,AUTO,2.0,Covers,57960,AMERICAN,LARGE,GM,4875.0,6014.0,5765.0,6995.0,5222.0,6483.0,6140.0,7502.0,,,8655,35613,AL,6275.0,0,1500
0,1235606400,MANHEIM,2003,6,CHRYSLER,PT CRUISER 2.4L I4 M,Bas,4D SEDAN,BLUE,AUTO,2.0,Covers,71888,AMERICAN,MEDIUM,CHRYSLER,3462.0,4214.0,4239.0,5051.0,5176.0,6140.0,6090.0,7131.0,,,16044,22403,VA,5715.0,0,1689
0,1282780800,OTHER,2004,6,DODGE,STRATUS 4C,SXT,2D COUPE SXT,GREY,AUTO,1.0,Alloy,90899,AMERICAN,MEDIUM,CHRYSLER,3542.0,4841.0,6686.0,8357.0,3120.0,4881.0,6077.0,7331.0,,,8655,73108,OK,5835.0,0,1341
0,1257292800,MANHEIM,2007,2,CHEVROLET,UPLANDER FWD V6,LS,PASSENGER 3.5L LS,BLUE,AUTO,2.0,Covers,69310,AMERICAN,VAN,GM,6606.0,7583.0,7634.0,8690.0,6385.0,7420.0,10340.0,11519.0,,,22808,64161,MO,6220.0,0,1801
0,1268179200,OTHER,2006,4,KIA,OPTIMA 4C,LX,4D SEDAN LX,BLUE,AUTO,2.0,Covers,65072,OTHER ASIAN,MEDIUM,OTHER,5174.0,6260.0,8780.0,9536.0,5486.0,6543.0,8578.0,9478.0,,,18880,29697,SC,6400.0,0,728
0,1235433600,MANHEIM,2007,2,CHEVROLET,IMPALA 3.5L V6 SFI,LS,4D SEDAN LS,GREY,AUTO,1.0,Alloy,78283,AMERICAN,LARGE,GM,7990.0,9221.0,9129.0,10459.0,7826.0,8943.0,8952.0,10158.0,,,18111,30331,GA,7845.0,0,1974
0,1292803200,MANHEIM,2006,4,FORD,FREESTYLE 2WD V6,SEL,4D CUV 3.0L SEL,BLUE,AUTO,1.0,Alloy,74940,AMERICAN,CROSSOVER,FORD,6793.0,8513.0,11172.0,12780.0,7780.0,10020.0,12489.0,16085.0,NO,GREEN,53245,76040,TX,7915.0,0,1506
0,1251244800,MANHEIM,2003,6,FORD,RANGER PICKUP 2WD V6,Edg,2D EXT CAB 4.0L XL,WHITE,MANUAL,1.0,Alloy,61337,AMERICAN,SMALL TRUCK,FORD,6565.0,8417.0,7590.0,9590.0,4561.0,6139.0,5426.0,7130.0,,,22916,80011,CO,8100.0,0,833
1,1255478400,OTHER,2005,4,DODGE,CARAVAN GRAND FWD V6,SXT,MINIVAN 3.8L SXT,GOLD,AUTO,,,84741,AMERICAN,VAN,CHRYSLER,5919.0,7564.0,6893.0,8669.0,5919.0,7564.0,6893.0,8669.0,,,19638,35004,AL,5800.0,0,1763
0,1264550400,MANHEIM,2004,6,FORD,EXPLORER 2WD V6,XLS,4D SUV 4.0L FFV XLS,GOLD,AUTO,1.0,Alloy,60067,AMERICAN,MEDIUM SUV,FORD,4822.0,5914.0,8450.0,9829.0,5403.0,6658.0,8940.0,10334.0,,,19619,32824,FL,6800.0,0,1020
0,1250726400,MANHEIM,2006,3,DODGE,STRATUS V6 2.7L V6 M,SXT,4D SEDAN SXT FFV,SILVER,AUTO,2.0,Covers,53190,AMERICAN,MEDIUM,CHRYSLER,5608.0,6482.0,6557.0,7501.0,5760.0,6783.0,6721.0,7826.0,,,99750,76040,TX,6400.0,0,1086
1,1285113600,OTHER,2007,3,FORD,FIVE HUNDRED,SEL,4D SEDAN SEL AWD,SILVER,AUTO,,,74471,AMERICAN,LARGE,FORD,8206.0,11407.0,12596.0,15072.0,8427.0,11582.0,12666.0,14938.0,,,18881,42104,KY,8015.0,0,1623
0,1251158400,OTHER,2008,1,CHRYSLER,SEBRING 4C 2.4L I4 E,Bas,2D CONVERTIBLE,SILVER,AUTO,2.0,Covers,56856,AMERICAN,MEDIUM,CHRYSLER,10254.0,11207.0,11574.0,12604.0,,,,,,,99761,74135,OK,9000.0,0,920
1,1235001600,MANHEIM,2006,3,KIA,SPECTRA 2.0L I4 EFI,EX,4D SEDAN EX,SILVER,MANUAL,2.0,Covers,41578,OTHER ASIAN,MEDIUM,OTHER,4401.0,5120.0,5253.0,6030.0,4990.0,5571.0,5889.0,6517.0,,,19064,76040,TX,5225.0,0,482
0,1250812800,MANHEIM,2004,5,FORD,EXPEDITION 4WD V8 4.,XLT,4D SUV 4.6L XLT,GREY,AUTO,1.0,Alloy,82305,AMERICAN,LARGE SUV,FORD,9661.0,11455.0,10934.0,12871.0,7249.0,9362.0,11677.0,14022.0,,,99750,85040,AZ,10800.0,0,1503
0,1291075200,MANHEIM,2005,5,BUICK,RENDEZVOUS FWD,CX,4D SUV ULTRA,BLACK,AUTO,1.0,Alloy,82133,AMERICAN,MEDIUM SUV,GM,8518.0,9816.0,12877.0,14386.0,7770.0,10343.0,10862.0,12491.0,NO,GREEN,52646,21075,MD,8535.0,0,4032
0,1274918400,MANHEIM,2001,9,CHEVROLET,MALIBU V6,LS,4D SEDAN LS,BLACK,AUTO,1.0,Alloy,82582,AMERICAN,MEDIUM,GM,2080.0,3068.0,4283.0,5611.0,2017.0,2838.0,4599.0,5343.0,,,18880,29532,SC,5040.0,0,2712
0,1265241600,OTHER,2005,5,CHRYSLER,PT CRUISER,Tou,4D SEDAN TOURING,SILVER,AUTO,3.0,Special,56926,AMERICAN,MEDIUM,CHRYSLER,3865.0,4789.0,7223.0,8369.0,4580.0,5610.0,7691.0,8926.0,,,17212,73108,OK,5535.0,0,1086
0,1291852800,MANHEIM,2005,5,PONTIAC,GRAND AM V6,SE,4D SEDAN SE,SILVER,AUTO,2.0,Covers,57280,AMERICAN,MEDIUM,GM,3476.0,4771.0,6363.0,7804.0,3487.0,4736.0,6682.0,8177.0,NO,GREEN,25100,76040,TX,5825.0,0,1666
1,1245888000,ADESA,2003,6,FORD,TAURUS 3.0L V6 EFI,SE,4D SEDAN SE,GREY,AUTO,1.0,Alloy,95720,AMERICAN,MEDIUM,FORD,2326.0,3367.0,3012.0,4136.0,2326.0,3367.0,3012.0,4136.0,,,18822,78227,TX,3700.0,0,1353
0,1257292800,ADESA,2004,5,DODGE,NEON,SXT,4D SEDAN,BLUE,AUTO,1.0,Alloy,74096,AMERICAN,COMPACT,CHRYSLER,2652.0,3720.0,3364.0,4518.0,2141.0,3074.0,2812.0,3820.0,,,20928,20166,VA,4200.0,0,686
0,1254182400,MANHEIM,2007,2,SATURN,VUE 2WD 4C 2.2L I4 M,Bas,4D CUV 2.2L,GREY,AUTO,2.0,Covers,66161,AMERICAN,MEDIUM SUV,GM,8709.0,10994.0,9906.0,12374.0,8361.0,9584.0,14331.0,16427.0,,,21973,19440,PA,8180.0,0,1411
1,1238716800,ADESA,2004,5,GMC,CANYON PICKUP 2WD I5,SLE,CREW CAB 3.5L SL,BLACK,AUTO,1.0,Alloy,79993,AMERICAN,SMALL TRUCK,GM,7230.0,9236.0,8308.0,10475.0,7230.0,9236.0,8308.0,10475.0,,,23359,91752,CA,7870.0,0,803
0,1259712000,MANHEIM,2004,5,SATURN,L SERIES,L30,4D SEDAN L300,RED,AUTO,3.0,Special,60112,AMERICAN,MEDIUM,GM,3217.0,4451.0,3974.0,5307.0,3740.0,5005.0,6864.0,8096.0,,,20928,32124,FL,5300.0,0,1898
0,1244419200,MANHEIM,2007,2,DODGE,CALIBER 2.0L I4 SFI,SXT,4D WAGON SXT,BLACK,AUTO,2.0,Covers,42911,AMERICAN,MEDIUM,CHRYSLER,8268.0,9772.0,9429.0,11054.0,8268.0,9772.0,9429.0,11054.0,,,21973,27542,NC,6900.0,0,693
1,1236038400,OTHER,2006,3,CHEVROLET,IMPALA 3.9L V6 SFI,LT,4D SEDAN LT 3.9L,RED,AUTO,,,63791,AMERICAN,LARGE,GM,8621.0,10199.0,9811.0,11515.0,8789.0,10426.0,9992.0,11760.0,,,21053,95673,CA,7105.0,0,1703
1,1263254400,OTHER,2007,3,CHEVROLET,COBALT,LT,2D COUPE LT,SILVER,AUTO,,,51680,AMERICAN,COMPACT,GM,6507.0,7637.0,10157.0,11616.0,6507.0,7637.0,10157.0,11616.0,,,19619,32772,FL,6010.0,0,671
0,1261008000,OTHER,2006,3,DODGE,CARAVAN GRAND FWD V6,Bas,MINIVAN 3.3L,RED,AUTO,2.0,Covers,63516,AMERICAN,VAN,CHRYSLER,5702.0,7039.0,9165.0,10792.0,6999.0,8588.0,10745.0,12159.0,,,25100,73108,OK,6920.0,0,1411
0,1264550400,OTHER,2004,6,JEEP,LIBERTY 2WD V6,Spo,4D SUV,BLACK,AUTO,1.0,Alloy,86129,AMERICAN,SMALL SUV,CHRYSLER,5188.0,6392.0,8461.0,9874.0,5885.0,6903.0,10640.0,12480.0,,,18111,29697,SC,6900.0,0,723
0,1274313600,MANHEIM,2007,3,FORD,FIVE HUNDRED,SEL,4D SEDAN SEL,GREY,AUTO,1.0,Alloy,86813,AMERICAN,LARGE,FORD,8593.0,10415.0,12550.0,14209.0,8057.0,9984.0,12134.0,13835.0,,,20234,85353,AZ,7695.0,0,1633
0,1235520000,MANHEIM,2006,3,DODGE,STRATUS V6 2.7L V6 M,SXT,4D SEDAN SXT,SILVER,AUTO,1.0,Alloy,42012,AMERICAN,MEDIUM,CHRYSLER,5472.0,7086.0,6410.0,8153.0,6478.0,7826.0,7496.0,8952.0,,,16926,92057,CA,6040.0,0,975
0,1292371200,MANHEIM,2004,6,KIA,SORENTO 2WD,EX,4D SPORT UTILITY EX,BLUE,AUTO,1.0,Alloy,83028,OTHER ASIAN,MEDIUM SUV,OTHER,4897.0,6229.0,8598.0,9560.0,6256.0,7267.0,9972.0,11232.0,NO,GREEN,21053,87105,NM,5190.0,0,1893
0,1280793600,MANHEIM,2004,6,MAZDA,MPV 2WD V6,LX,WAGON LX,GREEN,AUTO,1.0,Alloy,78561,OTHER ASIAN,VAN,OTHER,4196.0,5592.0,8054.0,9253.0,4103.0,5415.0,7904.0,9195.0,,,3453,80022,CO,6160.0,0,1038
0,1258502400,MANHEIM,2005,4,CHEVROLET,IMPALA,Bas,4D SEDAN,SILVER,AUTO,2.0,Covers,72973,AMERICAN,LARGE,GM,4159.0,5522.0,4992.0,6464.0,4823.0,5917.0,7602.0,8893.0,,,20928,32124,FL,5000.0,0,1974
0,1234396800,MANHEIM,2004,5,HYUNDAI,SANTA FE 2WD V6 2.7L,GLS,4D CUV 2.7L GLS,BLUE,AUTO,1.0,Alloy,51646,OTHER ASIAN,MEDIUM SUV,OTHER,5018.0,5874.0,5919.0,6844.0,6061.0,7056.0,7046.0,8120.0,,,20928,22403,VA,6560.0,0,588
0,1274918400,MANHEIM,2004,6,GMC,1500 SIERRA PICKUP 2,SLE,REG CAB 4.3L SLE,BLUE,AUTO,2.0,Covers,89079,AMERICAN,LARGE TRUCK,GM,6056.0,7958.0,9601.0,11141.0,6056.0,7958.0,9582.0,11245.0,,,20207,39402,MS,6540.0,0,1373
0,1285027200,ADESA,2006,4,CHEVROLET,EQUINOX AWD V6,LT,4D SUV LT,GOLD,AUTO,1.0,Alloy,85460,AMERICAN,MEDIUM SUV,GM,10705.0,13115.0,14114.0,16228.0,9155.0,11454.0,12867.0,15321.0,,,25100,78754,TX,9040.0,0,1633
0,1265846400,MANHEIM,2004,6,FORD,TAURUS,SE,4D SEDAN SE,GOLD,AUTO,,,82956,AMERICAN,MEDIUM,FORD,3127.0,4283.0,6144.0,7798.0,3188.0,4162.0,6578.0,8009.0,,,1231,89120,NV,3835.0,1,983
0,1269993600,MANHEIM,2002,8,FORD,FOCUS,LX,4D SEDAN LX,BLUE,AUTO,2.0,Covers,71555,AMERICAN,COMPACT,FORD,2516.0,3386.0,5166.0,5831.0,2204.0,3171.0,4761.0,5837.0,,,23359,92807,CA,4195.0,0,1455
0,1255305600,OTHER,2008,1,CHRYSLER,PT CRUISER 2.4L I4 S,Bas,4D SEDAN,SILVER,AUTO,2.0,Covers,46380,AMERICAN,MEDIUM,CHRYSLER,7032.0,7547.0,8095.0,8651.0,7282.0,7917.0,10382.0,10949.0,,,99761,78745,TX,6500.0,0,975
0,1259712000,OTHER,2005,4,FORD,EXPLORER 2WD V6,XLT,4D SUV 4.0L FFV XLT,MAROON,AUTO,1.0,Alloy,81193,AMERICAN,MEDIUM SUV,FORD,7315.0,8922.0,11273.0,12925.0,7600.0,8663.0,11200.0,12382.0,,,5546,35004,AL,8000.0,0,1243
0,1292457600,OTHER,2004,6,CHEVROLET,MALIBU 4C,Cla,4D SEDAN CLASSIC,MAROON,AUTO,2.0,Covers,78808,AMERICAN,MEDIUM,GM,3136.0,4379.0,6037.0,7325.0,2974.0,4346.0,5690.0,7031.0,NO,GREEN,53245,73108,OK,5245.0,0,1155
1,1275350400,OTHER,2008,2,JEEP,PATRIOT FWD 4C,Spo,4D SUV SPORT,BLACK,AUTO,1.0,Alloy,60265,AMERICAN,SMALL SUV,CHRYSLER,9245.0,10845.0,13275.0,14875.0,9095.0,10343.0,12755.0,13901.0,,,99761,90045,CA,8000.0,0,825
1,1288224000,OTHER,2008,2,CHEVROLET,IMPALA V6,LT,4D SEDAN LT 3.5L FFV,WHITE,AUTO,,,80298,AMERICAN,LARGE,GM,8393.0,9473.0,12589.0,13672.0,8369.0,9438.0,12341.0,13751.0,,,1235,83716,ID,7745.0,1,2152
1,1256688000,OTHER,2006,3,CHRYSLER,PT CRUISER 2.4L I4 S,Bas,4D SEDAN,MAROON,AUTO,,,54612,AMERICAN,MEDIUM,CHRYSLER,4938.0,6058.0,5833.0,7043.0,4938.0,6058.0,5833.0,7043.0,,,18880,29697,SC,5100.0,0,1086
0,1271203200,MANHEIM,2006,4,PONTIAC,GRAND PRIX,Bas,4D SEDAN,GOLD,AUTO,1.0,Alloy,77746,AMERICAN,LARGE,GM,6884.0,8298.0,9991.0,11772.0,6069.0,7609.0,9943.0,11352.0,,,20833,75236,TX,7485.0,0,1974
0,1269907200,MANHEIM,2008,2,CHEVROLET,EQUINOX FWD V6,LT,4D SUV LT,GREY,AUTO,1.0,Alloy,72119,AMERICAN,MEDIUM SUV,GM,14494.0,16796.0,18555.0,20795.0,13354.0,15258.0,17452.0,19011.0,,,18822,77041,TX,9715.0,0,1389
0,1281398400,MANHEIM,2007,3,DODGE,CHARGER V6,Bas,4D SEDAN 2.7L SE,BLUE,AUTO,2.0,Covers,90053,AMERICAN,SPECIALTY,CHRYSLER,9776.0,10855.0,14084.0,15060.0,9526.0,10607.0,13463.0,14358.0,,,52492,28625,NC,9660.0,0,1630
1,1267660800,MANHEIM,2006,4,FORD,ESCAPE 2WD V6,XLT,4D CUV 3.0L XLT,BLACK,AUTO,2.0,Covers,82735,AMERICAN,SMALL SUV,FORD,8229.0,10251.0,12288.0,14436.0,9388.0,11369.0,13019.0,15370.0,,,19638,47129,IN,8035.0,0,983
0,1235692800,ADESA,2004,5,JEEP,GRAND CHEROKEE 2WD 6,Lar,4D WAGON,WHITE,AUTO,1.0,Alloy,81041,AMERICAN,MEDIUM SUV,CHRYSLER,5952.0,7141.0,6928.0,8212.0,8646.0,10185.0,9838.0,11500.0,,,23359,91752,CA,7660.0,0,1893
0,1258329600,MANHEIM,2005,4,MERCURY,MONTEREY,Bas,4D WAGON CONVENIENCE,SILVER,AUTO,1.0,Alloy,67678,AMERICAN,VAN,FORD,5863.0,7657.0,6832.0,8770.0,5683.0,7580.0,9474.0,11462.0,,,20928,27542,NC,6485.0,0,1313
0,1284940800,MANHEIM,2008,2,MAZDA,TRIBUTE 2WD 4C,i,4D SPORT UTILITY I,WHITE,AUTO,1.0,Alloy,89788,OTHER ASIAN,SMALL SUV,OTHER,11584.0,13075.0,15493.0,16595.0,10937.0,12921.0,14506.0,15899.0,,,52598,27542,NC,9000.0,0,983
0,1288137600,MANHEIM,2006,4,DODGE,STRATUS V6,SXT,4D SEDAN SXT FFV,BLUE,AUTO,2.0,Covers,64482,AMERICAN,MEDIUM,CHRYSLER,5798.0,6802.0,9579.0,11237.0,5341.0,6351.0,8513.0,9822.0,,,99750,32124,FL,5700.0,0,1215
0,1290384000,MANHEIM,2005,5,CHRYSLER,SEBRING V6,Lim,2D COUPE LIMTED,BEIGE,AUTO,1.0,Alloy,79550,AMERICAN,MEDIUM,CHRYSLER,3563.0,4782.0,7069.0,8499.0,4456.0,6128.0,8299.0,10410.0,,,1035,47129,IN,5500.0,1,1272
0,1243987200,MANHEIM,2003,6,CHRYSLER,PT CRUISER 2.4L I4 M,Bas,4D SEDAN,BLUE,AUTO,2.0,Covers,74869,AMERICAN,MEDIUM,CHRYSLER,2910.0,3728.0,3643.0,4526.0,2910.0,3728.0,3643.0,4526.0,,,5546,32824,FL,4200.0,0,1689
0,1284508800,MANHEIM,2004,6,FORD,TAURUS,SES,4D SEDAN SES,BLACK,AUTO,1.0,Alloy,65308,AMERICAN,MEDIUM,FORD,3345.0,4601.0,6862.0,8638.0,2626.0,3561.0,5902.0,6878.0,,,16044,22801,VA,6010.0,0,825
0,1231891200,MANHEIM,2003,6,HYUNDAI,SONATA 4C MFI I-4 2.,Bas,4D SEDAN,BLACK,AUTO,2.0,Covers,82083,OTHER ASIAN,MEDIUM,OTHER,2689.0,3505.0,3404.0,4285.0,2797.0,3641.0,3521.0,4432.0,,,20928,32824,FL,3700.0,0,1153
0,1263859200,MANHEIM,2005,5,DODGE,DURANGO 4WD V8,ST,4D SUV 4.7L,BLUE,AUTO,2.0,Covers,75120,AMERICAN,MEDIUM SUV,CHRYSLER,8218.0,9506.0,12286.0,13739.0,8599.0,10681.0,12798.0,14766.0,,,5546,28625,NC,9525.0,0,1623
0,1278892800,MANHEIM,2005,5,DODGE,DURANGO 4WD V8,SLT,4D SUV 4.7L,GREY,AUTO,1.0,Alloy,73669,AMERICAN,MEDIUM SUV,CHRYSLER,7653.0,9166.0,11809.0,13272.0,7877.0,9517.0,12124.0,13567.0,,,99750,85040,AZ,10000.0,0,1623
1,1285027200,MANHEIM,2004,6,MERCURY,SABLE,LS,4D WAGON LS PREMIUM,BROWN,AUTO,1.0,Alloy,83689,AMERICAN,MEDIUM,FORD,4367.0,6691.0,7913.0,10723.0,5017.0,7265.0,8367.0,10568.0,,,20833,75050,TX,5225.0,0,983
0,1277769600,MANHEIM,2004,6,PONTIAC,GRAND PRIX,GT,4D SEDAN GT,MAROON,AUTO,1.0,Alloy,80265,AMERICAN,LARGE,GM,4396.0,5633.0,7721.0,9084.0,3798.0,4894.0,6725.0,8071.0,,,16044,21075,MD,7720.0,0,2152
0,1250553600,ADESA,2007,2,FORD,FUSION 4C 2.3L I4 EF,S,4D SEDAN S,WHITE,AUTO,2.0,Covers,66708,AMERICAN,MEDIUM,FORD,8528.0,10241.0,9710.0,11560.0,8968.0,10576.0,10185.0,11922.0,,,20833,78754,TX,6810.0,0,728
0,1235088000,ADESA,2003,6,FORD,EXPLORER 2WD V6 4.0L,XLT,4D SUV 4.0L FFV XLT,RED,AUTO,1.0,Alloy,77720,AMERICAN,MEDIUM SUV,FORD,4975.0,6137.0,5873.0,7128.0,5796.0,6896.0,6760.0,7948.0,,,23359,91752,CA,7360.0,0,1455
0,1288656000,MANHEIM,2006,4,LINCOLN,ZEPHYR,,4D SEDAN,WHITE,AUTO,1.0,Alloy,61551,AMERICAN,SPECIALTY,FORD,10531.0,12336.0,15358.0,17178.0,9962.0,11985.0,14350.0,16041.0,NO,GREEN,52646,21075,MD,9250.0,0,1118
0,1254873600,MANHEIM,2004,5,FORD,ESCAPE 4WD V6 3.0L V,Lim,4D CUV 3.0L LIMITED,GOLD,AUTO,1.0,Alloy,87436,AMERICAN,SMALL SUV,FORD,7446.0,9542.0,8542.0,10805.0,6411.0,7517.0,9935.0,11287.0,,,20740,21075,MD,8685.0,0,1503
0,1270166400,OTHER,2008,2,KIA,SPECTRA,EX,4D SEDAN EX,BLUE,AUTO,2.0,Covers,44604,OTHER ASIAN,MEDIUM,OTHER,7590.0,8214.0,10725.0,11607.0,7439.0,7997.0,10637.0,11435.0,,,99761,85284,AZ,6735.0,0,482
0,1237939200,ADESA,2004,5,FORD,EXPLORER 2WD V6 4.0L,XLT,4D SUV 4.0L FFV XLT,BLACK,AUTO,1.0,Alloy,74451,AMERICAN,MEDIUM SUV,FORD,6591.0,7740.0,7618.0,8859.0,8080.0,9415.0,9226.0,10668.0,,,18880,30212,GA,7150.0,0,1155
1,1265068800,ADESA,2007,3,CHEVROLET,IMPALA,LS,4D SEDAN LS,MAROON,AUTO,,,80031,AMERICAN,LARGE,GM,7115.0,8239.0,10427.0,11997.0,7115.0,8239.0,10427.0,11997.0,,,52117,45005,OH,6985.0,0,2152
0,1238544000,MANHEIM,2005,4,PONTIAC,GRAND AM V6 3.4L V6,SE,4D SEDAN SE,SILVER,AUTO,2.0,Covers,64579,AMERICAN,MEDIUM,GM,3976.0,5007.0,4794.0,5908.0,3976.0,5007.0,4794.0,5908.0,,,23359,92057,CA,5010.0,0,1898
0,1251849600,MANHEIM,2006,3,CHEVROLET,MALIBU V6 3.5L V6 SF,LT,4D SEDAN LT,WHITE,AUTO,1.0,Alloy,65087,AMERICAN,MEDIUM,GM,7087.0,8830.0,8154.0,10036.0,6348.0,7912.0,10090.0,11615.0,,,16926,94544,CA,8045.0,0,1118
0,1270166400,OTHER,2008,2,DODGE,CALIBER,SE,4D WAGON,BLUE,AUTO,2.0,Covers,45194,AMERICAN,MEDIUM,CHRYSLER,7813.0,8262.0,11116.0,11566.0,7497.0,8102.0,10721.0,11350.0,,,99761,85284,AZ,7735.0,0,693
0,1289347200,OTHER,2009,1,KIA,SPECTRA,EX,4D SEDAN EX,GOLD,AUTO,2.0,Covers,47038,OTHER ASIAN,MEDIUM,OTHER,7468.0,7911.0,9890.0,10477.0,7986.0,8460.0,10695.0,11330.0,,,99761,85284,AZ,7200.0,0,482
1,1240272000,MANHEIM,2003,6,CHEVROLET,TRAILBLAZER 4WD 6C 4,LS,4D SUV 4.2L LS,GREEN,AUTO,1.0,Alloy,74298,AMERICAN,MEDIUM SUV,GM,5612.0,6802.0,6561.0,7846.0,5612.0,6802.0,6561.0,7846.0,,,99750,80011,CO,7200.0,0,2274
0,1233705600,MANHEIM,2005,4,CHEVROLET,IMPALA 3.4L V6 SFI,Bas,4D SEDAN,GREY,AUTO,2.0,Covers,83189,AMERICAN,LARGE,GM,4719.0,5857.0,5597.0,6826.0,5057.0,6385.0,5962.0,7396.0,,,21973,32824,FL,5700.0,0,2152
0,1270080000,MANHEIM,2005,5,FORD,FOCUS,ZX4,4D SEDAN ZX4,SILVER,AUTO,2.0,Covers,55807,AMERICAN,COMPACT,FORD,4364.0,5498.0,7621.0,9601.0,3529.0,4409.0,6412.0,7416.0,,,16926,92337,CA,6020.0,0,920
0,1245974400,ADESA,2006,3,GMC,ENVOY XL 2WD 6C 4.2L,SLE,4D UTILITY 4.2L SLE,BLUE,AUTO,1.0,Alloy,80076,AMERICAN,MEDIUM SUV,GM,9355.0,10858.0,10603.0,12227.0,10204.0,12304.0,11520.0,13788.0,,,18880,37771,TN,9435.0,0,1243
0,1249603200,MANHEIM,2005,4,DODGE,STRATUS V6 2.7L V6 M,SXT,4D SEDAN SXT FFV,WHITE,AUTO,2.0,Covers,49384,AMERICAN,MEDIUM,CHRYSLER,5488.0,6516.0,6427.0,7537.0,5955.0,6947.0,6931.0,8003.0,,,99750,85040,AZ,6200.0,0,975
0,1263340800,OTHER,2005,5,CHEVROLET,TAHOE 2WD,LS,4D SUV 4.8L,GOLD,AUTO,1.0,Alloy,88533,AMERICAN,LARGE SUV,GM,9488.0,11324.0,14460.0,16337.0,10856.0,12662.0,16275.0,17690.0,,,5546,35004,AL,10600.0,0,1763
0,1273708800,OTHER,2008,2,CHEVROLET,COBALT,LS,4D SEDAN LS,BLUE,AUTO,2.0,Covers,63581,AMERICAN,COMPACT,GM,7086.0,7541.0,10001.0,10705.0,6881.0,7427.0,10172.0,10745.0,,,17212,73108,OK,4735.0,0,728
0,1263945600,ADESA,2005,5,DODGE,DAKOTA PICKUP 2WD V8,SLT,EXT CAB 4.7L,PURPLE,AUTO,1.0,Alloy,78924,AMERICAN,SMALL TRUCK,CHRYSLER,5808.0,7359.0,9567.0,11197.0,6335.0,7406.0,10276.0,11401.0,,,8655,77086,TX,6400.0,0,1506
0,1291766400,MANHEIM,2004,6,CHRYSLER,PT CRUISER,Tou,4D SEDAN TOURING TURBO,SILVER,AUTO,1.0,Alloy,59368,AMERICAN,MEDIUM,CHRYSLER,4142.0,5344.0,7313.0,8813.0,3408.0,4248.0,6684.0,7976.0,,,19619,32124,FL,5950.0,0,1169
1,1261008000,MANHEIM,2002,7,DODGE,1500 RAM PICKUP 2WD,ST,REG CAB 3.7L ST,WHITE,AUTO,1.0,Alloy,99769,AMERICAN,LARGE TRUCK,CHRYSLER,3490.0,4896.0,6289.0,7698.0,4228.0,5114.0,7382.0,8252.0,,,23359,92337,CA,3740.0,0,920
0,1242086400,MANHEIM,2006,3,HYUNDAI,SONATA V6 3.3L V6 MP,GLS,4D SEDAN GLS,WHITE,AUTO,1.0,Alloy,52406,OTHER ASIAN,MEDIUM,OTHER,6680.0,8658.0,7714.0,9851.0,8073.0,9341.0,9219.0,10588.0,,,835,85040,AZ,8190.0,0,671
0,1287619200,MANHEIM,2007,3,CHEVROLET,IMPALA,LS,4D SEDAN LS,WHITE,AUTO,2.0,Covers,77523,AMERICAN,LARGE,GM,7511.0,8716.0,10629.0,11900.0,8228.0,9490.0,11348.0,12990.0,NO,GREEN,17212,76040,TX,7970.0,0,1974
0,1245110400,MANHEIM,2003,6,CHEVROLET,CAVALIER 4C 2.2L I4,LS,4D SEDAN LS,SILVER,AUTO,2.0,Covers,87063,AMERICAN,COMPACT,GM,2314.0,3222.0,2999.0,3980.0,2390.0,3226.0,3081.0,3984.0,,,22916,80022,CO,3340.0,0,1543
0,1255478400,MANHEIM,2003,6,CHEVROLET,MALIBU V6 3.1L V6 SF,Bas,4D SEDAN,SILVER,AUTO,1.0,Alloy,75135,AMERICAN,MEDIUM,GM,2562.0,3634.0,3267.0,4425.0,2056.0,2922.0,2720.0,3656.0,,,23359,92807,CA,3645.0,0,2508
0,1289952000,OTHER,2007,3,CHRYSLER,PT CRUISER,Bas,4D SEDAN,BLACK,AUTO,2.0,Covers,81540,AMERICAN,MEDIUM,CHRYSLER,5494.0,6704.0,9416.0,11490.0,5865.0,7263.0,9017.0,10295.0,NO,GREEN,19662,60445,IL,5600.0,0,1503
0,1268352000,OTHER,2008,2,FORD,FUSION 4C,SE,4D SEDAN SE,SILVER,AUTO,1.0,Alloy,74857,AMERICAN,MEDIUM,FORD,11856.0,13380.0,15076.0,16501.0,11925.0,13869.0,15438.0,17142.0,,,17675,29461,SC,8700.0,0,803
0,1291161600,MANHEIM,2001,9,MERCURY,SABLE,LS,4D SEDAN LS PREMIUM,GOLD,AUTO,1.0,Alloy,47744,AMERICAN,MEDIUM,FORD,2888.0,4150.0,5443.0,6883.0,2472.0,3527.0,5307.0,6796.0,,,19638,33809,FL,5150.0,0,993
0,1268352000,OTHER,2008,2,DODGE,CALIBER,SE,4D WAGON,BEIGE,AUTO,2.0,Covers,50365,AMERICAN,MEDIUM,CHRYSLER,8054.0,8628.0,11156.0,11754.0,7907.0,8791.0,11515.0,12347.0,,,99761,74135,OK,7450.0,0,754
0,1250812800,OTHER,2004,5,FORD,EXPLORER 4WD V6 4.0L,XLS,4D SUV 4.0L FFV XLS,GREEN,AUTO,1.0,Alloy,62685,AMERICAN,MEDIUM SUV,FORD,5295.0,6455.0,6219.0,7471.0,5218.0,6608.0,6135.0,7637.0,,,99750,95673,CA,7300.0,0,1508
0,1288137600,OTHER,2005,5,MAZDA,MPV 2WD V6,ES,WAGON LX,GREEN,AUTO,1.0,Alloy,92350,OTHER ASIAN,VAN,OTHER,4778.0,5822.0,8117.0,9231.0,5109.0,6376.0,8729.0,10208.0,,,52492,29697,SC,6000.0,0,1197
0,1266537600,OTHER,2006,4,DODGE,STRATUS 4C,SXT,4D SEDAN,BLACK,AUTO,2.0,Covers,80057,AMERICAN,MEDIUM,CHRYSLER,4696.0,5791.0,8510.0,9794.0,5116.0,6138.0,7862.0,9432.0,,,18111,30120,GA,5700.0,0,1243
1,1257292800,MANHEIM,2005,4,DODGE,NEON,SXT,4D SEDAN,BLUE,AUTO,1.0,Alloy,82968,AMERICAN,COMPACT,CHRYSLER,3155.0,4014.0,3907.0,4835.0,2969.0,3970.0,6439.0,7718.0,,,21973,32824,FL,4600.0,0,723
0,1279843200,OTHER,2002,8,CHEVROLET,S10 PICKUP 2WD V6,Bas,REG CAB 4.3L,WHITE,AUTO,1.0,Alloy,77763,AMERICAN,SMALL TRUCK,GM,4576.0,5724.0,7198.0,8026.0,2320.0,2992.0,5327.0,6112.0,NO,GREEN,99750,95673,CA,4800.0,0,1689
0,1282003200,MANHEIM,2005,5,NISSAN,SENTRA,Bas,4D SEDAN 1.8S,BLACK,AUTO,1.0,Alloy,54071,TOP LINE ASIAN,COMPACT,OTHER,4426.0,5420.0,8048.0,9199.0,4339.0,5477.0,7435.0,8743.0,,,17212,75050,TX,6625.0,0,505
1,1288051200,MANHEIM,2005,5,CHEVROLET,AVEO,LS,4D SEDAN,BLUE,AUTO,2.0,Covers,55288,AMERICAN,COMPACT,GM,3027.0,3640.0,5810.0,6279.0,2739.0,3285.0,5416.0,6064.0,,,20740,34761,FL,4360.0,0,671
0,1237939200,MANHEIM,2005,4,CHEVROLET,TRAILBLAZER 2WD 6C 4,LS,4D SUV 4.2L LS,GREY,AUTO,1.0,Alloy,64596,AMERICAN,MEDIUM SUV,GM,7966.0,9369.0,9103.0,10619.0,7492.0,8845.0,8591.0,10053.0,,,20207,75236,TX,7025.0,0,1020
0,1274140800,MANHEIM,2006,4,FORD,TAURUS,SE,4D SEDAN SE,SILVER,AUTO,1.0,Alloy,89246,AMERICAN,MEDIUM,FORD,4693.0,5900.0,8753.0,9673.0,3831.0,4985.0,7632.0,8600.0,,,22916,80022,CO,4600.0,0,983
0,1235347200,MANHEIM,2002,7,MERCURY,SABLE 3.0L V6 EFI,GS,4D SEDAN GS,RED,AUTO,2.0,Covers,97362,AMERICAN,MEDIUM,FORD,2498.0,3401.0,3198.0,4173.0,2387.0,3502.0,3078.0,4282.0,,,17675,27542,NC,3900.0,0,1353
0,1239926400,MANHEIM,2004,5,DODGE,STRATUS 4C 2.4L I4 M,SE,4D SEDAN,GOLD,AUTO,2.0,Covers,34401,AMERICAN,MEDIUM,CHRYSLER,2636.0,3519.0,3347.0,4301.0,2636.0,3519.0,3347.0,4301.0,,,835,85040,AZ,4800.0,0,762
0,1235520000,MANHEIM,2005,4,FORD,EXPLORER 4WD V6 4.0L,XLS,4D SUV 4.0L FFV XLS,GOLD,AUTO,2.0,Covers,62935,AMERICAN,MEDIUM SUV,FORD,6134.0,7338.0,7125.0,8425.0,7021.0,8211.0,8083.0,9368.0,,,835,85040,AZ,7100.0,0,1508
0,1257292800,MANHEIM,2006,3,DODGE,DURANGO 2WD V8,Adv,4D SUV 4.7L ADVENTURER,GREY,AUTO,1.0,Alloy,75952,AMERICAN,MEDIUM SUV,CHRYSLER,10244.0,13041.0,11564.0,14584.0,10883.0,12166.0,15586.0,16956.0,,,18822,78219,TX,9040.0,0,1389
1,1285804800,MANHEIM,2005,5,CHRYSLER,PACIFICA AWD,Bas,4D SPORT,WHITE,AUTO,1.0,Alloy,87476,AMERICAN,CROSSOVER,CHRYSLER,6458.0,8362.0,10059.0,12026.0,5938.0,7212.0,9763.0,11105.0,,,18880,30272,GA,6995.0,0,2022
0,1256256000,MANHEIM,2007,2,DODGE,CARAVAN GRAND FWD V6,SE,MINIVAN 3.3L,BLUE,AUTO,2.0,Covers,77888,AMERICAN,VAN,CHRYSLER,8387.0,9299.0,9558.0,10543.0,6803.0,7399.0,10929.0,11525.0,,,99740,32503,FL,7905.0,0,1623
0,1236902400,OTHER,2006,3,DODGE,CHARGER 3.5L V6 EFI,Bas,4D SEDAN,SILVER,AUTO,2.0,Covers,67472,AMERICAN,SPECIALTY,CHRYSLER,9777.0,11040.0,11059.0,12423.0,3826.0,4975.0,4632.0,5873.0,,,20740,29461,SC,10800.0,0,1215
0,1268352000,ADESA,2002,8,DODGE,DURANGO 2WD V8,Spo,4D SUV 4.7L,BLACK,AUTO,1.0,Alloy,76016,AMERICAN,MEDIUM SUV,CHRYSLER,3969.0,4939.0,7061.0,8787.0,3630.0,4944.0,6313.0,8598.0,,,16926,91752,CA,6700.0,0,1689
0,1254268800,MANHEIM,2002,7,HONDA,ACCORD 4C 2.3L I-4 E,SE,4D SEDAN SE AUTO,SILVER,AUTO,,,72605,TOP LINE ASIAN,MEDIUM,OTHER,4739.0,5744.0,5618.0,6704.0,4147.0,4942.0,4979.0,5837.0,,,20928,32824,FL,7100.0,0,869
0,1250553600,MANHEIM,2003,6,FORD,F150 PICKUP 2WD V6 4,XL,EXT CAB 4.2L XL,RED,AUTO,1.0,Alloy,87365,AMERICAN,LARGE TRUCK,FORD,5338.0,6897.0,6265.0,7949.0,5899.0,7769.0,6871.0,8891.0,,,22916,80022,CO,6920.0,0,894
1,1284508800,ADESA,2006,4,CHRYSLER,SEBRING 4C,Bas,2D CONVERTIBLE,GREY,AUTO,,,70980,AMERICAN,MEDIUM,CHRYSLER,4033.0,4878.0,7829.0,8624.0,4033.0,4878.0,7829.0,8624.0,,,21053,85226,AZ,5945.0,0,1155
0,1289260800,MANHEIM,2005,5,DODGE,DURANGO 2WD V8,ST,4D SUV 4.7L ST,MAROON,AUTO,2.0,Covers,72710,AMERICAN,MEDIUM SUV,CHRYSLER,6757.0,8774.0,10708.0,12641.0,7734.0,9272.0,11714.0,13180.0,NO,GREEN,17212,75050,TX,10195.0,0,1389
0,1268006400,MANHEIM,2007,3,CHEVROLET,IMPALA V6,LT,4D SEDAN LT 3.5L,SILVER,AUTO,1.0,Alloy,83458,AMERICAN,LARGE,GM,8930.0,10242.0,12299.0,13877.0,8531.0,9920.0,12334.0,13991.0,,,10430,39402,MS,8430.0,1,2152
0,1253059200,ADESA,2006,3,CHRYSLER,SEBRING 4C 2.4L I4 S,Bas,4D SEDAN,SILVER,AUTO,1.0,Alloy,78695,AMERICAN,MEDIUM,CHRYSLER,4967.0,6566.0,5864.0,7591.0,4624.0,5766.0,8211.0,9430.0,,,20740,30212,GA,5800.0,0,1155
0,1291161600,MANHEIM,2004,6,MERCURY,MOUNTAINEER 2WD V8,,4D SUV 4.6L,BLACK,AUTO,1.0,Alloy,66454,AMERICAN,MEDIUM SUV,FORD,6497.0,8098.0,10318.0,12127.0,6117.0,7071.0,10191.0,11056.0,NO,GREEN,19619,32824,FL,8250.0,0,1508
0,1282694400,ADESA,2005,5,CHEVROLET,EQUINOX AWD V6,LS,4D SUV LS,RED,AUTO,2.0,Covers,74780,AMERICAN,MEDIUM SUV,GM,7429.0,9208.0,11037.0,13680.0,6515.0,8317.0,10324.0,12211.0,,,52117,20166,VA,8220.0,0,1506
0,1275955200,ADESA,2004,6,JEEP,LIBERTY 2WD V6,Spo,4D SUV,SILVER,AUTO,1.0,Alloy,77183,AMERICAN,SMALL SUV,CHRYSLER,5620.0,6745.0,9755.0,10506.0,4887.0,5857.0,9188.0,9982.0,,,52117,45005,OH,7095.0,0,686
0,1286409600,MANHEIM,2007,3,CHRYSLER,PT CRUISER,Tou,4D SEDAN TOURING,SILVER,AUTO,2.0,Covers,81273,AMERICAN,MEDIUM,CHRYSLER,5678.0,6925.0,9225.0,10445.0,6079.0,7244.0,9259.0,10103.0,NO,GREEN,19662,60443,IL,6760.0,0,1503
1,1242172800,MANHEIM,2003,6,CHRYSLER,CONCORDE 3.5L V6 MPI,LXi,4D SEDAN LXI,GOLD,AUTO,1.0,Alloy,68055,AMERICAN,LARGE,CHRYSLER,2856.0,4236.0,3584.0,5075.0,2856.0,4236.0,3584.0,5075.0,,,19619,32824,FL,5300.0,0,1808
0,1253750400,OTHER,2007,2,CHEVROLET,1500 SILVERADO PICKU,LS,REG CAB 4.3L,BEIGE,AUTO,1.0,Alloy,82087,AMERICAN,LARGE TRUCK,GM,0.0,0.0,0.0,0.0,0.0,0.0,0.0,0.0,,,99750,73108,OK,7400.0,0,1373
0,1274140800,MANHEIM,2005,5,CHEVROLET,MALIBU V6,LS,4D SEDAN LS,GOLD,AUTO,1.0,Alloy,54891,AMERICAN,MEDIUM,GM,5101.0,6232.0,8313.0,9653.0,4905.0,6223.0,8298.0,9468.0,,,22916,80022,CO,6520.0,0,1003
1,1292976000,MANHEIM,2006,4,FORD,FOCUS,ZX4,4D SEDAN ZX4,BLUE,AUTO,2.0,Covers,86022,AMERICAN,COMPACT,FORD,3742.0,4806.0,7264.0,8352.0,4055.0,5201.0,7455.0,8620.0,,,52646,8505,NJ,4620.0,0,1243
0,1267488000,OTHER,2006,4,CHEVROLET,IMPALA,LS,4D SEDAN LS,BLUE,AUTO,2.0,Covers,77587,AMERICAN,LARGE,GM,7244.0,8214.0,10631.0,11765.0,6515.0,7802.0,9743.0,11267.0,,,22808,75061,TX,8175.0,0,1974
0,1266364800,MANHEIM,2004,6,FORD,EXPLORER 2WD V6,XLT,4D SUV 4.0L FFV XLT,SILVER,AUTO,1.0,Alloy,76780,AMERICAN,MEDIUM SUV,FORD,6374.0,7668.0,10447.0,11954.0,6241.0,7568.0,9591.0,11210.0,,,5546,33809,FL,8120.0,0,1155
0,1283990400,OTHER,2005,5,CHRYSLER,SEBRING V6,Tou,4D SEDAN TOURING,GREY,AUTO,1.0,Alloy,88359,AMERICAN,MEDIUM,CHRYSLER,3351.0,4493.0,7052.0,8219.0,3852.0,5180.0,7471.0,8843.0,,,10430,73108,OK,6005.0,1,1373
0,1236729600,OTHER,2003,6,DODGE,INTREPID 3.5L V6 MPI,ES,4D SEDAN ES,WHITE,AUTO,1.0,Alloy,81471,AMERICAN,LARGE,CHRYSLER,2815.0,4121.0,3540.0,4951.0,3094.0,4000.0,3842.0,4820.0,,,18880,29697,SC,5200.0,0,2193
0,1278633600,OTHER,2007,3,CHEVROLET,IMPALA,LS,4D SEDAN LS,BLUE,AUTO,2.0,Covers,67690,AMERICAN,LARGE,GM,7992.0,8982.0,11408.0,12653.0,8011.0,9078.0,11478.0,12655.0,,,99750,73108,OK,8200.0,0,1703
0,1255305600,ADESA,2005,4,FORD,TAURUS 3.0L V6 EFI,SE,4D SEDAN SE,BLUE,AUTO,1.0,Alloy,60023,AMERICAN,MEDIUM,FORD,3416.0,4545.0,4189.0,5409.0,3416.0,4474.0,6936.0,8050.0,,,19619,33619,FL,4800.0,0,825
1,1256256000,ADESA,2006,3,CHEVROLET,COBALT 2.2L I4 MPI,LS,4D SEDAN LS,BLUE,AUTO,,,45600,AMERICAN,COMPACT,GM,4972.0,6156.0,5870.0,7148.0,4997.0,6166.0,5897.0,7159.0,,,16926,91752,CA,6175.0,0,623
0,1255478400,ADESA,2005,4,CHEVROLET,MALIBU V6 3.5L V6 SF,LS,4D SEDAN LS,MAROON,AUTO,1.0,Alloy,66756,AMERICAN,MEDIUM,GM,5298.0,6901.0,6222.0,7953.0,4813.0,5990.0,7975.0,9595.0,,,25100,77086,TX,6200.0,0,1118
0,1233792000,OTHER,2006,3,FORD,FREESTAR FWD V6 3.9L,SE,PASSENGER 3.9L SE,GREY,AUTO,2.0,Covers,54630,AMERICAN,VAN,FORD,5096.0,6208.0,6004.0,7205.0,5844.0,7275.0,6812.0,8357.0,,,8655,38637,MS,6225.0,0,1169
0,1291075200,MANHEIM,2007,3,CHRYSLER,PT CRUISER,Bas,4D SEDAN,WHITE,AUTO,2.0,Covers,69421,AMERICAN,MEDIUM,CHRYSLER,5474.0,6481.0,9100.0,10064.0,5576.0,6765.0,9146.0,9957.0,,,52492,28625,NC,5595.0,0,1215
0,1240444800,MANHEIM,2004,5,FORD,EXPEDITION 4WD V8 5.,XLT,4D SUV 5.4L XLT,BLACK,AUTO,1.0,Alloy,82190,AMERICAN,LARGE SUV,FORD,9497.0,11578.0,10757.0,13004.0,9497.0,11578.0,10757.0,13004.0,,,18881,30272,GA,8910.0,0,1503
0,1252972800,MANHEIM,2005,4,SATURN,ION 2.2L I4 EFI,2,4D SEDAN LEVEL 2,GREY,AUTO,2.0,Covers,43936,AMERICAN,MEDIUM,GM,4917.0,6439.0,5810.0,7454.0,4962.0,6508.0,5859.0,7529.0,,,22916,80022,CO,5110.0,0,623
0,1283904000,OTHER,2005,5,MITSUBISHI,GALANT V6,GTS,4D SEDAN GTS,BLACK,AUTO,1.0,Alloy,78421,OTHER ASIAN,MEDIUM,OTHER,6555.0,7692.0,9892.0,10635.0,5290.0,6606.0,8850.0,9898.0,,,52492,29697,SC,7400.0,0,803
0,1270684800,OTHER,2008,2,FORD,ESCAPE 2WD 4C,XLS,4D CUV 2.3L XLS,SILVER,AUTO,1.0,Alloy,80156,AMERICAN,SMALL SUV,FORD,11491.0,13796.0,14837.0,16969.0,11257.0,13430.0,14974.0,16913.0,,,20833,73108,OK,8390.0,0,983
0,1265846400,MANHEIM,2005,5,FORD,TAURUS,SE,4D SEDAN SE FFV,BLUE,AUTO,1.0,Alloy,77974,AMERICAN,MEDIUM,FORD,3791.0,4904.0,7112.0,8386.0,3974.0,5172.0,7460.0,8751.0,,,18880,30272,GA,4975.0,0,920
0,1260403200,MANHEIM,2006,3,KIA,SPECTRA,EX,4D SEDAN EX,SILVER,AUTO,2.0,Covers,68993,OTHER ASIAN,MEDIUM,OTHER,4327.0,5262.0,7773.0,8802.0,4572.0,5660.0,7854.0,8770.0,,,17212,76040,TX,6125.0,0,533
0,1291680000,MANHEIM,2006,4,CHEVROLET,AVEO,LS,4D SEDAN LS,GREY,AUTO,2.0,Covers,36679,AMERICAN,COMPACT,GM,3548.0,4347.0,6130.0,7258.0,3896.0,4783.0,6832.0,7534.0,,,19662,77041,TX,5185.0,0,582
0,1275955200,MANHEIM,2003,7,MERCURY,SABLE,LS,4D SEDAN LS PREMIUM,SILVER,AUTO,1.0,Alloy,67580,AMERICAN,MEDIUM,FORD,3300.0,4321.0,6336.0,7657.0,2829.0,4042.0,6207.0,7323.0,,,18111,19440,PA,5105.0,0,1125
1,1287014400,MANHEIM,2007,3,CHRYSLER,SEBRING V6,Bas,4D SEDAN,GREY,AUTO,2.0,Covers,78080,AMERICAN,MEDIUM,CHRYSLER,6577.0,7559.0,10496.0,11439.0,7601.0,8418.0,11488.0,12175.0,,,835,85353,AZ,6950.0,0,1272
0,1248912000,MANHEIM,2006,3,SCION,TC 2.4L I4 16V / EFI,Bas,2D COUPE,BLACK,AUTO,1.0,Alloy,72332,OTHER ASIAN,SPORTS,OTHER,9096.0,10729.0,10324.0,12087.0,9192.0,10743.0,10427.0,12102.0,,,19064,76040,TX,8485.0,0,569
1,1255996800,MANHEIM,2006,3,HYUNDAI,SONATA V6 3.3L V6 MP,GLS,4D SEDAN GLS,BLUE,AUTO,1.0,Alloy,66783,OTHER ASIAN,MEDIUM,OTHER,6582.0,7550.0,7609.0,8654.0,7178.0,8806.0,11366.0,12815.0,,,22916,80022,CO,7480.0,0,728
0,1289260800,MANHEIM,2007,3,CHEVROLET,HHR,LT,4D SUV 2.2L LT,SILVER,AUTO,2.0,Covers,59410,AMERICAN,MEDIUM,GM,7077.0,8668.0,10662.0,12284.0,7184.0,8321.0,11002.0,12346.0,,,17212,75050,TX,7125.0,0,671
1,1284422400,MANHEIM,2004,6,CHEVROLET,TRAILBLAZER EXT 2WD,LT,4D SUV 4.2L LS,SILVER,AUTO,,,89395,AMERICAN,MEDIUM SUV,GM,5827.0,7429.0,9426.0,10982.0,5827.0,7429.0,9426.0,10982.0,,,22916,80022,CO,8605.0,0,1243
0,1241568000,ADESA,2006,3,SATURN,ION 2.2L I4 EFI,2,4D SEDAN LEVEL 2,WHITE,MANUAL,2.0,Covers,48923,AMERICAN,MEDIUM,GM,5579.0,6823.0,6525.0,7869.0,5579.0,6823.0,6525.0,7869.0,,,21053,85226,AZ,5430.0,0,623
0,1236643200,MANHEIM,2005,4,CHRYSLER,300 2.7L V6 MPI,Bas,4D SEDAN,SILVER,AUTO,2.0,Covers,77267,AMERICAN,SPECIALTY,CHRYSLER,8961.0,10287.0,10178.0,11610.0,9222.0,10625.0,10460.0,11975.0,,,19638,37210,TN,9280.0,0,1389
0,1265760000,MANHEIM,2005,5,KIA,SORENTO 2WD,EX,4D SPORT UTILITY EX,BLUE,AUTO,1.0,Alloy,66780,OTHER ASIAN,MEDIUM SUV,OTHER,6484.0,8120.0,9925.0,11580.0,6981.0,8369.0,10964.0,13031.0,,,23359,92807,CA,7385.0,0,1508
0,1282176000,OTHER,2003,7,DODGE,CARAVAN FWD V6,SE,MINIVAN 3.3L FFV SE,WHITE,AUTO,2.0,Covers,60874,AMERICAN,VAN,CHRYSLER,4752.0,6069.0,11758.0,15016.0,3532.0,5151.0,6592.0,7963.0,,,99750,97060,OR,6500.0,0,1711
0,1240272000,MANHEIM,2006,3,DODGE,CARAVAN GRAND FWD V6,Bas,MINIVAN 3.3L,BLACK,AUTO,2.0,Covers,66265,AMERICAN,VAN,CHRYSLER,6544.0,8170.0,7568.0,9324.0,6544.0,8170.0,7568.0,9324.0,,,18880,28625,NC,6730.0,0,1411
0,1232409600,MANHEIM,2005,4,DODGE,CARAVAN GRAND FWD V6,SXT,MINIVAN 3.8L SXT,BLACK,AUTO,1.0,Alloy,57085,AMERICAN,VAN,CHRYSLER,6159.0,7720.0,7152.0,8838.0,6461.0,8076.0,7478.0,9222.0,,,3453,80022,CO,5780.0,0,1251
0,1257206400,OTHER,2008,1,CHRYSLER,PT CRUISER,Bas,4D SEDAN,RED,AUTO,2.0,Covers,48407,AMERICAN,MEDIUM,CHRYSLER,6626.0,7094.0,7656.0,8162.0,6972.0,7740.0,10359.0,11094.0,,,99761,74135,OK,6500.0,0,975
1,1251417600,ADESA,2003,6,DODGE,1500 RAM PICKUP 2WD,Lar,QUAD CAB 5.9L,WHITE,AUTO,1.0,Alloy,83856,AMERICAN,LARGE TRUCK,CHRYSLER,6555.0,8361.0,7579.0,9530.0,6747.0,8752.0,7787.0,9952.0,,,18111,37771,TN,7900.0,0,1283
0,1275350400,OTHER,2006,4,CHEVROLET,MALIBU V6,LTZ,4D SEDAN LTZ,GOLD,AUTO,1.0,Alloy,76693,AMERICAN,MEDIUM,GM,9125.0,11088.0,12763.0,14802.0,8303.0,10051.0,11389.0,13051.0,,,25100,75061,TX,7565.0,0,1272
0,1273104000,MANHEIM,2007,3,CHRYSLER,SEBRING 4C,Bas,4D SEDAN,SILVER,AUTO,2.0,Covers,77828,AMERICAN,MEDIUM,CHRYSLER,7780.0,8965.0,11312.0,12463.0,7481.0,8583.0,11320.0,12290.0,,,17212,76040,TX,7670.0,0,1155
0,1291939200,OTHER,2002,8,CHEVROLET,MALIBU V6,Bas,4D SEDAN,BLACK,AUTO,2.0,Covers,100197,AMERICAN,MEDIUM,GM,2007.0,2898.0,4815.0,6204.0,2144.0,3087.0,5051.0,5984.0,NO,GREEN,20740,29461,SC,2650.0,0,3191
0,1243814400,MANHEIM,2005,4,FORD,EXPEDITION 4WD V8 5.,XLT,4D SUV 5.4L XLT,BEIGE,AUTO,1.0,Alloy,87495,AMERICAN,LARGE SUV,FORD,10691.0,13126.0,12046.0,14676.0,11057.0,13591.0,12442.0,15178.0,,,18880,27542,NC,10200.0,0,1503
1,1257984000,ADESA,2003,6,FORD,EXPEDITION 4WD V8,XLT,4D SUV 5.4L XLT,GREY,AUTO,1.0,Alloy,90552,AMERICAN,LARGE SUV,FORD,6733.0,8356.0,7772.0,9524.0,7093.0,8320.0,11231.0,12517.0,,,3453,80817,CO,9220.0,0,1930
0,1232409600,MANHEIM,2005,4,DODGE,CARAVAN GRAND FWD V6,SE,MINIVAN 3.3L,BLUE,AUTO,2.0,Covers,72694,AMERICAN,VAN,CHRYSLER,4005.0,4858.0,4825.0,5747.0,4342.0,5394.0,5189.0,6326.0,,,3453,80022,CO,4620.0,0,1623
0,1246406400,OTHER,2008,1,CHRYSLER,SEBRING 4C 2.4L I4 E,LX,4D SEDAN,WHITE,AUTO,2.0,Covers,52721,AMERICAN,MEDIUM,CHRYSLER,7960.0,8466.0,9097.0,9643.0,7960.0,8466.0,9097.0,9643.0,,,20740,27407,NC,7740.0,0,920
0,1246406400,ADESA,2004,5,CHEVROLET,TRAILBLAZER 2WD 6C 4,Nor,4D SUV 4.2L LS,BEIGE,AUTO,1.0,Alloy,80980,AMERICAN,MEDIUM SUV,GM,6517.0,8046.0,7538.0,9190.0,6029.0,7324.0,9737.0,11656.0,,,20234,85226,AZ,7760.0,0,1243
0,1260316800,MANHEIM,2005,4,DODGE,1500 RAM PICKUP 2WD,SLT,QUAD CAB 5.7L SLT,SILVER,AUTO,1.0,Alloy,72039,AMERICAN,LARGE TRUCK,CHRYSLER,8895.0,11105.0,13686.0,15869.0,9325.0,11305.0,14709.0,17163.0,,,21973,32824,FL,11300.0,0,920
0,1260921600,MANHEIM,2007,2,FORD,FUSION V6,SE,4D SEDAN AWD SE,GREY,AUTO,1.0,Alloy,87567,AMERICAN,MEDIUM,FORD,10301.0,12437.0,14113.0,15846.0,12244.0,13857.0,15615.0,17079.0,,,20740,8505,NJ,8135.0,0,1893
0,1288742400,MANHEIM,2008,2,CHEVROLET,AVEO,LS,4D SEDAN LS,WHITE,AUTO,2.0,Covers,66359,AMERICAN,COMPACT,GM,5897.0,6679.0,9070.0,9683.0,5709.0,6275.0,9244.0,9872.0,,,21047,92807,CA,5480.0,0,728
0,1280275200,MANHEIM,2003,7,MITSUBISHI,LANCER,ES,4D SEDAN ES,WHITE,MANUAL,2.0,Covers,69565,OTHER ASIAN,COMPACT,OTHER,2389.0,3281.0,5207.0,6251.0,2531.0,3300.0,4984.0,6161.0,,,18822,78219,TX,4785.0,0,833
0,1271808000,MANHEIM,2001,9,CHRYSLER,SEBRING V6,LXi,2D COUPE LXI,SILVER,MANUAL,1.0,Alloy,49500,AMERICAN,MEDIUM,CHRYSLER,3627.0,4984.0,6741.0,8307.0,2010.0,2877.0,4504.0,5606.0,,,19619,32824,FL,4750.0,0,1205
0,1239753600,OTHER,2003,6,DODGE,CARAVAN FWD V6 3.3L,SE,MINIVAN 3.3L FFV SE,BLUE,AUTO,2.0,Covers,90561,AMERICAN,VAN,CHRYSLER,2974.0,3961.0,3712.0,4778.0,2974.0,3961.0,3712.0,4778.0,,,835,85009,AZ,4160.0,0,2218
0,1278979200,MANHEIM,2007,3,FORD,FOCUS,ZX4,4D SEDAN SE,GREY,AUTO,2.0,Covers,81000,AMERICAN,COMPACT,FORD,6630.0,7990.0,10339.0,11234.0,6222.0,7690.0,9871.0,11424.0,,,52492,75050,TX,5370.0,0,1243
0,1241568000,MANHEIM,2004,5,HYUNDAI,ELANTRA 2.0L I4 MPI,GLS,4D SEDAN,BLUE,AUTO,1.0,Alloy,65834,OTHER ASIAN,MEDIUM,OTHER,3364.0,4130.0,4133.0,4960.0,3364.0,4130.0,4133.0,4960.0,,,20928,32124,FL,5100.0,0,533
0,1233878400,ADESA,2004,5,DODGE,CARAVAN FWD 4C 2.4L,SE,MINIVAN 2.4L SE,GREEN,AUTO,2.0,Covers,75321,AMERICAN,VAN,CHRYSLER,2840.0,3273.0,3567.0,4035.0,7388.0,8153.0,8479.0,9305.0,,,5546,34203,FL,4410.0,0,1623
1,1271203200,ADESA,2004,6,FORD,EXPLORER 4WD V6,XLS,4D SUV 4.0L FFV XLS,BLACK,AUTO,,,79692,AMERICAN,MEDIUM SUV,FORD,5911.0,7514.0,9473.0,10933.0,5911.0,7514.0,9473.0,10933.0,,,19662,77086,TX,7820.0,0,1740
0,1263945600,MANHEIM,2006,4,FORD,FUSION 4C,SE,4D SEDAN SE,BLUE,MANUAL,1.0,Alloy,57893,AMERICAN,MEDIUM,FORD,7269.0,8862.0,11130.0,13079.0,7733.0,9432.0,11238.0,12756.0,,,19662,78219,TX,6635.0,0,671
0,1263340800,MANHEIM,2004,6,CHEVROLET,MALIBU MAXX V6,LS,4D SEDAN LS,SILVER,AUTO,1.0,Alloy,59313,AMERICAN,MEDIUM,GM,4040.0,5067.0,7798.0,9780.0,5051.0,6077.0,8480.0,9438.0,,,20928,32824,FL,6600.0,0,1003
1,1277164800,MANHEIM,2003,7,CHEVROLET,VENTURE FWD V6,LS,PASSENGER 3.4L,WHITE,AUTO,2.0,Covers,91973,AMERICAN,VAN,GM,4222.0,5752.0,8088.0,10448.0,4478.0,5803.0,8750.0,10764.0,,,835,85040,AZ,4680.0,0,5913
1,1265328000,OTHER,2007,3,CHEVROLET,UPLANDER FWD V6,LS,PASSENGER EXT 3.5L,GOLD,AUTO,,,70651,AMERICAN,VAN,GM,5885.0,6916.0,9584.0,10835.0,5885.0,6916.0,9770.0,10945.0,,,18881,30120,GA,7600.0,0,2091
0,1244678400,MANHEIM,2007,2,CHEVROLET,IMPALA 3.5L V6 SFI,LS,4D SEDAN LS,SILVER,AUTO,2.0,Covers,69626,AMERICAN,LARGE,GM,7644.0,8892.0,8756.0,10103.0,7644.0,8892.0,8756.0,10103.0,,,20234,85353,AZ,7475.0,0,1703
0,1250726400,ADESA,2004,5,CHRYSLER,SEBRING 4C 2.4L I4 S,LX,4D SEDAN,GREY,AUTO,1.0,Alloy,84479,AMERICAN,MEDIUM,CHRYSLER,3085.0,4107.0,3832.0,4936.0,3437.0,4636.0,4212.0,5507.0,,,19662,78227,TX,4100.0,0,1243
0,1266796800,OTHER,2008,2,CHRYSLER,SEBRING 4C,LX,4D SEDAN LX,GOLD,AUTO,2.0,Covers,52722,AMERICAN,MEDIUM,CHRYSLER,8476.0,9108.0,11614.0,13591.0,8716.0,9320.0,11923.0,12626.0,,,99761,74135,OK,8400.0,0,920
0,1266883200,MANHEIM,2007,3,DODGE,CALIBER,SXT,4D WAGON SXT,RED,AUTO,2.0,Covers,66775,AMERICAN,MEDIUM,CHRYSLER,7610.0,9050.0,11008.0,12349.0,7293.0,8754.0,10907.0,12367.0,,,835,85040,AZ,7515.0,0,825
0,1260748800,MANHEIM,2006,3,DODGE,STRATUS 4C,SXT,4D SEDAN,BLUE,AUTO,,,61688,AMERICAN,MEDIUM,CHRYSLER,4161.0,5107.0,7118.0,8102.0,4965.0,5897.0,8577.0,10250.0,,,19619,27542,NC,5300.0,0,1020
0,1273104000,ADESA,2007,3,PONTIAC,GRAND PRIX,Bas,4D SEDAN,BLUE,AUTO,1.0,Alloy,77784,AMERICAN,LARGE,GM,8159.0,9843.0,12103.0,13699.0,7272.0,8658.0,10765.0,12383.0,,,18881,28273,NC,7175.0,0,1974
0,1276646400,MANHEIM,2005,5,CHEVROLET,AVEO,LT,4D SEDAN LT,WHITE,AUTO,1.0,Alloy,42305,AMERICAN,COMPACT,GM,4186.0,5350.0,7021.0,8973.0,3160.0,4140.0,5717.0,6463.0,,,52117,32824,FL,5450.0,0,623
0,1271376000,MANHEIM,2004,6,CHEVROLET,MALIBU V6,LS,4D SEDAN LS,BLUE,AUTO,1.0,Alloy,64594,AMERICAN,MEDIUM,GM,4683.0,5912.0,7359.0,8870.0,4643.0,5863.0,7850.0,9121.0,,,16044,17545,PA,6840.0,0,1118
0,1290556800,MANHEIM,2008,2,CHRYSLER,SEBRING 4C,LX,4D SEDAN LX,BLUE,AUTO,2.0,Covers,71915,AMERICAN,MEDIUM,CHRYSLER,8003.0,9029.0,11581.0,12811.0,8048.0,9273.0,11481.0,12535.0,,,19619,32824,FL,7880.0,0,1155
0,1287446400,MANHEIM,2005,5,DODGE,NEON,SXT,4D SEDAN,ORANGE,AUTO,1.0,Alloy,75155,AMERICAN,COMPACT,CHRYSLER,3299.0,4298.0,6221.0,7656.0,3072.0,4205.0,5782.0,7284.0,,,23657,97217,OR,4730.0,0,686
0,1277424000,OTHER,2001,9,LINCOLN,CONTINENTAL,,4D SEDAN,MAROON,AUTO,1.0,Alloy,75878,AMERICAN,LARGE,FORD,3139.0,4343.0,5577.0,7717.0,2637.0,3926.0,5616.0,6753.0,,,19619,46239,IN,4525.0,0,1572
0,1258588800,OTHER,2006,3,MITSUBISHI,GALANT 4C,ES,4D SEDAN ES,BLUE,AUTO,2.0,Covers,58575,OTHER ASIAN,MEDIUM,OTHER,6068.0,7316.0,7053.0,8401.0,6918.0,7896.0,10000.0,11189.0,,,22808,73108,OK,7020.0,0,505
0,1244073600,OTHER,2006,3,DODGE,STRATUS V6 2.7L V6 M,SXT,4D SEDAN SXT FFV,BLUE,AUTO,2.0,Covers,78298,AMERICAN,MEDIUM,CHRYSLER,5480.0,6461.0,6418.0,7478.0,5480.0,6461.0,6418.0,7478.0,,,99750,39208,MS,4500.0,0,1389
0,1267747200,ADESA,2005,5,DODGE,1500 RAM PICKUP 2WD,ST,REG CAB 3.7L,SILVER,MANUAL,1.0,Alloy,62021,AMERICAN,LARGE TRUCK,CHRYSLER,6147.0,7619.0,9711.0,11093.0,5871.0,7673.0,9490.0,10847.0,,,18111,37771,TN,6970.0,0,533
0,1237334400,MANHEIM,2006,3,KIA,SPECTRA 2.0L I4 EFI,EX,4D SEDAN,GOLD,AUTO,2.0,Covers,54339,OTHER ASIAN,MEDIUM,OTHER,4990.0,5571.0,5889.0,6517.0,1680.0,2269.0,2314.0,2951.0,,,19619,32824,FL,5800.0,0,505
0,1278979200,MANHEIM,2005,5,VOLVO,S40,T5,4D SEDAN T5,BLACK,AUTO,1.0,Alloy,74652,OTHER,SPECIALTY,OTHER,9124.0,11176.0,12673.0,14400.0,7380.0,9272.0,10969.0,12833.0,,,8172,30331,GA,9860.0,0,2208
0,1291766400,MANHEIM,2006,4,DODGE,1500 RAM PICKUP 2WD,Lar,QUAD CAB 4.7L SLT,RED,AUTO,1.0,Alloy,74225,AMERICAN,LARGE TRUCK,CHRYSLER,9041.0,11456.0,13816.0,16502.0,8708.0,10823.0,13426.0,15909.0,NO,GREEN,25100,78219,TX,10650.0,0,920
0,1285632000,MANHEIM,2006,4,CHRYSLER,TOWN & COUNTRY 2WD V,LX,MINIVAN 3.3L,GREEN,AUTO,2.0,Covers,84811,AMERICAN,VAN,CHRYSLER,5454.0,6931.0,8523.0,10648.0,5044.0,6325.0,9017.0,10406.0,,,20740,28625,NC,7095.0,0,1763
0,1281484800,MANHEIM,2005,5,CHRYSLER,PT CRUISER,Tou,2D CONVERTIBLE,RED,AUTO,1.0,Alloy,80926,AMERICAN,MEDIUM,CHRYSLER,5526.0,6655.0,8947.0,10149.0,4661.0,5839.0,7910.0,9271.0,,,19638,33809,FL,6150.0,0,1633
0,1283385600,MANHEIM,2001,9,FORD,FOCUS,SE,4D SEDAN SE,GREEN,AUTO,2.0,Covers,79860,AMERICAN,COMPACT,FORD,1911.0,2618.0,4337.0,5212.0,2118.0,2779.0,4560.0,5291.0,,,18880,29532,SC,4280.0,0,1455
0,1268870400,MANHEIM,2003,7,FORD,FOCUS,SE,4D WAGON,GREEN,AUTO,1.0,Alloy,80026,AMERICAN,COMPACT,FORD,3195.0,4112.0,6694.0,8616.0,3098.0,4120.0,7124.0,9474.0,,,18881,30272,GA,4910.0,0,1543
0,1267056000,MANHEIM,2004,6,JEEP,GRAND CHEROKEE 4WD 6,Lar,4D WAGON LAREDO,BLUE,AUTO,1.0,Alloy,73333,AMERICAN,MEDIUM SUV,CHRYSLER,6760.0,8348.0,10042.0,12081.0,6813.0,8191.0,10240.0,11734.0,,,20740,22403,VA,7575.0,0,1857
0,1233187200,MANHEIM,2005,4,FORD,EXPEDITION 4WD V8 5.,XLT,4D SUV 5.4L XLT,WHITE,AUTO,1.0,Alloy,77177,AMERICAN,LARGE SUV,FORD,9384.0,11433.0,10635.0,12848.0,9439.0,11099.0,10694.0,12487.0,,,19064,76040,TX,9270.0,0,1389
0,1283904000,MANHEIM,2008,2,DODGE,AVENGER 4C,SE,4D SEDAN,SILVER,AUTO,2.0,Covers,60789,AMERICAN,MEDIUM,CHRYSLER,7723.0,9077.0,10936.0,12373.0,7661.0,8808.0,11624.0,12885.0,,,20928,32824,FL,8050.0,0,1020
0,1234224000,MANHEIM,2006,3,HYUNDAI,ELANTRA MFI I-4 2.0L,GLS,4D SEDAN,RED,AUTO,1.0,Alloy,38711,OTHER ASIAN,MEDIUM,OTHER,5215.0,6408.0,6132.0,7421.0,5419.0,6566.0,6353.0,7591.0,,,18111,37210,TN,5715.0,0,462
0,1236038400,MANHEIM,2005,4,CHEVROLET,MALIBU 4C 2.2L I4 MP,Bas,4D SEDAN,WHITE,AUTO,2.0,Covers,74842,AMERICAN,MEDIUM,GM,5567.0,6844.0,6512.0,7892.0,5170.0,6377.0,6084.0,7387.0,,,18822,37210,TN,5650.0,0,1038
0,1242172800,OTHER,2006,3,CHRYSLER,PT CRUISER 2.4L I4 S,Tou,4D SEDAN,WHITE,MANUAL,1.0,Alloy,52439,AMERICAN,MEDIUM,CHRYSLER,5443.0,6528.0,6378.0,7550.0,5443.0,6528.0,6378.0,7550.0,,,18880,29697,SC,4700.0,0,1086
1,1269993600,MANHEIM,2003,7,CHRYSLER,TOWN & COUNTRY FWD V,Lim,MINIVAN 3.8L LIMITED,SILVER,AUTO,1.0,Alloy,89326,AMERICAN,VAN,CHRYSLER,5762.0,7302.0,9142.0,11195.0,5127.0,6513.0,8489.0,10364.0,,,25100,75236,TX,6570.0,0,2063
0,1237939200,MANHEIM,2003,6,FORD,F150 PICKUP 2WD V6 4,XL,REG CAB 4.2L XL,SILVER,AUTO,1.0,Alloy,66536,AMERICAN,LARGE TRUCK,FORD,3921.0,5340.0,4735.0,6267.0,3401.0,4469.0,4173.0,5327.0,,,20740,32124,FL,6600.0,0,833
0,1286236800,ADESA,2005,5,FORD,ESCAPE 4WD V6,XLT,4D CUV 3.0L XLT,BLUE,AUTO,1.0,Alloy,88279,AMERICAN,SMALL SUV,FORD,6324.0,8125.0,10785.0,13857.0,6467.0,8127.0,9980.0,12104.0,,,25100,38118,TN,7875.0,0,1503
1,1263945600,MANHEIM,2007,3,CHRYSLER,PACIFICA FWD,Tou,4D SPORT TOURING,BLUE,AUTO,1.0,Alloy,74419,AMERICAN,CROSSOVER,CHRYSLER,11032.0,13438.0,15161.0,17690.0,11385.0,13914.0,15633.0,18152.0,,,19662,78219,TX,7940.0,0,1389
0,1283385600,MANHEIM,2004,6,HYUNDAI,SANTA FE 2WD 4C,Bas,4D CUV DLX,SILVER,AUTO,1.0,Alloy,54430,OTHER ASIAN,MEDIUM SUV,OTHER,4268.0,5272.0,7415.0,9257.0,4322.0,5442.0,7468.0,8402.0,,,5546,33619,FL,8000.0,0,837
1,1257206400,ADESA,2006,3,CHRYSLER,PT CRUISER,Tou,4D SEDAN,BLUE,AUTO,,,39571,AMERICAN,MEDIUM,CHRYSLER,4856.0,5860.0,5744.0,6829.0,5033.0,5989.0,5936.0,6968.0,,,20833,78754,TX,5700.0,0,882
0,1286841600,MANHEIM,2003,7,CHRYSLER,TOWN & COUNTRY FWD V,Bas,MINIVAN 3.3L,GREEN,AUTO,2.0,Covers,71684,AMERICAN,VAN,CHRYSLER,3218.0,4116.0,6516.0,7513.0,3698.0,5200.0,6804.0,8594.0,,,18822,77041,TX,4665.0,0,1923
0,1275436800,MANHEIM,2002,8,PONTIAC,BONNEVILLE,SE,4D SEDAN SE,BLACK,AUTO,1.0,Alloy,75796,AMERICAN,LARGE,GM,3368.0,4694.0,5964.0,7542.0,2374.0,3188.0,4708.0,6254.0,,,25100,75236,TX,5970.0,0,2508
0,1249516800,MANHEIM,2005,4,CHRYSLER,PT CRUISER 2.4L I4 S,Bas,4D SEDAN,PURPLE,AUTO,2.0,Covers,60277,AMERICAN,MEDIUM,CHRYSLER,4243.0,5195.0,5082.0,6111.0,4399.0,5471.0,5251.0,6409.0,,,18880,29532,SC,4540.0,0,1215
0,1251072000,MANHEIM,2004,5,FORD,FOCUS 2.0L I4 SFI,SE,4D SEDAN SE,BLUE,MANUAL,2.0,Covers,55570,AMERICAN,COMPACT,FORD,3507.0,4424.0,4288.0,5278.0,3233.0,4190.0,3992.0,5025.0,,,20928,27542,NC,4500.0,0,920
1,1264032000,MANHEIM,2005,5,CHRYSLER,PACIFICA AWD,Tou,4D SPORT,BLACK,AUTO,1.0,Alloy,69184,AMERICAN,CROSSOVER,CHRYSLER,6549.0,7327.0,9834.0,10680.0,6691.0,8402.0,10071.0,12156.0,,,19638,33619,FL,8785.0,0,1606
0,1268870400,MANHEIM,2006,4,DODGE,STRATUS 4C,SXT,4D SEDAN,SILVER,AUTO,1.0,Alloy,69242,AMERICAN,MEDIUM,CHRYSLER,4776.0,5776.0,7894.0,9327.0,4895.0,6046.0,7522.0,9291.0,,,21973,33411,FL,5535.0,0,1020
0,1243987200,MANHEIM,2008,1,DODGE,AVENGER 4C 2.4L I4 S,SE,4D SEDAN,RED,AUTO,2.0,Covers,42320,AMERICAN,MEDIUM,CHRYSLER,8196.0,9044.0,9352.0,10268.0,8196.0,9044.0,9352.0,10268.0,,,20207,75236,TX,8385.0,0,834
0,1235433600,ADESA,2005,4,CHEVROLET,IMPALA 3.4L V6 SFI,Bas,4D SEDAN,GOLD,AUTO,2.0,Covers,76381,AMERICAN,LARGE,GM,5080.0,6276.0,5986.0,7278.0,5128.0,6460.0,6038.0,7477.0,,,19619,45005,OH,6265.0,0,1974
0,1256169600,ADESA,2007,2,CHRYSLER,SEBRING 4C 2.4L I4 E,Tou,4D SEDAN TOURING,BLUE,AUTO,1.0,Alloy,69426,AMERICAN,MEDIUM,CHRYSLER,8180.0,9652.0,9334.0,10924.0,8245.0,9584.0,12035.0,13678.0,,,8172,28273,NC,7245.0,0,1020
0,1268092800,MANHEIM,2005,5,FORD,FREESTAR FWD V6,S,PASSENGER 3.9L,MAROON,AUTO,2.0,Covers,58571,AMERICAN,VAN,FORD,4489.0,5547.0,7689.0,9004.0,4075.0,5244.0,7981.0,8845.0,,,18822,77041,TX,5885.0,0,1169
0,1273536000,MANHEIM,2008,2,CHEVROLET,MALIBU 4C,LT,4D SEDAN LT,BLACK,AUTO,2.0,Covers,70958,AMERICAN,MEDIUM,GM,11425.0,13301.0,15339.0,17462.0,9894.0,11401.0,14115.0,15219.0,,,20740,28625,NC,9560.0,0,1038
0,1261008000,MANHEIM,2005,4,PONTIAC,G6 V6,Bas,4D SEDAN,RED,AUTO,1.0,Alloy,79173,AMERICAN,MEDIUM,GM,5243.0,6275.0,8670.0,9939.0,5583.0,6649.0,9139.0,10214.0,,,19638,33619,FL,6435.0,0,1272
0,1291161600,MANHEIM,2005,5,DODGE,DURANGO 4WD V8,ST,4D SUV 4.7L,BLACK,AUTO,2.0,Covers,56623,AMERICAN,MEDIUM SUV,CHRYSLER,7723.0,9218.0,11666.0,13177.0,7766.0,9474.0,12361.0,14103.0,,,19619,32124,FL,7950.0,0,1251
1,1278547200,ADESA,2007,3,CHEVROLET,MALIBU V6,LS,4D SEDAN LS,SILVER,AUTO,2.0,Covers,94562,AMERICAN,MEDIUM,GM,7082.0,8469.0,10330.0,11893.0,6696.0,8027.0,9838.0,11409.0,,,52598,28273,NC,5185.0,0,1485
0,1257379200,MANHEIM,2004,5,CHEVROLET,AVEO,Bas,4D SEDAN,SILVER,AUTO,2.0,Covers,64589,AMERICAN,COMPACT,GM,2454.0,3275.0,3150.0,4037.0,2599.0,3269.0,5492.0,6144.0,,,18111,30272,GA,3160.0,0,728
0,1273190400,ADESA,2006,4,MERCURY,MARINER 2WD V6,Bas,4D SUV 3.0L,BLACK,AUTO,1.0,Alloy,77814,AMERICAN,SMALL SUV,FORD,0.0,0.0,0.0,0.0,9369.0,11390.0,13435.0,14679.0,,,23359,91752,CA,8325.0,0,920
0,1238544000,ADESA,2002,7,PONTIAC,MONTANA 3.4L V6 EFI,,4D MINIVAN 3.4L VALUE,WHITE,AUTO,1.0,Alloy,95472,AMERICAN,VAN,GM,2591.0,3352.0,3298.0,4120.0,2591.0,3352.0,3298.0,4120.0,,,18111,30212,GA,3500.0,0,5913
0,1254960000,ADESA,2006,3,SATURN,VUE 2WD 4C 2.2L I4 M,,4D CUV 2.2L,WHITE,MANUAL,1.0,Alloy,78535,AMERICAN,MEDIUM SUV,GM,7746.0,9742.0,8866.0,11021.0,7055.0,8550.0,8119.0,9734.0,,,18822,78227,TX,5210.0,0,1623
1,1266883200,MANHEIM,2005,5,FORD,TAURUS,SEL,4D SEDAN SEL DURATEC,GREY,AUTO,1.0,Alloy,58877,AMERICAN,MEDIUM,FORD,4479.0,6107.0,8094.0,10541.0,5401.0,6417.0,8092.0,8928.0,,,8655,60440,IL,6240.0,0,754
0,1242864000,ADESA,2007,2,CHEVROLET,MALIBU 4C 2.2L I4 MF,LT,4D SEDAN LT,SILVER,AUTO,1.0,Alloy,84144,AMERICAN,MEDIUM,GM,7196.0,8286.0,8272.0,9449.0,7196.0,8286.0,8272.0,9449.0,,,21973,32219,FL,6100.0,0,1113
0,1255996800,MANHEIM,2004,5,PONTIAC,GRAND PRIX 3.8L V6 S,GT,4D SEDAN GT,WHITE,AUTO,1.0,Alloy,56903,AMERICAN,LARGE,GM,4208.0,5273.0,5045.0,6195.0,4009.0,5056.0,7268.0,8464.0,,,18111,30331,GA,6830.0,0,1500
0,1251849600,OTHER,2004,5,DODGE,STRATUS 4C 2.4L I4 M,SE,4D SEDAN,GOLD,AUTO,2.0,Covers,68947,AMERICAN,MEDIUM,CHRYSLER,2938.0,4086.0,3673.0,4913.0,2711.0,3709.0,5664.0,6723.0,,,18880,29697,SC,5100.0,0,1020
0,1242172800,MANHEIM,2005,4,BUICK,LACROSSE 3.8L V6 SFI,CX,4D SEDAN CX,SILVER,AUTO,2.0,Covers,72377,AMERICAN,LARGE,GM,7302.0,8933.0,8386.0,10148.0,7302.0,8933.0,8386.0,10148.0,,,20928,32824,FL,6600.0,0,1506
0,1270512000,MANHEIM,2006,4,CHEVROLET,IMPALA,LS,4D SEDAN LS,GOLD,AUTO,2.0,Covers,77731,AMERICAN,LARGE,GM,7513.0,8729.0,10669.0,12213.0,6717.0,8001.0,10459.0,11905.0,,,19662,63044,MO,8080.0,0,1974
0,1288137600,MANHEIM,2007,3,CHEVROLET,IMPALA,LS,4D SEDAN LS,GREY,AUTO,2.0,Covers,69448,AMERICAN,LARGE,GM,7541.0,8719.0,11057.0,12275.0,7078.0,8282.0,10791.0,12229.0,,,99750,32124,FL,8600.0,0,1703
0,1270771200,ADESA,2007,3,PONTIAC,G6 V6,Bas,4D SEDAN SE1,SILVER,AUTO,1.0,Alloy,44683,AMERICAN,MEDIUM,GM,8926.0,10306.0,12228.0,13662.0,9151.0,10453.0,12657.0,13882.0,,,16926,91752,CA,8815.0,0,905
0,1274054400,OTHER,2009,1,CHRYSLER,SEBRING 4C,LX,4D SEDAN,BEIGE,AUTO,2.0,Covers,47050,AMERICAN,MEDIUM,CHRYSLER,9140.0,9725.0,13912.0,14400.0,9096.0,9587.0,13135.0,13654.0,,,99761,74135,OK,8800.0,0,834
0,1290038400,ADESA,2004,6,HYUNDAI,SONATA V6,GLS,4D SEDAN GLS,SILVER,AUTO,1.0,Alloy,98642,OTHER ASIAN,MEDIUM,OTHER,2599.0,3460.0,6231.0,6882.0,3055.0,3765.0,6285.0,7136.0,NO,GREEN,22916,80817,CO,3265.0,0,909
0,1265760000,ADESA,2005,5,CHEVROLET,COBALT,Bas,4D SEDAN,WHITE,AUTO,2.0,Covers,86476,AMERICAN,COMPACT,GM,4286.0,5391.0,7229.0,8516.0,4499.0,5579.0,6948.0,8578.0,,,20207,77086,TX,4995.0,0,853
0,1261094400,OTHER,2008,1,CHRYSLER,PT CRUISER,Bas,4D SEDAN,RED,AUTO,2.0,Covers,53657,AMERICAN,MEDIUM,CHRYSLER,6350.0,6904.0,9615.0,10027.0,6939.0,7678.0,10652.0,11118.0,,,99761,74135,OK,5700.0,0,1086
0,1291766400,MANHEIM,2008,2,CHRYSLER,SEBRING 4C,LX,4D SEDAN LX,BLUE,AUTO,2.0,Covers,52588,AMERICAN,MEDIUM,CHRYSLER,7949.0,8821.0,11407.0,12118.0,7929.0,9194.0,11580.0,12585.0,,,20928,32824,FL,8280.0,0,920
0,1271116800,MANHEIM,2006,4,PONTIAC,GRAND PRIX,Bas,4D SEDAN,WHITE,AUTO,1.0,Alloy,83270,AMERICAN,LARGE,GM,6873.0,8294.0,9977.0,11767.0,6198.0,7750.0,9907.0,11535.0,,,10430,60440,IL,7380.0,1,2152
0,1285718400,MANHEIM,2007,3,DODGE,CARAVAN FWD V6,SXT,MINIVAN 3.3L SPORT,BLACK,AUTO,1.0,Alloy,91751,AMERICAN,VAN,CHRYSLER,6310.0,9183.0,9517.0,12948.0,5913.0,8250.0,9645.0,12979.0,,,3453,80011,CO,5125.0,0,1918
0,1233705600,MANHEIM,2001,8,ACURA,3.2 CL 3.2L V 6 NA S,S,2D COUPE TYPE S,WHITE,AUTO,1.0,Alloy,93332,OTHER ASIAN,SPECIALTY,OTHER,3859.0,5432.0,4668.0,6367.0,4905.0,6224.0,5797.0,7222.0,,,23359,92807,CA,6305.0,0,2362
0,1268265600,ADESA,2007,3,SATURN,ION,3,4D SEDAN LEVEL 3,RED,AUTO,1.0,Alloy,82246,AMERICAN,MEDIUM,GM,6635.0,7754.0,10899.0,12737.0,6381.0,7665.0,10029.0,10884.0,,,17675,28273,NC,6145.0,0,853
0,1281052800,ADESA,2004,6,CHRYSLER,SEBRING 4C,Bas,2D CONVERTIBLE,SILVER,AUTO,2.0,Covers,63659,AMERICAN,MEDIUM,CHRYSLER,2950.0,3818.0,6161.0,6919.0,2847.0,3306.0,5407.0,6279.0,,,23359,91752,CA,4945.0,0,1020
0,1248307200,MANHEIM,2002,7,PONTIAC,SUNFIRE 2.2L I4 MPI,SE,4D SEDAN SE,NOT AVAIL,AUTO,,,98278,AMERICAN,COMPACT,GM,2278.0,3071.0,2960.0,3817.0,2092.0,2991.0,2759.0,3730.0,,,18880,29532,SC,2965.0,0,1641
0,1270512000,MANHEIM,2007,3,CHRYSLER,SEBRING 4C,Bas,4D SEDAN,SILVER,AUTO,,,73853,AMERICAN,MEDIUM,CHRYSLER,8391.0,9726.0,11659.0,13182.0,7732.0,8871.0,10977.0,12094.0,,,1051,97217,OR,6585.0,1,1155
0,1290470400,MANHEIM,2005,5,NISSAN,ALTIMA,Bas,4D SEDAN,WHITE,AUTO,2.0,Covers,88704,TOP LINE ASIAN,MEDIUM,OTHER,5319.0,6495.0,8343.0,9948.0,5252.0,6637.0,8588.0,9822.0,,,3453,80022,CO,7255.0,0,723
0,1283817600,MANHEIM,2007,3,SUZUKI,FORENZA,,4D SEDAN,RED,AUTO,3.0,Special,64803,OTHER ASIAN,MEDIUM,OTHER,4511.0,5596.0,7956.0,8936.0,4090.0,5047.0,7919.0,8637.0,,,835,85040,AZ,6000.0,0,533
0,1288569600,OTHER,2008,2,JEEP,PATRIOT FWD 4C,Spo,4D SUV SPORT,SILVER,AUTO,1.0,Alloy,65041,AMERICAN,SMALL SUV,CHRYSLER,8132.0,9389.0,12889.0,14036.0,9597.0,10887.0,13498.0,14995.0,,,99761,90045,CA,8000.0,0,825
0,1247616000,MANHEIM,2004,5,JEEP,LIBERTY 2WD V6 3.7L,Spo,4D SUV,RED,AUTO,2.0,Covers,72743,AMERICAN,SMALL SUV,CHRYSLER,5785.0,7299.0,6748.0,8383.0,5878.0,7516.0,6848.0,8617.0,,,21973,32124,FL,7300.0,0,686
0,1249344000,MANHEIM,2004,5,ISUZU,ASCENDER 2WD 6C 4.2L,Lux,SPORT UTILITY,BLUE,AUTO,1.0,Alloy,79210,OTHER ASIAN,MEDIUM SUV,OTHER,5215.0,6694.0,6132.0,7730.0,4496.0,6066.0,5356.0,7051.0,,,19619,34761,FL,7745.0,0,1155
1,1265241600,MANHEIM,2006,4,SATURN,ION,3,4D SEDAN LEVEL 3,GREY,AUTO,1.0,Alloy,86445,AMERICAN,MEDIUM,GM,5283.0,6740.0,8584.0,10082.0,6394.0,7601.0,9772.0,11349.0,,,22808,76040,TX,5470.0,0,853
1,1279238400,OTHER,2002,8,FORD,WINDSTAR FWD V6,LX,PASSENGER 3.8L LX,WHITE,AUTO,2.0,Covers,82890,AMERICAN,VAN,FORD,2025.0,2857.0,4818.0,5599.0,2268.0,3283.0,4994.0,7230.0,,,20740,29461,SC,4700.0,0,2322
0,1264377600,MANHEIM,2006,4,CHRYSLER,TOWN & COUNTRY 2WD V,Bas,MINIVAN 3.3L,GREEN,AUTO,,,71833,AMERICAN,VAN,CHRYSLER,5557.0,7025.0,9418.0,10755.0,7459.0,9218.0,11074.0,13350.0,,,21973,27542,NC,6600.0,0,1623
0,1237334400,ADESA,2003,6,CHEVROLET,TAHOE 2WD 4.8L V8 SF,LS,4D SUV 4.8L,GOLD,AUTO,1.0,Alloy,87998,AMERICAN,LARGE SUV,GM,7703.0,8666.0,8819.0,9859.0,7929.0,8880.0,9063.0,10090.0,,,18881,30212,GA,8950.0,0,2063
0,1283472000,OTHER,2008,2,DODGE,CHARGER V6,Bas,4D SEDAN 2.7L,GREY,AUTO,2.0,Covers,72612,AMERICAN,SPECIALTY,CHRYSLER,10359.0,11453.0,14385.0,15512.0,9950.0,11347.0,13736.0,15664.0,,,52117,25177,WV,10500.0,0,1389
0,1249948800,OTHER,2003,6,DODGE,DURANGO 4WD V8 5.9L,SLT,4D SUV 5.9L SLT,BLACK,AUTO,1.0,Alloy,91707,AMERICAN,MEDIUM SUV,CHRYSLER,5477.0,6516.0,6415.0,7537.0,6005.0,7453.0,9849.0,11697.0,,,20234,95673,CA,6205.0,0,2218
0,1252454400,MANHEIM,2005,4,FORD,FREESTYLE FWD V6 3.0,SE,4D CUV 3.0L SE,SILVER,AUTO,1.0,Alloy,74359,AMERICAN,CROSSOVER,FORD,7272.0,8733.0,8354.0,9932.0,7157.0,8710.0,8230.0,9907.0,,,21973,32824,FL,8500.0,0,1506
0,1282003200,MANHEIM,2007,3,CHEVROLET,UPLANDER FWD V6,LS,PASSENGER 3.9L LS,GOLD,AUTO,2.0,Covers,74610,AMERICAN,VAN,GM,6756.0,7688.0,10886.0,11925.0,6658.0,7555.0,11085.0,11952.0,,,99750,85040,AZ,6500.0,0,2091
1,1272585600,ADESA,2006,4,CHRYSLER,PT CRUISER,Tou,4D SEDAN,SILVER,AUTO,,,68861,AMERICAN,MEDIUM,CHRYSLER,5167.0,6182.0,8765.0,9840.0,5130.0,6125.0,8318.0,9436.0,,,16926,91752,CA,6660.0,0,1215
1,1235433600,ADESA,2006,3,KIA,RIO MFI I-4 1.6L DOH,Bas,4D SEDAN,SILVER,AUTO,,,54683,OTHER ASIAN,COMPACT,OTHER,3791.0,4503.0,4594.0,5363.0,3791.0,4503.0,4594.0,5363.0,,,18822,78754,TX,4545.0,0,505
0,1236729600,MANHEIM,2004,5,HYUNDAI,ELANTRA 2.0L I4 MPI,GLS,4D SEDAN,SILVER,AUTO,2.0,Covers,28996,OTHER ASIAN,MEDIUM,OTHER,3972.0,4785.0,4790.0,5668.0,3213.0,4211.0,3970.0,5048.0,,,19619,32824,FL,5500.0,0,462
0,1266969600,OTHER,2005,5,CHEVROLET,COBALT,Bas,2D COUPE,BLACK,AUTO,2.0,Covers,57955,AMERICAN,COMPACT,GM,4743.0,5611.0,7490.0,8616.0,4088.0,5169.0,7043.0,8173.0,,,835,85009,AZ,6195.0,0,671
0,1232496000,OTHER,2005,4,DODGE,STRATUS 4C 2.4L I4 M,SXT,4D SEDAN,BLUE,AUTO,1.0,Alloy,58842,AMERICAN,MEDIUM,CHRYSLER,3973.0,4884.0,4791.0,5775.0,4117.0,5232.0,4946.0,6151.0,,,835,85009,AZ,5670.0,0,920
0,1239667200,ADESA,2008,1,CHRYSLER,SEBRING 4C,LX,4D SEDAN,GREY,AUTO,2.0,Covers,50282,AMERICAN,MEDIUM,CHRYSLER,7949.0,8448.0,9085.0,9624.0,7949.0,8448.0,9085.0,9624.0,,,8655,38118,TN,7755.0,0,920
1,1243900800,MANHEIM,2006,3,CHEVROLET,MALIBU MAXX V6 3.5L,LT,4D SEDAN LT,GOLD,AUTO,2.0,Covers,66538,AMERICAN,MEDIUM,GM,7237.0,8978.0,8316.0,10196.0,7237.0,8978.0,8316.0,10196.0,,,835,85040,AZ,6040.0,0,1118
0,1285718400,MANHEIM,2007,3,MITSUBISHI,GALANT 4C,ES,4D SEDAN,SILVER,AUTO,2.0,Covers,61693,OTHER ASIAN,MEDIUM,OTHER,7681.0,8853.0,11113.0,12193.0,6320.0,7616.0,10334.0,11202.0,,,18880,37122,TN,8180.0,0,533
0,1271116800,MANHEIM,2007,3,TOYOTA,CAMRY 4C,LE,4D SEDAN LE,GOLD,AUTO,2.0,Covers,72532,TOP LINE ASIAN,MEDIUM,OTHER,10626.0,11576.0,14867.0,16082.0,10704.0,11708.0,15097.0,16514.0,,,20833,75050,TX,9550.0,0,569
1,1248912000,ADESA,2003,6,OLDSMOBILE,ALERO 4C 2.2L I4 MPI,GL,4D SEDAN GL2,WHITE,AUTO,2.0,Covers,93314,AMERICAN,MEDIUM,GM,2805.0,4170.0,3529.0,5004.0,2605.0,3663.0,3313.0,4456.0,,,18822,78227,TX,3700.0,0,2074
0,1291939200,ADESA,2005,5,PONTIAC,GRAND AM V6,SE,4D SEDAN SE,GREY,AUTO,2.0,Covers,101472,AMERICAN,MEDIUM,GM,3476.0,4771.0,6363.0,7804.0,3070.0,4225.0,5856.0,7095.0,,,52117,37771,TN,3840.0,0,2891
0,1285632000,OTHER,2006,4,FORD,FUSION 4C,SE,4D SEDAN SE,GREEN,MANUAL,1.0,Alloy,74384,AMERICAN,MEDIUM,FORD,6948.0,8262.0,10592.0,12239.0,5919.0,7638.0,9171.0,11071.0,,,1235,84104,UT,7210.0,1,803
0,1290384000,MANHEIM,2006,4,FORD,MUSTANG V6,Bas,2D CONVERTIBLE,BLACK,MANUAL,1.0,Alloy,52899,AMERICAN,SPORTS,FORD,9002.0,10620.0,13378.0,15754.0,8748.0,10023.0,12377.0,13826.0,,,19619,27542,NC,9200.0,0,671
0,1290384000,MANHEIM,2004,6,CHEVROLET,1500 SILVERADO PICKU,LS,EXT CAB 5.3L,BLUE,AUTO,1.0,Alloy,86270,AMERICAN,LARGE TRUCK,GM,9744.0,12445.0,14509.0,16723.0,8608.0,11460.0,12907.0,15361.0,NO,GREEN,19619,27542,NC,10200.0,0,2152
0,1267488000,MANHEIM,2006,4,FORD,FOCUS,ZX4,4D SEDAN ZX4,RED,AUTO,1.0,Alloy,78461,AMERICAN,COMPACT,FORD,5336.0,6456.0,8608.0,9748.0,4626.0,5698.0,8344.0,9269.0,,,18822,77041,TX,6385.0,0,1155
0,1234310400,ADESA,2004,5,KIA,SPECTRA 2.0L I4 EFI,EX,4D SEDAN EX,WHITE,AUTO,1.0,Alloy,43783,OTHER ASIAN,MEDIUM,OTHER,2763.0,3633.0,3484.0,4424.0,3476.0,3960.0,4254.0,4777.0,,,21053,85226,AZ,5230.0,0,482
0,1259712000,OTHER,2005,4,DODGE,STRATUS V6,SXT,4D SEDAN SXT FFV,WHITE,AUTO,2.0,Covers,67506,AMERICAN,MEDIUM,CHRYSLER,2948.0,4395.0,3684.0,5247.0,4021.0,5651.0,7116.0,8649.0,,,835,85009,AZ,5485.0,0,1215
0,1242950400,MANHEIM,2005,4,JEEP,LIBERTY 2WD V6 3.7L,Lim,4D SUV LIMITED,MAROON,AUTO,1.0,Alloy,71155,AMERICAN,SMALL SUV,CHRYSLER,9059.0,10781.0,10284.0,12143.0,9059.0,10781.0,10284.0,12143.0,,,3453,89165,NV,7105.0,0,686
0,1250640000,MANHEIM,2005,4,NISSAN,ALTIMA 2.5L I4 MPI,Bas,4D SEDAN,GREY,AUTO,2.0,Covers,92676,TOP LINE ASIAN,MEDIUM,OTHER,6241.0,7832.0,7240.0,8959.0,6564.0,7961.0,7589.0,9098.0,,,3453,84087,UT,7230.0,0,765
0,1263945600,MANHEIM,2005,5,MITSUBISHI,GALANT 4C,ES,4D SEDAN ES,GREY,AUTO,1.0,Alloy,70462,OTHER ASIAN,MEDIUM,OTHER,4669.0,5800.0,7976.0,9308.0,5315.0,6247.0,8478.0,9491.0,,,23359,92807,CA,6870.0,0,569
0,1285718400,MANHEIM,2005,5,FORD,TAURUS,SE,4D SEDAN SE FFV,WHITE,AUTO,1.0,Alloy,70881,AMERICAN,MEDIUM,FORD,3871.0,5410.0,7228.0,9130.0,4218.0,5669.0,7132.0,7925.0,,,20928,32824,FL,5850.0,0,920
0,1288742400,OTHER,2009,1,CHRYSLER,PT CRUISER,Bas,4D SEDAN,SILVER,AUTO,2.0,Covers,39966,AMERICAN,MEDIUM,CHRYSLER,7127.0,7515.0,10855.0,11224.0,8474.0,8977.0,11312.0,11984.0,,,99761,74135,OK,7000.0,0,882
0,1236729600,MANHEIM,2006,3,HYUNDAI,SONATA 4C 2.4L I-4 M,GLS,4D SEDAN GLS,SILVER,AUTO,1.0,Alloy,58586,OTHER ASIAN,MEDIUM,OTHER,7251.0,8384.0,8331.0,9555.0,6580.0,8154.0,7606.0,9306.0,,,22916,80011,CO,6190.0,0,671
1,1273795200,MANHEIM,2005,5,CHEVROLET,EQUINOX AWD V6,LT,4D SUV LT,WHITE,AUTO,1.0,Alloy,83047,AMERICAN,MEDIUM SUV,GM,8467.0,10415.0,11890.0,13326.0,8233.0,10034.0,11664.0,13756.0,,,8655,75236,TX,8750.0,0,1633
0,1286841600,MANHEIM,2006,4,PONTIAC,GRAND PRIX,Bas,4D SEDAN,SILVER,AUTO,1.0,Alloy,82494,AMERICAN,LARGE,GM,6210.0,7646.0,9673.0,11058.0,5498.0,6940.0,8893.0,10531.0,,,52644,77041,TX,7600.0,0,2152
0,1282262400,OTHER,2007,3,CHEVROLET,IMPALA,LS,4D SEDAN LS,GREY,AUTO,2.0,Covers,77887,AMERICAN,LARGE,GM,8058.0,9130.0,11595.0,12810.0,8186.0,9279.0,11674.0,12864.0,,,99750,95673,CA,7500.0,0,1974
0,1250640000,MANHEIM,2003,6,HYUNDAI,SONATA 4C MFI I-4 2.,Bas,4D SEDAN,GREY,AUTO,2.0,Covers,78036,OTHER ASIAN,MEDIUM,OTHER,2355.0,3449.0,3043.0,4225.0,3167.0,4199.0,3920.0,5035.0,,,20928,32824,FL,5100.0,0,1103
0,1268870400,MANHEIM,2005,5,CHEVROLET,TRAILBLAZER EXT 4WD,LS,4D SUV 4.2L,SILVER,AUTO,1.0,Alloy,96347,AMERICAN,MEDIUM SUV,GM,9330.0,10846.0,13682.0,15693.0,9737.0,11261.0,14599.0,16077.0,,,17675,29532,SC,9480.0,0,2351
0,1253232000,OTHER,2008,1,PONTIAC,G6 4C 2.4L I4 MPI,Bas,4D SEDAN SE1,WHITE,AUTO,2.0,Covers,51101,AMERICAN,MEDIUM,GM,9223.0,9841.0,10461.0,11128.0,8102.0,8750.0,12126.0,13096.0,,,99761,27407,NC,7800.0,0,837
0,1234396800,OTHER,2007,2,SUZUKI,FORENZA 2.0L I4 EFI,,4D SEDAN,BEIGE,AUTO,2.0,Covers,36762,OTHER ASIAN,MEDIUM,OTHER,5582.0,6339.0,6529.0,7346.0,5565.0,6393.0,6510.0,7404.0,,,20833,73108,OK,6355.0,0,462
1,1275955200,MANHEIM,2005,5,FORD,FIVE HUNDRED,SEL,4D SEDAN SEL,BEIGE,AUTO,1.0,Alloy,72931,AMERICAN,LARGE,FORD,5911.0,7654.0,9992.0,11710.0,6156.0,7442.0,10160.0,11573.0,,,8655,75050,TX,7185.0,0,1506
0,1240876800,ADESA,2007,2,FORD,FREESTYLE FWD V6 3.0,SEL,4D CUV 3.0L SEL,GREY,AUTO,1.0,Alloy,82893,AMERICAN,CROSSOVER,FORD,11412.0,14485.0,12825.0,16144.0,11412.0,14485.0,12825.0,16144.0,,,8172,45005,OH,6975.0,0,1633
0,1290038400,MANHEIM,2003,7,HYUNDAI,SANTA FE 2WD V6,GLS,4D CUV 2.7L GLS,SILVER,AUTO,1.0,Alloy,64296,OTHER ASIAN,MEDIUM SUV,OTHER,4001.0,5268.0,7311.0,8722.0,4359.0,5116.0,7339.0,8134.0,,,20928,33411,FL,5835.0,0,930
0,1268697600,MANHEIM,2005,5,PONTIAC,GRAND PRIX,GT,4D SEDAN GT2,BLACK,AUTO,1.0,Alloy,62590,AMERICAN,LARGE,GM,7063.0,8643.0,10945.0,13232.0,4056.0,4254.0,6720.0,6923.0,,,18822,77041,TX,7800.0,0,1703
0,1287100800,ADESA,2006,4,CHEVROLET,IMPALA,LS,4D SEDAN LS,SILVER,AUTO,1.0,Alloy,75998,AMERICAN,LARGE,GM,6447.0,7981.0,9795.0,11288.0,5814.0,6982.0,9294.0,10662.0,,,23359,91752,CA,7265.0,0,1974
0,1265846400,ADESA,2005,5,SCION,XB,Bas,4D WAGON,WHITE,MANUAL,2.0,Covers,60869,OTHER ASIAN,MEDIUM,OTHER,5957.0,7105.0,9446.0,10511.0,6118.0,7483.0,9298.0,10554.0,,,3453,80817,CO,7210.0,0,533
0,1259798400,MANHEIM,2006,3,DODGE,DURANGO 2WD V8,Adv,4D SUV 5.7L HEMI SLT,RED,AUTO,1.0,Alloy,60766,AMERICAN,MEDIUM SUV,CHRYSLER,8392.0,10856.0,9563.0,12224.0,9276.0,10766.0,13791.0,15346.0,,,16926,92337,CA,8575.0,0,1215
0,1265673600,OTHER,2007,3,SATURN,AURA,XE,4D SEDAN XE,WHITE,AUTO,1.0,Alloy,46114,AMERICAN,MEDIUM,GM,9063.0,10454.0,13031.0,14369.0,9339.0,10443.0,13287.0,14498.0,,,20234,95673,CA,8805.0,0,905
0,1263859200,MANHEIM,2002,8,JEEP,LIBERTY 4WD V6,Spo,4D SUV SPORT,WHITE,AUTO,2.0,Covers,76914,AMERICAN,SMALL SUV,CHRYSLER,4793.0,5985.0,7715.0,8833.0,5545.0,6576.0,8654.0,9645.0,,,16044,21075,MD,6535.0,0,1220
0,1234828800,MANHEIM,2006,3,DODGE,MAGNUM V6 2.7L V6 MP,SE,WAGON 2.7L,BLUE,AUTO,2.0,Covers,69818,AMERICAN,SPECIALTY,CHRYSLER,7605.0,8718.0,8713.0,9915.0,8078.0,9204.0,9224.0,10440.0,,,3453,80022,CO,6780.0,0,1215
0,1249430400,ADESA,2007,2,PONTIAC,GRAND PRIX 3.8L V6 S,Bas,4D SEDAN,BLUE,AUTO,2.0,Covers,56304,AMERICAN,LARGE,GM,7712.0,9180.0,8829.0,10414.0,7988.0,9261.0,9127.0,10502.0,,,8172,30212,GA,7000.0,0,1500
0,1242691200,MANHEIM,2006,3,CHEVROLET,IMPALA 3.5L V6 SFI,LS,4D SEDAN LS,WHITE,AUTO,2.0,Covers,61847,AMERICAN,LARGE,GM,6858.0,8107.0,7907.0,9256.0,6858.0,8107.0,7907.0,9256.0,,,18822,77041,TX,7395.0,0,1703
0,1252368000,OTHER,2008,1,DODGE,AVENGER 4C 2.4L I4 S,SE,4D SEDAN,GREY,AUTO,2.0,Covers,51457,AMERICAN,MEDIUM,CHRYSLER,8619.0,9373.0,9809.0,10623.0,8568.0,9325.0,9753.0,10571.0,,,99761,74135,OK,7800.0,0,920
0,1269475200,MANHEIM,2005,5,CHRYSLER,PACIFICA FWD,Bas,4D SPORT,SILVER,AUTO,2.0,Covers,76266,AMERICAN,CROSSOVER,CHRYSLER,7478.0,8667.0,10417.0,11728.0,6659.0,8171.0,9948.0,11431.0,,,19619,33411,FL,8055.0,0,1389
1,1252022400,MANHEIM,2005,4,CHRYSLER,PT CRUISER 2.4L I4 S,Tou,2D CONVERTIBLE,BLUE,AUTO,1.0,Alloy,63469,AMERICAN,MEDIUM,CHRYSLER,7307.0,8365.0,8392.0,9534.0,5935.0,7529.0,6910.0,8631.0,,,25100,75236,TX,6950.0,0,1313
0,1275350400,ADESA,2007,3,PONTIAC,G6 4C,Bas,4D SEDAN SE1,RED,AUTO,2.0,Covers,61616,AMERICAN,MEDIUM,GM,7813.0,9136.0,11737.0,13683.0,8531.0,9981.0,11650.0,12457.0,,,52117,45005,OH,8360.0,0,923
0,1243900800,MANHEIM,2004,5,CHRYSLER,PACIFICA FWD 3.5L V6,,4D SPORT TOURER,GOLD,AUTO,2.0,Covers,48670,AMERICAN,CROSSOVER,CHRYSLER,6211.0,7519.0,7208.0,8621.0,6211.0,7519.0,7208.0,8621.0,,,8655,75050,TX,8240.0,0,975
0,1276732800,MANHEIM,2007,3,CHEVROLET,COBALT,LT,4D SEDAN LS,BLACK,AUTO,2.0,Covers,79593,AMERICAN,COMPACT,GM,5595.0,6675.0,8646.0,9850.0,5551.0,6651.0,9105.0,10177.0,,,18880,29532,SC,6795.0,0,803
0,1264032000,OTHER,2008,2,DODGE,CALIBER,SE,4D WAGON,RED,AUTO,2.0,Covers,54770,AMERICAN,MEDIUM,CHRYSLER,7048.0,7614.0,11006.0,11599.0,7269.0,7898.0,10834.0,11413.0,,,99761,74135,OK,6200.0,0,754
0,1260921600,MANHEIM,2004,5,BUICK,LE SABRE,Cus,4D SEDAN CUSTOM,GOLD,AUTO,1.0,Alloy,90250,AMERICAN,LARGE,GM,4580.0,6107.0,8545.0,10322.0,4523.0,6196.0,8258.0,10178.0,,,22916,80011,CO,3540.0,0,2639
1,1292457600,ADESA,2002,8,CHRYSLER,PT CRUISER,Bas,4D SEDAN,GOLD,AUTO,1.0,Alloy,88998,AMERICAN,MEDIUM,CHRYSLER,2515.0,3267.0,5536.0,6238.0,2427.0,2948.0,5249.0,5781.0,,,19662,78227,TX,4405.0,0,1803
0,1291248000,MANHEIM,2008,2,CHEVROLET,IMPALA V6,LS,4D SEDAN LS 3.5L FFV,BROWN,AUTO,2.0,Covers,79644,AMERICAN,LARGE,GM,7765.0,8678.0,11893.0,12655.0,7737.0,8893.0,11957.0,13225.0,,,17675,29532,SC,8410.0,0,1974
0,1278979200,ADESA,2005,5,PONTIAC,G6 V6,Bas,4D SEDAN,SILVER,AUTO,1.0,Alloy,66555,AMERICAN,MEDIUM,GM,5276.0,6201.0,8858.0,9689.0,5103.0,6337.0,8634.0,9860.0,,,52117,45005,OH,6385.0,0,1118
0,1290038400,MANHEIM,2004,6,HYUNDAI,ELANTRA,GLS,4D SEDAN,SILVER,AUTO,2.0,Covers,52334,OTHER ASIAN,MEDIUM,OTHER,2820.0,3737.0,5590.0,6449.0,3432.0,4420.0,5981.0,6728.0,NO,GREEN,19619,47129,IN,6025.0,0,505
0,1237248000,MANHEIM,2005,4,CHEVROLET,MALIBU 4C 2.2L I4 MP,Cla,4D SEDAN CLASSIC,SILVER,AUTO,2.0,Covers,59578,AMERICAN,MEDIUM,GM,4143.0,5000.0,4974.0,5900.0,4884.0,5956.0,5775.0,6932.0,,,17212,75050,TX,4410.0,0,920
0,1235001600,OTHER,2006,3,CHEVROLET,TRAILBLAZER 2WD 6C 4,LS,4D SUV 4.2L,BLUE,AUTO,1.0,Alloy,88115,AMERICAN,MEDIUM SUV,GM,8588.0,10186.0,9775.0,11501.0,9784.0,11402.0,11067.0,12814.0,,,8655,38637,MS,8925.0,0,1243
0,1286323200,OTHER,2005,5,DODGE,DAKOTA PICKUP 2WD V6,ST,EXT CAB 3.7L,BLACK,AUTO,2.0,Covers,80848,AMERICAN,SMALL TRUCK,CHRYSLER,5132.0,6287.0,9400.0,10391.0,6218.0,7578.0,10664.0,11647.0,NO,GREEN,52598,29697,SC,7500.0,0,1243
0,1271808000,MANHEIM,2008,2,PONTIAC,G6 4C,Bas,4D SEDAN SE1,SILVER,AUTO,1.0,Alloy,33844,AMERICAN,MEDIUM,GM,9012.0,10183.0,12514.0,13697.0,8412.0,9291.0,13295.0,14684.0,,,20234,94544,CA,9455.0,0,702
0,1259712000,MANHEIM,2004,5,PONTIAC,GRAND PRIX,GTP,4D SEDAN GTP,GOLD,AUTO,1.0,Alloy,87444,AMERICAN,LARGE,GM,5319.0,6773.0,6245.0,7815.0,5919.0,7287.0,8950.0,10422.0,,,20928,32124,FL,5800.0,0,2412
1,1281052800,MANHEIM,2005,5,CHEVROLET,COBALT,Bas,4D SEDAN,BLUE,AUTO,,,55000,AMERICAN,COMPACT,GM,4059.0,4967.0,6812.0,7884.0,4015.0,4919.0,7015.0,7778.0,,,1152,27542,NC,5700.0,1,671
0,1287014400,ADESA,2007,3,HYUNDAI,SONATA V6,Lim,4D SEDAN,WHITE,AUTO,1.0,Alloy,71751,OTHER ASIAN,MEDIUM,OTHER,7637.0,8951.0,11477.0,12527.0,7862.0,9305.0,11650.0,12869.0,,,52598,28273,NC,8665.0,0,803
0,1257897600,MANHEIM,2007,2,CHEVROLET,UPLANDER FWD V6,LS,PASSENGER 3.5L LS,GREY,AUTO,2.0,Covers,81914,AMERICAN,VAN,GM,6466.0,7449.0,7483.0,8545.0,6677.0,7659.0,10811.0,11818.0,,,20234,98064,WA,7220.0,0,2282
0,1260316800,ADESA,2006,3,PONTIAC,GRAND PRIX,Bas,4D SEDAN,BLUE,AUTO,1.0,Alloy,47101,AMERICAN,LARGE,GM,6020.0,7520.0,9384.0,10976.0,6261.0,7634.0,9921.0,11584.0,,,25100,77086,TX,7500.0,0,1328
0,1234396800,OTHER,2005,4,HYUNDAI,SONATA V6 2.7L V6 MP,GLS,4D SEDAN,RED,AUTO,1.0,Alloy,51485,OTHER ASIAN,MEDIUM,OTHER,4398.0,5518.0,5250.0,6459.0,4782.0,5833.0,5665.0,6800.0,,,8655,38637,MS,6265.0,0,671
0,1282867200,OTHER,2004,6,CHRYSLER,SEBRING V6,Lim,2D CONVERTIBLE LIMITED,SILVER,AUTO,1.0,Alloy,86988,AMERICAN,MEDIUM,CHRYSLER,4686.0,6093.0,8098.0,9288.0,4131.0,5677.0,7651.0,9082.0,,,8172,30120,GA,6700.0,0,1373
0,1241481600,MANHEIM,2005,4,CHEVROLET,MALIBU 4C 2.2L I4 MP,Bas,4D SEDAN,WHITE,AUTO,2.0,Covers,50060,AMERICAN,MEDIUM,GM,4905.0,6321.0,5797.0,7327.0,4905.0,6321.0,5797.0,7327.0,,,835,85040,AZ,5980.0,0,837
1,1290038400,MANHEIM,2002,8,CHEVROLET,MALIBU V6,Bas,4D SEDAN,SILVER,AUTO,2.0,Covers,73117,AMERICAN,MEDIUM,GM,2246.0,3246.0,4970.0,5927.0,2037.0,2940.0,4769.0,5969.0,,,8655,76040,TX,4010.0,0,2508
0,1249516800,MANHEIM,2005,4,CHRYSLER,TOWN & COUNTRY FWD V,Bas,MINIVAN 3.3L,GOLD,AUTO,2.0,Covers,85796,AMERICAN,VAN,CHRYSLER,5050.0,6351.0,5954.0,7359.0,5303.0,6689.0,6227.0,7724.0,,,16044,22403,VA,4600.0,0,1763
1,1257292800,MANHEIM,2006,3,DODGE,DURANGO 2WD V6,Adv,4D SUV 3.7L SLT,RED,AUTO,1.0,Alloy,69073,AMERICAN,MEDIUM SUV,CHRYSLER,8843.0,10198.0,10050.0,11514.0,10133.0,12162.0,13443.0,14481.0,,,20833,75236,TX,10150.0,0,1118
0,1291766400,MANHEIM,2002,8,CHRYSLER,PT CRUISER,Lim,4D SEDAN LIMITED,BLUE,AUTO,1.0,Alloy,65547,AMERICAN,MEDIUM,CHRYSLER,3108.0,4124.0,6119.0,7018.0,3569.0,4418.0,6020.0,6829.0,NO,GREEN,21047,94544,CA,4915.0,0,1515
0,1236643200,OTHER,2006,3,KIA,RIO MFI I-4 1.6L DOH,Bas,4D SEDAN,BLUE,AUTO,2.0,Covers,47820,OTHER ASIAN,COMPACT,OTHER,3947.0,4793.0,4763.0,5676.0,4454.0,5659.0,5310.0,6612.0,,,8655,35613,AL,5555.0,0,482
0,1292457600,MANHEIM,2005,5,DODGE,DURANGO 2WD V8,Lim,4D SUV 5.7L LIMITED,BLUE,AUTO,1.0,Alloy,94869,AMERICAN,MEDIUM SUV,CHRYSLER,8924.0,11592.0,12373.0,14962.0,9101.0,10997.0,12806.0,14871.0,,,52598,29532,SC,9315.0,0,1630
0,1249430400,ADESA,2003,6,FORD,EXPEDITION 4WD V8 5.,XLT,4D SUV 5.4L XLT,GREY,AUTO,3.0,Special,89977,AMERICAN,LARGE SUV,FORD,7863.0,9560.0,8992.0,10825.0,7830.0,9285.0,8956.0,10528.0,,,20234,85226,AZ,8625.0,0,1803
0,1236729600,ADESA,2003,6,FORD,MUSTANG V6 3.8L V6 E,Bas,2D COUPE,RED,AUTO,1.0,Alloy,88509,AMERICAN,SPORTS,FORD,5068.0,6075.0,5973.0,7061.0,4587.0,5770.0,5454.0,6732.0,,,18881,30212,GA,5600.0,0,1153
0,1245715200,ADESA,2007,2,DODGE,MAGNUM V6 2.7L V6 MP,SE,WAGON 2.7L,WHITE,AUTO,2.0,Covers,74762,AMERICAN,SPECIALTY,CHRYSLER,8651.0,10126.0,9843.0,11436.0,8651.0,10126.0,9843.0,11436.0,,,20833,78754,TX,8115.0,0,1389
0,1277337600,MANHEIM,2002,8,DODGE,CARAVAN GRAND FWD V6,Spo,MINIVAN 3.3L FFV SPORT,BLUE,AUTO,2.0,Covers,82466,AMERICAN,VAN,CHRYSLER,3122.0,4321.0,6044.0,7676.0,2641.0,3521.0,5548.0,6458.0,,,18880,29532,SC,5860.0,0,2063
0,1239667200,MANHEIM,2006,3,CHEVROLET,UPLANDER FWD V6 3.5L,LS,PASSENGER EXT 3.5L,GOLD,AUTO,2.0,Covers,84859,AMERICAN,VAN,GM,8831.0,11160.0,10037.0,12553.0,8831.0,11160.0,10037.0,12553.0,,,17675,28625,NC,6230.0,0,2282
0,1255564800,ADESA,2006,3,FORD,TAURUS 3.0L V6 EFI,SE,4D SEDAN SE,SILVER,AUTO,1.0,Alloy,84932,AMERICAN,MEDIUM,FORD,4524.0,5705.0,5386.0,6661.0,4213.0,5346.0,5050.0,6274.0,,,3453,80817,CO,4130.0,0,983
0,1253664000,MANHEIM,2008,1,CHEVROLET,IMPALA V6 3.5L V6 SF,LT,4D SEDAN LT 3.5L FFV,BLACK,AUTO,1.0,Alloy,87308,AMERICAN,LARGE,GM,10344.0,11428.0,11672.0,12842.0,8825.0,10206.0,10031.0,11522.0,,,16044,22801,VA,7760.0,0,2152
0,1285027200,OTHER,2009,1,DODGE,AVENGER 4C,SE,4D SEDAN SE,RED,AUTO,2.0,Covers,46519,AMERICAN,MEDIUM,CHRYSLER,9293.0,9859.0,13020.0,13664.0,8593.0,8911.0,11449.0,11955.0,,,99761,85284,AZ,9000.0,0,834
0,1239062400,OTHER,2007,2,CHEVROLET,IMPALA 3.5L V6 SFI,LS,4D SEDAN LS,BLACK,AUTO,2.0,Covers,81418,AMERICAN,LARGE,GM,7644.0,8892.0,8756.0,10103.0,7644.0,8892.0,8756.0,10103.0,,,19662,35613,AL,7425.0,0,2152
0,1256774400,MANHEIM,2004,5,DODGE,DURANGO 2WD V6 3.7L,SLT,4D SUV 3.7L SLT,SILVER,AUTO,1.0,Alloy,80728,AMERICAN,MEDIUM SUV,CHRYSLER,5893.0,6688.0,6864.0,7723.0,4830.0,5730.0,8939.0,9665.0,,,18111,30272,GA,7245.0,0,1373
0,1289260800,OTHER,2005,5,MITSUBISHI,GALANT V6,LS,4D SEDAN ES,GOLD,AUTO,2.0,Covers,93358,OTHER ASIAN,MEDIUM,OTHER,6267.0,7957.0,9733.0,11075.0,6720.0,7864.0,9935.0,11131.0,,,18881,37421,TN,5550.0,0,909
0,1281052800,ADESA,2006,4,CHEVROLET,COBALT,LS,2D COUPE,RED,AUTO,2.0,Covers,48421,AMERICAN,COMPACT,GM,4175.0,5152.0,7210.0,8358.0,4504.0,5437.0,7933.0,8877.0,,,5546,34203,FL,6345.0,0,623
0,1286928000,ADESA,2007,3,CHEVROLET,HHR,LT,4D SUV 2.2L LT,GREY,AUTO,1.0,Alloy,69604,AMERICAN,MEDIUM,GM,7085.0,8265.0,10982.0,12412.0,7184.0,8321.0,11002.0,12346.0,,,18822,77086,TX,6930.0,0,728
0,1242172800,MANHEIM,2005,4,FORD,FOCUS 2.0L I4 SFI,ZX4,4D SEDAN ZX4,BLUE,AUTO,2.0,Covers,72219,AMERICAN,COMPACT,FORD,3740.0,4842.0,4539.0,5729.0,3740.0,4842.0,4539.0,5729.0,,,19619,32824,FL,4700.0,0,1155
0,1292371200,MANHEIM,2007,3,CHEVROLET,MALIBU 4C,LS,4D SEDAN LS,BLACK,AUTO,2.0,Covers,78084,AMERICAN,MEDIUM,GM,6710.0,7865.0,10352.0,11460.0,6365.0,7672.0,9639.0,11059.0,,,20928,32824,FL,6050.0,0,1038
0,1284508800,MANHEIM,2006,4,PONTIAC,G6 V6,Bas,4D SEDAN,RED,AUTO,1.0,Alloy,80739,AMERICAN,MEDIUM,GM,6440.0,7908.0,9535.0,11211.0,6359.0,7670.0,9660.0,11052.0,,,21973,32124,FL,6450.0,0,1373
0,1289347200,MANHEIM,2007,3,CHEVROLET,MALIBU 4C,LS,4D SEDAN LS,WHITE,AUTO,2.0,Covers,85244,AMERICAN,MEDIUM,GM,7064.0,8119.0,10220.0,11381.0,6221.0,7593.0,9663.0,11184.0,,,16044,22801,VA,6010.0,0,1113
0,1282176000,MANHEIM,2001,9,TOYOTA,COROLLA,CE,4D SEDAN CE,SILVER,AUTO,2.0,Covers,79869,TOP LINE ASIAN,COMPACT,OTHER,2417.0,3362.0,4837.0,6728.0,2195.0,2746.0,4425.0,5485.0,,,5546,33619,FL,4050.0,0,869
0,1257897600,OTHER,2007,2,CHEVROLET,IMPALA V6,LT,4D SEDAN LT 3.5L,SILVER,AUTO,1.0,Alloy,68366,AMERICAN,LARGE,GM,7874.0,9494.0,9004.0,10754.0,9034.0,10429.0,12698.0,14204.0,,,17212,76063,TX,8000.0,0,1703
0,1253232000,OTHER,2008,1,MITSUBISHI,GALANT 4C 2.4L I4 EF,ES,4D SEDAN,SILVER,AUTO,1.0,Alloy,50538,OTHER ASIAN,MEDIUM,OTHER,9325.0,9869.0,10571.0,11159.0,8621.0,9526.0,12634.0,14744.0,,,99761,27407,NC,8200.0,0,505
0,1280966400,OTHER,2005,5,FORD,TAURUS,SE,4D SEDAN SE,GREY,AUTO,2.0,Covers,80283,AMERICAN,MEDIUM,FORD,3387.0,4617.0,6344.0,8040.0,3185.0,4392.0,6194.0,7433.0,,,3453,80229,CO,5365.0,0,983
0,1285718400,ADESA,2007,3,KIA,SEDONA,EX,4D WAGON EX,SILVER,AUTO,2.0,Covers,87469,OTHER ASIAN,VAN,OTHER,10619.0,12937.0,15284.0,17665.0,12826.0,15656.0,16015.0,18046.0,,,21053,85226,AZ,7990.0,0,1503
0,1233792000,MANHEIM,2005,4,CHEVROLET,EQUINOX FWD V6 3.4L,LS,4D SUV LS,GREEN,AUTO,2.0,Covers,32295,AMERICAN,MEDIUM SUV,GM,6730.0,7953.0,7768.0,9089.0,7299.0,8416.0,8383.0,9589.0,,,18881,29532,SC,7705.0,0,882
0,1246924800,MANHEIM,2003,6,FORD,MUSTANG V6 3.8L V6 E,Bas,2D COUPE,WHITE,MANUAL,3.0,Special,79000,AMERICAN,SPORTS,FORD,4699.0,5753.0,5575.0,6713.0,4801.0,5759.0,5685.0,6720.0,,,8655,73129,OK,6105.0,0,1103
0,1250640000,MANHEIM,2004,5,CHRYSLER,TOWN & COUNTRY FWD V,LX,MINIVAN 3.3L LX,BLUE,AUTO,2.0,Covers,65738,AMERICAN,VAN,CHRYSLER,4024.0,5197.0,4846.0,6113.0,4459.0,5436.0,5316.0,6371.0,,,19619,32124,FL,6300.0,0,1411
0,1248220800,MANHEIM,2005,4,ISUZU,ASCENDER 2WD 6C 4.2L,S,SPORT UTILITY,BLUE,AUTO,1.0,Alloy,64876,OTHER ASIAN,MEDIUM SUV,OTHER,9450.0,10489.0,10706.0,11828.0,7347.0,9160.0,8435.0,10393.0,,,18822,77061,TX,8555.0,0,1020
0,1280793600,MANHEIM,2006,4,CHEVROLET,COBALT,LS,2D COUPE LS,ORANGE,AUTO,2.0,Covers,60566,AMERICAN,COMPACT,GM,4743.0,5953.0,7877.0,9299.0,4875.0,6095.0,8158.0,9187.0,,,20207,77041,TX,5685.0,0,728
0,1243382400,OTHER,2007,2,CHEVROLET,IMPALA V6 3.5L V6 SF,LT,4D SEDAN LT 3.5L,WHITE,AUTO,1.0,Alloy,81965,AMERICAN,LARGE,GM,8186.0,9727.0,9341.0,11005.0,8186.0,9727.0,9341.0,11005.0,,,5546,35004,AL,7900.0,0,2152
0,1260316800,MANHEIM,2007,2,CHEVROLET,EQUINOX FWD V6,LS,4D SUV LS,PURPLE,AUTO,1.0,Alloy,80209,AMERICAN,MEDIUM SUV,GM,9532.0,11345.0,14217.0,16089.0,10536.0,12226.0,14398.0,16370.0,,,20234,94544,CA,8345.0,0,1503
0,1275955200,MANHEIM,2007,3,CHEVROLET,IMPALA,LS,4D SEDAN LS,GREY,AUTO,2.0,Covers,83970,AMERICAN,LARGE,GM,7844.0,8934.0,11688.0,12804.0,7951.0,9022.0,11474.0,12687.0,,,99750,46803,IN,7200.0,0,2152
0,1256083200,OTHER,2007,2,CHEVROLET,IMPALA V6 3.5L V6 SF,LT,4D SEDAN LT 3.5L,OTHER,AUTO,,,75701,AMERICAN,LARGE,GM,8013.0,9373.0,9154.0,10623.0,7759.0,9124.0,12029.0,13753.0,,,18881,29697,SC,7300.0,0,1974
0,1243296000,MANHEIM,2008,1,DODGE,AVENGER 4C 2.4L I4 S,SE,4D SEDAN,BLACK,AUTO,1.0,Alloy,34826,AMERICAN,MEDIUM,CHRYSLER,8196.0,9044.0,9352.0,10268.0,8196.0,9044.0,9352.0,10268.0,,,20234,85040,AZ,8690.0,0,762
0,1251849600,MANHEIM,2006,3,CHRYSLER,TOWN & COUNTRY FWD V,Tou,MINIVAN 3.8L TOURING,SILVER,AUTO,1.0,Alloy,78547,AMERICAN,VAN,CHRYSLER,8876.0,11478.0,10086.0,12896.0,9190.0,11872.0,10425.0,13322.0,,,99740,70460,LA,7405.0,0,1623
0,1245110400,OTHER,2003,6,FORD,EXPEDITION 4WD V8 5.,XLT,4D SUV 5.4L XLT,GREY,AUTO,1.0,Alloy,75409,AMERICAN,LARGE SUV,FORD,7806.0,9464.0,8930.0,10721.0,7115.0,8522.0,8184.0,9704.0,,,21053,95673,CA,9605.0,0,1689
0,1238544000,ADESA,2006,3,DODGE,CHARGER 2.7L V6 MPI,Bas,4D SEDAN SE,SILVER,AUTO,2.0,Covers,73067,AMERICAN,SPECIALTY,CHRYSLER,9210.0,10596.0,10447.0,11944.0,9210.0,10596.0,10447.0,11944.0,,,20234,85226,AZ,9505.0,0,1389
0,1271894400,MANHEIM,2007,3,CHRYSLER,SEBRING 4C,Bas,4D SEDAN,BLUE,AUTO,2.0,Covers,78008,AMERICAN,MEDIUM,CHRYSLER,8007.0,9255.0,11393.0,12629.0,7567.0,8696.0,11487.0,12585.0,,,17212,76040,TX,8270.0,0,1155
0,1276041600,OTHER,2008,2,CHEVROLET,IMPALA V6,LS,4D SEDAN LS 3.5L FFV,GREY,AUTO,2.0,Covers,76464,AMERICAN,LARGE,GM,8024.0,8900.0,11883.0,12805.0,7958.0,9031.0,12185.0,13286.0,,,8172,29697,SC,7900.0,0,1974
0,1283212800,MANHEIM,2006,4,CHEVROLET,COBALT,LT,4D SEDAN LT,WHITE,AUTO,1.0,Alloy,71571,AMERICAN,COMPACT,GM,5599.0,6968.0,8951.0,10239.0,5140.0,6268.0,8500.0,9865.0,,,25100,75050,TX,5725.0,0,803
0,1240358400,OTHER,2003,6,CHEVROLET,TRAILBLAZER 4WD 6C 4,LS,4D SUV 4.2L LS,BLACK,AUTO,1.0,Alloy,55820,AMERICAN,MEDIUM SUV,GM,5612.0,6802.0,6561.0,7846.0,5419.0,6794.0,6353.0,7838.0,,,20928,29697,SC,8300.0,0,1800
0,1284422400,MANHEIM,2005,5,PONTIAC,G6 V6,Bas,4D SEDAN,SILVER,AUTO,1.0,Alloy,61013,AMERICAN,MEDIUM,GM,5136.0,6446.0,8595.0,10114.0,4687.0,5920.0,7745.0,9230.0,,,52646,21075,MD,8300.0,0,1118
0,1283299200,OTHER,2006,4,CHEVROLET,HHR,LS,4D SUV 2.2L LS,ORANGE,MANUAL,2.0,Covers,54663,AMERICAN,MEDIUM,GM,5944.0,7160.0,9541.0,11653.0,5617.0,6763.0,9200.0,10630.0,,,21973,33311,FL,6745.0,0,671
0,1280793600,OTHER,2007,3,TOYOTA,CAMRY 4C,LE,4D SEDAN CE,GREY,AUTO,1.0,Alloy,87778,TOP LINE ASIAN,MEDIUM,OTHER,10146.0,11425.0,13426.0,15256.0,10304.0,11226.0,13713.0,14899.0,,,20833,75061,TX,9675.0,0,594
0,1272326400,MANHEIM,2003,7,NISSAN,ALTIMA,SE,4D SEDAN SE,GREEN,AUTO,1.0,Alloy,57994,TOP LINE ASIAN,MEDIUM,OTHER,5824.0,7053.0,9191.0,11020.0,5293.0,6425.0,8592.0,10207.0,,,23359,92504,CA,8435.0,0,888
0,1267142400,OTHER,2008,2,DODGE,CALIBER,SE,4D WAGON,SILVER,AUTO,2.0,Covers,45368,AMERICAN,MEDIUM,CHRYSLER,7899.0,8623.0,11060.0,11765.0,7901.0,8376.0,11284.0,11757.0,,,99761,74135,OK,7400.0,0,693
1,1270598400,OTHER,2002,8,TOYOTA,RAV-4 2WD,Bas,4D SPORT UTILITY,BLACK,AUTO,1.0,Alloy,79297,TOP LINE ASIAN,SMALL SUV,OTHER,5869.0,6614.0,9201.0,10369.0,5985.0,6819.0,9269.0,10561.0,,,18880,29697,SC,7600.0,0,869
0,1277251200,MANHEIM,2008,2,SATURN,AURA V6,XE,4D SEDAN XE,OTHER,AUTO,2.0,Covers,80370,AMERICAN,MEDIUM,GM,9843.0,11327.0,14144.0,16277.0,9463.0,11387.0,13414.0,15125.0,,,20833,75236,TX,7640.0,0,1373
0,1242259200,ADESA,2006,3,HYUNDAI,SONATA V6 3.3L V6 MP,GLS,4D SEDAN GLS,SILVER,AUTO,1.0,Alloy,67635,OTHER ASIAN,MEDIUM,OTHER,6680.0,8658.0,7714.0,9851.0,6680.0,8658.0,7714.0,9851.0,,,17675,28273,NC,8250.0,0,728
0,1276128000,MANHEIM,2007,3,BUICK,LACROSSE,CXL,4D SEDAN CXL,GREY,AUTO,1.0,Alloy,88460,AMERICAN,LARGE,GM,11986.0,14000.0,15590.0,17291.0,11412.0,13900.0,15257.0,17458.0,,,18880,29532,SC,8175.0,0,1633
0,1279843200,MANHEIM,2002,8,PONTIAC,FIREBIRD V6,Bas,2D COUPE,MAROON,AUTO,1.0,Alloy,84851,AMERICAN,SPORTS,GM,4393.0,5526.0,7612.0,8747.0,3635.0,5372.0,7172.0,8881.0,,,22916,89165,NV,5320.0,0,3035
0,1265155200,MANHEIM,2005,5,SATURN,ION,1,4D SEDAN LEVEL 1,BLACK,MANUAL,2.0,Covers,77793,AMERICAN,MEDIUM,GM,3788.0,4965.0,7428.0,8846.0,4182.0,5265.0,7518.0,8991.0,,,21973,32824,FL,5400.0,0,803
0,1234224000,ADESA,2006,3,CHEVROLET,MALIBU 4C 2.2L I4 MP,LS,4D SEDAN LS,GREEN,AUTO,2.0,Covers,66935,AMERICAN,MEDIUM,GM,6641.0,7920.0,7672.0,9054.0,6786.0,8023.0,7829.0,9165.0,,,22916,50111,IA,5500.0,0,923
0,1283299200,MANHEIM,2004,6,FORD,TAURUS,SES,4D SEDAN SES,GREEN,AUTO,1.0,Alloy,53444,AMERICAN,MEDIUM,FORD,3066.0,4162.0,6117.0,7639.0,2888.0,3993.0,5653.0,6815.0,,,19619,32824,FL,6050.0,0,754
1,1257379200,ADESA,2006,3,KIA,OPTIMA 4C,EX,4D SEDAN EX,WHITE,AUTO,,,79461,OTHER ASIAN,MEDIUM,OTHER,4813.0,5954.0,5698.0,6930.0,4813.0,5954.0,5698.0,6930.0,,,18880,28273,NC,4360.0,0,803
0,1236816000,ADESA,2003,6,NISSAN,PATHFINDER 2WD V6 MF,LE,4D SPORT UTILITY LE,GREY,AUTO,1.0,Alloy,59050,TOP LINE ASIAN,MEDIUM SUV,OTHER,7098.0,7695.0,8166.0,8811.0,6159.0,7223.0,7152.0,8301.0,,,22916,80817,CO,7650.0,0,971
0,1275609600,ADESA,2008,2,SATURN,VUE 2WD 4C,XE,4D CUV 2.2L XE,RED,AUTO,1.0,Alloy,89592,AMERICAN,MEDIUM SUV,GM,10796.0,12862.0,14670.0,16565.0,11574.0,13015.0,15861.0,17402.0,,,18111,37771,TN,8825.0,0,1763
0,1288137600,MANHEIM,2007,3,CHEVROLET,IMPALA,LS,4D SEDAN LS,GOLD,AUTO,2.0,Covers,84264,AMERICAN,LARGE,GM,7494.0,8681.0,11008.0,12236.0,7532.0,8862.0,11226.0,12617.0,,,16044,22801,VA,7660.0,0,2152
0,1246924800,MANHEIM,2005,4,CHEVROLET,EQUINOX FWD V6 3.4L,LT,4D SUV LT,WHITE,AUTO,1.0,Alloy,86805,AMERICAN,MEDIUM SUV,GM,8077.0,9873.0,9223.0,11163.0,8077.0,9873.0,9223.0,11163.0,,,835,85040,AZ,6580.0,0,1503
0,1253145600,OTHER,2003,6,FORD,EXPLORER 2WD V6 4.0L,Spo,2D SUV 4.0L SPORT XLS,GOLD,AUTO,2.0,Covers,51092,AMERICAN,MEDIUM SUV,FORD,3927.0,5629.0,4741.0,6579.0,4253.0,5149.0,5093.0,6061.0,,,99761,85018,AZ,6162.0,0,1220
0,1290470400,MANHEIM,2004,6,FORD,TAURUS,SE,4D SEDAN SE,MAROON,AUTO,2.0,Covers,75457,AMERICAN,MEDIUM,FORD,3237.0,4453.0,6121.0,7247.0,3230.0,4248.0,6094.0,7283.0,NO,GREEN,18880,37210,TN,4700.0,0,920
1,1290384000,ADESA,2006,4,TOYOTA,4 RUNNER 2WD V6,SR5,4D SPORT UTILITY SR5,BLACK,AUTO,1.0,Alloy,48250,TOP LINE ASIAN,MEDIUM SUV,OTHER,15091.0,17383.0,19159.0,20868.0,15038.0,17366.0,19643.0,21910.0,YES,GREEN,17675,28273,NC,18245.0,0,482
0,1237939200,ADESA,2006,3,CHEVROLET,AVEO 1.6L I4 EFI,LS,4D SEDAN LS,SILVER,MANUAL,2.0,Covers,45275,AMERICAN,COMPACT,GM,4797.0,5614.0,5681.0,6563.0,,,,,,,8655,71119,LA,5035.0,0,623
0,1243296000,OTHER,2007,2,CHEVROLET,IMPALA V6 3.5L V6 SF,LT,4D SEDAN LT 3.5L,WHITE,AUTO,1.0,Alloy,71741,AMERICAN,LARGE,GM,8186.0,9727.0,9341.0,11005.0,8186.0,9727.0,9341.0,11005.0,,,21053,95673,CA,7735.0,0,1974
0,1275955200,MANHEIM,2001,9,MAZDA,TRIBUTE 2WD V6,LX,4D SPORT UTILITY LX,WHITE,AUTO,1.0,Alloy,98276,OTHER ASIAN,SMALL SUV,OTHER,4202.0,5385.0,6472.0,7684.0,2947.0,3448.0,5785.0,6219.0,,,25100,77041,TX,5985.0,0,1353
0,1277856000,MANHEIM,2005,5,CHEVROLET,MALIBU V6,Bas,4D SEDAN,BLUE,AUTO,3.0,Special,43953,AMERICAN,MEDIUM,GM,5407.0,7114.0,8739.0,10617.0,5723.0,7397.0,8937.0,10502.0,,,21973,32824,FL,6750.0,0,905
0,1249430400,OTHER,2008,1,DODGE,CALIBER 2.0L I4 SFI,SE,4D WAGON,WHITE,AUTO,2.0,Covers,51102,AMERICAN,MEDIUM,CHRYSLER,7245.0,7837.0,8325.0,8964.0,6805.0,7301.0,7849.0,8385.0,,,99761,74135,OK,6800.0,0,754
0,1250640000,MANHEIM,2005,4,CHEVROLET,MALIBU MAXX V6 3.5L,LS,4D SEDAN LS,SILVER,AUTO,1.0,Alloy,86833,AMERICAN,MEDIUM,GM,5501.0,6853.0,6441.0,7901.0,5891.0,7166.0,6862.0,8239.0,,,19662,64161,MO,5955.0,0,1373
0,1288224000,OTHER,2007,3,CHEVROLET,MALIBU 4C,LS,4D SEDAN LS,GREY,AUTO,2.0,Covers,81298,AMERICAN,MEDIUM,GM,6949.0,8084.0,10402.0,11465.0,6283.0,7687.0,9745.0,11070.0,,,99750,21014,MD,5700.0,0,1113
0,1273536000,OTHER,2008,2,CHEVROLET,COBALT,LT,4D SEDAN LS,GREY,AUTO,2.0,Covers,80468,AMERICAN,COMPACT,GM,7094.0,7567.0,10014.0,10746.0,6830.0,7305.0,9767.0,10450.0,,,20833,75061,TX,6565.0,0,853
0,1260403200,ADESA,2004,5,FORD,EXPEDITION 2WD V8,XLT,4D SUV 4.6L XLT,SILVER,AUTO,1.0,Alloy,82892,AMERICAN,LARGE SUV,FORD,8086.0,9545.0,12093.0,14105.0,8731.0,9984.0,12075.0,13802.0,,,20740,32219,FL,10900.0,0,1113
0,1256169600,MANHEIM,2006,3,CHEVROLET,HHR 2.4L I4 MPI,LT,4D SUV 2.2L 1LT,BLUE,AUTO,1.0,Alloy,68271,AMERICAN,MEDIUM,GM,5655.0,6862.0,6607.0,7911.0,5421.0,6821.0,9437.0,11450.0,,,18881,29532,SC,6695.0,0,728
0,1286928000,OTHER,2002,8,CHRYSLER,TOWN & COUNTRY FWD V,LXi,MINIVAN 3.8L LXI,GOLD,AUTO,1.0,Alloy,76314,AMERICAN,VAN,CHRYSLER,3340.0,4203.0,6644.0,7696.0,3356.0,4176.0,6321.0,7142.0,,,18822,77073,TX,5325.0,0,1923
0,1276646400,MANHEIM,2006,4,PONTIAC,GRAND PRIX,Bas,4D SEDAN,WHITE,AUTO,1.0,Alloy,83636,AMERICAN,LARGE,GM,6442.0,8065.0,9899.0,11521.0,6198.0,7750.0,9907.0,11535.0,,,20928,32824,FL,6750.0,0,2152
0,1286928000,MANHEIM,2006,4,SCION,XA,Bas,4D HATCHBACK,BLUE,AUTO,2.0,Covers,77301,OTHER ASIAN,COMPACT,OTHER,6797.0,7642.0,9930.0,10905.0,5845.0,7224.0,9234.0,10743.0,,,19619,32124,FL,6550.0,0,569
0,1290556800,ADESA,2008,2,HYUNDAI,ELANTRA,GLS,4D SEDAN,MAROON,MANUAL,2.0,Covers,59807,OTHER ASIAN,MEDIUM,OTHER,7835.0,9072.0,12331.0,14277.0,8809.0,10301.0,11678.0,12518.0,NO,GREEN,8655,72117,AR,6290.0,0,505
0,1247011200,OTHER,2008,1,CHRYSLER,SEBRING 4C 2.4L I4 E,LX,4D SEDAN,BLACK,AUTO,1.0,Alloy,56736,AMERICAN,MEDIUM,CHRYSLER,7960.0,8466.0,9097.0,9643.0,,,,,,,99761,74135,OK,7300.0,0,920
0,1286928000,ADESA,2005,5,FORD,FIVE HUNDRED,SEL,4D SEDAN SEL,BLACK,AUTO,1.0,Alloy,86165,AMERICAN,LARGE,FORD,5449.0,7184.0,9193.0,10965.0,6794.0,8555.0,9983.0,11947.0,NO,GREEN,21053,85226,AZ,6375.0,0,1633
0,1281484800,ADESA,2006,4,FORD,TAURUS,SEL,4D SEDAN SEL,BLUE,AUTO,1.0,Alloy,98507,AMERICAN,MEDIUM,FORD,5517.0,7221.0,9354.0,12242.0,4669.0,5892.0,8074.0,9250.0,,,52117,20166,VA,4580.0,0,1053
0,1243296000,OTHER,2006,3,FORD,FUSION V6 3.0L V6 EF,SEL,4D SEDAN SEL,NOT AVAIL,AUTO,2.0,Covers,71231,AMERICAN,MEDIUM,FORD,10992.0,12610.0,12371.0,14119.0,11050.0,12668.0,12434.0,14181.0,,,21053,95673,CA,8290.0,0,1272
0,1243814400,MANHEIM,2002,7,BUICK,REGAL 3.8L V6 MFI,LS,4D SEDAN LS,BROWN,AUTO,1.0,Alloy,89028,AMERICAN,MEDIUM,GM,3094.0,4231.0,3842.0,5069.0,3094.0,4231.0,3842.0,5069.0,,,18880,27542,NC,4700.0,0,2452
0,1232323200,MANHEIM,2005,4,FORD,TAURUS 3.0L V6 EFI,SEL,4D SEDAN SEL FFV,GREEN,AUTO,1.0,Alloy,67060,AMERICAN,MEDIUM,FORD,4742.0,6026.0,5621.0,7008.0,4993.0,6197.0,5892.0,7193.0,,,21973,27542,NC,4800.0,0,825
0,1252454400,OTHER,2006,3,SUZUKI,FORENZA 2.0L I4 DI /,,4D SEDAN LX,BLUE,AUTO,1.0,Alloy,73363,OTHER ASIAN,MEDIUM,OTHER,5173.0,6763.0,6087.0,7804.0,5657.0,6694.0,8985.0,10093.0,,,19638,35004,AL,4800.0,0,569
0,1275955200,MANHEIM,2007,3,PONTIAC,G6 4C,Bas,4D SEDAN SE1,BLUE,AUTO,1.0,Alloy,64509,AMERICAN,MEDIUM,GM,7945.0,9185.0,11611.0,13277.0,8126.0,9702.0,11552.0,12690.0,,,22916,80022,CO,6780.0,0,923
0,1241654400,MANHEIM,2004,5,CHEVROLET,AVEO 1.6L I-4 MPI DO,Bas,4D SEDAN,SILVER,AUTO,1.0,Alloy,62772,AMERICAN,COMPACT,GM,2886.0,3576.0,3617.0,4362.0,2886.0,3576.0,3617.0,4362.0,,,18111,30272,GA,4200.0,0,728
0,1289260800,MANHEIM,2003,7,CHEVROLET,IMPALA,Bas,4D SEDAN,PURPLE,AUTO,2.0,Covers,102405,AMERICAN,LARGE,GM,2876.0,3965.0,5917.0,7016.0,3371.0,4697.0,6266.0,7901.0,NO,GREEN,8172,37210,TN,4925.0,0,2871
0,1285200000,MANHEIM,2008,2,CHEVROLET,IMPALA V6,LS,4D SEDAN LS 3.5L FFV,WHITE,AUTO,2.0,Covers,80647,AMERICAN,LARGE,GM,8055.0,9079.0,11766.0,12986.0,7915.0,8737.0,11694.0,12694.0,,,18880,29532,SC,8910.0,0,2152
0,1286323200,MANHEIM,2007,3,MITSUBISHI,GALANT 4C,ES,4D SEDAN,WHITE,AUTO,1.0,Alloy,56933,OTHER ASIAN,MEDIUM,OTHER,7618.0,8700.0,11026.0,12057.0,7792.0,9445.0,11560.0,13074.0,NO,GREEN,18111,37122,TN,7880.0,0,505
0,1284508800,MANHEIM,2006,4,KIA,SPECTRA,EX,4D SEDAN,BLACK,AUTO,2.0,Covers,91706,OTHER ASIAN,MEDIUM,OTHER,4034.0,5075.0,7204.0,8296.0,4714.0,5789.0,7976.0,9257.0,,,20928,32824,FL,5050.0,0,620
1,1277856000,MANHEIM,2005,5,CHEVROLET,COLORADO PICKUP 2WD,Bas,REG CAB 2.8L,WHITE,AUTO,2.0,Covers,60030,AMERICAN,SMALL TRUCK,GM,4477.0,5645.0,7957.0,9464.0,4189.0,5115.0,7879.0,8675.0,,,21973,32124,FL,5750.0,0,630
0,1264464000,MANHEIM,2007,3,PONTIAC,G6 V6,Bas,4D SEDAN SE1,GOLD,AUTO,1.0,Alloy,81456,AMERICAN,MEDIUM,GM,7636.0,8817.0,12078.0,13320.0,9198.0,10481.0,12880.0,13953.0,,,18822,77041,TX,7085.0,0,1373
0,1274140800,MANHEIM,2005,5,JEEP,GRAND CHEROKEE 2WD V,Lar,4D WAGON LAREDO,SILVER,AUTO,1.0,Alloy,62812,AMERICAN,MEDIUM SUV,CHRYSLER,8139.0,9480.0,11807.0,13164.0,7901.0,9326.0,10922.0,13366.0,,,22916,80022,CO,9940.0,0,1508
0,1233792000,ADESA,2003,6,CHEVROLET,CAVALIER 4C 2.2L I4,LS,4D SEDAN LS,WHITE,AUTO,2.0,Covers,59759,AMERICAN,COMPACT,GM,2149.0,2848.0,2821.0,3576.0,3051.0,3958.0,3795.0,4775.0,,,18822,78227,TX,4170.0,0,1220
0,1287446400,MANHEIM,2007,3,CHEVROLET,AVEO,LS,4D SEDAN LS,SILVER,AUTO,2.0,Covers,58855,AMERICAN,COMPACT,GM,4777.0,5951.0,7563.0,8712.0,4584.0,5542.0,7732.0,8682.0,,,20928,34761,FL,5635.0,0,671
0,1291248000,OTHER,2006,4,FORD,FREESTAR FWD V6,SE,PASSENGER 3.9L SE,GREY,AUTO,2.0,Covers,97404,AMERICAN,VAN,FORD,4311.0,5425.0,8401.0,9559.0,5138.0,6428.0,9236.0,10411.0,NO,GREEN,3453,80229,CO,5465.0,0,1774
0,1265155200,MANHEIM,2005,5,DODGE,MAGNUM V6,SE,WAGON 2.7L,SILVER,AUTO,2.0,Covers,53990,AMERICAN,SPECIALTY,CHRYSLER,6180.0,7671.0,9978.0,11313.0,6628.0,7920.0,10367.0,11636.0,,,20234,94544,CA,9455.0,0,1086
0,1278460800,MANHEIM,2007,3,CHRYSLER,SEBRING 4C,Bas,4D SEDAN,GREY,AUTO,2.0,Covers,75147,AMERICAN,MEDIUM,CHRYSLER,7461.0,8578.0,11098.0,12382.0,7456.0,8445.0,11140.0,12128.0,,,20928,32824,FL,7180.0,0,1155
0,1273190400,OTHER,2008,2,CHEVROLET,IMPALA V6,LS,4D SEDAN LS 3.5L FFV,GREY,AUTO,2.0,Covers,85893,AMERICAN,LARGE,GM,8225.0,9293.0,11723.0,12952.0,8371.0,9595.0,11723.0,13532.0,,,17212,76063,TX,8500.0,0,2152
0,1242691200,MANHEIM,2005,4,DODGE,STRATUS V6 2.7L V6 M,SXT,4D SEDAN SXT FFV,BLUE,AUTO,2.0,Covers,45551,AMERICAN,MEDIUM,CHRYSLER,5569.0,6584.0,6515.0,7611.0,5569.0,6584.0,6515.0,7611.0,,,16044,21075,MD,4500.0,0,975
0,1263340800,MANHEIM,2004,6,CHRYSLER,PACIFICA FWD,,4D SPORT TOURER,WHITE,AUTO,1.0,Alloy,85975,AMERICAN,CROSSOVER,CHRYSLER,6067.0,7492.0,9605.0,11778.0,6753.0,8300.0,9388.0,11539.0,,,19662,78219,TX,7635.0,0,1503
0,1255996800,MANHEIM,2006,3,CHRYSLER,PT CRUISER 2.4L I4 S,Tou,4D SEDAN,SILVER,AUTO,1.0,Alloy,70340,AMERICAN,MEDIUM,CHRYSLER,5224.0,6396.0,6142.0,7408.0,5010.0,6205.0,8126.0,9545.0,,,18111,30331,GA,5530.0,0,1389
0,1292803200,MANHEIM,2004,6,MITSUBISHI,ECLIPSE,Spy,2D SPYDER GS,WHITE,AUTO,1.0,Alloy,64635,OTHER ASIAN,SPORTS,OTHER,4547.0,5657.0,7660.0,8736.0,4074.0,5418.0,7741.0,8906.0,,,1121,32824,FL,7000.0,1,533
0,1256601600,MANHEIM,2006,3,CHEVROLET,AVEO 1.6L I4 EFI,LT,4D SEDAN LT,BLUE,AUTO,1.0,Alloy,54254,AMERICAN,COMPACT,GM,5458.0,6310.0,6395.0,7315.0,4581.0,6108.0,9666.0,12888.0,,,18880,28625,NC,4710.0,0,671
0,1248134400,OTHER,2004,5,DODGE,STRATUS V6 2.7L V6 M,SE,4D SEDAN SE,PURPLE,AUTO,2.0,Covers,45843,AMERICAN,MEDIUM,CHRYSLER,4537.0,6243.0,5400.0,7242.0,4065.0,5713.0,4890.0,6670.0,,,99750,21014,MD,5000.0,0,975
0,1263254400,OTHER,2008,2,DODGE,1500 RAM PICKUP 2WD,ST,QUAD CAB 3.7L,WHITE,MANUAL,2.0,Covers,65341,AMERICAN,LARGE TRUCK,CHRYSLER,10315.0,12454.0,15695.0,17290.0,12161.0,13893.0,17090.0,18405.0,,,19619,32772,FL,8540.0,0,533
0,1293062400,ADESA,2007,3,SUZUKI,FORENZA,,4D SEDAN,SILVER,AUTO,2.0,Covers,76374,OTHER ASIAN,MEDIUM,OTHER,4377.0,5419.0,7887.0,8957.0,5290.0,6419.0,8114.0,9167.0,,,17675,28273,NC,4340.0,0,569
0,1292284800,ADESA,2004,6,CHEVROLET,IMPALA,Bas,4D SEDAN,GOLD,AUTO,1.0,Alloy,94361,AMERICAN,LARGE,GM,3241.0,4403.0,6440.0,7716.0,3905.0,4945.0,6891.0,8039.0,NO,GREEN,18111,38118,TN,4975.0,0,2351
0,1279756800,MANHEIM,2008,2,MITSUBISHI,LANCER,ES,4D SEDAN ES,RED,AUTO,1.0,Alloy,76768,OTHER ASIAN,COMPACT,OTHER,8782.0,10297.0,12466.0,14060.0,9169.0,10663.0,12869.0,14449.0,,,20207,76040,TX,8040.0,0,569
0,1284336000,OTHER,2008,2,CHEVROLET,IMPALA V6,LT,4D SEDAN LT 3.5L FFV,WHITE,AUTO,1.0,Alloy,68681,AMERICAN,LARGE,GM,9012.0,10769.0,12518.0,14703.0,9945.0,12260.0,13362.0,15528.0,NO,GREEN,17212,76063,TX,8500.0,0,1703
0,1279238400,OTHER,2007,3,CHEVROLET,IMPALA,LS,4D SEDAN LS,WHITE,AUTO,2.0,Covers,61877,AMERICAN,LARGE,GM,7987.0,9046.0,11505.0,12836.0,7678.0,8922.0,11353.0,12719.0,,,99761,90650,CA,8000.0,0,1703
0,1256083200,ADESA,2006,3,FORD,TAURUS 3.0L V6 EFI,SE,4D SEDAN SE,SILVER,AUTO,1.0,Alloy,71893,AMERICAN,MEDIUM,FORD,4404.0,5544.0,5256.0,6488.0,4119.0,5312.0,7976.0,9327.0,,,20234,85226,AZ,4120.0,0,920
0,1272844800,ADESA,2006,4,CHRYSLER,300,Bas,4D SEDAN,GREY,AUTO,2.0,Covers,62955,AMERICAN,SPECIALTY,CHRYSLER,9620.0,11498.0,13747.0,15428.0,9207.0,10649.0,12236.0,13920.0,,,20928,33619,FL,9935.0,0,1215
0,1288137600,MANHEIM,2006,4,DODGE,STRATUS V6,SXT,4D SEDAN SXT FFV,SILVER,AUTO,2.0,Covers,43728,AMERICAN,MEDIUM,CHRYSLER,5798.0,6802.0,9579.0,11237.0,5481.0,7158.0,8710.0,10314.0,,,99750,32124,FL,6600.0,0,975
0,1255910400,OTHER,2008,1,DODGE,AVENGER 4C 2.4L I4 S,SE,4D SEDAN SE,ORANGE,AUTO,2.0,Covers,50584,AMERICAN,MEDIUM,CHRYSLER,8511.0,9299.0,9692.0,10543.0,7815.0,8412.0,11759.0,12203.0,,,99761,74135,OK,7800.0,0,920
0,1258416000,MANHEIM,2005,4,MITSUBISHI,GALANT 4C,ES,4D SEDAN ES,GREY,AUTO,1.0,Alloy,68168,OTHER ASIAN,MEDIUM,OTHER,5125.0,6100.0,6035.0,7088.0,4862.0,6113.0,8211.0,9424.0,,,21053,97217,OR,5615.0,0,533
1,1269475200,ADESA,2003,7,BUICK,CENTURY V6,Cus,4D SEDAN CUSTOM,WHITE,AUTO,2.0,Covers,94150,AMERICAN,MEDIUM,GM,3628.0,4843.0,6377.0,7950.0,3674.0,5063.0,6365.0,7910.0,,,8172,28273,NC,4530.0,0,2651
0,1259539200,ADESA,2007,2,CHEVROLET,UPLANDER FWD V6,LS,PASSENGER EXT 3.5L LS,BLUE,AUTO,2.0,Covers,78239,AMERICAN,VAN,GM,6228.0,7498.0,7226.0,8598.0,6529.0,7730.0,10365.0,11823.0,,,10410,77086,TX,6225.0,1,2091
1,1267574400,OTHER,2003,7,PONTIAC,MONTANA,,4D MINIVAN EXT 3.4L,BLUE,AUTO,,,71718,AMERICAN,VAN,GM,3562.0,4736.0,6805.0,8424.0,3562.0,4736.0,6805.0,8424.0,,,17675,27407,NC,5590.0,0,4922
0,1274054400,OTHER,2008,2,DODGE,CALIBER,SE,4D WAGON,SILVER,AUTO,2.0,Covers,47187,AMERICAN,MEDIUM,CHRYSLER,7516.0,8182.0,11093.0,11748.0,7907.0,8791.0,11515.0,12347.0,,,99761,74135,OK,7300.0,0,693
0,1258502400,OTHER,2004,5,MITSUBISHI,MONTERO SPORT 4WD V6,LS,4D SPORT UTILITY ES,WHITE,AUTO,1.0,Alloy,77401,OTHER ASIAN,MEDIUM SUV,OTHER,5781.0,7423.0,6743.0,8517.0,5931.0,7702.0,9592.0,11374.0,,,18880,29697,SC,7100.0,0,1272
0,1274140800,OTHER,2009,1,CHRYSLER,SEBRING 4C,LX,4D SEDAN,BLUE,AUTO,2.0,Covers,40171,AMERICAN,MEDIUM,CHRYSLER,9156.0,9740.0,13926.0,14412.0,8915.0,9331.0,13085.0,13504.0,,,99761,74135,OK,9000.0,0,834
0,1287532800,OTHER,2006,4,CHRYSLER,PT CRUISER,Tou,4D SEDAN,WHITE,AUTO,2.0,Covers,57007,AMERICAN,MEDIUM,CHRYSLER,4679.0,5782.0,7955.0,9107.0,4390.0,5397.0,8029.0,9009.0,,,52644,60445,IL,5795.0,0,1086
0,1277856000,MANHEIM,2007,3,CHEVROLET,MALIBU V6,LS,4D SEDAN LS,GREY,AUTO,2.0,Covers,82215,AMERICAN,MEDIUM,GM,6967.0,8354.0,10375.0,11990.0,7057.0,8199.0,10769.0,11954.0,,,20928,32824,FL,6250.0,0,1373
0,1281052800,MANHEIM,2006,4,KIA,AMANTI,,4D SEDAN,BLACK,AUTO,1.0,Alloy,73116,OTHER ASIAN,LARGE,OTHER,7202.0,8607.0,10806.0,12180.0,8133.0,9429.0,11609.0,12863.0,,,20207,75236,TX,7350.0,0,1272
1,1289520000,ADESA,2006,4,CHEVROLET,COBALT,LS,4D SEDAN LS,RED,AUTO,,,73328,AMERICAN,COMPACT,GM,4556.0,5621.0,7705.0,8871.0,4543.0,5494.0,7720.0,8554.0,,,23359,91752,CA,4970.0,0,803
1,1282780800,MANHEIM,2003,7,SATURN,L SERIES,LW3,4D WAGON LW300,BEIGE,AUTO,1.0,Alloy,42791,AMERICAN,MEDIUM,GM,3833.0,5113.0,6954.0,8044.0,3205.0,4795.0,6341.0,7836.0,,,18111,30272,GA,4975.0,0,1769
0,1277856000,MANHEIM,2006,4,CHEVROLET,MALIBU 4C,LT,4D SEDAN LT,WHITE,AUTO,2.0,Covers,83429,AMERICAN,MEDIUM,GM,7303.0,8529.0,10447.0,11398.0,6650.0,8393.0,11597.0,14636.0,,,17212,75236,TX,7285.0,0,1113
0,1249603200,OTHER,2004,5,CHRYSLER,SEBRING V6 2.7L V6 M,Tou,2D CONVERTIBLE,WHITE,AUTO,1.0,Alloy,74874,AMERICAN,MEDIUM,CHRYSLER,4984.0,5980.0,5883.0,6958.0,5139.0,6355.0,6050.0,7363.0,,,17212,75020,TX,5500.0,0,1272
0,1283212800,OTHER,2004,6,NISSAN,MURANO 2WD V6,SE,4D SPORT UTILITY SE,SILVER,AUTO,1.0,Alloy,84563,TOP LINE ASIAN,MEDIUM SUV,OTHER,8290.0,9482.0,12229.0,13187.0,8325.0,9395.0,12497.0,13448.0,,,25100,75061,TX,10185.0,0,1373
0,1243987200,MANHEIM,2006,3,NISSAN,TITAN PICKUP 2WD V8,LE,EXT CAB 5.6L,RED,AUTO,2.0,Covers,54024,TOP LINE ASIAN,LARGE TRUCK,OTHER,13466.0,15069.0,15043.0,16775.0,13466.0,15069.0,15043.0,16775.0,,,22916,80011,CO,10480.0,0,1003
0,1285718400,ADESA,2005,5,CHRYSLER,TOWN & COUNTRY FWD V,LX,MINIVAN 3.3L LX,SILVER,AUTO,2.0,Covers,70618,AMERICAN,VAN,CHRYSLER,4562.0,5868.0,8641.0,9922.0,5669.0,7002.0,8500.0,10377.0,NO,GREEN,52646,17406,PA,7550.0,0,1623
0,1287532800,MANHEIM,2005,5,TOYOTA,ECHO,,4D SEDAN,RED,AUTO,2.0,Covers,86586,TOP LINE ASIAN,COMPACT,OTHER,4771.0,5323.0,7928.0,8452.0,4542.0,5195.0,7733.0,8342.0,,,17212,64161,MO,5275.0,0,594
0,1249948800,MANHEIM,2005,4,DODGE,DURANGO 2WD V8 4.7L,SLT,4D SUV 4.7L SLT,GREY,AUTO,1.0,Alloy,79941,AMERICAN,MEDIUM SUV,CHRYSLER,8441.0,9754.0,9616.0,11034.0,7940.0,9795.0,9075.0,11079.0,,,5546,34761,FL,8745.0,0,1389
0,1277424000,MANHEIM,2006,4,CHEVROLET,IMPALA,LT,4D SEDAN LT 3.5L,GREY,AUTO,2.0,Covers,95341,AMERICAN,LARGE,GM,6691.0,8019.0,10245.0,11691.0,6207.0,7525.0,9885.0,11369.0,,,22916,89165,NV,6530.0,0,2351
0,1278979200,OTHER,2004,6,FORD,ESCAPE 4WD V6,XLT,4D CUV 3.0L XLT,BLACK,AUTO,1.0,Alloy,85754,AMERICAN,SMALL SUV,FORD,6047.0,7635.0,9534.0,11138.0,5305.0,6810.0,8578.0,10456.0,,,1235,84104,UT,7375.0,1,1503
0,1274140800,MANHEIM,2006,4,PONTIAC,GRAND PRIX,Bas,4D SEDAN,WHITE,AUTO,1.0,Alloy,82282,AMERICAN,LARGE,GM,6594.0,8145.0,10269.0,11860.0,6006.0,7572.0,9767.0,11339.0,,,10430,60440,IL,7380.0,1,2152
0,1260921600,ADESA,2006,3,MERCURY,MILAN 4C,Pre,4D SEDAN PREMIER,BLACK,AUTO,1.0,Alloy,73794,AMERICAN,MEDIUM,FORD,8967.0,10515.0,13240.0,14358.0,8870.0,10472.0,12551.0,13997.0,,,835,85226,AZ,7880.0,0,803
0,1254960000,OTHER,2006,3,CHRYSLER,SEBRING V6 2.7L V6 M,Tou,4D SEDAN TOURING,WHITE,AUTO,1.0,Alloy,81107,AMERICAN,MEDIUM,CHRYSLER,5088.0,6194.0,5995.0,7190.0,4328.0,5333.0,5174.0,6260.0,,,22808,73108,OK,5320.0,0,1373
0,1233619200,MANHEIM,2006,3,CHEVROLET,AVEO 1.6L I4 EFI,LS,4D SEDAN LS,WHITE,AUTO,2.0,Covers,49947,AMERICAN,COMPACT,GM,4371.0,5239.0,5221.0,6158.0,4232.0,5049.0,5071.0,5953.0,,,835,85040,AZ,5290.0,0,623
0,1263859200,MANHEIM,2004,6,INFINITI,G35,,4D SEDAN AWD,SILVER,AUTO,1.0,Alloy,70273,OTHER ASIAN,SPECIALTY,OTHER,9083.0,10791.0,12804.0,14995.0,9707.0,11674.0,13358.0,16255.0,,,10315,30272,GA,10500.0,1,1389
0,1258416000,MANHEIM,2005,4,GMC,ENVOY XL 2WD 6C,SLE,4D UTILITY 4.2L SLE,BLACK,AUTO,1.0,Alloy,70294,AMERICAN,MEDIUM SUV,GM,8799.0,10268.0,10003.0,11589.0,7355.0,8948.0,11420.0,12982.0,,,18111,30331,GA,8945.0,0,1155
0,1243382400,ADESA,2003,6,FORD,EXPEDITION 4WD V8 5.,Edd,4D SUV 5.4L EDDIE BAUER,BLUE,AUTO,1.0,Alloy,92018,AMERICAN,LARGE SUV,FORD,8734.0,10592.0,9933.0,11939.0,8802.0,10660.0,10006.0,12013.0,,,21053,85226,AZ,9315.0,0,1930
1,1276819200,MANHEIM,2006,4,KIA,SEDONA,EX,4D WAGON EX,BLACK,AUTO,2.0,Covers,61008,OTHER ASIAN,VAN,OTHER,7782.0,9784.0,11827.0,14576.0,7150.0,8965.0,11484.0,13582.0,,,835,89165,NV,7545.0,0,1215
1,1232582400,MANHEIM,2001,8,FORD,WINDSTAR FWD V6 3.8L,LX,PASSENGER 3.8L,SILVER,AUTO,2.0,Covers,81943,AMERICAN,VAN,FORD,1495.0,2142.0,2115.0,2813.0,1821.0,2513.0,2467.0,3214.0,,,16926,92337,CA,3520.0,0,2322
0,1291248000,MANHEIM,2008,2,CHEVROLET,IMPALA V6,LS,4D SEDAN LS 3.5L FFV,BLUE,AUTO,2.0,Covers,83176,AMERICAN,LARGE,GM,7765.0,8678.0,11893.0,12655.0,7829.0,9012.0,11539.0,12821.0,,,17675,29532,SC,8210.0,0,2152
0,1247616000,OTHER,2006,3,CHEVROLET,MALIBU 4C 2.2L I4 MP,LT,4D SEDAN LT,SILVER,AUTO,2.0,Covers,65641,AMERICAN,MEDIUM,GM,6408.0,7588.0,7421.0,8695.0,6408.0,7588.0,7421.0,8695.0,,,17212,76063,TX,6500.0,0,923
0,1272326400,MANHEIM,2005,5,PONTIAC,GRAND PRIX,Bas,4D SEDAN,SILVER,AUTO,1.0,Alloy,86090,AMERICAN,LARGE,GM,5096.0,6391.0,8418.0,9654.0,5268.0,6715.0,8449.0,10004.0,,,20740,21075,MD,6765.0,0,2152
0,1246406400,MANHEIM,2004,5,FORD,TAURUS 3.0L V6 EFI,SEL,4D SEDAN SE COMFORT,WHITE,AUTO,2.0,Covers,95749,AMERICAN,MEDIUM,FORD,3875.0,4938.0,4685.0,5833.0,3875.0,4938.0,4685.0,5833.0,,,21973,32824,FL,3500.0,0,1053
0,1250553600,ADESA,2006,3,DODGE,CARAVAN GRAND FWD V6,Bas,MINIVAN 3.3L,BLUE,AUTO,2.0,Covers,62175,AMERICAN,VAN,CHRYSLER,6362.0,7917.0,7371.0,9050.0,6470.0,8226.0,7488.0,9384.0,,,20833,78754,TX,5800.0,0,1411
0,1234828800,OTHER,2004,5,CHEVROLET,IMPALA 3.4L V6 SFI,Bas,4D SEDAN,WHITE,AUTO,2.0,Covers,75763,AMERICAN,LARGE,GM,4105.0,5280.0,4933.0,6202.0,4350.0,5414.0,5198.0,6347.0,,,21053,95673,CA,5835.0,0,1974
0,1231891200,MANHEIM,2005,4,FORD,TAURUS 3.0L V6 EFI,SEL,4D SEDAN SE COMFORT,GREEN,AUTO,,,68090,AMERICAN,MEDIUM,FORD,4054.0,5315.0,4878.0,6240.0,3934.0,5013.0,4749.0,5914.0,,,23359,92807,CA,4315.0,0,825
0,1286236800,MANHEIM,2001,9,MERCURY,SABLE,LS,4D SEDAN LS PREMIUM,SILVER,AUTO,1.0,Alloy,82015,AMERICAN,MEDIUM,FORD,2394.0,3505.0,5173.0,6444.0,2239.0,3340.0,4835.0,5883.0,,,19619,28625,NC,4775.0,0,1283
0,1285718400,MANHEIM,2007,3,CHEVROLET,COBALT,LS,4D SEDAN LS,BLUE,AUTO,2.0,Covers,63671,AMERICAN,COMPACT,GM,5418.0,6601.0,8694.0,9842.0,5354.0,6438.0,8820.0,9715.0,,,20740,22801,VA,6440.0,0,728
0,1249948800,MANHEIM,2006,3,CHEVROLET,MALIBU 4C 2.2L I4 MP,LT,4D SEDAN LT,SILVER,AUTO,2.0,Covers,58787,AMERICAN,MEDIUM,GM,6408.0,7588.0,7421.0,8695.0,5694.0,6978.0,6650.0,8036.0,,,16044,21075,MD,7100.0,0,837
0,1247529600,OTHER,2004,5,SATURN,ION 2.2L I-4 MPI DOH,2,2D QUAD COUPE LEVEL 2,SILVER,AUTO,1.0,Alloy,68187,AMERICAN,MEDIUM,GM,4141.0,5463.0,4972.0,6400.0,4141.0,5463.0,4972.0,6400.0,,,19662,35613,AL,4695.0,0,728
0,1245110400,OTHER,2006,3,DODGE,MAGNUM V6 2.7L V6 MP,SE,WAGON 2.7L,BLUE,AUTO,2.0,Covers,52080,AMERICAN,SPECIALTY,CHRYSLER,7500.0,8740.0,8600.0,9939.0,7450.0,8636.0,8546.0,9827.0,,,21053,95673,CA,7835.0,0,1086
0,1265760000,MANHEIM,2006,4,CHRYSLER,PACIFICA FWD,Bas,4D SPORT,BLUE,AUTO,1.0,Alloy,68779,AMERICAN,CROSSOVER,CHRYSLER,8132.0,9449.0,12139.0,13091.0,9009.0,10526.0,12653.0,13867.0,,,19064,75236,TX,8040.0,0,1215
1,1252368000,MANHEIM,2004,5,CHRYSLER,PT CRUISER 2.4L I4 S,Bas,4D SEDAN,SILVER,AUTO,2.0,Covers,58095,AMERICAN,MEDIUM,CHRYSLER,3844.0,4947.0,4652.0,5843.0,3753.0,4844.0,4553.0,5732.0,,,22808,75050,TX,4110.0,0,1086
1,1255564800,MANHEIM,2006,3,CHRYSLER,SEBRING V6 2.7L V6 M,Tou,4D SEDAN LX,WHITE,AUTO,1.0,Alloy,85026,AMERICAN,MEDIUM,CHRYSLER,4677.0,5593.0,5551.0,6540.0,4579.0,5498.0,5445.0,6438.0,,,18880,29532,SC,4640.0,0,1373
0,1272499200,MANHEIM,2003,7,MERCURY,SABLE,LS,4D SEDAN LS PREMIUM,GREY,AUTO,1.0,Alloy,47492,AMERICAN,MEDIUM,FORD,3418.0,4618.0,6237.0,7829.0,2776.0,3831.0,6320.0,7324.0,,,5546,33762,FL,4995.0,0,993
0,1272326400,OTHER,2008,2,DODGE,CALIBER,SE,4D WAGON,GOLD,AUTO,2.0,Covers,52737,AMERICAN,MEDIUM,CHRYSLER,7603.0,8168.0,11070.0,11731.0,7678.0,8543.0,11509.0,12387.0,,,99761,74135,OK,7200.0,0,754
0,1292457600,MANHEIM,2006,4,DODGE,DURANGO 2WD V6,Adv,4D SUV 3.7L SLT,RED,AUTO,1.0,Alloy,82170,AMERICAN,MEDIUM SUV,CHRYSLER,8124.0,10157.0,11498.0,14068.0,7866.0,9301.0,11621.0,13658.0,NO,GREEN,19619,33411,FL,9055.0,0,1373
0,1234310400,ADESA,2002,7,CHEVROLET,TAHOE 2WD 5.3L V8 SF,LS,4D SUV 5.3L FFV LS,RED,AUTO,1.0,Alloy,79053,AMERICAN,LARGE SUV,GM,6410.0,7663.0,7423.0,8776.0,6781.0,7914.0,7823.0,9047.0,,,19064,85226,AZ,7940.0,0,1923
0,1282089600,MANHEIM,2006,4,MAZDA,MAZDA6,i,4D SEDAN I,GREY,AUTO,2.0,Covers,70134,OTHER ASIAN,MEDIUM,OTHER,7090.0,8401.0,10726.0,12140.0,6455.0,7775.0,10643.0,11766.0,,,20928,32824,FL,7250.0,0,1272
0,1271894400,MANHEIM,2005,5,FORD,TAURUS,SE,4D SEDAN SE,GREY,AUTO,2.0,Covers,94329,AMERICAN,MEDIUM,FORD,3542.0,4702.0,6484.0,7947.0,3475.0,4759.0,6671.0,8140.0,,,1231,89120,NV,4135.0,1,1053
0,1241568000,OTHER,2004,5,KIA,OPTIMA 4C 2.4L I4 MP,EX,4D SEDAN LX,GOLD,MANUAL,2.0,Covers,41965,OTHER ASIAN,MEDIUM,OTHER,3402.0,4773.0,4174.0,5655.0,3394.0,4762.0,4166.0,5643.0,,,18880,29697,SC,4900.0,0,623
0,1263340800,MANHEIM,2006,4,SUZUKI,FORENZA,,4D SEDAN,RED,AUTO,2.0,Covers,50788,OTHER ASIAN,MEDIUM,OTHER,3726.0,4718.0,6910.0,7814.0,3556.0,4714.0,6629.0,8766.0,,,19619,32824,FL,5100.0,0,505
0,1233705600,ADESA,2005,4,CHEVROLET,AVEO 1.6L I4 EFI,LS,4D SEDAN,RED,AUTO,2.0,Covers,53898,AMERICAN,COMPACT,GM,3661.0,4574.0,4454.0,5440.0,3640.0,4423.0,4431.0,5277.0,,,20207,77086,TX,4140.0,0,671
0,1265760000,MANHEIM,2006,4,SATURN,ION,2,4D SEDAN LEVEL 2,WHITE,AUTO,2.0,Covers,78537,AMERICAN,MEDIUM,GM,5065.0,6151.0,8046.0,9256.0,5577.0,6760.0,8684.0,9556.0,,,23359,92807,CA,5870.0,0,803
0,1252627200,MANHEIM,2003,6,MAZDA,MAZDA6 2.3L I4 MPI,i,4D SEDAN I,RED,AUTO,1.0,Alloy,87534,OTHER ASIAN,MEDIUM,OTHER,4280.0,5397.0,5122.0,6329.0,4991.0,6027.0,8091.0,9253.0,,,20928,33314,FL,7130.0,0,1673
0,1275955200,MANHEIM,2006,4,MAZDA,MAZDA5,,4D WAGON SPORT,SILVER,AUTO,1.0,Alloy,63002,OTHER ASIAN,CROSSOVER,OTHER,7567.0,9134.0,10851.0,12292.0,6683.0,7981.0,10324.0,11776.0,,,22916,80022,CO,6820.0,0,923
0,1264377600,MANHEIM,2004,6,JEEP,LIBERTY 4WD V6,Spo,4D SUV,GREEN,AUTO,,,73881,AMERICAN,SMALL SUV,CHRYSLER,6232.0,7683.0,10169.0,11232.0,6543.0,8090.0,9263.0,11058.0,,,21973,27542,NC,5700.0,0,920
0,1286323200,MANHEIM,2008,2,DODGE,AVENGER 4C,SE,4D SEDAN,BLUE,AUTO,2.0,Covers,56150,AMERICAN,MEDIUM,CHRYSLER,7530.0,8748.0,11290.0,12631.0,7627.0,8618.0,10734.0,12074.0,,,5546,32824,FL,7850.0,0,920
0,1237939200,MANHEIM,2005,4,CHRYSLER,SEBRING 4C 2.4L I4 S,Bas,4D SEDAN,SILVER,AUTO,1.0,Alloy,45982,AMERICAN,MEDIUM,CHRYSLER,4756.0,5887.0,5636.0,6858.0,4396.0,5533.0,5248.0,6476.0,,,18822,70460,LA,5640.0,0,834
1,1291680000,MANHEIM,2002,8,CHEVROLET,CAVALIER 4C,Bas,4D SEDAN,BEIGE,AUTO,2.0,Covers,93575,AMERICAN,COMPACT,GM,1928.0,2791.0,4656.0,5927.0,1673.0,2392.0,4355.0,5202.0,,,52644,75050,TX,2940.0,0,1641
1,1286236800,MANHEIM,2005,5,CHEVROLET,EQUINOX FWD V6,LS,4D SUV LS,WHITE,AUTO,2.0,Covers,92868,AMERICAN,MEDIUM SUV,GM,6410.0,7791.0,10210.0,12149.0,6460.0,7631.0,9493.0,10768.0,,,20833,75050,TX,7740.0,0,1630
0,1256688000,ADESA,2006,3,NISSAN,MAXIMA 3.5L V6 MPI /,SE,4D SEDAN SE,BLUE,AUTO,3.0,Special,76751,TOP LINE ASIAN,LARGE,OTHER,13231.0,15480.0,14789.0,17218.0,12232.0,14685.0,16320.0,18847.0,,,21053,85226,AZ,10860.0,0,1155
0,1266796800,OTHER,2008,2,CHRYSLER,SEBRING 4C,LX,4D SEDAN LX,BLUE,AUTO,2.0,Covers,49964,AMERICAN,MEDIUM,CHRYSLER,8476.0,9108.0,11614.0,13591.0,9013.0,9602.0,12274.0,12977.0,,,99761,74135,OK,8400.0,0,834
0,1265673600,ADESA,2004,6,CHEVROLET,IMPALA,Bas,4D SEDAN,RED,AUTO,2.0,Covers,55947,AMERICAN,LARGE,GM,3612.0,4733.0,6657.0,8049.0,3664.0,4812.0,6686.0,8042.0,,,52117,45005,OH,5700.0,0,1500
0,1260403200,MANHEIM,2003,6,CHEVROLET,TRAILBLAZER 4WD 6C,LS,4D SUV 4.2L LS,BLUE,AUTO,1.0,Alloy,81713,AMERICAN,MEDIUM SUV,GM,5699.0,7093.0,9619.0,10704.0,6300.0,7441.0,9470.0,11014.0,,,20234,85353,AZ,6815.0,0,2452
0,1289433600,MANHEIM,2008,2,DODGE,AVENGER 4C,SE,4D SEDAN SE,RED,AUTO,1.0,Alloy,63749,AMERICAN,MEDIUM,CHRYSLER,7443.0,8759.0,11555.0,12636.0,7355.0,8238.0,11070.0,11792.0,,,25100,76040,TX,7640.0,0,1020
0,1274659200,MANHEIM,2003,7,HONDA,ACCORD V6,EX,2D COUPE EX AUTO,GOLD,AUTO,1.0,Alloy,73456,TOP LINE ASIAN,MEDIUM,OTHER,6085.0,7160.0,9587.0,10804.0,6189.0,7909.0,9616.0,11429.0,,,18880,27542,NC,8700.0,0,1455
1,1288137600,OTHER,2006,4,FORD,ESCAPE 2WD 4C,XLS,4D CUV 2.3L XLS,WHITE,AUTO,2.0,Covers,90925,AMERICAN,SMALL SUV,FORD,6388.0,7960.0,10289.0,12034.0,6634.0,8039.0,10670.0,12137.0,NO,GREEN,52492,29697,SC,7700.0,0,1053
0,1242950400,MANHEIM,2004,5,CHEVROLET,MALIBU 4C 2.2L I4 MP,Cla,4D SEDAN CLASSIC,GOLD,AUTO,2.0,Covers,56984,AMERICAN,MEDIUM,GM,3486.0,5019.0,4265.0,5921.0,3128.0,4589.0,3878.0,5456.0,,,99750,85040,AZ,5500.0,0,920
0,1243382400,MANHEIM,2006,3,PONTIAC,GRAND PRIX 3.8L V6 S,Bas,4D SEDAN,WHITE,AUTO,2.0,Covers,64940,AMERICAN,LARGE,GM,6892.0,8438.0,7943.0,9613.0,6806.0,8421.0,7850.0,9595.0,,,3453,84087,UT,7410.0,0,1703
0,1274400000,OTHER,2005,5,CHEVROLET,EQUINOX FWD V6,LS,4D SUV LS,GREEN,AUTO,2.0,Covers,68518,AMERICAN,MEDIUM SUV,GM,7008.0,8529.0,10525.0,11938.0,6749.0,7745.0,10135.0,11507.0,,,17212,75020,TX,8800.0,0,1215
0,1255996800,MANHEIM,2006,3,DODGE,CARAVAN GRAND FWD V6,Bas,MINIVAN 3.3L,BLUE,AUTO,1.0,Alloy,79728,AMERICAN,VAN,CHRYSLER,6140.0,7653.0,7131.0,8765.0,5548.0,6779.0,8978.0,10475.0,,,18111,30331,GA,6130.0,0,1623
0,1251331200,OTHER,2001,8,DODGE,DURANGO 4WD V8 4.7L,SLT,4D SUV 4.7L,BLUE,AUTO,1.0,Alloy,49819,AMERICAN,MEDIUM SUV,CHRYSLER,3400.0,4613.0,4172.0,5482.0,3455.0,4630.0,4231.0,5500.0,,,3453,80229,CO,5955.0,0,1416
0,1243987200,MANHEIM,2004,5,CHEVROLET,MALIBU 4C 2.2L I4 MP,Cla,4D SEDAN CLASSIC,MAROON,AUTO,2.0,Covers,83493,AMERICAN,MEDIUM,GM,3486.0,5019.0,4265.0,5921.0,3486.0,5019.0,4265.0,5921.0,,,16926,92807,CA,3895.0,0,1243
0,1273190400,MANHEIM,2006,4,PONTIAC,G6 V6,GT,4D SEDAN GT,SILVER,AUTO,1.0,Alloy,71893,AMERICAN,MEDIUM,GM,7178.0,8830.0,10998.0,12557.0,6337.0,7783.0,10119.0,11466.0,,,18822,78219,TX,7635.0,0,1272
0,1243468800,MANHEIM,2002,7,CHEVROLET,VENTURE FWD V6 3.4L,LS,PASSENGER 3.4L,GREEN,AUTO,2.0,Covers,44799,AMERICAN,VAN,GM,2765.0,4336.0,3486.0,5183.0,2765.0,4336.0,3486.0,5183.0,,,99750,79932,TX,4100.0,0,3222
1,1277337600,MANHEIM,2005,5,JEEP,GRAND CHEROKEE 4WD V,Lar,4D WAGON,WHITE,AUTO,1.0,Alloy,83134,AMERICAN,MEDIUM SUV,CHRYSLER,9068.0,10397.0,13090.0,14096.0,9044.0,9965.0,12244.0,13685.0,,,8655,76040,TX,9395.0,0,2022
0,1260403200,ADESA,2006,3,CHRYSLER,SEBRING V6,Tou,4D SEDAN LXI,RED,AUTO,1.0,Alloy,77987,AMERICAN,MEDIUM,CHRYSLER,5215.0,5955.0,9137.0,9968.0,5174.0,6165.0,9146.0,10404.0,,,5546,28273,NC,5760.0,0,1272
1,1277251200,MANHEIM,2003,7,SATURN,L SERIES,L30,4D SEDAN L300,GREY,AUTO,,,87437,AMERICAN,MEDIUM,GM,3746.0,4813.0,6831.0,7886.0,3746.0,4813.0,6831.0,7886.0,,,21973,32824,FL,4650.0,0,2712
1,1286323200,MANHEIM,2007,3,PONTIAC,G6 V6,GTP,4D SEDAN GTP,WHITE,AUTO,1.0,Alloy,86540,AMERICAN,MEDIUM,GM,9827.0,11475.0,13662.0,15367.0,9986.0,11720.0,13555.0,15230.0,,,19619,32824,FL,8050.0,0,1373
0,1283299200,MANHEIM,2006,4,JEEP,GRAND CHEROKEE 4WD V,Lar,4D WAGON LAREDO,GREY,AUTO,1.0,Alloy,86208,AMERICAN,MEDIUM SUV,CHRYSLER,11388.0,13399.0,15226.0,17320.0,10454.0,12663.0,14639.0,16220.0,,,19619,32824,FL,9950.0,0,2022
0,1248739200,OTHER,2006,3,DODGE,DAKOTA PICKUP 2WD V8,SLT,QUAD CAB 4.7L,BLUE,AUTO,1.0,Alloy,77114,AMERICAN,SMALL TRUCK,CHRYSLER,10684.0,11626.0,12039.0,13056.0,10684.0,11626.0,12039.0,13056.0,,,21053,95673,CA,8005.0,0,1506
1,1239667200,OTHER,2004,5,HONDA,ELEMENT 2WD 2.4L I-4,EX,4D SPORT UTILITY EX,BLACK,AUTO,1.0,Alloy,69231,TOP LINE ASIAN,SMALL SUV,OTHER,8125.0,9875.0,9275.0,11165.0,8125.0,9875.0,9275.0,11165.0,,,18822,39208,MS,9300.0,0,630
1,1253836800,ADESA,2002,7,CHRYSLER,SEBRING V6 3.0L V6 M,LXi,2D COUPE LXI,SILVER,AUTO,,,81576,AMERICAN,MEDIUM,CHRYSLER,2463.0,3314.0,3160.0,4079.0,2463.0,3314.0,3160.0,4079.0,,,16926,91752,CA,4715.0,0,1673
0,1268611200,MANHEIM,2004,6,PONTIAC,GRAND AM V6,SE,4D SEDAN SE1,GOLD,AUTO,1.0,Alloy,60937,AMERICAN,MEDIUM,GM,3684.0,4570.0,6496.0,7794.0,3463.0,4709.0,6780.0,8061.0,,,18880,27542,NC,5500.0,0,1898
0,1236556800,MANHEIM,2005,4,MERCURY,MARINER 4WD V6 3.0L,Bas,4D SUV 3.0L,BLACK,AUTO,1.0,Alloy,83099,AMERICAN,SMALL SUV,FORD,7879.0,9781.0,9009.0,11063.0,7047.0,8720.0,8111.0,9918.0,,,18881,27542,NC,7200.0,0,1503
0,1276732800,ADESA,2006,4,DODGE,STRATUS 4C,SXT,4D SEDAN,GREEN,AUTO,2.0,Covers,80137,AMERICAN,MEDIUM,CHRYSLER,4311.0,5339.0,7408.0,8752.0,4053.0,5337.0,7434.0,8581.0,,,52492,28273,NC,5945.0,0,1243
0,1238976000,MANHEIM,2005,4,CHRYSLER,SEBRING 4C 2.4L I4 E,Bas,4D SEDAN,SILVER,AUTO,1.0,Alloy,63369,AMERICAN,MEDIUM,CHRYSLER,4012.0,5406.0,4833.0,6338.0,4012.0,5406.0,4833.0,6338.0,,,17675,27542,NC,4900.0,0,1020
0,1244764800,OTHER,2005,4,CHRYSLER,TOWN & COUNTRY FWD V,Tou,MINIVAN 3.8L,BLUE,AUTO,1.0,Alloy,73479,AMERICAN,VAN,CHRYSLER,7829.0,9912.0,8955.0,11205.0,7829.0,9912.0,8955.0,11205.0,,,18880,30120,GA,5800.0,0,1623
0,1234310400,OTHER,2006,3,CHRYSLER,300 3.5L V6 MPI / SM,Lim,4D SEDAN,GREEN,AUTO,1.0,Alloy,77320,AMERICAN,SPECIALTY,CHRYSLER,9635.0,11215.0,10906.0,12612.0,10127.0,11685.0,11437.0,13120.0,,,17675,29697,SC,10200.0,0,1389
0,1272499200,MANHEIM,2002,8,FORD,ESCAPE 2WD V6,XLT,4D CUV 3.0L XLT,WHITE,AUTO,1.0,Alloy,75998,AMERICAN,SMALL SUV,FORD,3655.0,4729.0,6605.0,7937.0,4324.0,5513.0,7315.0,8674.0,,,8655,39402,MS,6235.0,0,1220
0,1268352000,OTHER,2007,3,TOYOTA,CAMRY 4C,LE,4D SEDAN CE,SILVER,AUTO,2.0,Covers,80812,TOP LINE ASIAN,MEDIUM,OTHER,10301.0,11316.0,13999.0,15146.0,10037.0,11035.0,14157.0,15564.0,,,18880,29461,SC,10100.0,0,594
0,1283990400,MANHEIM,2008,2,CHEVROLET,IMPALA V6,LS,4D SEDAN LS 3.5L FFV,WHITE,AUTO,1.0,Alloy,84621,AMERICAN,LARGE,GM,8191.0,9317.0,11457.0,13121.0,7737.0,8893.0,11957.0,13225.0,,,25100,76040,TX,8240.0,0,2152
0,1253577600,MANHEIM,2004,5,FORD,F150 PICKUP 2WD V8 5,XL,EXT CAB 5.4L LARIAT,BLUE,AUTO,2.0,Covers,97469,AMERICAN,LARGE TRUCK,FORD,8597.0,10387.0,9785.0,11718.0,7723.0,9545.0,12159.0,14023.0,,,835,85040,AZ,7540.0,0,909
0,1239148800,MANHEIM,2002,7,DODGE,CARAVAN FWD V6 3.3L,SE,MINIVAN 3.3L FFV SE,BLUE,AUTO,2.0,Covers,68972,AMERICAN,VAN,CHRYSLER,2622.0,3740.0,3332.0,4539.0,2622.0,3740.0,3332.0,4539.0,,,99750,92057,CA,4100.0,0,1711
0,1246233600,ADESA,2006,3,PONTIAC,GRAND PRIX 3.8L V6 M,GT,4D SEDAN GT,BLACK,AUTO,1.0,Alloy,67319,AMERICAN,LARGE,GM,8763.0,11002.0,9964.0,12382.0,8763.0,11002.0,9964.0,12382.0,,,23359,91752,CA,7110.0,0,1898
0,1266883200,MANHEIM,2004,6,KIA,OPTIMA V6,EX,4D SEDAN EX,WHITE,AUTO,1.0,Alloy,72726,OTHER ASIAN,MEDIUM,OTHER,3989.0,5177.0,6806.0,7866.0,3836.0,5097.0,6430.0,7649.0,,,22808,75050,TX,5825.0,0,803
0,1270512000,MANHEIM,2002,8,CHEVROLET,IMPALA,Bas,4D SEDAN,GOLD,AUTO,2.0,Covers,76511,AMERICAN,LARGE,GM,3235.0,4403.0,5432.0,6955.0,2720.0,3754.0,5212.0,6256.0,,,19662,63044,MO,5365.0,0,2274
1,1260921600,OTHER,2007,2,DODGE,DURANGO 2WD V8,SXT,4D SUV 4.7L FFV SXT,BLUE,AUTO,2.0,Covers,63703,AMERICAN,MEDIUM SUV,CHRYSLER,9829.0,11418.0,14746.0,16148.0,9829.0,11418.0,14746.0,16148.0,,,19619,29697,SC,10800.0,0,1215
0,1258502400,MANHEIM,2005,4,HYUNDAI,ELANTRA,GLS,4D SEDAN,SILVER,AUTO,2.0,Covers,72320,OTHER ASIAN,MEDIUM,OTHER,3947.0,4764.0,4763.0,5645.0,3954.0,4770.0,7124.0,8074.0,,,20928,32824,FL,5000.0,0,569
0,1271894400,MANHEIM,2005,5,KIA,SPECTRA,EX,4D SEDAN EX,BLUE,MANUAL,1.0,Alloy,69087,OTHER ASIAN,MEDIUM,OTHER,4298.0,5423.0,7345.0,8421.0,3965.0,5069.0,6809.0,7912.0,,,17212,76040,TX,4110.0,0,533
0,1245801600,MANHEIM,2003,6,CHEVROLET,IMPALA 3.4L V6 SFI,Bas,4D SEDAN,SILVER,AUTO,2.0,Covers,83193,AMERICAN,LARGE,GM,3220.0,4283.0,3978.0,5126.0,3220.0,4283.0,3978.0,5126.0,,,3453,84087,UT,4595.0,0,2452
0,1249948800,MANHEIM,2004,5,JEEP,GRAND CHEROKEE 2WD 6,Lar,4D WAGON LAREDO,BLACK,AUTO,1.0,Alloy,84797,AMERICAN,MEDIUM SUV,CHRYSLER,5603.0,7292.0,6551.0,8375.0,5783.0,7122.0,6746.0,8192.0,,,22808,75050,TX,6725.0,0,1893
0,1248220800,MANHEIM,2003,6,NISSAN,XTERRA 2WD V6 3.3L V,SE,4D SPORT UTILITY XE,YELLOW,AUTO,1.0,Alloy,44338,TOP LINE ASIAN,MEDIUM SUV,OTHER,5411.0,6436.0,6344.0,7451.0,5899.0,6774.0,6871.0,7816.0,,,8655,75236,TX,8235.0,0,782
0,1279670400,MANHEIM,2007,3,JEEP,PATRIOT FWD 4C,Spo,4D SUV SPORT,BLACK,AUTO,2.0,Covers,68175,AMERICAN,SMALL SUV,CHRYSLER,10170.0,11351.0,13666.0,14646.0,9758.0,11113.0,13303.0,14480.0,,,20833,75236,TX,8540.0,0,825
0,1239667200,MANHEIM,2006,3,CHEVROLET,TRAILBLAZER 2WD 6C 4,LS,4D SUV 4.2L,SILVER,AUTO,1.0,Alloy,56139,AMERICAN,MEDIUM SUV,GM,10429.0,12141.0,11763.0,13612.0,10429.0,12141.0,11763.0,13612.0,,,18880,28625,NC,8460.0,0,920
0,1235347200,MANHEIM,2005,4,HONDA,ACCORD 4C 2.4L I4 MP,EX,4D SEDAN EX AUTO,SILVER,AUTO,1.0,Alloy,83272,TOP LINE ASIAN,MEDIUM,OTHER,10259.0,11827.0,11580.0,13273.0,10236.0,11940.0,11555.0,13395.0,,,17675,27542,NC,9135.0,0,594
0,1289433600,ADESA,2007,3,SUZUKI,RENO,,4D SEDAN,WHITE,AUTO,2.0,Covers,53419,OTHER ASIAN,COMPACT,OTHER,4723.0,5993.0,7750.0,8545.0,4437.0,5173.0,7454.0,8049.0,,,17675,28273,NC,5945.0,0,505
0,1278547200,ADESA,2006,4,MAZDA,MAZDA5,,4D WAGON SPORT,GREEN,MANUAL,1.0,Alloy,89322,OTHER ASIAN,CROSSOVER,OTHER,7265.0,8900.0,10854.0,12019.0,7183.0,8799.0,10065.0,12341.0,,,22916,80817,CO,7525.0,0,1113
0,1286496000,ADESA,2007,3,CHEVROLET,IMPALA,LS,4D SEDAN LS,GREY,AUTO,2.0,Covers,71820,AMERICAN,LARGE,GM,7657.0,8876.0,11114.0,12447.0,8440.0,9842.0,11617.0,13154.0,NO,GREEN,21053,91752,CA,7800.0,0,1974
1,1236211200,MANHEIM,2001,8,FORD,TAURUS 3.0L V6 EFI,LX,4D SEDAN LX,BLUE,AUTO,1.0,Alloy,68659,AMERICAN,MEDIUM,FORD,2256.0,2953.0,2936.0,3689.0,2650.0,3539.0,3362.0,4322.0,,,20928,33411,FL,3910.0,0,1125
0,1290038400,MANHEIM,2005,5,FORD,FOCUS,ZX3,2D COUPE ZX3,GREY,AUTO,1.0,Alloy,70813,AMERICAN,COMPACT,FORD,3720.0,4917.0,6568.0,7953.0,3769.0,4551.0,6902.0,7547.0,NO,GREEN,5546,33619,FL,5935.0,0,1155
0,1250035200,MANHEIM,2004,5,FORD,TAURUS 3.0L V6 EFI,SES,4D SEDAN SES,GREY,AUTO,1.0,Alloy,80888,AMERICAN,MEDIUM,FORD,3191.0,4224.0,3946.0,5062.0,3624.0,5022.0,4414.0,5924.0,,,21973,32824,FL,4400.0,0,983
0,1239062400,ADESA,2005,4,CHEVROLET,UPLANDER FWD V6 3.5L,Bas,PASSENGER EXT 3.5L,GREY,AUTO,2.0,Covers,58325,AMERICAN,VAN,GM,8301.0,10457.0,9465.0,11794.0,8301.0,10457.0,9465.0,11794.0,,,19619,45005,OH,6775.0,0,1583
1,1259107200,MANHEIM,2005,4,SATURN,VUE 2WD 4C,,4D CUV 2.2L,WHITE,MANUAL,1.0,Alloy,72539,AMERICAN,MEDIUM SUV,GM,5507.0,6988.0,6448.0,8047.0,4967.0,6130.0,8636.0,9840.0,,,19064,75236,TX,5425.0,0,1623
0,1244592000,MANHEIM,2003,6,SATURN,VUE 2WD V6 3.0L V6 S,,4D CUV 3.0L,BLACK,AUTO,2.0,Covers,58732,AMERICAN,MEDIUM SUV,GM,4164.0,5491.0,4997.0,6430.0,4164.0,5491.0,4997.0,6430.0,,,19619,32824,FL,6800.0,0,1386
0,1283990400,MANHEIM,2004,6,KIA,OPTIMA 4C,EX,4D SEDAN LX,SILVER,MANUAL,2.0,Covers,93211,OTHER ASIAN,MEDIUM,OTHER,2508.0,3592.0,5663.0,6781.0,1920.0,2727.0,5147.0,6449.0,,,18880,29532,SC,4345.0,0,909
0,1256083200,MANHEIM,2006,3,CHEVROLET,COBALT 2.2L I4 MPI,LS,2D COUPE LS,RED,AUTO,2.0,Covers,38771,AMERICAN,COMPACT,GM,5622.0,6797.0,6572.0,7841.0,4860.0,5792.0,8640.0,9598.0,,,20833,75236,TX,6325.0,0,582
0,1231891200,MANHEIM,2005,4,CHEVROLET,IMPALA 3.4L V6 SFI,Bas,4D SEDAN,SILVER,AUTO,2.0,Covers,83363,AMERICAN,LARGE,GM,4449.0,5578.0,5305.0,6524.0,4875.0,6014.0,5765.0,6995.0,,,3453,80011,CO,4165.0,0,2152
0,1261008000,ADESA,2006,3,KIA,RIO,Bas,4D SEDAN,WHITE,AUTO,2.0,Covers,53181,OTHER ASIAN,COMPACT,OTHER,3353.0,4396.0,6278.0,7419.0,3623.0,4189.0,7180.0,8006.0,,,20740,32219,FL,4800.0,0,505
0,1247702400,MANHEIM,2005,4,CHRYSLER,PT CRUISER 2.4L I4 S,Bas,4D SEDAN,WHITE,AUTO,2.0,Covers,42280,AMERICAN,MEDIUM,CHRYSLER,4243.0,5195.0,5082.0,6111.0,4399.0,5471.0,5251.0,6409.0,,,18880,29532,SC,6055.0,0,975
0,1286323200,MANHEIM,2006,4,FORD,MUSTANG V6,Bas,2D COUPE,WHITE,AUTO,1.0,Alloy,44207,AMERICAN,SPORTS,FORD,8495.0,9907.0,12766.0,14437.0,8692.0,10071.0,12314.0,14457.0,,,19619,32824,FL,9550.0,0,623
0,1268265600,MANHEIM,2007,3,SUZUKI,FORENZA,,4D SEDAN,BLUE,AUTO,2.0,Covers,72423,OTHER ASIAN,MEDIUM,OTHER,5432.0,6345.0,8539.0,9462.0,5217.0,6158.0,8251.0,9199.0,,,18111,32503,FL,4885.0,0,569
0,1285804800,OTHER,2009,1,CHRYSLER,SEBRING 4C,LX,4D SEDAN,BLACK,AUTO,2.0,Covers,39575,AMERICAN,MEDIUM,CHRYSLER,8716.0,9205.0,12451.0,12959.0,8706.0,9105.0,12836.0,13424.0,,,99761,85284,AZ,8200.0,0,762
0,1254960000,ADESA,2005,4,PONTIAC,GRAND PRIX 3.8L V6 S,Bas,4D SEDAN,RED,AUTO,1.0,Alloy,62494,AMERICAN,LARGE,GM,5496.0,7007.0,6436.0,8068.0,5087.0,6467.0,8244.0,9946.0,,,18822,78227,TX,6210.0,0,1703
1,1273104000,MANHEIM,2006,4,SATURN,ION,2,4D SEDAN LEVEL 2,GOLD,AUTO,2.0,Covers,54405,AMERICAN,MEDIUM,GM,5533.0,6535.0,8990.0,10018.0,5496.0,6709.0,8978.0,10159.0,,,17212,76040,TX,6670.0,0,671
0,1286236800,MANHEIM,2005,5,CHEVROLET,EQUINOX AWD V6,LT,4D SUV LT,GREEN,AUTO,1.0,Alloy,95964,AMERICAN,MEDIUM SUV,GM,7867.0,9760.0,10943.0,13067.0,7612.0,9091.0,11337.0,12706.0,,,22916,80022,CO,7330.0,0,1774
0,1249948800,OTHER,2007,2,CHRYSLER,PT CRUISER 2.4L I4 S,Tou,4D SEDAN,WHITE,AUTO,2.0,Covers,44194,AMERICAN,MEDIUM,CHRYSLER,6312.0,7367.0,7317.0,8456.0,6421.0,7417.0,7435.0,8510.0,,,99740,84104,UT,5710.0,0,975
0,1239580800,OTHER,2006,3,CHRYSLER,PACIFICA FWD 3.5L V6,Bas,4D SPORT,SILVER,AUTO,1.0,Alloy,74410,AMERICAN,CROSSOVER,CHRYSLER,8235.0,9864.0,9394.0,11153.0,8235.0,9864.0,9394.0,11153.0,,,21053,95673,CA,6335.0,0,1389
0,1260835200,ADESA,2007,2,DODGE,CHARGER V6,Bas,4D SEDAN 3.5L,BLUE,AUTO,2.0,Covers,68138,AMERICAN,SPECIALTY,CHRYSLER,9444.0,10970.0,13478.0,15203.0,11071.0,12681.0,14710.0,16300.0,,,20207,78754,TX,9495.0,0,1215
0,1274227200,MANHEIM,2005,5,TOYOTA,COROLLA,CE,4D SEDAN CE,WHITE,MANUAL,2.0,Covers,58441,TOP LINE ASIAN,COMPACT,OTHER,5489.0,6194.0,8987.0,10141.0,5200.0,6128.0,8938.0,9796.0,,,20234,94544,CA,6795.0,0,505
0,1290470400,MANHEIM,2007,3,FORD,TAURUS,SE,4D SEDAN SE,GOLD,AUTO,2.0,Covers,75582,AMERICAN,MEDIUM,FORD,4918.0,6003.0,8775.0,9849.0,4987.0,6135.0,8684.0,9969.0,,,3453,80022,CO,4915.0,0,920
0,1285200000,MANHEIM,2006,4,MERCURY,MARINER 2WD 4C,Bas,4D SUV 2.3L,BLACK,AUTO,1.0,Alloy,76225,AMERICAN,SMALL SUV,FORD,7222.0,8910.0,11424.0,12390.0,8515.0,9835.0,11987.0,12770.0,,,52492,29532,SC,8885.0,0,920
0,1244505600,OTHER,2008,1,CHRYSLER,SEBRING 4C 2.4L I4 E,LX,4D SEDAN,BLUE,AUTO,2.0,Covers,50591,AMERICAN,MEDIUM,CHRYSLER,7949.0,8448.0,9085.0,9624.0,7949.0,8448.0,9085.0,9624.0,,,18822,74135,OK,7550.0,0,920
1,1249344000,MANHEIM,2004,5,MITSUBISHI,LANCER 2.4L I4 MPI,LS,4D SPORTBACK LS,SILVER,AUTO,2.0,Covers,64502,OTHER ASIAN,COMPACT,OTHER,5148.0,5618.0,6060.0,6567.0,5032.0,5621.0,5935.0,6571.0,,,19619,34761,FL,5530.0,0,533
0,1258416000,ADESA,2004,5,CHEVROLET,TRAILBLAZER 2WD 6C,Nor,4D SUV 4.2L LS,BLUE,AUTO,,,74135,AMERICAN,MEDIUM SUV,GM,5681.0,6906.0,6635.0,7958.0,6029.0,7324.0,9737.0,11656.0,,,21973,45005,OH,7735.0,0,1155
0,1276041600,ADESA,2005,5,CHRYSLER,PT CRUISER,Bas,4D SEDAN,GOLD,AUTO,2.0,Covers,52257,AMERICAN,MEDIUM,CHRYSLER,4063.0,5216.0,7574.0,8756.0,3490.0,4500.0,7219.0,8099.0,,,52117,20166,VA,5700.0,0,1086
0,1247529600,MANHEIM,2004,5,CHEVROLET,MALIBU V6 3.5L V6 SF,LT,4D SEDAN LT,GOLD,AUTO,1.0,Alloy,88256,AMERICAN,MEDIUM,GM,5311.0,6927.0,6236.0,7981.0,5311.0,6927.0,6236.0,7981.0,,,16044,21075,MD,5335.0,0,1373
0,1269907200,MANHEIM,2006,4,CHRYSLER,SEBRING V6,Tou,4D SEDAN,SILVER,AUTO,1.0,Alloy,76750,AMERICAN,MEDIUM,CHRYSLER,3980.0,4771.0,7407.0,8239.0,3961.0,4760.0,7642.0,8311.0,,,22916,80022,CO,5510.0,0,1272
0,1250726400,MANHEIM,2006,3,CHRYSLER,SEBRING V6 MFI V6 2.,Tou,4D SEDAN TOURING,SILVER,AUTO,1.0,Alloy,61885,AMERICAN,MEDIUM,CHRYSLER,4799.0,5794.0,5683.0,6758.0,5362.0,6780.0,6291.0,7822.0,,,20740,22403,VA,5815.0,0,1118
0,1254787200,MANHEIM,2006,3,CHRYSLER,PT CRUISER 2.4L I4 S,Tou,4D SEDAN,GOLD,AUTO,1.0,Alloy,69090,AMERICAN,MEDIUM,CHRYSLER,5249.0,6439.0,6169.0,7454.0,5418.0,6429.0,8649.0,9719.0,,,18880,30331,GA,6630.0,0,1215
0,1234224000,MANHEIM,2003,6,SATURN,ION 2.0L I-4 MPI DOH,3,4D SEDAN LEVEL 3,BLACK,AUTO,1.0,Alloy,75854,AMERICAN,MEDIUM,GM,3897.0,4967.0,4709.0,5864.0,4202.0,4891.0,5038.0,5782.0,,,23359,91770,CA,3940.0,0,1103
0,1283904000,OTHER,2004,6,DODGE,STRATUS 4C,SE,4D SEDAN,WHITE,AUTO,2.0,Covers,77758,AMERICAN,MEDIUM,CHRYSLER,2526.0,3496.0,5770.0,6863.0,2548.0,3514.0,5064.0,6983.0,,,52492,29697,SC,4100.0,0,1155
0,1257897600,MANHEIM,2005,4,TOYOTA,CAMRY 4C,Bas,4D SEDAN,BLACK,AUTO,2.0,Covers,59780,TOP LINE ASIAN,MEDIUM,OTHER,7695.0,8494.0,8811.0,9674.0,7183.0,8170.0,11073.0,13137.0,,,25100,64161,MO,9815.0,0,505
1,1270598400,OTHER,2001,9,CHEVROLET,MONTE CARLO,LS,2D COUPE LS,RED,AUTO,,,53485,AMERICAN,LARGE,GM,3551.0,4578.0,6580.0,8483.0,3551.0,4578.0,6580.0,8483.0,,,18880,29697,SC,5600.0,0,1800
0,1255564800,OTHER,2006,3,FORD,TAURUS 3.0L V6 EFI,SE,4D SEDAN SE,BEIGE,AUTO,1.0,Alloy,77262,AMERICAN,MEDIUM,FORD,4538.0,5730.0,5401.0,6688.0,4162.0,5247.0,7271.0,8495.0,,,20207,73108,OK,4640.0,0,920
0,1258502400,MANHEIM,2006,3,CHEVROLET,MALIBU MAXX V6,LT,4D SEDAN LT,BLUE,AUTO,2.0,Covers,67452,AMERICAN,MEDIUM,GM,6386.0,7702.0,7397.0,8818.0,7012.0,8324.0,10600.0,11937.0,,,17212,64161,MO,6225.0,0,1118
0,1289865600,MANHEIM,2006,4,VOLKSWAGEN,JETTA 5C,Bas,4D SEDAN,BLACK,AUTO,1.0,Alloy,79365,OTHER,SPECIALTY,OTHER,7722.0,9142.0,11339.0,13041.0,7175.0,8876.0,10836.0,12404.0,,,22808,75050,TX,8385.0,0,1272
1,1253664000,ADESA,2003,6,NISSAN,ALTIMA 3.5L V6 MPI,SE,4D SEDAN SE,SILVER,AUTO,,,82382,TOP LINE ASIAN,MEDIUM,OTHER,5515.0,6825.0,6456.0,7871.0,5515.0,6825.0,6456.0,7871.0,,,20740,20166,VA,7465.0,0,1023
0,1289347200,OTHER,2009,1,KIA,RIO,Bas,4D SEDAN,WHITE,AUTO,2.0,Covers,49478,OTHER ASIAN,COMPACT,OTHER,6804.0,7410.0,8821.0,9607.0,7269.0,7889.0,9535.0,10348.0,NO,GREEN,99761,85284,AZ,6500.0,0,482
0,1267488000,ADESA,2007,3,PONTIAC,G6 4C,Bas,4D SEDAN,BLACK,AUTO,2.0,Covers,74303,AMERICAN,MEDIUM,GM,7852.0,8858.0,11244.0,12263.0,8080.0,9102.0,10752.0,12243.0,,,20833,78754,TX,8530.0,0,1038
1,1239062400,OTHER,2008,1,DODGE,CALIBER,SE,4D WAGON,RED,AUTO,1.0,Alloy,41574,AMERICAN,MEDIUM,CHRYSLER,7257.0,7861.0,8338.0,8990.0,7257.0,7861.0,8338.0,8990.0,,,99761,74135,OK,6800.0,0,693
0,1287964800,ADESA,2004,6,MAZDA,MAZDA3,s,4D SEDAN I,SILVER,AUTO,1.0,Alloy,92865,OTHER ASIAN,MEDIUM,OTHER,4294.0,5538.0,6607.0,8010.0,5111.0,6596.0,8548.0,9930.0,,,5546,33619,FL,6600.0,0,1197
0,1289952000,OTHER,2007,3,DODGE,CALIBER,SXT,4D WAGON SXT,WHITE,AUTO,2.0,Covers,80560,AMERICAN,MEDIUM,CHRYSLER,6631.0,7898.0,10097.0,11164.0,6418.0,7794.0,10321.0,11735.0,,,18111,35004,AL,7600.0,0,983
0,1264032000,OTHER,2008,2,DODGE,CALIBER,SE,4D WAGON,SILVER,AUTO,1.0,Alloy,51231,AMERICAN,MEDIUM,CHRYSLER,7048.0,7614.0,11006.0,11599.0,7269.0,7898.0,10834.0,11413.0,,,99761,74135,OK,6500.0,0,754
0,1249516800,MANHEIM,2003,6,FORD,TAURUS 3.0L V6 EFI,SE,4D SEDAN SE,GREY,AUTO,1.0,Alloy,81175,AMERICAN,MEDIUM,FORD,2296.0,3310.0,2980.0,4075.0,2979.0,4359.0,3717.0,5208.0,,,18881,30272,GA,4025.0,0,1283
0,1287619200,OTHER,2008,2,MAZDA,MAZDA3,i,MAZDA3 4D I SPORT,GREY,AUTO,1.0,Alloy,49442,OTHER ASIAN,MEDIUM,OTHER,10377.0,12094.0,13993.0,15516.0,10311.0,12076.0,13703.0,15428.0,,,99761,3106,NH,8440.0,0,764
0,1247702400,MANHEIM,2006,3,CHEVROLET,MALIBU 4C 2.2L I4 MP,LT,4D SEDAN LT,GREY,AUTO,2.0,Covers,52626,AMERICAN,MEDIUM,GM,6408.0,7588.0,7421.0,8695.0,5457.0,6671.0,6394.0,7705.0,,,18111,8505,NJ,7500.0,0,837
0,1234224000,MANHEIM,2004,5,FORD,EXPLORER 2WD V6 4.0L,XLT,4D SUV 4.0L FFV XLT,GREEN,AUTO,1.0,Alloy,55176,AMERICAN,MEDIUM SUV,FORD,5987.0,7249.0,6966.0,8329.0,6521.0,7746.0,7543.0,8866.0,,,16926,92504,CA,8745.0,0,920
1,1261094400,OTHER,2008,1,DODGE,AVENGER 4C,SE,4D SEDAN SE,SILVER,AUTO,,,52272,AMERICAN,MEDIUM,CHRYSLER,7541.0,8256.0,11548.0,12229.0,7541.0,8256.0,11548.0,12229.0,,,99761,74135,OK,7300.0,0,920
0,1257120000,MANHEIM,2005,4,FORD,FOCUS,ZX4,4D SEDAN ZX4,WHITE,AUTO,,,86228,AMERICAN,COMPACT,FORD,3908.0,5029.0,4721.0,5931.0,3668.0,4839.0,7515.0,8528.0,,,18880,27542,NC,4100.0,0,1243
0,1282176000,OTHER,2006,4,DODGE,MAGNUM V6,SE,WAGON 2.7L,WHITE,AUTO,2.0,Covers,63110,AMERICAN,SPECIALTY,CHRYSLER,8013.0,9596.0,11847.0,13641.0,6969.0,8354.0,10672.0,12382.0,,,99750,97060,OR,9700.0,0,1215
0,1256083200,MANHEIM,2006,3,CHEVROLET,MALIBU 4C 2.2L I4 MP,LS,4D SEDAN LS,BLACK,AUTO,2.0,Covers,63018,AMERICAN,MEDIUM,GM,6144.0,7308.0,7136.0,8393.0,5888.0,7192.0,9998.0,11094.0,,,19619,21075,MD,5765.0,0,923
0,1263945600,ADESA,2007,3,DODGE,CARAVAN GRAND FWD V6,SE,MINIVAN 3.3L,WHITE,AUTO,2.0,Covers,60054,AMERICAN,VAN,CHRYSLER,6576.0,8081.0,11221.0,12488.0,8055.0,9952.0,11401.0,14086.0,,,20928,20166,VA,7420.0,0,1411
0,1239235200,MANHEIM,2002,7,DODGE,DURANGO 4WD V8 5.9L,R/T,4D SUV 5.9L R/T,BLUE,AUTO,1.0,Alloy,87037,AMERICAN,MEDIUM SUV,CHRYSLER,5324.0,7036.0,6250.0,8099.0,5324.0,7036.0,6250.0,8099.0,,,8655,76040,TX,5825.0,0,2063
0,1291766400,OTHER,2008,2,CHEVROLET,IMPALA V6,LT,4D SEDAN LT 3.5L FFV,BLUE,AUTO,1.0,Alloy,78046,AMERICAN,LARGE,GM,8344.0,9395.0,12374.0,13482.0,9369.0,11052.0,13514.0,14687.0,,,17212,76063,TX,8300.0,0,1974
0,1257120000,OTHER,2008,1,DODGE,CALIBER,SE,4D WAGON,BLACK,AUTO,2.0,Covers,50889,AMERICAN,MEDIUM,CHRYSLER,6948.0,7506.0,8004.0,8606.0,6967.0,7560.0,10921.0,11542.0,,,99761,74135,OK,6600.0,0,754
0,1268179200,MANHEIM,2007,3,PONTIAC,G6 V6,Bas,4D SEDAN SE1,WHITE,AUTO,1.0,Alloy,70982,AMERICAN,MEDIUM,GM,8744.0,10015.0,12243.0,13683.0,8401.0,9811.0,12059.0,13403.0,,,20928,33809,FL,7820.0,0,1272
0,1255564800,ADESA,2007,2,HYUNDAI,SONATA 4C 2.4L I4 MP,GLS,4D SEDAN,SILVER,AUTO,2.0,Covers,56996,OTHER ASIAN,MEDIUM,OTHER,9152.0,10117.0,10384.0,11426.0,8462.0,9600.0,11934.0,12684.0,,,17675,28273,NC,8050.0,0,671
0,1263254400,MANHEIM,2006,4,SUZUKI,FORENZA,,4D SEDAN,GOLD,AUTO,2.0,Covers,59057,OTHER ASIAN,MEDIUM,OTHER,3726.0,4718.0,6910.0,7814.0,3950.0,4967.0,7263.0,8388.0,,,20207,75050,TX,5260.0,0,505
0,1254787200,MANHEIM,2005,4,CHEVROLET,EQUINOX FWD V6 3.4L,LS,4D SUV LS,WHITE,AUTO,2.0,Covers,76756,AMERICAN,MEDIUM SUV,GM,7299.0,8883.0,8383.0,10094.0,6687.0,8034.0,10129.0,11703.0,,,20207,77041,TX,7695.0,0,1389
0,1261008000,MANHEIM,2006,3,CHEVROLET,EQUINOX FWD V6,LT,4D SUV LT,PURPLE,AUTO,1.0,Alloy,68461,AMERICAN,MEDIUM SUV,GM,8809.0,10520.0,13122.0,15030.0,9353.0,11343.0,14196.0,17217.0,,,20234,85353,AZ,8690.0,0,1215
1,1264636800,ADESA,2007,3,DODGE,CARAVAN GRAND FWD V6,SE,MINIVAN 3.3L,WHITE,AUTO,,,70921,AMERICAN,VAN,CHRYSLER,6520.0,8040.0,10538.0,12046.0,8368.0,10382.0,12212.0,14260.0,,,20833,78227,TX,6215.0,0,1623
1,1286323200,MANHEIM,2008,2,KIA,RIO,Bas,4D SEDAN,BLUE,AUTO,2.0,Covers,79606,OTHER ASIAN,COMPACT,OTHER,5364.0,6400.0,8154.0,9729.0,5180.0,6186.0,8300.0,9911.0,,,5546,32824,FL,5250.0,0,569
0,1239840000,MANHEIM,2007,2,HYUNDAI,SONATA 4C 2.4L I4 MP,GLS,4D SEDAN,GREY,AUTO,1.0,Alloy,62597,OTHER ASIAN,MEDIUM,OTHER,9463.0,10436.0,10720.0,11771.0,9463.0,10436.0,10720.0,11771.0,,,18111,30272,GA,7645.0,0,728
0,1247011200,MANHEIM,2006,3,DODGE,STRATUS V6 2.7L V6 M,SXT,4D SEDAN,BLUE,AUTO,1.0,Alloy,76778,AMERICAN,MEDIUM,CHRYSLER,5651.0,7215.0,6603.0,8292.0,5651.0,7215.0,6603.0,8292.0,,,8172,8505,NJ,4475.0,0,1389
0,1259020800,ADESA,2006,3,DODGE,STRATUS 4C,SXT,4D SEDAN,WHITE,AUTO,2.0,Covers,70004,AMERICAN,MEDIUM,CHRYSLER,4160.0,5192.0,4993.0,6107.0,3405.0,4137.0,6587.0,7519.0,,,18881,30212,GA,5000.0,0,1155
0,1246924800,MANHEIM,2007,2,CHEVROLET,IMPALA V6 3.5L V6 SF,LT,4D SEDAN LT 3.5L,GREY,AUTO,2.0,Covers,82480,AMERICAN,LARGE,GM,8214.0,9824.0,9371.0,11110.0,8214.0,9824.0,9371.0,11110.0,,,18822,77061,TX,7460.0,0,2152
0,1234483200,ADESA,2003,6,FORD,F150 PICKUP 2WD V8 4,XLT,CREW CAB 4.6L KING RANCH,BLACK,AUTO,1.0,Alloy,60337,AMERICAN,LARGE TRUCK,FORD,7172.0,9381.0,8246.0,10631.0,6961.0,8324.0,8018.0,9490.0,,,23359,91752,CA,8820.0,0,1028
0,1260835200,MANHEIM,2007,2,DODGE,CHARGER V6,Bas,4D SEDAN 3.5L,SILVER,AUTO,2.0,Covers,73836,AMERICAN,SPECIALTY,CHRYSLER,9348.0,10853.0,13369.0,15071.0,9432.0,10958.0,14056.0,16330.0,,,18822,77041,TX,10215.0,0,1389
0,1281312000,OTHER,2007,3,CHEVROLET,IMPALA V6,LT,4D SEDAN LT 3.9L,BLUE,AUTO,1.0,Alloy,61427,AMERICAN,LARGE,GM,8675.0,10727.0,12359.0,14391.0,7959.0,9738.0,11881.0,13509.0,,,17212,76063,TX,8200.0,0,1703
0,1269302400,ADESA,2005,5,CHEVROLET,MONTE CARLO,LS,2D COUPE LS,RED,AUTO,1.0,Alloy,78242,AMERICAN,LARGE,GM,5567.0,6719.0,9200.0,10684.0,4359.0,5536.0,7572.0,8870.0,,,52117,45005,OH,7035.0,0,1974
0,1285113600,MANHEIM,2007,3,CHEVROLET,EQUINOX FWD V6,LT,4D SUV LT,BLACK,AUTO,1.0,Alloy,78488,AMERICAN,MEDIUM SUV,GM,10212.0,12641.0,14199.0,16253.0,9596.0,11820.0,14385.0,17719.0,,,16044,22801,VA,9840.0,0,1389
0,1237334400,MANHEIM,2006,3,DODGE,CHARGER 2.7L V6 MPI,Bas,4D SEDAN,BLACK,AUTO,2.0,Covers,68808,AMERICAN,SPECIALTY,CHRYSLER,9993.0,11317.0,11292.0,12722.0,9403.0,10871.0,10655.0,12241.0,,,19638,33809,FL,9260.0,0,1215
0,1286150400,ADESA,2007,3,MITSUBISHI,ENDEAVOR FWD,LS,4D SPORT UTILITY LS,WHITE,AUTO,1.0,Alloy,52775,OTHER ASIAN,MEDIUM SUV,OTHER,9089.0,10123.0,13210.0,13951.0,8564.0,10692.0,12840.0,14283.0,,,5546,33619,FL,9200.0,0,505
0,1289952000,MANHEIM,2005,5,MAZDA,MAZDA6,i,4D SEDAN I,GREY,AUTO,2.0,Covers,85253,OTHER ASIAN,MEDIUM,OTHER,5322.0,6519.0,8516.0,9734.0,5069.0,6458.0,8516.0,10048.0,,,20833,75236,TX,5870.0,0,1373
0,1271808000,MANHEIM,2004,6,DODGE,DURANGO 2WD V8,Lim,4D SUV 5.7L LIMITED,BLACK,AUTO,1.0,Alloy,79950,AMERICAN,MEDIUM SUV,CHRYSLER,9296.0,11173.0,12461.0,14197.0,8075.0,9696.0,11247.0,12550.0,,,8655,75236,TX,11095.0,0,1389
0,1260230400,OTHER,2003,6,MERCURY,MOUNTAINEER AWD V6,,4D SUV 4.0L,GREEN,AUTO,1.0,Alloy,58725,AMERICAN,MEDIUM SUV,FORD,4836.0,5984.0,8461.0,9607.0,4953.0,6282.0,8865.0,10455.0,,,20234,95673,CA,8805.0,0,1634
1,1284508800,OTHER,2008,2,DODGE,AVENGER 4C,SE,4D SEDAN,SILVER,AUTO,,,68437,AMERICAN,MEDIUM,CHRYSLER,7615.0,8935.0,11078.0,12233.0,7615.0,8935.0,11078.0,12233.0,,,17675,29697,SC,8300.0,0,1020
0,1286496000,OTHER,2007,3,MAZDA,MAZDA6,i,4D SEDAN I,SILVER,AUTO,1.0,Alloy,74755,OTHER ASIAN,MEDIUM,OTHER,9222.0,10688.0,12567.0,13837.0,8754.0,10247.0,12254.0,13729.0,,,19619,32750,FL,8565.0,0,1272
0,1264032000,MANHEIM,2006,4,CHEVROLET,UPLANDER FWD V6,LS,PASSENGER EXT 3.5L,GOLD,AUTO,2.0,Covers,85480,AMERICAN,VAN,GM,5084.0,5859.0,9409.0,10222.0,5521.0,6905.0,9255.0,11060.0,,,20234,85353,AZ,5570.0,0,2282
0,1275350400,ADESA,2008,2,CHEVROLET,IMPALA V6,LT,4D SEDAN LT 3.5L FFV,BLACK,AUTO,1.0,Alloy,81170,AMERICAN,LARGE,GM,8769.0,10031.0,12448.0,14034.0,8961.0,10499.0,12923.0,14789.0,,,52117,45005,OH,8105.0,0,2152
0,1283990400,ADESA,2003,7,CHEVROLET,TRAILBLAZER EXT 4WD,LS,4D SUV 4.2L LS,GOLD,AUTO,1.0,Alloy,82403,AMERICAN,MEDIUM SUV,GM,6005.0,8033.0,9925.0,11776.0,5692.0,7217.0,9215.0,11139.0,,,52598,28273,NC,8365.0,0,2452
0,1239753600,ADESA,2005,4,NISSAN,ALTIMA 2.5L I4 MPI,Bas,4D SEDAN,RED,AUTO,1.0,Alloy,75009,TOP LINE ASIAN,MEDIUM,OTHER,5954.0,7603.0,6930.0,8711.0,5954.0,7603.0,6930.0,8711.0,,,18880,30212,GA,8050.0,0,686
0,1240963200,OTHER,2006,3,CHRYSLER,SEBRING V6 2.7L V6 M,Tou,4D SEDAN,GREEN,AUTO,,,63617,AMERICAN,MEDIUM,CHRYSLER,5022.0,6599.0,5924.0,7627.0,5022.0,6599.0,5924.0,7627.0,,,99761,85018,AZ,5600.0,0,1118
0,1250467200,MANHEIM,2003,6,MITSUBISHI,MONTERO SPORT 2WD V6,LS,4D SPORT UTILITY ES,GREEN,AUTO,1.0,Alloy,69068,OTHER ASIAN,MEDIUM SUV,OTHER,3957.0,4931.0,4774.0,5825.0,4164.0,5134.0,4997.0,6045.0,,,19619,27542,NC,5750.0,0,1320
1,1255392000,MANHEIM,2006,3,CHRYSLER,PT CRUISER 2.4L I4 S,Bas,4D SEDAN,BLUE,AUTO,2.0,Covers,67570,AMERICAN,MEDIUM,CHRYSLER,5206.0,6398.0,6122.0,7410.0,5033.0,5989.0,5936.0,6968.0,,,17675,28625,NC,5895.0,0,1215
0,1275436800,MANHEIM,2007,3,CHEVROLET,AVEO,LS,4D SEDAN LS,GREY,MANUAL,2.0,Covers,59480,AMERICAN,COMPACT,GM,5169.0,6277.0,8419.0,9506.0,4449.0,5580.0,8556.0,9248.0,,,20234,98064,WA,5335.0,0,671
0,1289347200,MANHEIM,2006,4,PONTIAC,G6 V6,Bas,4D SEDAN,WHITE,AUTO,1.0,Alloy,67923,AMERICAN,MEDIUM,GM,5927.0,7109.0,9753.0,10900.0,5583.0,7018.0,9357.0,11027.0,,,1235,84087,UT,7425.0,1,1118
0,1251158400,MANHEIM,2006,3,FORD,FREESTYLE FWD V6 3.0,SE,4D CUV 3.0L SE,BLUE,AUTO,1.0,Alloy,80619,AMERICAN,CROSSOVER,FORD,8785.0,11044.0,9988.0,12428.0,6657.0,8380.0,10946.0,12367.0,,,23359,92504,CA,8555.0,0,1633
0,1254182400,MANHEIM,2002,7,CHEVROLET,TRAILBLAZER 4WD 6C 4,LS,4D SUV 4.2L LS,SILVER,AUTO,1.0,Alloy,81901,AMERICAN,MEDIUM SUV,GM,5035.0,6145.0,5938.0,7137.0,4789.0,5930.0,8552.0,9628.0,,,3453,80022,CO,7405.0,0,2452
1,1248739200,ADESA,2002,7,NISSAN,FRONTIER PICKUP 2WD,SE,CREW CAB 3.3L XE,GOLD,AUTO,,,92080,TOP LINE ASIAN,SMALL TRUCK,OTHER,5823.0,7024.0,6789.0,8086.0,5823.0,7024.0,6789.0,8086.0,,,18822,78754,TX,8480.0,0,920
0,1287964800,OTHER,2006,4,CHRYSLER,PT CRUISER,Tou,4D SEDAN,SILVER,AUTO,2.0,Covers,81227,AMERICAN,MEDIUM,CHRYSLER,4697.0,5784.0,8046.0,9085.0,4400.0,5437.0,7957.0,8781.0,,,99761,85018,AZ,4750.0,0,1503
0,1269475200,OTHER,2008,2,DODGE,CALIBER,SE,4D WAGON,SILVER,AUTO,2.0,Covers,46659,AMERICAN,MEDIUM,CHRYSLER,7952.0,8452.0,11852.0,12227.0,7572.0,8438.0,11746.0,12453.0,,,99761,74135,OK,7500.0,0,693
1,1275436800,MANHEIM,2007,3,PONTIAC,G6 V6,GT,4D SEDAN GT,BLUE,AUTO,1.0,Alloy,76183,AMERICAN,MEDIUM,GM,8803.0,10591.0,13042.0,15691.0,8332.0,9977.0,12362.0,13908.0,,,22916,80011,CO,7475.0,0,1272
1,1289952000,ADESA,2007,3,FORD,FOCUS,ZX4,4D SEDAN S,SILVER,AUTO,2.0,Covers,55624,AMERICAN,COMPACT,FORD,5836.0,7412.0,9723.0,11180.0,5297.0,6712.0,8440.0,9946.0,,,52117,20166,VA,6000.0,0,920
0,1251763200,MANHEIM,2005,4,CHRYSLER,PT CRUISER 2.4L I4 S,Tou,4D SEDAN,GOLD,AUTO,2.0,Covers,78999,AMERICAN,MEDIUM,CHRYSLER,4335.0,5398.0,5182.0,6330.0,4365.0,5333.0,5214.0,6260.0,,,19638,34761,FL,4545.0,0,1389
0,1234396800,MANHEIM,2007,2,KIA,SPECTRA 2.0L I4 EFI,EX,4D SEDAN EX,GOLD,AUTO,2.0,Covers,24063,OTHER ASIAN,MEDIUM,OTHER,4431.0,5367.0,5285.0,6296.0,5285.0,6073.0,6208.0,7059.0,,,5546,33619,FL,6530.0,0,462
1,1274313600,MANHEIM,2001,9,FORD,FOCUS,SE,4D SEDAN SE,RED,AUTO,1.0,Alloy,78121,AMERICAN,COMPACT,FORD,2314.0,2953.0,4720.0,5402.0,2193.0,2900.0,5145.0,6804.0,,,8655,76040,TX,4060.0,0,1455
0,1265932800,MANHEIM,2003,7,FORD,TAURUS,SEL,4D WAGON SEL,SILVER,AUTO,1.0,Alloy,70166,AMERICAN,MEDIUM,FORD,4884.0,5923.0,7966.0,9151.0,4293.0,5780.0,7264.0,8916.0,,,21973,33314,FL,5015.0,0,1220
0,1255392000,MANHEIM,2001,8,FORD,ESCAPE 2WD V6 3.0L V,XLT,4D CUV 3.0L XLT,BLACK,AUTO,1.0,Alloy,81864,AMERICAN,SMALL SUV,FORD,3712.0,4796.0,4509.0,5680.0,3166.0,4022.0,3919.0,4844.0,,,18111,37210,TN,5825.0,0,1283
0,1270684800,MANHEIM,2008,2,PONTIAC,GRAND PRIX,Bas,4D SEDAN,GREY,AUTO,1.0,Alloy,70167,AMERICAN,LARGE,GM,10116.0,11539.0,13316.0,14998.0,9383.0,10786.0,13432.0,14915.0,,,1085,39402,MS,7805.0,1,1974
0,1292371200,MANHEIM,2006,4,DODGE,STRATUS V6,SXT,4D SEDAN SXT FFV,BLUE,AUTO,2.0,Covers,48485,AMERICAN,MEDIUM,CHRYSLER,6054.0,6633.0,9361.0,9730.0,5432.0,6555.0,8570.0,9904.0,,,99750,32124,FL,6200.0,0,975
0,1290556800,MANHEIM,2008,2,CHEVROLET,IMPALA V6,LS,4D SEDAN LS 3.5L FFV,SILVER,AUTO,2.0,Covers,70004,AMERICAN,LARGE,GM,7854.0,8742.0,11850.0,12831.0,8448.0,9762.0,12717.0,13854.0,,,21047,92807,CA,8495.0,0,1974
1,1272412800,MANHEIM,2007,3,DODGE,CALIBER,SXT,4D WAGON SXT,WHITE,AUTO,2.0,Covers,79419,AMERICAN,MEDIUM,CHRYSLER,7383.0,8722.0,11267.0,12364.0,7345.0,8873.0,10973.0,12366.0,,,20833,75236,TX,7125.0,0,920
0,1233100800,MANHEIM,2005,4,FORD,FREESTAR FWD V6 4.2L,SEL,PASSENGER 3.9L SEL,GREEN,AUTO,2.0,Covers,77514,AMERICAN,VAN,FORD,4456.0,5670.0,5312.0,6624.0,5323.0,6472.0,6249.0,7490.0,,,23359,92807,CA,6345.0,0,1506
1,1255996800,MANHEIM,2005,4,VOLKSWAGEN,BEETLE,GLS,2D COUPE GLS,SILVER,AUTO,1.0,Alloy,59520,OTHER,COMPACT,OTHER,7392.0,9005.0,8483.0,10225.0,6936.0,9032.0,7991.0,10255.0,,,20740,19440,PA,8380.0,0,1086
0,1238457600,OTHER,2003,6,DODGE,1500 RAM PICKUP 2WD,Lar,QUAD CAB 4.7L,BLACK,AUTO,2.0,Covers,66924,AMERICAN,LARGE TRUCK,CHRYSLER,5290.0,6041.0,6213.0,7024.0,5290.0,6041.0,6213.0,7024.0,,,21053,95673,CA,8605.0,0,1125
0,1249430400,OTHER,2005,4,KIA,OPTIMA 4C 2.4L I4 MP,EX,4D SEDAN EX,BLACK,AUTO,2.0,Covers,63026,OTHER ASIAN,MEDIUM,OTHER,0.0,0.0,0.0,0.0,0.0,0.0,0.0,0.0,,,18880,29697,SC,4700.0,0,728
0,1287014400,MANHEIM,2001,9,MAZDA,MPV 2WD V6,DX,WAGON DX,WHITE,AUTO,1.0,Alloy,85434,OTHER ASIAN,VAN,OTHER,2081.0,2703.0,4510.0,5220.0,2139.0,2547.0,5074.0,5437.0,NO,GREEN,18880,29532,SC,5370.0,0,1413
1,1249344000,ADESA,2003,6,FORD,TAURUS 3.0L V6 EFI,SE,4D SEDAN SE,SILVER,AUTO,1.0,Alloy,88458,AMERICAN,MEDIUM,FORD,2296.0,3310.0,2980.0,4075.0,2649.0,3870.0,3361.0,4680.0,,,23359,91752,CA,2520.0,0,1283
0,1250208000,ADESA,2005,4,CHEVROLET,MONTE CARLO 3.8L V6,LT,2D COUPE LS,GREY,AUTO,1.0,Alloy,74214,AMERICAN,LARGE,GM,4417.0,5855.0,5270.0,6823.0,4501.0,5876.0,8265.0,9781.0,,,18111,37771,TN,6940.0,0,1974
0,1250035200,ADESA,2003,6,HONDA,ACCORD 4C,DX,4D SEDAN DX AUTO,SILVER,AUTO,2.0,Covers,53615,TOP LINE ASIAN,MEDIUM,OTHER,5179.0,6559.0,6093.0,7584.0,6177.0,7482.0,7171.0,8581.0,,,21053,85226,AZ,9045.0,0,805
0,1248220800,MANHEIM,2004,5,FORD,F150 PICKUP 2WD V8 5,XLT,CREW CAB 5.4L LARIAT,WHITE,AUTO,1.0,Alloy,83013,AMERICAN,LARGE TRUCK,FORD,11360.0,13694.0,12769.0,15290.0,9925.0,12164.0,14412.0,16703.0,,,20740,32124,FL,11200.0,0,853
0,1274832000,MANHEIM,2005,5,NISSAN,ALTIMA,Bas,4D SEDAN,SILVER,AUTO,2.0,Covers,77147,TOP LINE ASIAN,MEDIUM,OTHER,6210.0,7693.0,9857.0,11602.0,5934.0,7048.0,9682.0,10888.0,,,19619,32824,FL,7750.0,0,686
0,1278979200,MANHEIM,2006,4,JEEP,GRAND CHEROKEE 2WD V,Lar,4D WAGON LAREDO,BLUE,AUTO,1.0,Alloy,93747,AMERICAN,MEDIUM SUV,CHRYSLER,10100.0,12101.0,13979.0,16219.0,10238.0,12082.0,14440.0,16191.0,,,21973,34761,FL,8985.0,0,2062
1,1245196800,MANHEIM,2005,4,MINI,COOPER S,S,2D CONVERTIBLE,RED,MANUAL,1.0,Alloy,84698,OTHER,COMPACT,OTHER,14804.0,16438.0,16488.0,18253.0,14804.0,16438.0,16488.0,18253.0,,,20207,75236,TX,11760.0,0,2412
0,1271376000,MANHEIM,2002,8,FORD,FOCUS,ZX3,2D COUPE ZX3,GREY,MANUAL,1.0,Alloy,62617,AMERICAN,COMPACT,FORD,2823.0,3498.0,5601.0,6370.0,2494.0,3494.0,5320.0,6088.0,,,17675,27542,NC,4300.0,0,1320
0,1287532800,ADESA,2006,4,DODGE,DURANGO 2WD V8,Adv,4D SUV 4.7L ADVENTURER,SILVER,AUTO,1.0,Alloy,88437,AMERICAN,MEDIUM SUV,CHRYSLER,8980.0,9652.0,13093.0,13725.0,9250.0,11211.0,14035.0,15895.0,NO,GREEN,21053,85226,AZ,10880.0,0,1503
0,1290470400,OTHER,2008,2,DODGE,AVENGER 4C,SE,4D SEDAN SE,WHITE,AUTO,2.0,Covers,74446,AMERICAN,MEDIUM,CHRYSLER,7846.0,8881.0,11528.0,12415.0,7498.0,8398.0,11125.0,11969.0,,,1235,83716,ID,6355.0,1,1155
0,1285804800,MANHEIM,2005,5,PONTIAC,GRAND AM V6,GT,2D COUPE GT1,WHITE,AUTO,1.0,Alloy,72961,AMERICAN,MEDIUM,GM,4272.0,5218.0,7463.0,8603.0,3773.0,5246.0,6458.0,8025.0,,,18111,30272,GA,5645.0,0,2208
1,1233705600,MANHEIM,2001,8,PONTIAC,GRAND AM V6 3.4L V6,SE,2D COUPE SE1,SILVER,AUTO,1.0,Alloy,65769,AMERICAN,MEDIUM,GM,1879.0,2642.0,2529.0,3353.0,2520.0,3128.0,3222.0,3878.0,,,19064,75236,TX,4060.0,0,2198
0,1260230400,MANHEIM,2005,4,CHEVROLET,IMPALA,Bas,4D SEDAN,GOLD,AUTO,2.0,Covers,78325,AMERICAN,LARGE,GM,4079.0,5385.0,7088.0,8949.0,4823.0,5917.0,7602.0,8893.0,,,22808,75050,TX,6225.0,0,1974
0,1281484800,MANHEIM,2007,3,DODGE,CHARGER V6,Bas,4D SEDAN 2.7L SE,SILVER,AUTO,2.0,Covers,71944,AMERICAN,SPECIALTY,CHRYSLER,9794.0,10948.0,14100.0,15144.0,9374.0,10634.0,13374.0,14595.0,,,20928,32824,FL,10280.0,0,1389
0,1282608000,OTHER,2008,2,CHRYSLER,PT CRUISER,Bas,4D SEDAN,SILVER,AUTO,2.0,Covers,63084,AMERICAN,MEDIUM,CHRYSLER,6715.0,7529.0,9965.0,10688.0,6328.0,7151.0,9919.0,10634.0,,,99761,90045,CA,6100.0,0,1215
0,1256601600,OTHER,2006,3,CHRYSLER,TOWN & COUNTRY 2WD V,LX,MINIVAN 3.3L,BEIGE,AUTO,2.0,Covers,48283,AMERICAN,VAN,CHRYSLER,6374.0,8317.0,7384.0,9482.0,6276.0,7943.0,10113.0,11935.0,,,21053,95673,CA,7705.0,0,1116
0,1289952000,ADESA,2005,5,DODGE,NEON,SXT,4D SEDAN,ORANGE,AUTO,1.0,Alloy,77741,AMERICAN,COMPACT,CHRYSLER,3098.0,4244.0,5816.0,7336.0,3459.0,4651.0,6464.0,7727.0,NO,GREEN,21053,85226,AZ,4530.0,0,686
0,1266278400,MANHEIM,2003,7,JEEP,LIBERTY 4WD V6,Spo,4D SUV SPORT,BLUE,AUTO,1.0,Alloy,66526,AMERICAN,SMALL SUV,CHRYSLER,5703.0,7066.0,8816.0,10064.0,5489.0,6774.0,8568.0,9788.0,,,22916,80022,CO,8100.0,0,1125
0,1259020800,OTHER,2008,1,DODGE,CALIBER,SE,4D WAGON,BLACK,AUTO,2.0,Covers,45386,AMERICAN,MEDIUM,CHRYSLER,6820.0,7280.0,7866.0,8362.0,7269.0,7898.0,10834.0,11413.0,,,99761,74135,OK,6500.0,0,693
0,1257811200,MANHEIM,2007,2,PONTIAC,TORRENT FWD V6,,4D WAGON,BLACK,AUTO,1.0,Alloy,88010,AMERICAN,MEDIUM SUV,GM,10760.0,12160.0,12121.0,13633.0,10453.0,12065.0,15157.0,16620.0,,,17212,77041,TX,8200.0,0,1503
0,1293062400,MANHEIM,2007,3,DODGE,CALIBER,SXT,4D WAGON SXT,BLACK,AUTO,2.0,Covers,83807,AMERICAN,MEDIUM,CHRYSLER,6536.0,7871.0,10049.0,11354.0,6687.0,7951.0,9997.0,11081.0,,,23657,92337,CA,5880.0,0,983
0,1264550400,MANHEIM,2005,5,CHEVROLET,MALIBU V6,Bas,4D SEDAN,WHITE,AUTO,2.0,Covers,86569,AMERICAN,MEDIUM,GM,4218.0,5275.0,7567.0,9026.0,5011.0,5819.0,8186.0,8995.0,,,10430,70460,LA,5490.0,1,1373
0,1245283200,ADESA,2003,6,SATURN,ION 2.0L I-4 MPI DOH,1,4D SEDAN LEVEL 1,RED,AUTO,2.0,Covers,77642,AMERICAN,MEDIUM,GM,2611.0,3481.0,3320.0,4259.0,2623.0,3720.0,3333.0,4518.0,,,20833,78227,TX,4665.0,0,1103
0,1274659200,OTHER,2009,1,DODGE,AVENGER 4C,SE,4D SEDAN SE,RED,AUTO,2.0,Covers,43145,AMERICAN,MEDIUM,CHRYSLER,9835.0,10479.0,13897.0,14762.0,9772.0,10316.0,14139.0,14552.0,,,99761,74135,OK,9400.0,0,834
0,1239667200,OTHER,2004,5,CHEVROLET,TAHOE 2WD 5.3L V8 SF,LS,4D SUV 5.3L FFV LS,GREY,AUTO,3.0,Special,89574,AMERICAN,LARGE SUV,GM,9457.0,11013.0,10714.0,12394.0,9457.0,11013.0,10714.0,12394.0,,,22808,75061,TX,10385.0,0,1763
0,1267401600,ADESA,2004,6,MITSUBISHI,GALANT 4C,ES,4D SEDAN ES,SILVER,AUTO,2.0,Covers,86028,OTHER ASIAN,MEDIUM,OTHER,5069.0,6199.0,8142.0,9173.0,4001.0,4958.0,6630.0,7704.0,,,5546,33619,FL,6300.0,0,594
0,1248825600,OTHER,2008,1,CHRYSLER,SEBRING 4C 2.4L I4 E,LX,4D SEDAN,NOT AVAIL,AUTO,2.0,Covers,49129,AMERICAN,MEDIUM,CHRYSLER,8252.0,8770.0,9412.0,9972.0,8622.0,9199.0,9812.0,10435.0,,,99761,74135,OK,7500.0,0,834
0,1266796800,OTHER,2008,2,DODGE,CALIBER,SE,4D WAGON,BLACK,AUTO,2.0,Covers,53883,AMERICAN,MEDIUM,CHRYSLER,7533.0,8287.0,10574.0,11443.0,8033.0,8513.0,11913.0,12272.0,,,99761,74135,OK,7200.0,0,754
0,1244592000,MANHEIM,2006,3,DODGE,CARAVAN GRAND FWD V6,SXT,MINIVAN 3.8L SXT,BLUE,AUTO,1.0,Alloy,75790,AMERICAN,VAN,CHRYSLER,9598.0,11909.0,10866.0,13362.0,9598.0,11909.0,10866.0,13362.0,,,20928,32824,FL,7130.0,0,1623
0,1237939200,MANHEIM,2003,6,FORD,EXPLORER 4WD V6 4.0L,XLT,4D SUV 4.0L FFV XLT,SILVER,AUTO,1.0,Alloy,63355,AMERICAN,MEDIUM SUV,FORD,5623.0,6898.0,6573.0,7950.0,5400.0,6565.0,6332.0,7590.0,,,21973,32824,FL,7500.0,0,1808
0,1254960000,ADESA,2007,2,CHEVROLET,UPLANDER FWD V6 3.9L,LS,PASSENGER EXT 3.5L,GREY,AUTO,2.0,Covers,85249,AMERICAN,VAN,GM,0.0,0.0,0.0,0.0,0.0,0.0,0.0,0.0,,,99740,80817,CO,6340.0,0,2282
0,1256515200,MANHEIM,2006,3,SATURN,ION 2.2L I4 EFI,2,4D SEDAN LEVEL 2,BLACK,AUTO,,,66693,AMERICAN,MEDIUM,GM,5123.0,6330.0,6033.0,7336.0,4977.0,6055.0,8269.0,9464.0,,,17675,27542,NC,6000.0,0,728
0,1255996800,MANHEIM,2001,8,FORD,WINDSTAR FWD V6 3.8L,LX,PASSENGER 3.8L LX,RED,AUTO,1.0,Alloy,80915,AMERICAN,VAN,FORD,1597.0,2254.0,2225.0,2934.0,1831.0,2629.0,4504.0,5353.0,,,18880,28625,NC,4375.0,0,2322
0,1272412800,MANHEIM,2004,6,CHRYSLER,SEBRING V6,Tou,2D CONVERTIBLE,SILVER,AUTO,1.0,Alloy,70652,AMERICAN,MEDIUM,CHRYSLER,4484.0,6073.0,7557.0,9195.0,3393.0,4752.0,6947.0,8224.0,,,21973,32824,FL,5250.0,0,1272
0,1266364800,MANHEIM,2005,5,FORD,ESCAPE 2WD V6,XLT,4D CUV 3.0L XLT,WHITE,AUTO,1.0,Alloy,81846,AMERICAN,SMALL SUV,FORD,6352.0,7667.0,10195.0,11644.0,7195.0,8812.0,10952.0,12587.0,,,20234,94544,CA,6735.0,0,983
0,1289260800,OTHER,2008,2,FORD,F150 PICKUP 2WD V8,XL,EXT CAB 4.6L XL,WHITE,AUTO,1.0,Alloy,96201,AMERICAN,LARGE TRUCK,FORD,10653.0,13730.0,15677.0,18677.0,10340.0,12797.0,14999.0,17160.0,NO,GREEN,19662,78426,TX,9160.0,0,909
0,1251158400,MANHEIM,2008,1,PONTIAC,GRAND PRIX 3.8L V6 S,Bas,4D SEDAN,SILVER,AUTO,1.0,Alloy,74500,AMERICAN,LARGE,GM,9500.0,10392.0,10760.0,11723.0,9780.0,10754.0,11062.0,12114.0,,,3453,80022,CO,7605.0,0,1974
0,1291075200,MANHEIM,2006,4,FORD,TAURUS,SE,4D SEDAN SE,GOLD,AUTO,1.0,Alloy,70949,AMERICAN,MEDIUM,FORD,4206.0,5518.0,7503.0,8818.0,4991.0,6428.0,7791.0,9454.0,NO,GREEN,18880,37210,TN,4400.0,0,920
0,1267488000,ADESA,2006,4,DODGE,DURANGO 4WD V8,Adv,4D SUV 4.7L,BLUE,AUTO,1.0,Alloy,73452,AMERICAN,MEDIUM SUV,CHRYSLER,11537.0,13261.0,15349.0,16969.0,10819.0,13223.0,14464.0,16706.0,,,52117,45005,OH,10765.0,0,1623
0,1245283200,OTHER,2001,8,FORD,F150 PICKUP 4WD V8 5,Lar,EXT CAB 5.4L LARIAT,BROWN,AUTO,1.0,Alloy,95177,AMERICAN,LARGE TRUCK,FORD,0.0,0.0,0.0,0.0,0.0,0.0,0.0,0.0,,,3453,80229,CO,7675.0,0,2074
0,1270684800,MANHEIM,2007,3,CHRYSLER,SEBRING 4C,Bas,4D SEDAN,SILVER,AUTO,2.0,Covers,68595,AMERICAN,MEDIUM,CHRYSLER,8332.0,9658.0,11591.0,13105.0,7481.0,8583.0,11320.0,12290.0,,,20928,33619,FL,7250.0,0,1020
0,1250726400,MANHEIM,2004,5,CHEVROLET,TRAILBLAZER EXT 2WD,LT,4D SUV 4.2L LS,SILVER,AUTO,1.0,Alloy,87980,AMERICAN,MEDIUM SUV,GM,7003.0,8450.0,8063.0,9626.0,6301.0,7799.0,7305.0,8923.0,,,18111,30272,GA,8160.0,0,1243
1,1264550400,MANHEIM,2005,5,CHRYSLER,PACIFICA FWD,Tou,4D SPORT,BLUE,AUTO,1.0,Alloy,79453,AMERICAN,CROSSOVER,CHRYSLER,5927.0,7237.0,9049.0,10880.0,5927.0,7237.0,9049.0,10880.0,,,3453,80011,CO,8805.0,0,1389
0,1252368000,OTHER,2008,1,CHRYSLER,SEBRING 4C 2.4L I4 E,LX,4D SEDAN LX,SILVER,AUTO,2.0,Covers,50190,AMERICAN,MEDIUM,CHRYSLER,8642.0,9221.0,9833.0,10459.0,7896.0,8500.0,11665.0,12413.0,,,99761,74135,OK,7800.0,0,920
0,1237852800,MANHEIM,2006,3,SATURN,ION 2.2L I4 MPI / SF,2,2D QUAD COUPE LEVEL 2,WHITE,AUTO,2.0,Covers,56952,AMERICAN,MEDIUM,GM,6652.0,8261.0,7684.0,9422.0,5747.0,6916.0,6707.0,7969.0,,,835,85040,AZ,5540.0,0,671
0,1258502400,ADESA,2005,4,FORD,FIVE HUNDRED,SEL,4D SEDAN SEL,BLACK,AUTO,1.0,Alloy,62016,AMERICAN,LARGE,FORD,6015.0,7626.0,6996.0,8736.0,6557.0,7742.0,9783.0,11062.0,,,20234,85226,AZ,7280.0,0,1313
0,1253232000,OTHER,2008,1,MITSUBISHI,GALANT 4C 2.4L I4 EF,ES,4D SEDAN,RED,AUTO,1.0,Alloy,49959,OTHER ASIAN,MEDIUM,OTHER,9325.0,9869.0,10571.0,11159.0,8534.0,9395.0,9717.0,10647.0,,,99761,27407,NC,8200.0,0,482
0,1288137600,MANHEIM,2006,4,SATURN,ION,3,4D SEDAN LEVEL 3,SILVER,AUTO,1.0,Alloy,74552,AMERICAN,MEDIUM,GM,5323.0,6844.0,8323.0,9543.0,6072.0,7822.0,8977.0,10255.0,NO,GREEN,20740,32824,FL,5750.0,0,803
0,1248912000,MANHEIM,2005,4,DODGE,DURANGO 2WD V8 4.7L,SLT,4D SUV 4.7L SLT,SILVER,AUTO,1.0,Alloy,65475,AMERICAN,MEDIUM SUV,CHRYSLER,8441.0,9754.0,9616.0,11034.0,7432.0,9090.0,8527.0,10317.0,,,20207,76040,TX,8875.0,0,1215
1,1273795200,ADESA,2002,8,CHEVROLET,MONTE CARLO,SS,2D COUPE SS,SILVER,AUTO,1.0,Alloy,82640,AMERICAN,LARGE,GM,4463.0,6085.0,7128.0,8619.0,3913.0,5223.0,6924.0,8306.0,,,18111,37771,TN,5160.0,0,2452
0,1290384000,OTHER,2009,1,DODGE,AVENGER 4C,SE,4D SEDAN SXT,BLACK,AUTO,2.0,Covers,46068,AMERICAN,MEDIUM,CHRYSLER,9331.0,9905.0,13191.0,13831.0,10121.0,11047.0,13391.0,14406.0,,,99761,85284,AZ,9000.0,0,834
0,1246924800,MANHEIM,2005,4,KIA,SORENTO 2WD 3.5L V6,EX,4D SPORT UTILITY LX,SILVER,AUTO,1.0,Alloy,72884,OTHER ASIAN,MEDIUM SUV,OTHER,5899.0,7135.0,6871.0,8206.0,5773.0,6967.0,6735.0,8024.0,,,8655,73129,OK,5855.0,0,1740
0,1291766400,ADESA,2008,2,DODGE,AVENGER 4C,SXT,4D SEDAN SXT,BLUE,AUTO,1.0,Alloy,52103,AMERICAN,MEDIUM,CHRYSLER,9040.0,10268.0,12802.0,14184.0,9409.0,10702.0,12779.0,13787.0,,,52646,20166,VA,8630.0,0,920
0,1242864000,ADESA,2005,4,DODGE,1500 RAM PICKUP 2WD,SLT,QUAD CAB 4.7L SLT,WHITE,AUTO,2.0,Covers,74425,AMERICAN,LARGE TRUCK,CHRYSLER,9456.0,11193.0,10712.0,12588.0,9456.0,11193.0,10712.0,12588.0,,,21973,32219,FL,8400.0,0,920
0,1267660800,MANHEIM,2004,6,PONTIAC,GRAND PRIX,GT,4D SEDAN GT,SILVER,AUTO,2.0,Covers,69063,AMERICAN,LARGE,GM,4905.0,5937.0,7634.0,9358.0,4629.0,5800.0,7656.0,9012.0,,,19619,33411,FL,7065.0,0,1703
0,1263859200,MANHEIM,2008,2,FORD,FUSION V6,SEL,4D SEDAN SEL,RED,AUTO,1.0,Alloy,88712,AMERICAN,MEDIUM,FORD,10530.0,11715.0,14844.0,16004.0,10725.0,11979.0,16289.0,18194.0,,,8655,77061,TX,7760.0,0,1373
1,1280188800,OTHER,2006,4,FORD,TAURUS,SEL,4D SEDAN SEL,RED,AUTO,,,94225,AMERICAN,MEDIUM,FORD,5576.0,7266.0,9219.0,11011.0,5576.0,7266.0,9219.0,11011.0,,,1235,84104,UT,4045.0,1,1053
0,1234137600,OTHER,2006,3,CHRYSLER,PACIFICA FWD 3.5L V6,Bas,4D SPORT,SILVER,AUTO,1.0,Alloy,68735,AMERICAN,CROSSOVER,CHRYSLER,8005.0,9396.0,9145.0,10648.0,8625.0,9792.0,9815.0,11075.0,,,23359,85204,AZ,7315.0,0,1215
0,1274745600,ADESA,2006,4,PONTIAC,G6 4C,Bas,4D SEDAN SE,BLACK,AUTO,2.0,Covers,72929,AMERICAN,MEDIUM,GM,6483.0,7678.0,9390.0,10923.0,6132.0,7351.0,9796.0,10915.0,,,52117,45005,OH,6895.0,0,1038
0,1274832000,MANHEIM,2005,5,CHEVROLET,1500 SILVERADO PICKU,Bas,REG CAB 4.8L,WHITE,AUTO,1.0,Alloy,93996,AMERICAN,LARGE TRUCK,GM,6396.0,7828.0,10423.0,11933.0,6065.0,7734.0,10183.0,11877.0,,,22916,80011,CO,6455.0,0,1341
0,1260921600,MANHEIM,2003,6,FORD,EXPEDITION 2WD V8,Edd,4D SUV 5.4L EDDIE BAUER,BLUE,AUTO,1.0,Alloy,85819,AMERICAN,LARGE SUV,FORD,7347.0,8507.0,11161.0,12126.0,7771.0,9052.0,11166.0,12627.0,,,23359,92807,CA,8370.0,0,1413
0,1265846400,ADESA,2004,6,FORD,EXPEDITION 4WD V8,XLT,4D SUV 5.4L XLT,RED,AUTO,1.0,Alloy,85652,AMERICAN,LARGE SUV,FORD,8356.0,9458.0,12948.0,14400.0,8595.0,10122.0,12811.0,14480.0,,,3453,80817,CO,11330.0,0,1503
0,1250812800,MANHEIM,2003,6,CHEVROLET,IMPALA 3.8L V6 MFI,LS,4D SEDAN LS,WHITE,AUTO,1.0,Alloy,67583,AMERICAN,LARGE,GM,3901.0,5229.0,4713.0,6147.0,4034.0,5427.0,4857.0,6361.0,,,99740,27542,NC,5500.0,0,2003
0,1246320000,MANHEIM,2003,6,FORD,EXPEDITION 2WD V8 5.,XLT,4D SUV 5.4L XLT,GREY,AUTO,1.0,Alloy,81765,AMERICAN,LARGE SUV,FORD,6427.0,7606.0,7441.0,8714.0,6427.0,7606.0,7441.0,8714.0,,,22916,80022,CO,7630.0,0,1413
0,1257379200,ADESA,2005,4,FORD,FOCUS,ZX4,4D SEDAN ZX4,GOLD,AUTO,1.0,Alloy,78881,AMERICAN,COMPACT,FORD,3570.0,4744.0,4356.0,5624.0,3835.0,4820.0,6986.0,8163.0,,,18880,28273,NC,4415.0,0,1155
0,1270512000,OTHER,2008,2,DODGE,CALIBER,SE,4D WAGON,BEIGE,AUTO,2.0,Covers,47656,AMERICAN,MEDIUM,CHRYSLER,7811.0,8258.0,11114.0,11562.0,7579.0,8423.0,11382.0,12156.0,,,99761,74135,OK,7500.0,0,693
0,1250553600,MANHEIM,2005,4,DODGE,1500 RAM PICKUP 2WD,SLT,QUAD CAB 4.7L SLT,GOLD,AUTO,1.0,Alloy,82828,AMERICAN,LARGE TRUCK,CHRYSLER,9401.0,11186.0,10653.0,12581.0,8073.0,9848.0,9219.0,11136.0,,,835,85040,AZ,8390.0,0,983
0,1291248000,ADESA,2007,3,PONTIAC,GRAND PRIX,Bas,4D SEDAN,RED,AUTO,2.0,Covers,64538,AMERICAN,LARGE,GM,7258.0,8832.0,11365.0,12943.0,6953.0,8300.0,10556.0,12123.0,,,20740,32219,FL,7150.0,0,1703
0,1237939200,OTHER,2002,7,FORD,RANGER PICKUP 2WD 4C,XL,REG CAB 2.3L,WHITE,AUTO,2.0,Covers,80910,AMERICAN,SMALL TRUCK,FORD,0.0,1.0,0.0,0.0,0.0,1.0,0.0,0.0,,,835,85009,AZ,3660.0,0,894
1,1293062400,ADESA,2003,7,SATURN,ION,2,4D SEDAN LEVEL 2,SILVER,AUTO,,,56714,AMERICAN,MEDIUM,GM,3088.0,3981.0,5843.0,6761.0,3136.0,4055.0,5939.0,7013.0,,,17675,28273,NC,4340.0,0,971
0,1261094400,OTHER,2008,1,CHRYSLER,PT CRUISER,Bas,4D SEDAN,BLUE,AUTO,2.0,Covers,50118,AMERICAN,MEDIUM,CHRYSLER,6350.0,6904.0,9615.0,10027.0,6730.0,7324.0,9926.0,10599.0,,,99761,74135,OK,5700.0,0,1086
1,1255564800,ADESA,2005,4,DODGE,CARAVAN FWD V6 3.3L,SXT,MINIVAN 3.3L SE,SILVER,AUTO,1.0,Alloy,68055,AMERICAN,VAN,CHRYSLER,5157.0,6814.0,6070.0,7859.0,4696.0,6311.0,5572.0,7316.0,,,18822,78227,TX,5910.0,0,1411
0,1264636800,ADESA,2004,6,NISSAN,TITAN PICKUP 2WD V8,LE,CREW CAB 5.6L LE,BROWN,AUTO,1.0,Alloy,81200,TOP LINE ASIAN,LARGE TRUCK,OTHER,9480.0,10945.0,14302.0,15747.0,8334.0,10006.0,12876.0,14760.0,,,19064,28273,NC,9290.0,0,1373
0,1237248000,MANHEIM,2004,5,JEEP,LIBERTY 2WD V6 3.7L,Spo,4D SUV,BLUE,AUTO,1.0,Alloy,65871,AMERICAN,SMALL SUV,CHRYSLER,6239.0,7214.0,7238.0,8291.0,3842.0,5233.0,4649.0,6152.0,,,18881,30331,GA,7545.0,0,630
0,1270080000,MANHEIM,2006,4,SUZUKI,FORENZA,,4D SEDAN,WHITE,AUTO,2.0,Covers,66006,OTHER ASIAN,MEDIUM,OTHER,0.0,0.0,0.0,0.0,3991.0,4938.0,7351.0,8365.0,,,19619,33619,FL,5735.0,0,533
0,1268179200,MANHEIM,2005,5,FORD,FOCUS,ZX4,4D SEDAN ZX4,WHITE,AUTO,1.0,Alloy,52326,AMERICAN,COMPACT,FORD,4125.0,5147.0,7285.0,8328.0,3529.0,4409.0,6412.0,7416.0,,,20833,75236,TX,6070.0,0,920
0,1239667200,OTHER,2006,3,KIA,SPORTAGE 2WD V6 2.7L,EX,4D SPORT UTILITY EX,WHITE,AUTO,1.0,Alloy,63012,OTHER ASIAN,SMALL SUV,OTHER,8867.0,10099.0,10076.0,11407.0,8867.0,10099.0,10076.0,11407.0,,,18822,39208,MS,7515.0,0,1215
0,1287964800,OTHER,2008,2,JEEP,COMPASS FWD 4C,Spo,4D SUV SPORT 2.0L,SILVER,AUTO,1.0,Alloy,64940,AMERICAN,SMALL SUV,CHRYSLER,7941.0,8951.0,11860.0,12832.0,8879.0,10204.0,12726.0,14087.0,,,99761,90045,CA,7800.0,0,825
0,1276560000,OTHER,2007,3,CHEVROLET,HHR,LS,4D SUV 2.2L LS,WHITE,AUTO,2.0,Covers,63097,AMERICAN,MEDIUM,GM,6506.0,7624.0,10512.0,11808.0,6924.0,7912.0,10042.0,11373.0,,,21053,95673,CA,7605.0,0,728
0,1289347200,MANHEIM,2005,5,FORD,TAURUS,SE,4D SEDAN SE,GREY,AUTO,2.0,Covers,59689,AMERICAN,MEDIUM,FORD,3336.0,4584.0,7125.0,8324.0,3348.0,4724.0,6444.0,8192.0,NO,GREEN,19619,32824,FL,5550.0,0,754
0,1239580800,MANHEIM,2005,4,CHEVROLET,MALIBU V6 3.5L V6 SF,Bas,4D SEDAN,WHITE,AUTO,1.0,Alloy,44129,AMERICAN,MEDIUM,GM,5215.0,6501.0,6132.0,7521.0,5215.0,6501.0,6132.0,7521.0,,,21053,85040,AZ,5800.0,0,905
1,1268697600,MANHEIM,2002,8,CHEVROLET,IMPALA,Bas,4D SEDAN,MAROON,AUTO,2.0,Covers,93146,AMERICAN,LARGE,GM,3450.0,4510.0,6166.0,7080.0,3261.0,4354.0,5462.0,6806.0,,,20833,75050,TX,4210.0,0,2651
0,1288742400,MANHEIM,2008,2,DODGE,AVENGER 4C,SE,4D SEDAN,WHITE,AUTO,2.0,Covers,49024,AMERICAN,MEDIUM,CHRYSLER,7461.0,8554.0,11229.0,12273.0,7779.0,8824.0,11425.0,12445.0,,,21047,92807,CA,7295.0,0,834
0,1248307200,MANHEIM,2005,4,CHEVROLET,COBALT 2.2L I4 MPI,Bas,4D SEDAN,SILVER,MANUAL,2.0,Covers,78835,AMERICAN,COMPACT,GM,4862.0,5976.0,5751.0,6954.0,5048.0,6224.0,5952.0,7222.0,,,18880,29532,SC,4140.0,0,803
0,1285113600,MANHEIM,2007,3,CHRYSLER,PT CRUISER,Bas,4D SEDAN,SILVER,AUTO,2.0,Covers,58637,AMERICAN,MEDIUM,CHRYSLER,5721.0,6876.0,9376.0,10476.0,5322.0,6486.0,8958.0,10142.0,,,20928,32824,FL,5550.0,0,1086
0,1255392000,ADESA,2003,6,JEEP,LIBERTY 2WD V6 3.7L,Lim,4D SUV LIMITED,SILVER,AUTO,1.0,Alloy,67617,AMERICAN,SMALL SUV,CHRYSLER,5756.0,7168.0,6716.0,8241.0,5687.0,6691.0,6642.0,7726.0,,,19662,78754,TX,6505.0,0,930
0,1235606400,MANHEIM,2005,4,DODGE,DURANGO 2WD V8 4.7L,SLT,4D SUV 4.7L SLT,BLUE,AUTO,1.0,Alloy,71925,AMERICAN,MEDIUM SUV,CHRYSLER,8295.0,9780.0,9459.0,11062.0,8963.0,10542.0,10180.0,11885.0,,,21973,22403,VA,8255.0,0,1389
0,1241136000,OTHER,2008,1,DODGE,AVENGER 4C 2.4L I4 S,SE,4D SEDAN,BLACK,AUTO,2.0,Covers,38212,AMERICAN,MEDIUM,CHRYSLER,8196.0,9044.0,9352.0,10268.0,8196.0,9044.0,9352.0,10268.0,,,99761,33073,FL,8200.0,0,762
0,1260230400,MANHEIM,2003,6,FORD,ESCAPE 2WD V6,XLS,4D CUV 3.0L XLS,BLUE,AUTO,1.0,Alloy,72409,AMERICAN,SMALL SUV,FORD,4098.0,5190.0,7582.0,8804.0,3757.0,4958.0,6932.0,8144.0,,,835,85040,AZ,5640.0,0,1220
1,1268352000,OTHER,2008,2,DODGE,CALIBER,SE,4D WAGON,BEIGE,AUTO,,,47311,AMERICAN,MEDIUM,CHRYSLER,8054.0,8628.0,11156.0,11754.0,8033.0,8513.0,11913.0,12272.0,,,99761,74135,OK,7450.0,0,693
0,1254873600,OTHER,2008,1,CHRYSLER,SEBRING 4C 2.4L I4 E,LX,4D SEDAN LX,RED,AUTO,2.0,Covers,53912,AMERICAN,MEDIUM,CHRYSLER,8629.0,9245.0,9819.0,10485.0,7612.0,8191.0,11220.0,11903.0,,,99761,74135,OK,7500.0,0,920
0,1270512000,OTHER,2006,4,CHEVROLET,MONTE CARLO,LT,2D COUPE LT,WHITE,AUTO,1.0,Alloy,70982,AMERICAN,LARGE,GM,7799.0,9208.0,11253.0,12496.0,6649.0,8288.0,10527.0,11937.0,,,21053,95673,CA,6905.0,0,1974
0,1263427200,ADESA,2007,3,CHEVROLET,COBALT,LT,4D SEDAN LS,ORANGE,AUTO,2.0,Covers,54876,AMERICAN,COMPACT,GM,5193.0,6128.0,8461.0,9668.0,5585.0,6587.0,9075.0,10169.0,,,18822,78227,TX,6115.0,0,671
0,1279756800,MANHEIM,2007,3,CHEVROLET,IMPALA,LS,4D SEDAN LS,BLUE,AUTO,2.0,Covers,69811,AMERICAN,LARGE,GM,8015.0,9075.0,11537.0,12866.0,7625.0,8799.0,11039.0,12413.0,,,99750,76040,TX,7900.0,0,1703
0,1278460800,MANHEIM,2007,3,FORD,FIVE HUNDRED,SEL,4D SEDAN SEL,SILVER,AUTO,1.0,Alloy,71223,AMERICAN,LARGE,FORD,8297.0,10359.0,12197.0,14049.0,8063.0,9980.0,11848.0,13605.0,,,22808,78219,TX,7635.0,0,1506
1,1257292800,ADESA,2006,3,CHEVROLET,COBALT,LS,4D SEDAN LS,BLUE,AUTO,,,59528,AMERICAN,COMPACT,GM,4862.0,5929.0,5751.0,6903.0,4862.0,5929.0,5751.0,6903.0,,,20928,20166,VA,4315.0,0,671
1,1268265600,ADESA,2004,6,NISSAN,MAXIMA,SE,4D SEDAN SE,GREY,AUTO,,,89930,TOP LINE ASIAN,LARGE,OTHER,8056.0,9352.0,11580.0,13428.0,8056.0,9352.0,11580.0,13428.0,,,8172,28273,NC,10280.0,0,1243
0,1237248000,MANHEIM,2004,5,MAZDA,TRIBUTE 4WD V6 3.0L,ES,4D SPORT UTILITY ES,SILVER,AUTO,1.0,Alloy,87760,OTHER ASIAN,SMALL SUV,OTHER,7324.0,8235.0,8410.0,9394.0,6557.0,7980.0,7582.0,9118.0,,,3453,80022,CO,7080.0,0,1503
1,1259625600,ADESA,2005,4,DODGE,1500 RAM PICKUP 2WD,SLT,QUAD CAB 4.7L SLT,GOLD,AUTO,1.0,Alloy,79446,AMERICAN,LARGE TRUCK,CHRYSLER,8141.0,10047.0,9292.0,11351.0,8501.0,10343.0,12978.0,14342.0,,,20833,78754,TX,9895.0,0,920
0,1241568000,MANHEIM,2006,3,PONTIAC,GRAND PRIX 3.8L V6 S,Bas,4D SEDAN,WHITE,AUTO,1.0,Alloy,79025,AMERICAN,LARGE,GM,6892.0,8438.0,7943.0,9613.0,6892.0,8438.0,7943.0,9613.0,,,20928,32124,FL,7100.0,0,1974
0,1260316800,OTHER,2006,3,PONTIAC,G6 4C,Bas,4D SEDAN SE,RED,AUTO,2.0,Covers,74744,AMERICAN,MEDIUM,GM,5994.0,7080.0,9833.0,10998.0,5742.0,6662.0,8828.0,10084.0,,,18881,42104,KY,6685.0,0,1038
0,1244505600,OTHER,2005,4,FORD,ESCAPE 4WD V6 3.0L V,XLT,4D CUV 3.0L XLT,BLUE,AUTO,1.0,Alloy,76958,AMERICAN,SMALL SUV,FORD,7543.0,9381.0,8646.0,10631.0,7855.0,10112.0,8983.0,11421.0,,,22808,75061,TX,7665.0,0,1389
0,1235520000,MANHEIM,2005,4,PONTIAC,GRAND PRIX 3.8L V6 S,Bas,4D SEDAN,SILVER,AUTO,2.0,Covers,68362,AMERICAN,LARGE,GM,5829.0,7061.0,6795.0,8126.0,,,,,,,19638,33809,FL,6695.0,0,1703
0,1267056000,ADESA,2005,5,CHEVROLET,MALIBU V6,LS,4D SEDAN LS,GOLD,AUTO,1.0,Alloy,68463,AMERICAN,MEDIUM,GM,5204.0,6282.0,8516.0,9637.0,5082.0,6216.0,8290.0,9634.0,,,19662,78227,TX,7015.0,0,1118
1,1237507200,ADESA,2002,7,FORD,WINDSTAR FWD V6 3.8L,SE,4D PASSENGER 3.8L SE,GREEN,AUTO,,,89476,AMERICAN,VAN,FORD,3115.0,4030.0,3864.0,4852.0,3115.0,4030.0,3864.0,4852.0,,,5546,34203,FL,3940.0,0,2322
0,1284940800,MANHEIM,2007,3,CHRYSLER,PT CRUISER,Tou,4D SEDAN,BLACK,AUTO,2.0,Covers,59912,AMERICAN,MEDIUM,CHRYSLER,5764.0,6921.0,9417.0,10519.0,5343.0,6468.0,8897.0,9998.0,,,52598,27542,NC,6100.0,0,1086
0,1242259200,ADESA,2005,4,CHEVROLET,EQUINOX FWD V6 3.4L,LT,4D SUV LT,SILVER,AUTO,1.0,Alloy,86123,AMERICAN,MEDIUM SUV,GM,8092.0,9950.0,9239.0,11246.0,8092.0,9950.0,9239.0,11246.0,,,18822,78227,TX,7195.0,0,1503
0,1276041600,ADESA,2007,3,KIA,SPECTRA,EX,4D SEDAN EX,BLACK,AUTO,2.0,Covers,86926,OTHER ASIAN,MEDIUM,OTHER,5689.0,6748.0,9365.0,10057.0,6085.0,7332.0,9334.0,10414.0,,,21053,85226,AZ,5130.0,0,594
0,1248739200,MANHEIM,2006,3,CHRYSLER,PACIFICA FWD 3.5L V6,Bas,4D SPORT,BLUE,AUTO,2.0,Covers,45620,AMERICAN,CROSSOVER,CHRYSLER,8411.0,10029.0,9584.0,11331.0,8251.0,10011.0,9411.0,11312.0,,,17675,28625,NC,8110.0,0,975
1,1240272000,MANHEIM,2001,8,CHEVROLET,IMPALA 3.8L V6 MFI S,Bas,4D SEDAN,MAROON,AUTO,1.0,Alloy,91488,AMERICAN,LARGE,GM,2260.0,3249.0,2941.0,4009.0,2260.0,3249.0,2941.0,4009.0,,,20740,21075,MD,4115.0,0,2651
0,1271721600,OTHER,2008,2,CHRYSLER,SEBRING 4C,LX,4D SEDAN LX,BLUE,AUTO,2.0,Covers,51549,AMERICAN,MEDIUM,CHRYSLER,8716.0,9320.0,11923.0,12626.0,7739.0,8522.0,12178.0,12687.0,,,99761,74135,OK,8500.0,0,920
0,1278979200,MANHEIM,2004,6,DODGE,1500 RAM PICKUP 2WD,ST,QUAD CAB 4.7L SLT,WHITE,AUTO,1.0,Alloy,77465,AMERICAN,LARGE TRUCK,CHRYSLER,6462.0,8081.0,10473.0,12287.0,6786.0,8661.0,10964.0,12882.0,,,835,85040,AZ,10225.0,0,920
0,1267056000,OTHER,2006,4,NISSAN,ALTIMA,Bas,4D SEDAN 2.5 S,GREY,AUTO,1.0,Alloy,68408,TOP LINE ASIAN,MEDIUM,OTHER,9634.0,10880.0,13116.0,14058.0,9611.0,11074.0,12715.0,14169.0,,,25100,73108,OK,8735.0,0,630
0,1282089600,ADESA,2005,5,CHEVROLET,EQUINOX FWD V6,LS,4D SUV LS,RED,AUTO,1.0,Alloy,60946,AMERICAN,MEDIUM SUV,GM,6848.0,7952.0,10445.0,11759.0,5879.0,7066.0,9370.0,10576.0,,,21053,85226,AZ,8915.0,0,1215
0,1260921600,OTHER,2003,6,OLDSMOBILE,ALERO 4C,GL,4D SEDAN GL2,WHITE,AUTO,2.0,Covers,84567,AMERICAN,MEDIUM,GM,2162.0,3158.0,4832.0,7058.0,2698.0,3654.0,5395.0,6247.0,,,835,85009,AZ,4485.0,0,1933
0,1261008000,MANHEIM,2003,6,CHEVROLET,TRAILBLAZER 2WD 6C,LS,4D SUV 4.2L LS,GREY,AUTO,1.0,Alloy,92867,AMERICAN,MEDIUM SUV,GM,4784.0,5899.0,8092.0,9440.0,4380.0,5469.0,7957.0,9582.0,,,18111,29532,SC,6555.0,0,1641
0,1240272000,MANHEIM,2006,3,DODGE,MAGNUM V6 2.7L V6 MP,SE,WAGON 2.7L,WHITE,AUTO,2.0,Covers,62177,AMERICAN,SPECIALTY,CHRYSLER,7500.0,8740.0,8600.0,9939.0,7500.0,8740.0,8600.0,9939.0,,,22808,75050,TX,8140.0,0,1215
0,1236038400,OTHER,2004,5,OLDSMOBILE,ALERO 4C 2.2L I4 MPI,GL,4D SEDAN GL2,WHITE,AUTO,2.0,Covers,76423,AMERICAN,MEDIUM,GM,3678.0,4729.0,4472.0,5607.0,3274.0,4206.0,4036.0,5042.0,,,3453,84104,UT,4350.0,0,1506
0,1282521600,MANHEIM,2006,4,DODGE,STRATUS 4C,SXT,4D SEDAN,BLACK,AUTO,2.0,Covers,90639,AMERICAN,MEDIUM,CHRYSLER,4220.0,5399.0,7707.0,8940.0,4104.0,5283.0,7253.0,8913.0,,,17675,27542,NC,4100.0,0,1341
0,1240876800,MANHEIM,2003,6,TOYOTA,TUNDRA PICKUP 2WD V8,SR5,EXT CAB 4.7L SR5,WHITE,AUTO,1.0,Alloy,83875,TOP LINE ASIAN,LARGE TRUCK,OTHER,7782.0,8737.0,8905.0,9936.0,7782.0,8737.0,8905.0,9936.0,,,17675,28625,NC,8910.0,0,1023
0,1257897600,OTHER,2006,3,KIA,SEDONA,EX,4D WAGON EX,GOLD,AUTO,2.0,Covers,52488,OTHER ASIAN,VAN,OTHER,7806.0,9726.0,8930.0,11004.0,7913.0,9545.0,12096.0,13942.0,,,5546,35004,AL,7700.0,0,1086
0,1249948800,MANHEIM,2006,3,FORD,F150 PICKUP 2WD V8 4,STX,EXT CAB 4.6L STX,RED,AUTO,1.0,Alloy,81660,AMERICAN,LARGE TRUCK,FORD,9204.0,11218.0,10440.0,12615.0,8854.0,11269.0,10062.0,12671.0,,,22808,77061,TX,9475.0,0,853
0,1286323200,MANHEIM,2002,8,NISSAN,FRONTIER PICKUP 2WD,XE,EXT CAB 2.4L XE,GOLD,AUTO,1.0,Alloy,88515,TOP LINE ASIAN,SMALL TRUCK,OTHER,4365.0,5475.0,7586.0,8888.0,4634.0,5741.0,7327.0,8676.0,NO,GREEN,8655,75236,TX,7285.0,0,894
0,1282780800,MANHEIM,2007,3,CHRYSLER,SEBRING 4C,Bas,4D SEDAN,BLUE,AUTO,1.0,Alloy,69651,AMERICAN,MEDIUM,CHRYSLER,7456.0,8550.0,11140.0,12233.0,6925.0,8056.0,10238.0,11528.0,,,20207,76040,TX,7340.0,0,1020
0,1241481600,OTHER,2008,1,DODGE,AVENGER 4C,SXT,4D SEDAN SXT,WHITE,AUTO,1.0,Alloy,40514,AMERICAN,MEDIUM,CHRYSLER,10158.0,11397.0,11471.0,12809.0,10158.0,11397.0,11471.0,12809.0,,,99761,85284,AZ,8235.0,0,834
1,1263340800,MANHEIM,2005,5,PONTIAC,GRAND PRIX,Bas,4D SEDAN,GREY,AUTO,1.0,Alloy,76522,AMERICAN,LARGE,GM,5013.0,6292.0,8759.0,9894.0,4905.0,6181.0,8557.0,9752.0,,,20928,32824,FL,7000.0,0,1974
0,1254182400,ADESA,2007,2,DODGE,MAGNUM V6 2.7L V6 MP,SE,WAGON 2.7L,SILVER,AUTO,2.0,Covers,62244,AMERICAN,SPECIALTY,CHRYSLER,8325.0,9828.0,9491.0,11114.0,7651.0,8837.0,8763.0,10044.0,,,19619,45005,OH,8940.0,0,1215
0,1237852800,MANHEIM,2006,3,CHEVROLET,IMPALA 3.5L V6 SFI,LS,4D SEDAN LS,GREY,AUTO,1.0,Alloy,64461,AMERICAN,LARGE,GM,7233.0,8307.0,8312.0,9472.0,5158.0,6485.0,6071.0,7504.0,,,18880,30331,GA,7245.0,0,1703
0,1255392000,MANHEIM,2007,2,PONTIAC,GRAND PRIX 3.8L V6 S,Bas,4D SEDAN,BLACK,AUTO,1.0,Alloy,62760,AMERICAN,LARGE,GM,7609.0,8932.0,8718.0,10147.0,7148.0,8253.0,8220.0,9413.0,,,17675,28625,NC,7210.0,0,1703
0,1237161600,MANHEIM,2006,3,CHEVROLET,TRAILBLAZER 2WD 6C 4,LS,4D SUV 4.2L,GREY,AUTO,1.0,Alloy,84399,AMERICAN,MEDIUM SUV,GM,9277.0,10965.0,10519.0,12342.0,2576.0,3495.0,3282.0,4275.0,,,18880,27542,NC,8335.0,0,1243
0,1276732800,MANHEIM,2008,2,CHEVROLET,COBALT,LT,4D SEDAN LS,RED,AUTO,1.0,Alloy,71018,AMERICAN,COMPACT,GM,6786.0,7300.0,9704.0,10443.0,7079.0,7683.0,10088.0,10773.0,,,835,85353,AZ,6820.0,0,803
0,1288742400,MANHEIM,2006,4,DODGE,STRATUS V6,SXT,4D SEDAN,WHITE,AUTO,1.0,Alloy,89500,AMERICAN,MEDIUM,CHRYSLER,2868.0,3703.0,4884.0,6306.0,2368.0,2823.0,7015.0,7304.0,,,3453,80011,CO,3225.0,0,1503
1,1265846400,MANHEIM,2002,8,CHRYSLER,PT CRUISER,Bas,4D SEDAN,GOLD,AUTO,2.0,Covers,94834,AMERICAN,MEDIUM,CHRYSLER,2733.0,3375.0,5312.0,6082.0,3041.0,3785.0,5763.0,6694.0,,,8655,76040,TX,3260.0,0,1930
0,1236643200,MANHEIM,2006,3,CHEVROLET,IMPALA 3.5L V6 SFI,LT,4D SEDAN LT 3.5L,SILVER,AUTO,2.0,Covers,81684,AMERICAN,LARGE,GM,7870.0,9218.0,9000.0,10455.0,7118.0,8396.0,8187.0,9568.0,,,19064,75050,TX,7340.0,0,2152
0,1272585600,MANHEIM,2002,8,CHRYSLER,PT CRUISER,Lim,4D SEDAN LIMITED,BLUE,AUTO,1.0,Alloy,63352,AMERICAN,MEDIUM,CHRYSLER,3307.0,4091.0,5879.0,6880.0,3097.0,3948.0,6117.0,7244.0,,,52117,17545,PA,4920.0,0,1515
0,1269475200,OTHER,2005,5,DODGE,1500 RAM PICKUP 2WD,SLT,QUAD CAB 4.7L SLT,MAROON,AUTO,1.0,Alloy,89532,AMERICAN,LARGE TRUCK,CHRYSLER,8782.0,10587.0,13038.0,14923.0,8606.0,10639.0,13201.0,15016.0,,,17212,73108,OK,10855.0,0,983
0,1285804800,MANHEIM,2006,4,BUICK,LUCERNE V6,CX,4D SEDAN CX,BLUE,AUTO,1.0,Alloy,85395,AMERICAN,LARGE,GM,8637.0,10762.0,12858.0,14669.0,6701.0,8307.0,10820.0,12290.0,,,22808,77061,TX,7195.0,0,1373
0,1251331200,MANHEIM,2006,3,CHEVROLET,HHR 2.2L I4 MPI / SF,LT,4D SUV 2.2L LT,SILVER,AUTO,1.0,Alloy,58042,AMERICAN,MEDIUM,GM,7000.0,8659.0,8060.0,9852.0,6980.0,8079.0,11293.0,13128.0,,,18881,30272,GA,7945.0,0,671
0,1292198400,MANHEIM,2008,2,DODGE,CARAVAN GRAND FWD V6,SE,MINIVAN 3.3L FFV SE,GOLD,AUTO,2.0,Covers,98501,AMERICAN,VAN,CHRYSLER,8574.0,10024.0,12506.0,14020.0,8851.0,10501.0,12939.0,14323.0,,,5546,27542,NC,8030.0,0,1918
0,1241568000,ADESA,2004,5,CHRYSLER,PT CRUISER 2.4L I4 S,Bas,4D SEDAN,WHITE,MANUAL,2.0,Covers,37312,AMERICAN,MEDIUM,CHRYSLER,3487.0,4488.0,4266.0,5347.0,3717.0,4838.0,4514.0,5725.0,,,20234,85226,AZ,5330.0,0,882
0,1246320000,OTHER,2004,5,CHEVROLET,MONTE CARLO 3.4L V6,LS,2D COUPE LS,RED,AUTO,1.0,Alloy,64152,AMERICAN,LARGE,GM,4482.0,5869.0,5341.0,6839.0,4348.0,5821.0,5196.0,6787.0,,,20234,95673,CA,6405.0,0,1703
0,1239926400,MANHEIM,2005,4,DODGE,STRATUS V6 2.7L V6 M,SXT,4D SEDAN SXT FFV,GREY,AUTO,2.0,Covers,50907,AMERICAN,MEDIUM,CHRYSLER,5569.0,6584.0,6515.0,7611.0,5569.0,6584.0,6515.0,7611.0,,,99750,85040,AZ,5000.0,0,1086
0,1259020800,OTHER,2008,1,DODGE,AVENGER 4C,SE,4D SEDAN SE,BLACK,AUTO,2.0,Covers,46641,AMERICAN,MEDIUM,CHRYSLER,7760.0,8497.0,8881.0,9677.0,8313.0,9141.0,11957.0,12516.0,,,99761,85284,AZ,7800.0,0,834
0,1283990400,MANHEIM,2007,3,DODGE,1500 RAM PICKUP 2WD,SLT,QUAD CAB 4.7L FFV SLT,RED,AUTO,1.0,Alloy,87134,AMERICAN,LARGE TRUCK,CHRYSLER,11976.0,14200.0,17077.0,18885.0,11858.0,14164.0,16566.0,18429.0,,,25100,76040,TX,10595.0,0,983
0,1240185600,OTHER,2006,3,CHEVROLET,IMPALA 3.5L V6 SFI,LS,4D SEDAN LS,BLACK,AUTO,2.0,Covers,71262,AMERICAN,LARGE,GM,6858.0,8107.0,7907.0,9256.0,7203.0,8521.0,8279.0,9703.0,,,17212,75020,TX,7300.0,0,1974
0,1292976000,OTHER,2008,2,CHEVROLET,IMPALA V6,LS,4D SEDAN LS 3.5L FFV,GREY,AUTO,2.0,Covers,97112,AMERICAN,LARGE,GM,7600.0,8567.0,10809.0,11995.0,8765.0,10063.0,12453.0,13718.0,NO,GREEN,17675,29697,SC,6800.0,0,2351
0,1281052800,MANHEIM,2004,6,DODGE,STRATUS V6,SE,4D SEDAN SE,SILVER,AUTO,2.0,Covers,45913,AMERICAN,MEDIUM,CHRYSLER,4035.0,5706.0,7138.0,8763.0,3821.0,5519.0,7385.0,9433.0,,,99750,85040,AZ,5500.0,0,975
0,1273536000,MANHEIM,2007,3,TOYOTA,CAMRY V6,LE,4D SEDAN LE,BLUE,AUTO,1.0,Alloy,36648,TOP LINE ASIAN,MEDIUM,OTHER,10441.0,11541.0,14357.0,15567.0,11233.0,12626.0,14920.0,16615.0,,,8172,30331,GA,10725.0,0,462
0,1246924800,MANHEIM,2005,4,CHRYSLER,PT CRUISER,Tou,2D CONVERTIBLE,BLUE,AUTO,1.0,Alloy,81639,AMERICAN,MEDIUM,CHRYSLER,6639.0,7876.0,7670.0,9006.0,5206.0,6550.0,6122.0,7574.0,,,22916,80022,CO,6160.0,0,1633
0,1285804800,OTHER,2005,5,DODGE,CARAVAN GRAND FWD V6,SE,MINIVAN 3.3L,GREY,AUTO,1.0,Alloy,64966,AMERICAN,VAN,CHRYSLER,4269.0,5673.0,7506.0,9290.0,4096.0,5215.0,7890.0,8981.0,,,22916,80229,CO,7030.0,0,1411
0,1271203200,MANHEIM,2003,7,KIA,MAGENTIS 4C,LX,4D SEDAN LX,RED,AUTO,2.0,Covers,79817,OTHER ASIAN,MEDIUM,OTHER,1677.0,2323.0,4522.0,5288.0,1361.0,2043.0,4412.0,5118.0,,,20928,32824,FL,4050.0,0,1103
0,1262131200,MANHEIM,2004,5,DODGE,NEON,SE,4D SEDAN,SILVER,AUTO,2.0,Covers,83080,AMERICAN,COMPACT,CHRYSLER,2249.0,3004.0,4495.0,5419.0,2480.0,3280.0,5134.0,6144.0,,,16926,92337,CA,3785.0,0,723
0,1276214400,ADESA,2006,4,CHEVROLET,UPLANDER FWD V6,LS,PASSENGER EXT 3.5L,SILVER,AUTO,2.0,Covers,65693,AMERICAN,VAN,GM,6107.0,7648.0,9279.0,11061.0,6519.0,8111.0,10637.0,12573.0,,,16926,91752,CA,7365.0,0,1801
0,1255996800,MANHEIM,2006,3,CHEVROLET,UPLANDER FWD V6 3.5L,LS,PASSENGER EXT 3.5L,SILVER,AUTO,2.0,Covers,78232,AMERICAN,VAN,GM,7930.0,9896.0,9064.0,11188.0,8647.0,10931.0,12862.0,15083.0,,,18880,28625,NC,6995.0,0,2091
0,1240963200,OTHER,2008,1,DODGE,AVENGER 4C 2.4L I4 S,SE,4D SEDAN,BEIGE,AUTO,2.0,Covers,41653,AMERICAN,MEDIUM,CHRYSLER,8196.0,9044.0,9352.0,10268.0,8196.0,9044.0,9352.0,10268.0,,,99761,32812,FL,8200.0,0,834
0,1238976000,MANHEIM,2007,2,DODGE,CHARGER V6 2.7L V6 M,Bas,4D SEDAN 2.7L SE,GREY,AUTO,2.0,Covers,72012,AMERICAN,SPECIALTY,CHRYSLER,9461.0,11189.0,10718.0,12584.0,9461.0,11189.0,10718.0,12584.0,,,17675,27542,NC,10500.0,0,1389
0,1266364800,OTHER,2005,5,CHEVROLET,MALIBU 4C,Cla,4D SEDAN CLASSIC,GOLD,AUTO,1.0,Alloy,82624,AMERICAN,MEDIUM,GM,3567.0,4727.0,6758.0,7722.0,3892.0,4995.0,6994.0,8033.0,,,835,85009,AZ,4685.0,0,1243
0,1248825600,MANHEIM,2002,7,NISSAN,ALTIMA 2.5L I4 EFI,Bas,4D SEDAN SL,GREY,AUTO,1.0,Alloy,82946,TOP LINE ASIAN,MEDIUM,OTHER,4053.0,4889.0,4877.0,5780.0,4112.0,5316.0,4941.0,6241.0,,,20740,8505,NJ,6485.0,0,1023
0,1233619200,MANHEIM,2005,4,FORD,FREESTAR FWD V6 3.9L,SE,PASSENGER 3.9L SE,GREY,AUTO,2.0,Covers,88897,AMERICAN,VAN,FORD,4282.0,5374.0,5125.0,6304.0,5273.0,6338.0,6195.0,7345.0,,,23359,91770,CA,4340.0,0,1633
0,1270684800,MANHEIM,2007,3,FORD,FIVE HUNDRED,SEL,4D SEDAN SEL,WHITE,AUTO,1.0,Alloy,72326,AMERICAN,LARGE,FORD,9448.0,11245.0,13271.0,14948.0,8579.0,10413.0,12879.0,14339.0,,,8655,76040,TX,7740.0,0,1506
0,1279670400,MANHEIM,2002,8,ACURA,MDX 4WD,Tou,4D SPORT UTILITY TOURING NAV,WHITE,AUTO,1.0,Alloy,88145,OTHER ASIAN,SPECIALTY,OTHER,8272.0,10278.0,11956.0,14266.0,8072.0,10024.0,11343.0,13155.0,,,21973,32824,FL,10550.0,0,1413
0,1242172800,MANHEIM,2004,5,CHEVROLET,IMPALA 3.4L V6 SFI,Bas,4D SEDAN,RED,AUTO,2.0,Covers,65993,AMERICAN,LARGE,GM,3643.0,4910.0,4434.0,5803.0,3643.0,4910.0,4434.0,5803.0,,,21973,32824,FL,5700.0,0,1703
0,1249862400,MANHEIM,2005,4,CHRYSLER,300 2.7L V6 MPI,Bas,4D SEDAN,BLACK,AUTO,2.0,Covers,60834,AMERICAN,SPECIALTY,CHRYSLER,7909.0,9282.0,9042.0,10525.0,8452.0,9616.0,9628.0,10885.0,,,99740,22801,VA,9000.0,0,1215
0,1263945600,OTHER,2006,4,CHEVROLET,MALIBU V6,LT,4D SEDAN LT,GREY,AUTO,2.0,Covers,68916,AMERICAN,MEDIUM,GM,6605.0,8176.0,10246.0,11851.0,7194.0,8717.0,10275.0,12106.0,,,18880,29697,SC,6600.0,0,1118
0,1238371200,ADESA,2005,4,CHEVROLET,EQUINOX FWD V6 3.4L,LS,4D SUV LS,WHITE,AUTO,1.0,Alloy,79525,AMERICAN,MEDIUM SUV,GM,7759.0,9072.0,8880.0,10298.0,,,,,,,19638,33619,FL,7435.0,0,1389
0,1288224000,MANHEIM,2007,3,CHEVROLET,IMPALA,LS,4D SEDAN LS,SILVER,AUTO,2.0,Covers,74166,AMERICAN,LARGE,GM,7575.0,8746.0,11092.0,12303.0,6814.0,7885.0,10481.0,11725.0,,,99750,68138,NE,7700.0,0,1974
1,1285632000,MANHEIM,2002,8,FORD,MUSTANG V6,Bas,2D COUPE,WHITE,AUTO,1.0,Alloy,86130,AMERICAN,SPORTS,FORD,3851.0,4946.0,6974.0,8123.0,3748.0,4763.0,6616.0,7520.0,,,835,85040,AZ,5200.0,0,1153
0,1291680000,ADESA,2006,4,PONTIAC,G6 V6,Bas,4D SEDAN,GOLD,AUTO,1.0,Alloy,77620,AMERICAN,MEDIUM,GM,5895.0,7101.0,9057.0,10598.0,6577.0,8007.0,9239.0,11166.0,NO,GREEN,1231,50111,IA,8145.0,1,1272
0,1265068800,MANHEIM,2006,4,CHEVROLET,IMPALA,LS,4D SEDAN LS,GREY,AUTO,2.0,Covers,71313,AMERICAN,LARGE,GM,6454.0,7496.0,9804.0,11064.0,6590.0,7684.0,10099.0,11228.0,,,22916,80022,CO,6620.0,0,1974
0,1291075200,OTHER,2005,5,CHEVROLET,MALIBU 4C,Bas,4D SEDAN,GOLD,AUTO,2.0,Covers,67289,AMERICAN,MEDIUM,GM,4072.0,5293.0,7236.0,8039.0,4497.0,5599.0,8382.0,10435.0,,,18822,78610,TX,5935.0,0,923
0,1254960000,OTHER,2008,1,DODGE,AVENGER 4C 2.4L I4 S,SXT,4D SEDAN SXT,SILVER,AUTO,1.0,Alloy,47593,AMERICAN,MEDIUM,CHRYSLER,9487.0,10565.0,10746.0,11910.0,10266.0,11359.0,13759.0,14841.0,,,99761,27407,NC,7800.0,0,834
1,1283385600,MANHEIM,2006,4,FORD,FOCUS,ZX4,4D SEDAN ZX4,GREY,AUTO,1.0,Alloy,52287,AMERICAN,COMPACT,FORD,4418.0,5834.0,8396.0,9573.0,4471.0,5858.0,8327.0,9489.0,,,19638,33619,FL,5835.0,0,920
0,1233792000,MANHEIM,2006,3,PONTIAC,GRAND PRIX 3.8L V6 S,Bas,4D SEDAN,SILVER,AUTO,2.0,Covers,64119,AMERICAN,LARGE,GM,6542.0,7795.0,7565.0,8919.0,6884.0,8342.0,7935.0,9509.0,,,18881,29532,SC,6790.0,0,1703
0,1291766400,MANHEIM,2005,5,FORD,TAURUS,SE,4D SEDAN SE FFV,SILVER,AUTO,1.0,Alloy,88085,AMERICAN,MEDIUM,FORD,4371.0,6076.0,7215.0,8147.0,3689.0,4997.0,6780.0,8392.0,,,19619,32124,FL,5050.0,0,983
0,1237852800,ADESA,2007,2,SUZUKI,FORENZA 2.0L I4 EFI,,4D SEDAN,GOLD,AUTO,2.0,Covers,60179,OTHER ASIAN,MEDIUM,OTHER,6105.0,6950.0,7093.0,8006.0,5573.0,6680.0,6519.0,7714.0,,,20833,38118,TN,5010.0,0,533
1,1278460800,MANHEIM,2001,9,NISSAN,ALTIMA,GXE,4D SEDAN GXE,GOLD,AUTO,2.0,Covers,79301,TOP LINE ASIAN,MEDIUM,OTHER,2775.0,3716.0,5079.0,6073.0,2418.0,3347.0,5238.0,6431.0,,,20740,32124,FL,5250.0,0,986
0,1233187200,MANHEIM,2002,7,MERCURY,SABLE 3.0L V6 EFI,GS,4D SEDAN GS,BLUE,AUTO,1.0,Alloy,85920,AMERICAN,MEDIUM,FORD,2229.0,3075.0,2907.0,3821.0,2643.0,3360.0,3354.0,4129.0,,,18881,30272,GA,3710.0,0,1283
0,1255478400,MANHEIM,2007,2,FORD,FUSION 4C 2.3L I4 EF,SE,4D SEDAN SE,BLACK,AUTO,1.0,Alloy,87039,AMERICAN,MEDIUM,FORD,10031.0,11910.0,11333.0,13363.0,9437.0,11254.0,10692.0,12654.0,,,16926,94544,CA,6285.0,0,853
0,1285113600,OTHER,2008,2,CHRYSLER,PT CRUISER,Bas,4D SEDAN,SILVER,AUTO,2.0,Covers,73908,AMERICAN,MEDIUM,CHRYSLER,6344.0,7085.0,9307.0,10394.0,6553.0,7390.0,9785.0,10754.0,,,52598,29697,SC,5900.0,0,1389
0,1262736000,ADESA,2006,4,DODGE,CHARGER,Bas,4D SEDAN SE,SILVER,AUTO,2.0,Covers,60028,AMERICAN,SPECIALTY,CHRYSLER,7640.0,9050.0,12114.0,13585.0,7380.0,8509.0,11657.0,12774.0,,,21053,85226,AZ,9105.0,0,1215
0,1263340800,MANHEIM,2006,4,CHRYSLER,PACIFICA FWD,Tou,4D SPORT TOURING,RED,AUTO,1.0,Alloy,78772,AMERICAN,CROSSOVER,CHRYSLER,9939.0,12027.0,13477.0,15321.0,10859.0,12981.0,14640.0,17501.0,,,22808,75236,TX,8340.0,0,1389
1,1265068800,OTHER,2007,3,CHRYSLER,PT CRUISER,Tou,4D SEDAN,YELLOW,AUTO,,,79743,AMERICAN,MEDIUM,CHRYSLER,5684.0,6767.0,9285.0,10425.0,5684.0,6767.0,9285.0,10425.0,,,3453,84104,UT,5610.0,0,1389
0,1264464000,MANHEIM,2007,3,CHEVROLET,IMPALA,LS,4D SEDAN LS,BLACK,AUTO,2.0,Covers,72101,AMERICAN,LARGE,GM,7014.0,8098.0,10505.0,12224.0,8037.0,9050.0,11305.0,12378.0,,,18822,77061,TX,7660.0,0,1974
0,1287532800,MANHEIM,2004,6,DODGE,STRATUS V6,SE,4D SEDAN,GOLD,AUTO,1.0,Alloy,93318,AMERICAN,MEDIUM,CHRYSLER,2649.0,3414.0,5652.0,6536.0,2291.0,3082.0,5451.0,6065.0,,,17212,64161,MO,3360.0,0,1630
1,1268697600,ADESA,2004,6,DODGE,NEON,SXT,4D SEDAN,BLACK,AUTO,1.0,Alloy,82059,AMERICAN,COMPACT,CHRYSLER,3067.0,3884.0,5812.0,6803.0,2835.0,3766.0,5475.0,6680.0,,,52117,45005,OH,5170.0,0,723
0,1274313600,MANHEIM,2002,8,FORD,FOCUS,SE,4D WAGON SE,WHITE,AUTO,1.0,Alloy,93225,AMERICAN,COMPACT,FORD,2576.0,3596.0,5104.0,6359.0,2651.0,3596.0,5921.0,8032.0,,,18111,29532,SC,4340.0,0,1641
0,1279152000,MANHEIM,2007,3,DODGE,CHARGER V6,Bas,4D SEDAN 2.7L SE,BLACK,AUTO,2.0,Covers,84235,AMERICAN,SPECIALTY,CHRYSLER,9874.0,11024.0,13769.0,14835.0,9759.0,10879.0,14068.0,15082.0,,,52492,76040,TX,9980.0,0,1503
0,1279843200,OTHER,2006,4,CHEVROLET,MALIBU 4C,LT,4D SEDAN LT,GREY,AUTO,2.0,Covers,58274,AMERICAN,MEDIUM,GM,7132.0,8242.0,10398.0,11486.0,7046.0,8350.0,10132.0,11876.0,,,99750,95673,CA,6600.0,0,837
0,1275523200,MANHEIM,2006,4,CHEVROLET,COBALT,LS,2D COUPE,BLACK,AUTO,2.0,Covers,81345,AMERICAN,COMPACT,GM,4341.0,4977.0,7806.0,8487.0,4471.0,5267.0,7558.0,8493.0,,,20234,85353,AZ,5065.0,0,853
0,1253750400,MANHEIM,2006,3,KIA,OPTIMA 4C 2.4L I4 MP,LX,4D SEDAN LX,WHITE,AUTO,1.0,Alloy,80649,OTHER ASIAN,MEDIUM,OTHER,5085.0,6523.0,5992.0,7545.0,4335.0,5544.0,7442.0,8837.0,,,18881,30272,GA,6795.0,0,853
0,1250035200,MANHEIM,2006,3,SUZUKI,FORENZA 2.0L I4 EFI,,4D SEDAN,GREEN,AUTO,2.0,Covers,69738,OTHER ASIAN,MEDIUM,OTHER,3996.0,4973.0,4816.0,5871.0,3752.0,4653.0,4552.0,5525.0,,,21973,32824,FL,5500.0,0,533
0,1248739200,OTHER,2004,5,CHEVROLET,TAHOE 2WD 5.3L V8 SF,LS,4D SUV 5.3L LS,BLUE,AUTO,1.0,Alloy,90640,AMERICAN,LARGE SUV,GM,10096.0,12193.0,11404.0,13668.0,10658.0,12788.0,12011.0,14311.0,,,21053,95673,CA,9305.0,0,1918
0,1266451200,OTHER,2008,2,CHRYSLER,PT CRUISER,Bas,4D SEDAN,BLACK,AUTO,2.0,Covers,53703,AMERICAN,MEDIUM,CHRYSLER,6957.0,7610.0,10088.0,10511.0,7469.0,7938.0,10533.0,11003.0,,,99761,74135,OK,6600.0,0,1086
0,1235952000,ADESA,2006,3,HYUNDAI,ACCENT 1.6L I4 MPI,GLS,4D SEDAN GLS,WHITE,AUTO,2.0,Covers,56708,OTHER ASIAN,COMPACT,OTHER,5396.0,6350.0,6328.0,7358.0,5080.0,6093.0,5986.0,7080.0,,,17212,77086,TX,4205.0,0,754
0,1265760000,OTHER,2006,4,FORD,FIVE HUNDRED,SE,4D SEDAN SE,BLACK,AUTO,1.0,Alloy,88529,AMERICAN,LARGE,FORD,5993.0,7152.0,10059.0,11348.0,6726.0,7975.0,10298.0,11690.0,,,835,85009,AZ,6995.0,0,1633
0,1288742400,MANHEIM,2006,4,DODGE,CARAVAN FWD V6,SXT,MINIVAN 3.3L SPORT,GREEN,AUTO,1.0,Alloy,81581,AMERICAN,VAN,CHRYSLER,6221.0,8017.0,10696.0,13784.0,5668.0,6804.0,9582.0,10632.0,NO,GREEN,19619,32824,FL,6150.0,0,1763
0,1237334400,ADESA,2006,3,DODGE,CHARGER 3.5L V6 EFI,Bas,4D SEDAN,GREY,AUTO,1.0,Alloy,54112,AMERICAN,SPECIALTY,CHRYSLER,9993.0,11317.0,11292.0,12722.0,9897.0,11441.0,11189.0,12856.0,,,18111,30212,GA,10150.0,0,1086
0,1264032000,MANHEIM,2006,4,PONTIAC,GRAND PRIX,Bas,4D SEDAN,WHITE,AUTO,1.0,Alloy,61614,AMERICAN,LARGE,GM,6062.0,7373.0,9617.0,11352.0,7064.0,8429.0,10338.0,12075.0,,,16044,22403,VA,7140.0,0,1703
1,1284508800,ADESA,2007,3,FORD,TAURUS,SE,4D SEDAN SE,MAROON,AUTO,2.0,Covers,57259,AMERICAN,MEDIUM,FORD,5335.0,6719.0,9168.0,10485.0,4783.0,6062.0,8736.0,11072.0,,,19662,77086,TX,5630.0,0,754
0,1253059200,OTHER,2003,6,FORD,F150 PICKUP 2WD V6 4,XL,EXT CAB 4.2L W/T,BLUE,AUTO,1.0,Alloy,64471,AMERICAN,LARGE TRUCK,FORD,5899.0,7769.0,6871.0,8891.0,5887.0,7495.0,9317.0,10759.0,,,835,85009,AZ,5785.0,0,833
0,1290124800,ADESA,2003,7,MERCURY,MOUNTAINEER 2WD V6,,4D SUV 4.0L,WHITE,AUTO,1.0,Alloy,70718,AMERICAN,MEDIUM SUV,FORD,4637.0,5977.0,8616.0,9645.0,5805.0,7303.0,9307.0,10583.0,NO,GREEN,23359,91752,CA,7800.0,0,1455
1,1236643200,MANHEIM,2005,4,DODGE,CARAVAN GRAND FWD V6,SXT,MINIVAN 3.8L SXT,SILVER,AUTO,1.0,Alloy,86067,AMERICAN,VAN,CHRYSLER,6632.0,8224.0,7663.0,9382.0,5686.0,7250.0,6641.0,8330.0,,,16044,21075,MD,5625.0,0,1763
0,1274227200,OTHER,2006,4,PONTIAC,G6 V6,GTP,2D COUPE GTP,RED,MANUAL,1.0,Alloy,56550,AMERICAN,MEDIUM,GM,8579.0,9949.0,12132.0,13385.0,8785.0,10299.0,12254.0,13976.0,,,5546,35004,AL,8800.0,0,1003
0,1272499200,MANHEIM,2007,3,CHEVROLET,IMPALA V6,LT,4D SEDAN LT 3.5L,SILVER,AUTO,1.0,Alloy,84613,AMERICAN,LARGE,GM,8531.0,9927.0,12334.0,13999.0,8478.0,10056.0,11728.0,13803.0,,,18880,29532,SC,8210.0,0,2152
0,1251763200,MANHEIM,2005,4,DODGE,DURANGO 2WD V8 4.7L,ST,4D SUV 4.7L ST,WHITE,AUTO,1.0,Alloy,67327,AMERICAN,MEDIUM SUV,CHRYSLER,7689.0,9094.0,8804.0,10322.0,6676.0,8054.0,10490.0,12048.0,,,835,85040,AZ,8340.0,0,1215
0,1244073600,MANHEIM,2005,4,FORD,FREESTAR FWD V6 3.9L,S,PASSENGER 3.9L,OTHER,AUTO,2.0,Covers,61925,AMERICAN,VAN,FORD,4817.0,6658.0,5702.0,7691.0,4817.0,6658.0,5702.0,7691.0,,,20928,33619,FL,4310.0,0,1313
0,1265587200,MANHEIM,2006,4,PONTIAC,GRAND PRIX,Bas,4D SEDAN,SILVER,AUTO,1.0,Alloy,57769,AMERICAN,LARGE,GM,6370.0,7852.0,10582.0,13044.0,6751.0,8167.0,9824.0,11607.0,,,10315,30315,GA,7830.0,1,1500
0,1270684800,ADESA,2005,5,NISSAN,ALTIMA,Bas,4D SEDAN,BEIGE,AUTO,1.0,Alloy,77109,TOP LINE ASIAN,MEDIUM,OTHER,6998.0,8251.0,10226.0,11549.0,6240.0,8031.0,9959.0,12316.0,,,22916,80817,CO,7515.0,0,686
0,1271376000,OTHER,2007,3,CHRYSLER,PACIFICA FWD,Bas,4D SPORT,BLUE,AUTO,2.0,Covers,85554,AMERICAN,CROSSOVER,CHRYSLER,10169.0,12187.0,14016.0,16012.0,9384.0,10957.0,13705.0,15098.0,,,20207,79605,TX,7095.0,0,1503
1,1285113600,MANHEIM,2005,5,PONTIAC,GRAND PRIX,GT,4D SEDAN GT,BLACK,AUTO,1.0,Alloy,76704,AMERICAN,LARGE,GM,5988.0,7612.0,9607.0,11351.0,5844.0,7408.0,9422.0,11180.0,,,17212,64161,MO,6790.0,0,1974
0,1259798400,MANHEIM,2006,3,CHEVROLET,IMPALA,LS,4D SEDAN LS,WHITE,AUTO,2.0,Covers,69809,AMERICAN,LARGE,GM,6482.0,7674.0,7501.0,8788.0,6831.0,8109.0,10851.0,12141.0,,,18880,29532,SC,7910.0,0,1703
0,1251763200,MANHEIM,2004,5,CHEVROLET,IMPALA 3.4L V6 SFI,Bas,4D SEDAN,SILVER,AUTO,2.0,Covers,79560,AMERICAN,LARGE,GM,3433.0,4666.0,4208.0,5539.0,3641.0,4848.0,4432.0,5736.0,,,19638,34761,FL,4945.0,0,1974
0,1260835200,MANHEIM,2006,3,CHEVROLET,IMPALA,LS,4D SEDAN LS,WHITE,AUTO,2.0,Covers,87169,AMERICAN,LARGE,GM,6494.0,7613.0,10232.0,11975.0,6831.0,8109.0,10851.0,12141.0,,,22808,75050,TX,7640.0,0,2152
1,1252627200,OTHER,2004,5,JEEP,LIBERTY 2WD V6 3.7L,Spo,4D SUV,GREEN,AUTO,,,86959,AMERICAN,SMALL SUV,CHRYSLER,6084.0,7722.0,7071.0,8840.0,6084.0,7722.0,7071.0,8840.0,,,18880,30120,GA,7200.0,0,723
0,1259712000,MANHEIM,2004,5,GMC,ENVOY 2WD 6C,SLE,4D UTILITY 4.2L SLE,RED,AUTO,1.0,Alloy,80160,AMERICAN,MEDIUM SUV,GM,5836.0,6989.0,6803.0,8048.0,7315.0,9085.0,11235.0,14300.0,,,20928,32824,FL,7600.0,0,1243
0,1274313600,OTHER,2007,3,CHEVROLET,MALIBU 4C,LS,4D SEDAN LS,SILVER,AUTO,2.0,Covers,63628,AMERICAN,MEDIUM,GM,7043.0,8478.0,10624.0,12284.0,6901.0,8063.0,10263.0,11427.0,,,17212,76063,TX,7500.0,0,923
0,1240185600,OTHER,2006,3,FORD,FIVE HUNDRED 3.0L V6,SEL,4D SEDAN SEL,BLACK,AUTO,1.0,Alloy,74109,AMERICAN,LARGE,FORD,10033.0,12514.0,11336.0,14015.0,10033.0,12514.0,11336.0,14015.0,,,17212,76063,TX,7500.0,0,1506
0,1244505600,OTHER,2008,1,DODGE,CALIBER 2.0L I4 SFI,SE,4D WAGON,SILVER,AUTO,2.0,Covers,47953,AMERICAN,MEDIUM,CHRYSLER,7257.0,7861.0,8338.0,8990.0,7257.0,7861.0,8338.0,8990.0,,,18822,74135,OK,6850.0,0,693
0,1235433600,MANHEIM,2004,5,NISSAN,MAXIMA 3.5L V6 MPI,SE,4D SEDAN SE,GOLD,AUTO,1.0,Alloy,59453,TOP LINE ASIAN,LARGE,OTHER,8665.0,10322.0,9858.0,11648.0,8270.0,9820.0,9432.0,11106.0,,,16044,21075,MD,9730.0,0,920
0,1282694400,MANHEIM,2005,5,KIA,SPORTAGE 2WD V6,EX,4D SPORT UTILITY EX,RED,AUTO,1.0,Alloy,70110,OTHER ASIAN,SMALL SUV,OTHER,6687.0,7296.0,10046.0,10686.0,6446.0,8178.0,9812.0,11690.0,,,21973,32824,FL,7350.0,0,1389
0,1290038400,ADESA,2002,8,SUZUKI,AERIO,S,4D SEDAN GS,WHITE,AUTO,2.0,Covers,73065,OTHER ASIAN,COMPACT,OTHER,2880.0,3295.0,5519.0,5984.0,2308.0,3154.0,4892.0,5809.0,,,22916,80817,CO,3665.0,0,1220
1,1245110400,ADESA,2006,3,CHEVROLET,MONTE CARLO,LTZ,2D COUPE LTZ,GREY,AUTO,1.0,Alloy,70849,AMERICAN,LARGE,GM,9764.0,12035.0,11045.0,13498.0,9764.0,12035.0,11045.0,13498.0,,,20833,78754,TX,8220.0,0,1974
0,1233187200,ADESA,2002,7,CHEVROLET,TRAILBLAZER 4WD 6C 4,LS,4D SUV 4.2L LS,RED,AUTO,1.0,Alloy,69670,AMERICAN,MEDIUM SUV,GM,3924.0,4938.0,4738.0,5833.0,5135.0,6178.0,6046.0,7172.0,,,17675,28273,NC,6550.0,0,2003
0,1242086400,MANHEIM,2005,4,SATURN,ION 2.2L I4 MPI / SF,2,2D QUAD COUPE LEVEL 2,GREY,AUTO,2.0,Covers,70190,AMERICAN,MEDIUM,GM,5994.0,7294.0,6974.0,8378.0,5994.0,7294.0,6974.0,8378.0,,,16044,21075,MD,4415.0,0,803
0,1231977600,MANHEIM,2006,3,FORD,FREESTAR FWD V6 3.9L,SE,PASSENGER 3.9L SE,BLACK,AUTO,2.0,Covers,65306,AMERICAN,VAN,FORD,4899.0,6033.0,5791.0,7016.0,5750.0,7186.0,6710.0,8261.0,,,18881,29532,SC,6055.0,0,1313
0,1287014400,ADESA,2007,3,CHRYSLER,SEBRING 4C,Bas,4D SEDAN,RED,AUTO,2.0,Covers,72848,AMERICAN,MEDIUM,CHRYSLER,7020.0,8279.0,10552.0,12060.0,6683.0,7774.0,9983.0,11242.0,,,52598,28273,NC,7560.0,0,1155
1,1291248000,ADESA,2002,8,SATURN,L SERIES,LW3,4D WAGON LW300,BLACK,AUTO,1.0,Alloy,90244,AMERICAN,MEDIUM,GM,2744.0,3529.0,5409.0,5965.0,2508.0,3656.0,5203.0,6077.0,,,19662,72117,AR,4110.0,0,2939
0,1264550400,ADESA,2006,4,FORD,FIVE HUNDRED,SEL,4D SEDAN SEL,GREY,AUTO,2.0,Covers,81077,AMERICAN,LARGE,FORD,7327.0,9012.0,11404.0,13331.0,7244.0,9330.0,11132.0,13668.0,,,21053,85226,AZ,7740.0,0,1633
0,1266364800,ADESA,2007,3,CHEVROLET,IMPALA,LS,4D SEDAN LS,BLACK,AUTO,2.0,Covers,73618,AMERICAN,LARGE,GM,7559.0,8763.0,11008.0,12488.0,8507.0,9765.0,11921.0,13380.0,,,21053,85226,AZ,7980.0,0,1974
0,1280275200,MANHEIM,2008,2,MAZDA,TRIBUTE 2WD 4C,i,4D SPORT UTILITY I,GREEN,MANUAL,1.0,Alloy,60608,OTHER ASIAN,SMALL SUV,OTHER,12260.0,13802.0,16183.0,17871.0,11169.0,12750.0,15020.0,16249.0,,,18111,37122,TN,8795.0,0,825
0,1276732800,MANHEIM,2003,7,JEEP,LIBERTY 4WD V6,Spo,4D SUV SPORT,BLACK,AUTO,1.0,Alloy,72740,AMERICAN,SMALL SUV,CHRYSLER,5769.0,7416.0,9227.0,10720.0,5884.0,7639.0,9823.0,12753.0,,,99750,8505,NJ,7800.0,0,1220
0,1272326400,OTHER,2008,2,CHRYSLER,SEBRING 4C,LX,4D SEDAN LX,WHITE,AUTO,2.0,Covers,47828,AMERICAN,MEDIUM,CHRYSLER,8515.0,9186.0,12163.0,12809.0,8073.0,8842.0,11765.0,12631.0,,,99761,74135,OK,8600.0,0,834
0,1278374400,MANHEIM,2006,4,CHRYSLER,PT CRUISER,Tou,4D SEDAN,GREY,AUTO,2.0,Covers,55971,AMERICAN,MEDIUM,CHRYSLER,4716.0,5783.0,8303.0,9313.0,4253.0,5206.0,8129.0,8880.0,,,20207,77041,TX,5685.0,0,1086
0,1265932800,ADESA,2005,5,PONTIAC,GRAND PRIX,Bas,4D SEDAN,GOLD,AUTO,2.0,Covers,79459,AMERICAN,LARGE,GM,5047.0,6316.0,8690.0,9879.0,4974.0,6272.0,7968.0,9229.0,,,16926,91752,CA,5270.0,0,1974
0,1256688000,ADESA,2005,4,CHEVROLET,MALIBU V6 3.5L V6 SF,LS,4D SEDAN LS,RED,AUTO,1.0,Alloy,60381,AMERICAN,MEDIUM,GM,4901.0,6447.0,5793.0,7463.0,5049.0,6147.0,8355.0,9496.0,,,835,85226,AZ,7155.0,0,1118
0,1261094400,OTHER,2008,1,DODGE,CALIBER,SE,4D WAGON,SILVER,AUTO,2.0,Covers,51972,AMERICAN,MEDIUM,CHRYSLER,6897.0,7389.0,11172.0,11635.0,7269.0,7898.0,10834.0,11413.0,,,99761,74135,OK,6400.0,0,754
0,1254787200,MANHEIM,2006,3,PONTIAC,GRAND PRIX 3.8L V6 S,Bas,4D SEDAN,BLUE,AUTO,1.0,Alloy,70254,AMERICAN,LARGE,GM,6492.0,8143.0,7511.0,9294.0,6370.0,7852.0,10582.0,13044.0,,,23359,92504,CA,7105.0,0,1974
0,1270684800,ADESA,2006,4,TOYOTA,CAMRY V6,LE,4D SEDAN LE,GOLD,AUTO,1.0,Alloy,83975,TOP LINE ASIAN,MEDIUM,OTHER,9597.0,10997.0,13533.0,14979.0,9377.0,10566.0,13413.0,14545.0,,,8172,28273,NC,8710.0,0,594
1,1265068800,MANHEIM,2004,6,JEEP,GRAND CHEROKEE 2WD 6,Lar,4D WAGON,GREY,AUTO,1.0,Alloy,86943,AMERICAN,MEDIUM SUV,CHRYSLER,5396.0,6523.0,9018.0,10149.0,5396.0,6523.0,9018.0,10149.0,,,22916,80022,CO,6320.0,0,1893
0,1242172800,ADESA,2005,4,HYUNDAI,SONATA 4C 2.4L I4 MP,GL,4D SEDAN,SILVER,AUTO,2.0,Covers,77255,OTHER ASIAN,MEDIUM,OTHER,3448.0,4472.0,4224.0,5330.0,3449.0,4404.0,4225.0,5256.0,,,21053,85226,AZ,5935.0,0,803
0,1235606400,ADESA,2006,3,CHRYSLER,PT CRUISER 2.4L I4 S,Bas,4D SEDAN,SILVER,AUTO,2.0,Covers,48293,AMERICAN,MEDIUM,CHRYSLER,5913.0,6888.0,6886.0,7939.0,5699.0,6767.0,6655.0,7808.0,,,17675,28273,NC,5525.0,0,975
1,1291334400,MANHEIM,2002,8,PONTIAC,MONTANA,,4D MINIVAN EXT 3.4L,BEIGE,AUTO,1.0,Alloy,99831,AMERICAN,VAN,GM,2365.0,3192.0,5692.0,6968.0,2369.0,3427.0,5469.0,6851.0,,,22916,89165,NV,2870.0,0,5913
0,1260835200,MANHEIM,2006,3,CHRYSLER,PT CRUISER,Bas,4D SEDAN,SILVER,AUTO,2.0,Covers,80220,AMERICAN,MEDIUM,CHRYSLER,4838.0,5767.0,8600.0,9530.0,5010.0,6205.0,8126.0,9545.0,,,21973,34761,FL,5835.0,0,1503
0,1235433600,OTHER,2004,5,DODGE,INTREPID 3.5L V6 MPI,ES,4D SEDAN ES,BLUE,AUTO,1.0,Alloy,68394,AMERICAN,LARGE,CHRYSLER,3567.0,5251.0,4352.0,6171.0,3506.0,5151.0,4286.0,6063.0,,,8655,35613,AL,4975.0,0,1508
0,1260144000,OTHER,2006,3,CHRYSLER,PACIFICA FWD,Bas,4D SPORT,GOLD,AUTO,1.0,Alloy,66045,AMERICAN,CROSSOVER,CHRYSLER,8173.0,9635.0,11696.0,12910.0,7990.0,9282.0,12036.0,12971.0,,,20234,95673,CA,7705.0,0,1215
0,1234137600,MANHEIM,2005,4,CHRYSLER,PACIFICA FWD 3.5L V6,Tou,4D SPORT,BLUE,AUTO,1.0,Alloy,82507,AMERICAN,CROSSOVER,CHRYSLER,6697.0,8019.0,7733.0,9161.0,6875.0,7925.0,7925.0,9059.0,,,16044,27542,NC,7800.0,0,1503
0,1280275200,MANHEIM,2005,5,MERCURY,SABLE,GS,4D SEDAN GS 3.0L FFV,GOLD,AUTO,1.0,Alloy,79786,AMERICAN,MEDIUM,FORD,3567.0,4807.0,6758.0,8403.0,3931.0,4831.0,7594.0,8678.0,,,18822,78219,TX,4635.0,0,920
0,1272326400,ADESA,2008,2,SATURN,AURA V6,XR,4D SEDAN XR,WHITE,AUTO,1.0,Alloy,78200,AMERICAN,MEDIUM,GM,10976.0,12773.0,14824.0,16858.0,12197.0,13238.0,15812.0,16564.0,,,1231,50111,IA,9435.0,1,1272
0,1237334400,MANHEIM,2004,5,SATURN,ION 2.2L I4 EFI,3,4D SEDAN LEVEL 3,BLACK,AUTO,1.0,Alloy,76058,AMERICAN,MEDIUM,GM,4921.0,6022.0,5815.0,7004.0,3703.0,4885.0,4499.0,5776.0,,,21973,32824,FL,4100.0,0,803
0,1286928000,MANHEIM,2006,4,FORD,TAURUS,SEL,4D SEDAN SEL,BLUE,AUTO,1.0,Alloy,83730,AMERICAN,MEDIUM,FORD,4818.0,6210.0,8737.0,10747.0,4855.0,6054.0,8207.0,9409.0,NO,GREEN,19619,32124,FL,5350.0,0,983
0,1250640000,MANHEIM,2003,6,FORD,WINDSTAR FWD V6 3.8L,LX,PASSENGER 3.8L LX,GOLD,AUTO,2.0,Covers,87118,AMERICAN,VAN,FORD,2474.0,3407.0,3172.0,4180.0,2854.0,3881.0,3582.0,4691.0,,,17212,75236,TX,4660.0,0,2322
0,1250208000,OTHER,2008,1,CHRYSLER,SEBRING 4C 2.4L I4 E,LX,4D SEDAN,BLUE,AUTO,1.0,Alloy,52475,AMERICAN,MEDIUM,CHRYSLER,7930.0,8414.0,9064.0,9587.0,,,,,,,99761,74135,OK,7300.0,0,920
0,1253750400,MANHEIM,2004,5,HYUNDAI,SANTA FE 2WD V6 2.7L,GLS,4D CUV 2.7L GLS,SILVER,AUTO,1.0,Alloy,58495,OTHER ASIAN,MEDIUM SUV,OTHER,6083.0,6921.0,7070.0,7975.0,4862.0,5580.0,5751.0,6526.0,,,19638,33619,FL,7280.0,0,588
0,1287532800,ADESA,2005,5,DODGE,CARAVAN GRAND FWD V6,SXT,MINIVAN 3.8L SXT,BLUE,AUTO,1.0,Alloy,86702,AMERICAN,VAN,CHRYSLER,5278.0,6716.0,9097.0,10953.0,5284.0,6802.0,9115.0,10754.0,,,52117,20166,VA,5750.0,0,1763
0,1267488000,MANHEIM,2008,2,CHEVROLET,IMPALA V6,LT,4D SEDAN LT 3.5L FFV,SILVER,AUTO,1.0,Alloy,85917,AMERICAN,LARGE,GM,9447.0,10827.0,13111.0,14966.0,9027.0,10409.0,13134.0,14298.0,,,1051,97217,OR,7310.0,1,2152
0,1288656000,ADESA,2005,5,JEEP,LIBERTY 2WD V6,Spo,4D SUV SPORT,GOLD,AUTO,1.0,Alloy,85900,AMERICAN,SMALL SUV,CHRYSLER,5871.0,7383.0,9145.0,10781.0,6300.0,8129.0,9331.0,11410.0,,,18822,78754,TX,7435.0,0,723
0,1288742400,MANHEIM,2005,5,CHEVROLET,IMPALA,Bas,4D SEDAN,SILVER,AUTO,2.0,Covers,88484,AMERICAN,LARGE,GM,3963.0,5358.0,6922.0,8685.0,4434.0,5677.0,7284.0,8862.0,NO,GREEN,835,87105,NM,5190.0,0,2152
0,1285632000,OTHER,2006,4,TOYOTA,CAMRY 4C,Bas,4D SEDAN LE,GREY,AUTO,2.0,Covers,79814,TOP LINE ASIAN,MEDIUM,OTHER,7900.0,9067.0,11083.0,13008.0,7930.0,8969.0,11515.0,13573.0,,,17212,76063,TX,8000.0,0,569
0,1259020800,OTHER,2008,1,DODGE,CALIBER,SE,4D WAGON,SILVER,AUTO,2.0,Covers,45801,AMERICAN,MEDIUM,CHRYSLER,6820.0,7280.0,7866.0,8362.0,6967.0,7560.0,10921.0,11542.0,,,99761,74135,OK,6500.0,0,693
0,1235001600,MANHEIM,2003,6,PONTIAC,VIBE 1.8L I4 MPI,Bas,4D WAGON,BLUE,AUTO,1.0,Alloy,63779,AMERICAN,MEDIUM,GM,4201.0,5300.0,5037.0,6224.0,4300.0,5471.0,5144.0,6409.0,,,18881,30272,GA,6245.0,0,833
0,1257292800,OTHER,2006,3,CHRYSLER,SEBRING 4C,Bas,4D SEDAN,SILVER,AUTO,1.0,Alloy,65600,AMERICAN,MEDIUM,CHRYSLER,4198.0,5296.0,5034.0,6220.0,4328.0,5579.0,7612.0,8831.0,,,19638,35004,AL,5300.0,0,1020
0,1291852800,MANHEIM,2005,5,NISSAN,ALTIMA,SE,4D SEDAN SE,GREY,MANUAL,1.0,Alloy,78458,TOP LINE ASIAN,MEDIUM,OTHER,6300.0,7872.0,9963.0,11590.0,6375.0,8004.0,10018.0,11777.0,,,19619,33411,FL,7255.0,0,686
0,1260144000,MANHEIM,2006,3,JEEP,GRAND CHEROKEE 4WD V,Lar,4D WAGON LAREDO,BLUE,AUTO,1.0,Alloy,81160,AMERICAN,MEDIUM SUV,CHRYSLER,13079.0,14929.0,16740.0,18014.0,13323.0,14857.0,16901.0,18465.0,,,18881,27542,NC,9600.0,0,2022
0,1265673600,ADESA,2002,8,CHEVROLET,1500 SILVERADO PICKU,Bas,EXT CAB 5.3L,WHITE,AUTO,1.0,Alloy,62603,AMERICAN,LARGE TRUCK,GM,6032.0,7771.0,11204.0,14225.0,5707.0,7501.0,10564.0,13640.0,,,18822,78754,TX,8025.0,0,1320
0,1287014400,MANHEIM,2004,6,FORD,EXPEDITION 2WD V8,XLS,4D SUV 4.6L XLS,BLUE,AUTO,2.0,Covers,62103,AMERICAN,LARGE SUV,FORD,6949.0,8658.0,10928.0,12592.0,8060.0,8853.0,11966.0,12829.0,,,23359,92337,CA,10420.0,0,923
1,1234483200,ADESA,2003,6,TOYOTA,MATRIX 2WD 1.8L I-4,Bas,4D SEDAN,WHITE,AUTO,,,71759,TOP LINE ASIAN,MEDIUM,OTHER,4840.0,5982.0,5727.0,6961.0,4840.0,5982.0,5727.0,6961.0,,,20740,32219,FL,6100.0,0,869
0,1231977600,MANHEIM,2001,8,CHEVROLET,IMPALA 3.8L V6 MFI,LS,4D SEDAN LS,WHITE,AUTO,1.0,Alloy,72402,AMERICAN,LARGE,GM,2522.0,3404.0,3224.0,4176.0,2976.0,4011.0,3714.0,4832.0,,,16926,92337,CA,4720.0,0,2274
0,1236729600,MANHEIM,2006,3,DODGE,1500 RAM PICKUP 2WD,Lar,REG CAB 4.7L,BLACK,AUTO,1.0,Alloy,80928,AMERICAN,LARGE TRUCK,CHRYSLER,3967.0,4521.0,4784.0,5383.0,8483.0,10224.0,9662.0,11542.0,,,16044,22801,VA,5840.0,0,983
0,1285200000,MANHEIM,2002,8,MERCURY,SABLE,LS,4D SEDAN LS PREMIUM,SILVER,AUTO,1.0,Alloy,72038,AMERICAN,MEDIUM,FORD,2399.0,3540.0,5407.0,6792.0,2777.0,3845.0,5696.0,7281.0,,,52492,29532,SC,5470.0,0,1220
0,1274054400,MANHEIM,2006,4,CHRYSLER,300,Bas,4D SEDAN,GREEN,AUTO,2.0,Covers,74950,AMERICAN,SPECIALTY,CHRYSLER,9483.0,11160.0,13716.0,15264.0,9189.0,10765.0,13202.0,14923.0,,,18881,27542,NC,10000.0,0,1389
0,1247529600,ADESA,2006,3,PONTIAC,G6 V6 3.5L V6 SFI,Bas,4D SEDAN,SILVER,AUTO,1.0,Alloy,64928,AMERICAN,MEDIUM,GM,7371.0,8631.0,8461.0,9821.0,6501.0,7704.0,9993.0,11404.0,,,22916,50111,IA,7715.0,0,1118
0,1240358400,MANHEIM,2002,7,DODGE,CARAVAN FWD V6 3.3L,SE,MINIVAN 3.3L FFV SE,SILVER,AUTO,2.0,Covers,52495,AMERICAN,VAN,CHRYSLER,2622.0,3740.0,3332.0,4539.0,2616.0,3775.0,3325.0,4577.0,,,99750,32124,FL,4600.0,0,1551
0,1237420800,MANHEIM,2003,6,MAZDA,MAZDA6 3.0L V6 MFI /,s,4D SEDAN S,SILVER,MANUAL,1.0,Alloy,72525,OTHER ASIAN,MEDIUM,OTHER,5758.0,6734.0,6719.0,7773.0,4795.0,6136.0,5679.0,7127.0,,,19619,33411,FL,6930.0,0,1806
0,1259798400,ADESA,2004,5,CHRYSLER,TOWN & COUNTRY FWD V,LX,MINIVAN 3.3L LX,BLACK,AUTO,2.0,Covers,54902,AMERICAN,VAN,CHRYSLER,4300.0,5552.0,5144.0,6496.0,4482.0,5607.0,7893.0,9283.0,,,18881,28273,NC,5935.0,0,1251
0,1266451200,OTHER,2006,4,DODGE,1500 RAM PICKUP 2WD,Lar,QUAD CAB 4.7L SLT,RED,AUTO,1.0,Alloy,81502,AMERICAN,LARGE TRUCK,CHRYSLER,10706.0,12974.0,15226.0,17117.0,11240.0,13485.0,15520.0,17697.0,,,25100,73108,OK,9735.0,0,983
0,1264636800,ADESA,2004,6,DODGE,STRATUS V6,SE,4D SEDAN SE,BLUE,AUTO,2.0,Covers,60994,AMERICAN,MEDIUM,CHRYSLER,2965.0,4121.0,6294.0,7840.0,3172.0,4338.0,6436.0,7580.0,,,3453,80817,CO,4490.0,0,1215
0,1233705600,OTHER,2005,4,CHEVROLET,IMPALA 3.4L V6 SFI,Bas,4D SEDAN,GOLD,AUTO,2.0,Covers,68828,AMERICAN,LARGE,GM,4719.0,5857.0,5597.0,6826.0,4782.0,6179.0,5665.0,7173.0,,,835,85009,AZ,5970.0,0,1703
0,1238371200,MANHEIM,2006,3,FORD,FUSION 4C 2.3L I4 EF,SE,4D SEDAN SE,GREY,AUTO,1.0,Alloy,67664,AMERICAN,MEDIUM,FORD,8964.0,10316.0,10181.0,11641.0,4714.0,6028.0,5591.0,7010.0,,,20740,27542,NC,7100.0,0,728
0,1273622400,MANHEIM,2005,5,FORD,TAURUS,SE,4D SEDAN SE,GREEN,AUTO,1.0,Alloy,74178,AMERICAN,MEDIUM,FORD,3236.0,4458.0,6457.0,7960.0,3178.0,4425.0,6209.0,7846.0,,,23359,92807,CA,4645.0,0,920
0,1235952000,ADESA,2002,7,FORD,TAURUS 3.0L V6 EFI,SES,4D SEDAN SE SVG,BLUE,AUTO,1.0,Alloy,81456,AMERICAN,MEDIUM,FORD,2601.0,3452.0,3309.0,4228.0,2581.0,3412.0,3287.0,4185.0,,,5546,33619,FL,4000.0,0,1283
0,1238457600,ADESA,2007,2,KIA,SPECTRA 2.0L I4 EFI,EX,4D SEDAN EX,SILVER,AUTO,2.0,Covers,43661,OTHER ASIAN,MEDIUM,OTHER,5797.0,6480.0,6761.0,7498.0,4943.0,5617.0,5838.0,6566.0,,,8655,38118,TN,5540.0,0,482
0,1255651200,MANHEIM,2007,2,CHEVROLET,IMPALA 3.5L V6 SFI,LT,4D SEDAN LT 3.5L,SILVER,AUTO,1.0,Alloy,85457,AMERICAN,LARGE,GM,7917.0,9200.0,9050.0,10436.0,7103.0,8077.0,10410.0,11771.0,,,25100,75236,TX,7750.0,0,2152
1,1287446400,MANHEIM,2003,7,CHRYSLER,PT CRUISER,Lim,4D SEDAN LIMITED,PURPLE,AUTO,1.0,Alloy,69341,AMERICAN,MEDIUM,CHRYSLER,3395.0,4218.0,6393.0,7599.0,3352.0,4359.0,6282.0,7344.0,,,19662,77041,TX,5485.0,0,1515
0,1291852800,MANHEIM,2006,4,MAZDA,MAZDA6,i,5D HATCHBACK I,GREY,AUTO,1.0,Alloy,82267,OTHER ASIAN,MEDIUM,OTHER,7464.0,8566.0,11136.0,11924.0,6930.0,8312.0,10298.0,11602.0,,,19638,33619,FL,7450.0,0,1373
0,1270684800,OTHER,2008,2,CHEVROLET,AVEO,LS,4D SEDAN LS,WHITE,AUTO,2.0,Covers,43827,AMERICAN,COMPACT,GM,7023.0,7638.0,9928.0,10625.0,6512.0,7054.0,9800.0,10691.0,,,99761,85284,AZ,6035.0,0,623
0,1242691200,MANHEIM,2005,4,DODGE,STRATUS V6 2.7L V6 M,SXT,4D SEDAN SXT FFV,GREY,AUTO,2.0,Covers,57578,AMERICAN,MEDIUM,CHRYSLER,5569.0,6584.0,6515.0,7611.0,5569.0,6584.0,6515.0,7611.0,,,99750,80011,CO,5300.0,0,1086
0,1235433600,MANHEIM,2002,7,JEEP,WRANGLER 6C 4.0L I-6,X,JEEP X,MAROON,AUTO,1.0,Alloy,63331,AMERICAN,SMALL SUV,CHRYSLER,7711.0,8873.0,8828.0,10083.0,7995.0,9470.0,9135.0,10728.0,,,22916,80022,CO,8080.0,0,1808
0,1274313600,OTHER,2005,5,JEEP,GRAND CHEROKEE 2WD V,Lar,4D WAGON LAREDO,BLACK,AUTO,1.0,Alloy,98200,AMERICAN,MEDIUM SUV,CHRYSLER,8239.0,9591.0,11908.0,13277.0,8050.0,9532.0,11045.0,13662.0,,,3453,80229,CO,7630.0,0,2062
0,1278374400,ADESA,2005,5,FORD,FOCUS,ZX4,4D SEDAN ZX4,GOLD,AUTO,1.0,Alloy,75479,AMERICAN,COMPACT,FORD,3783.0,4844.0,7273.0,8646.0,3905.0,5011.0,7346.0,8526.0,,,22808,78754,TX,5010.0,0,1155
0,1291680000,MANHEIM,2008,2,HONDA,ELEMENT 2WD,LX,4D SPORT UTILITY LX,BLACK,AUTO,2.0,Covers,80273,TOP LINE ASIAN,SMALL SUV,OTHER,14219.0,15194.0,17782.0,18648.0,11223.0,12987.0,14909.0,16840.0,NO,GREEN,52646,21075,MD,9615.0,0,723
0,1286928000,OTHER,2007,3,CHRYSLER,PT CRUISER,Tou,4D SEDAN,SILVER,AUTO,2.0,Covers,76151,AMERICAN,MEDIUM,CHRYSLER,5427.0,6588.0,9185.0,10456.0,6048.0,7149.0,9255.0,10310.0,NO,GREEN,18881,42104,KY,6205.0,0,1389
0,1244764800,MANHEIM,2003,6,INFINITI,G35 3.5L V6 MPI,,4D SEDAN,MAROON,AUTO,1.0,Alloy,89772,OTHER ASIAN,SPECIALTY,OTHER,8225.0,9613.0,9383.0,10882.0,8192.0,9855.0,9347.0,11143.0,,,22916,89165,NV,10330.0,0,1413
0,1265155200,MANHEIM,2007,3,MAZDA,MAZDA3,s,4D SEDAN I,SILVER,AUTO,1.0,Alloy,67472,OTHER ASIAN,MEDIUM,OTHER,9073.0,10537.0,13197.0,14260.0,9694.0,11442.0,13205.0,14481.0,,,18822,78219,TX,7840.0,0,923
0,1292976000,MANHEIM,2003,7,SATURN,VUE 2WD 4C,,4D CUV 2.2L,BLACK,MANUAL,1.0,Alloy,97250,AMERICAN,MEDIUM SUV,GM,2740.0,3570.0,5935.0,7075.0,3231.0,4252.0,6516.0,8656.0,NO,GREEN,8655,75236,TX,4160.0,0,2218
0,1277164800,MANHEIM,2007,3,CHRYSLER,PT CRUISER,Bas,4D SEDAN,WHITE,AUTO,2.0,Covers,66226,AMERICAN,MEDIUM,CHRYSLER,5919.0,6964.0,9186.0,10143.0,5641.0,6764.0,9264.0,10363.0,,,23359,92504,CA,5955.0,0,1215
0,1273708800,MANHEIM,2005,5,VOLKSWAGEN,BEETLE,GL,2D COUPE GL,BLACK,AUTO,2.0,Covers,70252,OTHER,COMPACT,OTHER,6670.0,7578.0,10649.0,11426.0,6375.0,7007.0,9981.0,10617.0,,,18822,39402,MS,6440.0,0,1389
0,1288828800,ADESA,2007,3,CHEVROLET,COBALT,LS,4D SEDAN LS,RED,AUTO,2.0,Covers,58506,AMERICAN,COMPACT,GM,5418.0,6435.0,8515.0,9683.0,4872.0,5828.0,8228.0,9300.0,,,22916,80817,CO,4965.0,0,671
0,1250035200,MANHEIM,2007,2,CHEVROLET,IMPALA V6 3.9L V6 SF,LT,4D SEDAN LT 3.9L,GREY,AUTO,1.0,Alloy,80200,AMERICAN,LARGE,GM,9471.0,11305.0,10729.0,12709.0,10047.0,12162.0,11351.0,13635.0,,,3453,80011,CO,7885.0,0,2152
1,1273795200,OTHER,2003,7,MAZDA,MAZDA6,s,4D SEDAN S,SILVER,AUTO,1.0,Alloy,79923,OTHER ASIAN,MEDIUM,OTHER,4774.0,5981.0,7805.0,8800.0,4949.0,6271.0,8007.0,9078.0,,,20740,29461,SC,7800.0,0,1806
1,1231286400,MANHEIM,2006,3,CHRYSLER,TOWN & COUNTRY 2WD V,Bas,MINIVAN 3.3L,RED,AUTO,1.0,Alloy,88146,AMERICAN,VAN,CHRYSLER,5997.0,7714.0,6977.0,8831.0,5598.0,6867.0,6546.0,7916.0,,,8655,73129,OK,5105.0,0,1763
0,1272499200,MANHEIM,2003,7,JEEP,LIBERTY 2WD V6,Lim,4D SUV LIMITED,GOLD,AUTO,1.0,Alloy,72453,AMERICAN,SMALL SUV,CHRYSLER,6092.0,7463.0,8753.0,10118.0,5743.0,6872.0,8700.0,9713.0,,,23359,92337,CA,7475.0,0,986
0,1248134400,OTHER,2006,3,DODGE,STRATUS V6 2.7L V6 M,SXT,4D SEDAN SXT FFV,BLACK,AUTO,2.0,Covers,73307,AMERICAN,MEDIUM,CHRYSLER,5472.0,6413.0,6410.0,7426.0,5760.0,6783.0,6721.0,7826.0,,,99750,21014,MD,5100.0,0,1389
0,1237161600,MANHEIM,2007,2,PONTIAC,GRAND PRIX 3.8L V6 S,Bas,4D SEDAN,SILVER,AUTO,2.0,Covers,44284,AMERICAN,LARGE,GM,8421.0,9470.0,9595.0,10728.0,8177.0,9306.0,9331.0,10550.0,,,5546,27542,NC,7800.0,0,1328
0,1263427200,MANHEIM,2008,2,DODGE,AVENGER 4C,SE,4D SEDAN SE,WHITE,AUTO,2.0,Covers,43610,AMERICAN,MEDIUM,CHRYSLER,7640.0,8288.0,11382.0,11931.0,7910.0,8503.0,11623.0,12118.0,,,20234,85353,AZ,7650.0,0,834
0,1250553600,MANHEIM,2005,4,PONTIAC,G6 V6 3.5L V6 SFI,Bas,4D SEDAN,GREY,AUTO,1.0,Alloy,75181,AMERICAN,MEDIUM,GM,6632.0,7905.0,7663.0,9037.0,5953.0,7179.0,6929.0,8253.0,,,17212,75050,TX,7440.0,0,1272
0,1237161600,MANHEIM,2004,5,FORD,ESCAPE 2WD V6 3.0L V,XLT,4D CUV 3.0L XLT,SILVER,AUTO,1.0,Alloy,85092,AMERICAN,SMALL SUV,FORD,5165.0,6522.0,6078.0,7544.0,0.0,0.0,0.0,0.0,,,18880,27542,NC,6035.0,0,983
0,1236729600,MANHEIM,2004,5,CHEVROLET,TRAILBLAZER 2WD 6C 4,Nor,4D SUV 4.2L LS,WHITE,AUTO,1.0,Alloy,75816,AMERICAN,MEDIUM SUV,GM,6618.0,7775.0,7647.0,8897.0,7138.0,8323.0,8209.0,9489.0,,,5546,33809,FL,7510.0,0,1155
0,1269561600,OTHER,2005,5,FORD,ESCAPE 2WD V6,XLT,4D CUV 3.0L XLT,WHITE,AUTO,1.0,Alloy,84499,AMERICAN,SMALL SUV,FORD,7049.0,8885.0,10414.0,12135.0,7149.0,8394.0,10638.0,11963.0,,,25100,79605,TX,6895.0,0,983
0,1239235200,MANHEIM,2006,3,FORD,FIVE HUNDRED 3.0L V6,SE,4D SEDAN SE,BLACK,AUTO,1.0,Alloy,63252,AMERICAN,LARGE,FORD,6266.0,7716.0,7267.0,8833.0,6266.0,7716.0,7267.0,8833.0,,,8655,76040,TX,7270.0,0,1313
0,1272499200,ADESA,2005,5,DODGE,DAKOTA PICKUP 2WD V8,SLT,QUAD CAB 4.7L,BLUE,AUTO,1.0,Alloy,84128,AMERICAN,SMALL TRUCK,CHRYSLER,8421.0,10929.0,12720.0,15465.0,7762.0,9499.0,11487.0,13732.0,,,21973,32219,FL,8400.0,0,1633
0,1248739200,MANHEIM,2006,3,DODGE,DURANGO 2WD V8 4.7L,Adv,4D SUV 4.7L ADVENTURER,BLACK,AUTO,1.0,Alloy,77465,AMERICAN,MEDIUM SUV,CHRYSLER,10426.0,12198.0,11760.0,13674.0,9617.0,11481.0,14234.0,16224.0,,,17675,28625,NC,8910.0,0,1389
0,1255996800,MANHEIM,2003,6,DODGE,DURANGO 2WD V8 4.7L,Spo,4D SUV 4.7L,BLUE,AUTO,1.0,Alloy,70757,AMERICAN,MEDIUM SUV,CHRYSLER,4394.0,5622.0,5246.0,6572.0,4245.0,5387.0,5085.0,6318.0,,,23359,92504,CA,5990.0,0,1689
0,1260403200,MANHEIM,2007,2,SATURN,ION,2,4D SEDAN LEVEL 2,WHITE,AUTO,2.0,Covers,65714,AMERICAN,MEDIUM,GM,6213.0,7300.0,9907.0,10600.0,6474.0,7484.0,10609.0,12264.0,,,23359,92337,CA,6260.0,0,728
0,1287619200,OTHER,2007,3,CHEVROLET,IMPALA,LS,4D SEDAN LS,SILVER,AUTO,2.0,Covers,45052,AMERICAN,LARGE,GM,7511.0,8716.0,10629.0,11900.0,7511.0,8785.0,10676.0,12354.0,,,99750,97060,OR,8400.0,0,1328
0,1278374400,MANHEIM,2007,3,KIA,RONDO 4C,EX,4D WAGON,GOLD,AUTO,1.0,Alloy,71648,OTHER ASIAN,CROSSOVER,OTHER,7683.0,8945.0,11158.0,12666.0,7657.0,8811.0,11185.0,12397.0,,,18111,37210,TN,7125.0,0,803
0,1273190400,MANHEIM,2004,6,CHEVROLET,MALIBU V6,LS,4D SEDAN LS,BLUE,AUTO,1.0,Alloy,61598,AMERICAN,MEDIUM,GM,4799.0,6174.0,7883.0,9146.0,4424.0,5518.0,7682.0,8856.0,,,16044,17545,PA,7460.0,0,1118
1,1250640000,ADESA,2003,6,CHEVROLET,IMPALA 3.4L V6 SFI,Bas,4D SEDAN,GOLD,AUTO,,,82187,AMERICAN,LARGE,GM,3228.0,4269.0,3986.0,5111.0,3244.0,4282.0,4004.0,5125.0,,,22808,71119,LA,4785.0,0,2452
0,1288828800,ADESA,2006,4,MAZDA,MAZDA3,i,4D SEDAN I,BLUE,AUTO,2.0,Covers,84077,OTHER ASIAN,MEDIUM,OTHER,6416.0,7782.0,10347.0,11400.0,6576.0,7959.0,10212.0,11555.0,,,17675,28273,NC,6450.0,0,1113
0,1279670400,MANHEIM,2007,3,FORD,MUSTANG V6,Bas,2D COUPE,RED,AUTO,1.0,Alloy,70429,AMERICAN,SPORTS,FORD,11068.0,12771.0,15114.0,16621.0,10594.0,12239.0,14915.0,16117.0,,,20207,78219,TX,9635.0,0,803
0,1270512000,OTHER,2008,2,DODGE,CALIBER,SE,4D WAGON,SILVER,AUTO,2.0,Covers,46157,AMERICAN,MEDIUM,CHRYSLER,7811.0,8258.0,11114.0,11562.0,7678.0,8543.0,11509.0,12387.0,,,99761,74135,OK,7500.0,0,693
0,1287446400,ADESA,2008,2,FORD,FUSION 4C,SE,4D SEDAN SE,WHITE,AUTO,1.0,Alloy,79159,AMERICAN,MEDIUM,FORD,10176.0,11575.0,14291.0,15505.0,10855.0,12317.0,14407.0,15838.0,,,25100,78754,TX,8640.0,0,803
0,1286323200,MANHEIM,2007,3,CHEVROLET,IMPALA,LS,4D SEDAN LS,GREY,AUTO,2.0,Covers,82421,AMERICAN,LARGE,GM,7667.0,8877.0,11125.0,12448.0,6814.0,7885.0,10481.0,11725.0,,,3453,80011,CO,7085.0,0,2152
1,1265587200,OTHER,2004,6,CHEVROLET,COLORADO PICKUP 4WD,LS,CREW CAB 3.5L LS,GOLD,AUTO,1.0,Alloy,87821,AMERICAN,SMALL TRUCK,GM,7950.0,10662.0,12443.0,14724.0,8824.0,10791.0,13195.0,14839.0,,,20234,95673,CA,9105.0,0,1633
0,1252540800,ADESA,2006,3,CHRYSLER,PT CRUISER 2.4L I4 S,Bas,4D SEDAN,BLUE,AUTO,2.0,Covers,53770,AMERICAN,MEDIUM,CHRYSLER,5498.0,6566.0,6438.0,7591.0,4918.0,5811.0,8680.0,9574.0,,,17675,28273,NC,6235.0,0,1086
0,1264636800,MANHEIM,2008,2,CHEVROLET,AVEO,LS,4D WAGON LS,BLUE,AUTO,1.0,Alloy,41830,AMERICAN,COMPACT,GM,5868.0,6281.0,9295.0,9686.0,6211.0,6799.0,9424.0,10305.0,,,18881,30272,GA,5595.0,0,623
0,1248739200,MANHEIM,2005,4,DODGE,STRATUS 4C 2.4L I4 M,SXT,4D SEDAN,GREEN,AUTO,1.0,Alloy,83290,AMERICAN,MEDIUM,CHRYSLER,3963.0,4948.0,4780.0,5844.0,3618.0,5175.0,4407.0,6089.0,,,18880,28625,NC,4975.0,0,1243
0,1234310400,OTHER,2006,3,MITSUBISHI,ENDEAVOR AWD,LS,4D SPORT UTILITY LS,BLUE,AUTO,,,66036,OTHER ASIAN,MEDIUM SUV,OTHER,8637.0,9988.0,9828.0,11287.0,8766.0,10435.0,9967.0,11770.0,,,17675,29697,SC,7500.0,0,825
0,1290038400,MANHEIM,2001,9,FORD,TAURUS,SES,4D SEDAN SE SVG,GOLD,AUTO,1.0,Alloy,100857,AMERICAN,MEDIUM,FORD,2261.0,3049.0,4867.0,5895.0,2140.0,2743.0,4420.0,5255.0,,,52492,29532,SC,3650.0,0,1430
0,1279843200,MANHEIM,2007,3,CHRYSLER,PT CRUISER,Bas,4D SEDAN,SILVER,AUTO,2.0,Covers,71829,AMERICAN,MEDIUM,CHRYSLER,5645.0,6757.0,8960.0,10000.0,5322.0,6486.0,8958.0,10142.0,,,20833,75236,TX,4650.0,0,1389
0,1244073600,MANHEIM,2006,3,TOYOTA,CAMRY 4C 2.4L I4 SFI,Bas,4D SEDAN,SILVER,AUTO,2.0,Covers,74644,TOP LINE ASIAN,MEDIUM,OTHER,10346.0,11736.0,11674.0,13175.0,9802.0,11641.0,11086.0,13072.0,,,19619,33619,FL,9180.0,0,569
0,1235433600,OTHER,2006,3,CHEVROLET,IMPALA 3.5L V6 SFI,LT,4D SEDAN LT 3.5L,SILVER,AUTO,2.0,Covers,75723,AMERICAN,LARGE,GM,7508.0,8876.0,8609.0,10086.0,7104.0,8360.0,8172.0,9529.0,,,8655,35613,AL,7425.0,0,1974
0,1237334400,MANHEIM,2006,3,CHEVROLET,MALIBU V6 3.5L V6 SF,LS,4D SEDAN LS,GREY,AUTO,1.0,Alloy,76647,AMERICAN,MEDIUM,GM,6688.0,7716.0,7723.0,8833.0,6192.0,7127.0,7187.0,8197.0,,,20234,94544,CA,5520.0,0,1272
0,1258502400,OTHER,2006,3,CHEVROLET,TRAILBLAZER EXT 2WD,LS,4D SUV 4.2L LS,MAROON,AUTO,1.0,Alloy,87852,AMERICAN,MEDIUM SUV,GM,9383.0,11753.0,10634.0,13193.0,10159.0,12463.0,14861.0,17416.0,,,5546,35004,AL,8500.0,0,1243
0,1288656000,MANHEIM,2004,6,OLDSMOBILE,SILHOUETTE,GL,4D MINIVAN EXT 3.4L,GOLD,AUTO,3.0,Special,96740,AMERICAN,VAN,GM,2810.0,4557.0,6026.0,7958.0,3728.0,5005.0,7160.0,8397.0,,,5546,34761,FL,4710.0,0,5613
0,1246406400,OTHER,2001,8,CHEVROLET,TAHOE 2WD 5.3L V8 SF,Bas,4D SUV 5.3L,MAROON,AUTO,1.0,Alloy,80429,AMERICAN,LARGE SUV,GM,5719.0,6928.0,6677.0,7982.0,5719.0,6928.0,6677.0,7982.0,,,17212,75020,TX,9400.0,0,2063
0,1291161600,MANHEIM,2007,3,CHRYSLER,SEBRING 4C,Tou,4D SEDAN TOURING,WHITE,AUTO,1.0,Alloy,58315,AMERICAN,MEDIUM,CHRYSLER,7502.0,8827.0,11339.0,13026.0,7637.0,8853.0,11327.0,12740.0,,,20928,32824,FL,8350.0,0,920
0,1234224000,OTHER,2007,2,CHEVROLET,IMPALA 3.5L V6 SFI,LS,4D SEDAN LS,SILVER,AUTO,2.0,Covers,84351,AMERICAN,LARGE,GM,7663.0,8859.0,8776.0,10068.0,7995.0,9163.0,9135.0,10396.0,,,21053,95673,CA,6835.0,0,2152
0,1245110400,MANHEIM,2007,2,CHEVROLET,UPLANDER FWD V6 3.9L,LS,PASSENGER EXT 3.9L LS,MAROON,AUTO,2.0,Covers,78816,AMERICAN,VAN,GM,7087.0,8228.0,8154.0,9386.0,7087.0,8228.0,8154.0,9386.0,,,99750,80011,CO,7000.0,0,2091
0,1264464000,MANHEIM,2004,6,PONTIAC,GRAND AM V6,SE,4D SEDAN SE1,GREY,AUTO,1.0,Alloy,79116,AMERICAN,MEDIUM,GM,3296.0,4279.0,6857.0,7801.0,3600.0,4485.0,6317.0,7192.0,,,835,85040,AZ,4040.0,0,2208
0,1274832000,MANHEIM,2004,6,HONDA,CIVIC,EX,4D SEDAN EX 5SP,SILVER,AUTO,2.0,Covers,76396,TOP LINE ASIAN,COMPACT,OTHER,5259.0,6365.0,8636.0,9513.0,5917.0,6961.0,9140.0,10038.0,,,19619,32824,FL,6550.0,0,686
0,1253664000,MANHEIM,2006,3,FORD,FIVE HUNDRED 3.0L V6,SE,4D SEDAN SE,RED,AUTO,1.0,Alloy,82548,AMERICAN,LARGE,FORD,6741.0,8515.0,7780.0,9696.0,6130.0,7006.0,7120.0,8066.0,,,23359,92807,CA,6810.0,0,1633
0,1257811200,MANHEIM,2003,6,TOYOTA,TACOMA PICKUP 2WD V6,Pre,EXT CAB 3.4L PRERUNNER SR5,SILVER,AUTO,1.0,Alloy,96895,TOP LINE ASIAN,SMALL TRUCK,OTHER,10210.0,12085.0,11527.0,13552.0,9428.0,11247.0,13075.0,14521.0,,,22916,80022,CO,10950.0,0,1353
0,1259798400,MANHEIM,2005,4,BUICK,RENDEZVOUS FWD,CX,4D SUV CX,GREY,AUTO,1.0,Alloy,64147,AMERICAN,MEDIUM SUV,GM,6549.0,8368.0,7573.0,9537.0,6521.0,8123.0,10284.0,11859.0,,,18880,29532,SC,7870.0,0,3115
0,1260403200,ADESA,2007,2,SUZUKI,RENO,,4D SEDAN,SILVER,AUTO,2.0,Covers,71697,OTHER ASIAN,COMPACT,OTHER,5183.0,6053.0,8481.0,9415.0,5366.0,6225.0,8514.0,9102.0,,,5546,28273,NC,4825.0,0,569
1,1235520000,OTHER,2004,5,MERCURY,SABLE 3.0L V6 4V /EF,LS,4D SEDAN LS PREMIUM,SILVER,AUTO,1.0,Alloy,96094,AMERICAN,MEDIUM,FORD,3932.0,5123.0,4747.0,6033.0,5553.0,6729.0,6497.0,7767.0,,,835,85009,AZ,4160.0,0,1053
0,1291766400,MANHEIM,2006,4,FORD,FUSION 4C,S,4D SEDAN S,GREY,AUTO,2.0,Covers,45454,AMERICAN,MEDIUM,FORD,6127.0,7493.0,9692.0,11226.0,6551.0,8119.0,9738.0,11684.0,NO,GREEN,25100,78219,TX,8140.0,0,623
0,1278374400,MANHEIM,2007,3,CHRYSLER,TOWN & COUNTRY 2WD V,LX,MINIVAN 3.3L,BLUE,AUTO,2.0,Covers,89885,AMERICAN,VAN,CHRYSLER,7671.0,9561.0,11673.0,12979.0,7316.0,9106.0,11120.0,13039.0,,,835,85040,AZ,6100.0,0,1763
0,1251244800,OTHER,2006,3,CHRYSLER,SEBRING 4C 2.4L I4 S,Bas,4D SEDAN,BLACK,AUTO,2.0,Covers,70114,AMERICAN,MEDIUM,CHRYSLER,4582.0,5786.0,5449.0,6749.0,4617.0,5725.0,5486.0,6683.0,,,18880,29697,SC,5400.0,0,1155
0,1245283200,MANHEIM,2006,3,DODGE,STRATUS V6 2.7L V6 M,SXT,4D SEDAN SXT FFV,SILVER,AUTO,2.0,Covers,54254,AMERICAN,MEDIUM,CHRYSLER,5480.0,6461.0,6418.0,7478.0,5480.0,6461.0,6418.0,7478.0,,,99750,76040,TX,5900.0,0,1086
0,1271721600,OTHER,2008,2,DODGE,AVENGER 4C,SE,4D SEDAN,GOLD,AUTO,2.0,Covers,54074,AMERICAN,MEDIUM,CHRYSLER,8949.0,9677.0,12945.0,13324.0,7661.0,8808.0,11624.0,12885.0,,,99761,74135,OK,9000.0,0,920
0,1274140800,MANHEIM,2008,2,PONTIAC,G6 4C,Bas,4D SEDAN SE,BLUE,AUTO,2.0,Covers,59881,AMERICAN,MEDIUM,GM,8665.0,9790.0,12063.0,13630.0,8411.0,9471.0,12546.0,13669.0,,,835,85040,AZ,8940.0,0,837
0,1233619200,MANHEIM,2004,5,DODGE,CARAVAN FWD 4C 2.4L,SE,MINIVAN 2.4L SE,WHITE,AUTO,2.0,Covers,75080,AMERICAN,VAN,CHRYSLER,2840.0,3273.0,3567.0,4035.0,3117.0,4007.0,3866.0,4828.0,,,19638,34761,FL,4645.0,0,1623
0,1270512000,OTHER,2008,2,DODGE,CALIBER,SE,4D WAGON,ORANGE,AUTO,2.0,Covers,49089,AMERICAN,MEDIUM,CHRYSLER,7811.0,8258.0,11114.0,11562.0,7907.0,8791.0,11515.0,12347.0,,,99761,74135,OK,7500.0,0,693
0,1249344000,OTHER,2008,1,CHRYSLER,SEBRING 4C 2.4L I4 E,LX,4D SEDAN,BLACK,AUTO,1.0,Alloy,48263,AMERICAN,MEDIUM,CHRYSLER,7960.0,8466.0,9097.0,9643.0,,,,,,,99761,74135,OK,7600.0,0,834
0,1257897600,ADESA,2006,3,DODGE,DURANGO 4WD V8,Adv,4D SUV 4.7L,RED,AUTO,1.0,Alloy,86616,AMERICAN,MEDIUM SUV,CHRYSLER,10920.0,13171.0,12294.0,14725.0,11380.0,13112.0,15202.0,16829.0,,,21053,85226,AZ,9795.0,0,1763
0,1248307200,MANHEIM,2006,3,MITSUBISHI,ENDEAVOR AWD 3.8L V6,LS,4D SPORT UTILITY LS,GREY,AUTO,1.0,Alloy,71736,OTHER ASIAN,MEDIUM SUV,OTHER,8946.0,10145.0,10162.0,11457.0,8250.0,9248.0,9410.0,10488.0,,,18880,29532,SC,7670.0,0,920
0,1291766400,MANHEIM,2007,3,CHEVROLET,IMPALA,LS,4D SEDAN LS,SILVER,AUTO,2.0,Covers,85302,AMERICAN,LARGE,GM,7388.0,8576.0,10596.0,12076.0,7532.0,8862.0,11226.0,12617.0,,,23359,92807,CA,7945.0,0,2152
0,1254787200,MANHEIM,2006,3,PONTIAC,GRAND PRIX 3.8L V6 S,Bas,4D SEDAN,WHITE,AUTO,2.0,Covers,78613,AMERICAN,LARGE,GM,6492.0,8143.0,7511.0,9294.0,5930.0,7423.0,10022.0,11477.0,,,17675,28625,NC,6945.0,0,1974
0,1269388800,MANHEIM,2007,3,CHRYSLER,PT CRUISER,Bas,4D SEDAN,SILVER,AUTO,2.0,Covers,65411,AMERICAN,MEDIUM,CHRYSLER,6312.0,7312.0,9453.0,10617.0,5771.0,6786.0,9123.0,10076.0,,,1235,80011,CO,5940.0,1,1215
0,1280188800,MANHEIM,2002,8,CHEVROLET,TRACKER 2WD 4C,Bas,4D SUV HARDTOP 2.0L,RED,AUTO,1.0,Alloy,55074,AMERICAN,SMALL SUV,GM,3013.0,4327.0,5319.0,6664.0,3301.0,3784.0,5733.0,6162.0,,,52598,28625,NC,5465.0,0,1054
0,1278460800,MANHEIM,2005,5,VOLKSWAGEN,JETTA 5C,Bas,4D SEDAN 2.5L GLS,WHITE,AUTO,1.0,Alloy,78759,OTHER,SPECIALTY,OTHER,6850.0,8363.0,10158.0,11837.0,7193.0,8751.0,11250.0,13653.0,,,23657,92807,CA,8045.0,0,1272
0,1279584000,OTHER,2002,8,CHEVROLET,VENTURE FWD V6,LS,PASSENGER 3.4L,WHITE,AUTO,2.0,Covers,65059,AMERICAN,VAN,GM,3205.0,4649.0,6123.0,7401.0,1565.0,2402.0,4504.0,5236.0,,,99750,21014,MD,5100.0,0,4210
0,1267574400,MANHEIM,2005,5,DODGE,NEON,SXT,4D SEDAN,SILVER,AUTO,1.0,Alloy,76522,AMERICAN,COMPACT,CHRYSLER,3748.0,4758.0,6731.0,7929.0,3092.0,4102.0,6412.0,7587.0,,,20928,32824,FL,4700.0,0,686
0,1242950400,OTHER,2008,1,DODGE,AVENGER 4C 2.4L I4 S,SE,4D SEDAN,RED,AUTO,2.0,Covers,49616,AMERICAN,MEDIUM,CHRYSLER,8196.0,9044.0,9352.0,10268.0,8196.0,9044.0,9352.0,10268.0,,,99761,27407,NC,8200.0,0,834
0,1282262400,MANHEIM,2005,5,DODGE,STRATUS V6,SXT,4D SEDAN SXT FFV,BLUE,AUTO,2.0,Covers,35436,AMERICAN,MEDIUM,CHRYSLER,5896.0,7076.0,9385.0,10204.0,6160.0,7404.0,9513.0,10307.0,,,99750,85040,AZ,6000.0,0,882
0,1269216000,ADESA,2005,5,HYUNDAI,ACCENT,GLS,4D SEDAN GLS,WHITE,AUTO,2.0,Covers,73726,OTHER ASIAN,COMPACT,OTHER,3295.0,4183.0,6362.0,7066.0,2946.0,4098.0,6044.0,7087.0,,,5546,33619,FL,4100.0,0,920
0,1235433600,MANHEIM,2005,4,DODGE,MAGNUM V6 2.7L V6 MP,SE,WAGON 2.7L,SILVER,AUTO,2.0,Covers,65599,AMERICAN,SPECIALTY,CHRYSLER,6695.0,7757.0,7731.0,8878.0,6586.0,7649.0,7613.0,8761.0,,,3453,80022,CO,7205.0,0,1215
0,1277078400,OTHER,2005,5,HYUNDAI,ELANTRA,GLS,4D SEDAN,WHITE,MANUAL,2.0,Covers,41998,OTHER ASIAN,MEDIUM,OTHER,3996.0,4935.0,7318.0,8189.0,3925.0,4935.0,7336.0,8176.0,,,5546,26431,WV,,0,482
0,1266364800,ADESA,2006,4,DODGE,CARAVAN GRAND FWD V6,Bas,MINIVAN 3.3L,SILVER,AUTO,2.0,Covers,80802,AMERICAN,VAN,CHRYSLER,6161.0,7746.0,10488.0,11962.0,6925.0,8470.0,10783.0,12146.0,,,20740,17406,PA,6130.0,0,1763
0,1274659200,OTHER,2009,1,DODGE,AVENGER 4C,SE,4D SEDAN SE,SILVER,AUTO,2.0,Covers,42148,AMERICAN,MEDIUM,CHRYSLER,9835.0,10479.0,13897.0,14762.0,9716.0,10321.0,13495.0,13949.0,,,99761,74135,OK,9400.0,0,834
0,1270598400,MANHEIM,2003,7,CHRYSLER,PT CRUISER,Lim,4D SEDAN LIMITED,SILVER,AUTO,1.0,Alloy,87250,AMERICAN,MEDIUM,CHRYSLER,3837.0,4722.0,6437.0,7520.0,3970.0,4824.0,7134.0,8153.0,,,22808,75236,TX,3910.0,0,1803
0,1267660800,OTHER,2006,4,CHEVROLET,MALIBU V6,LS,4D SEDAN LS,BLUE,AUTO,2.0,Covers,79853,AMERICAN,MEDIUM,GM,6363.0,7252.0,9538.0,10519.0,5827.0,7008.0,8839.0,10196.0,,,3453,80229,CO,6675.0,0,1272
0,1270684800,OTHER,2008,2,CHEVROLET,MALIBU 4C,LS,4D SEDAN LS CLASSIC,WHITE,AUTO,2.0,Covers,76435,AMERICAN,MEDIUM,GM,8615.0,9605.0,12582.0,13527.0,7581.0,8644.0,11905.0,12926.0,,,20833,73108,OK,7435.0,0,1038
0,1252972800,OTHER,2008,1,DODGE,AVENGER 4C 2.4L I4 S,SE,4D SEDAN SE,SILVER,AUTO,1.0,Alloy,42175,AMERICAN,MEDIUM,CHRYSLER,8817.0,9587.0,10022.0,10854.0,7440.0,8125.0,11452.0,12105.0,,,99761,91763,CA,8550.0,0,834
0,1279238400,OTHER,2006,4,CHEVROLET,MALIBU V6,LS,4D SEDAN LS,RED,AUTO,2.0,Covers,77467,AMERICAN,MEDIUM,GM,6678.0,8257.0,10651.0,12404.0,6510.0,7834.0,10237.0,11384.0,,,20740,29461,SC,7300.0,0,1272
0,1236902400,OTHER,2008,1,MERCURY,SABLE,Bas,4D SEDAN,BLACK,AUTO,1.0,Alloy,80345,AMERICAN,MEDIUM,FORD,13681.0,14401.0,15275.0,16053.0,14167.0,14997.0,15800.0,16697.0,,,20740,29461,SC,8400.0,0,983
0,1274227200,OTHER,2008,2,JEEP,PATRIOT 4WD 4C,Spo,4D SUV,BLACK,AUTO,2.0,Covers,59191,AMERICAN,SMALL SUV,CHRYSLER,9964.0,11569.0,15470.0,16426.0,11206.0,12972.0,15593.0,17435.0,,,99761,90045,CA,8900.0,0,1169
0,1243900800,OTHER,2006,3,DODGE,STRATUS V6 2.7L V6 M,SXT,4D SEDAN SXT FFV,GREEN,AUTO,2.0,Covers,81909,AMERICAN,MEDIUM,CHRYSLER,5480.0,6461.0,6418.0,7478.0,5480.0,6461.0,6418.0,7478.0,,,18880,29070,SC,3900.0,0,1503
0,1291248000,MANHEIM,2002,8,MERCURY,SABLE,GS,4D SEDAN GS,GOLD,AUTO,2.0,Covers,62131,AMERICAN,MEDIUM,FORD,2443.0,3455.0,5328.0,6476.0,2348.0,3359.0,5070.0,7254.0,NO,GREEN,19619,33619,FL,5235.0,0,1125
0,1269475200,OTHER,2008,2,CHEVROLET,MALIBU 4C,LS,4D SEDAN LS,BLUE,AUTO,2.0,Covers,81461,AMERICAN,MEDIUM,GM,10838.0,11797.0,14186.0,15203.0,9934.0,10950.0,14006.0,14946.0,,,17212,73108,OK,9735.0,0,1113
1,1231891200,ADESA,2003,6,DODGE,DURANGO 2WD V8 4.7L,Spo,4D SUV 4.7L,WHITE,AUTO,1.0,Alloy,78164,AMERICAN,MEDIUM SUV,CHRYSLER,3782.0,4881.0,4585.0,5771.0,3380.0,4531.0,4150.0,5393.0,,,21053,85226,AZ,5430.0,0,1689
0,1276819200,ADESA,2004,6,FORD,EXPLORER 2WD V6,XLS,4D SUV 4.0L SPORT TRAC,GOLD,AUTO,1.0,Alloy,71194,AMERICAN,MEDIUM SUV,FORD,7880.0,9348.0,11673.0,13424.0,7129.0,8245.0,11072.0,12395.0,,,16926,91752,CA,9085.0,0,1155
0,1283472000,OTHER,2003,7,CADILLAC,CTS,,4D SEDAN,SILVER,AUTO,1.0,Alloy,66359,AMERICAN,SPECIALTY,GM,6888.0,8440.0,10658.0,12355.0,6237.0,7666.0,9817.0,12278.0,,,20740,29461,SC,9400.0,0,1711
0,1263340800,OTHER,2004,6,CHRYSLER,SEBRING 4C,LX,4D SEDAN,SILVER,AUTO,2.0,Covers,57388,AMERICAN,MEDIUM,CHRYSLER,3233.0,4213.0,6389.0,7377.0,3278.0,4321.0,6532.0,8611.0,,,17675,27407,NC,5500.0,0,920
0,1278979200,MANHEIM,2006,4,DODGE,CHARGER,Bas,4D SEDAN,GREY,AUTO,2.0,Covers,59861,AMERICAN,SPECIALTY,CHRYSLER,8854.0,10316.0,12561.0,14140.0,8309.0,9791.0,12339.0,13938.0,,,20740,19440,PA,9905.0,0,1086
1,1279065600,OTHER,2005,5,KIA,OPTIMA 4C,EX,4D SEDAN EX,BLUE,AUTO,2.0,Covers,67185,OTHER ASIAN,MEDIUM,OTHER,3775.0,4802.0,7350.0,8563.0,2822.0,4012.0,5695.0,6983.0,NO,GREEN,18880,29697,SC,5600.0,0,728
0,1274745600,ADESA,2006,4,DODGE,CARAVAN FWD V6,SE,MINIVAN 3.3L,SILVER,AUTO,2.0,Covers,71305,AMERICAN,VAN,CHRYSLER,6124.0,7816.0,9615.0,11309.0,4926.0,6259.0,8751.0,10208.0,,,22808,78754,TX,6285.0,0,1623
1,1255564800,OTHER,2006,3,NISSAN,SENTRA 1.8L I4 EFI,Bas,4D SEDAN 1.8,RED,AUTO,1.0,Alloy,88009,TOP LINE ASIAN,COMPACT,OTHER,6268.0,7770.0,7269.0,8892.0,5983.0,7244.0,9333.0,10382.0,,,20207,73108,OK,6520.0,0,594
0,1246320000,MANHEIM,2006,3,DODGE,MAGNUM V6 2.7L V6 MP,SE,WAGON 2.7L,WHITE,AUTO,2.0,Covers,78790,AMERICAN,SPECIALTY,CHRYSLER,7500.0,8740.0,8600.0,9939.0,7500.0,8740.0,8600.0,9939.0,,,20207,75050,TX,7440.0,0,1389
0,1291766400,MANHEIM,2001,9,NISSAN,ALTIMA,GXE,4D SEDAN GXE,BROWN,AUTO,2.0,Covers,67685,TOP LINE ASIAN,MEDIUM,OTHER,2612.0,3316.0,5365.0,6476.0,2821.0,3765.0,5119.0,6327.0,NO,GREEN,53245,78219,TX,3335.0,0,930
0,1290384000,MANHEIM,2008,2,DODGE,AVENGER 4C,SE,4D SEDAN,SILVER,AUTO,3.0,Special,34197,AMERICAN,MEDIUM,CHRYSLER,7786.0,8775.0,11476.0,12324.0,8134.0,9170.0,11840.0,12941.0,,,19638,33619,FL,9150.0,0,762
0,1265760000,OTHER,2006,4,CHEVROLET,COBALT,LS,2D COUPE,WHITE,MANUAL,2.0,Covers,42508,AMERICAN,COMPACT,GM,5048.0,6286.0,8763.0,9976.0,5078.0,5916.0,8367.0,9416.0,,,5546,35004,AL,5700.0,0,623
0,1285200000,MANHEIM,2005,5,FORD,TAURUS,SE,4D SEDAN SE FFV,BEIGE,AUTO,1.0,Alloy,92155,AMERICAN,MEDIUM,FORD,3966.0,5492.0,7325.0,9667.0,3689.0,4997.0,6780.0,8392.0,,,52492,29532,SC,5470.0,0,1053
0,1252886400,MANHEIM,2003,6,FORD,WINDSTAR FWD V6 3.8L,SEL,4D PASSENGER 3.8L SEL,BLUE,AUTO,1.0,Alloy,99084,AMERICAN,VAN,FORD,4130.0,5607.0,4960.0,6556.0,3619.0,4717.0,6977.0,8102.0,,,18880,27542,NC,3500.0,0,2506
0,1238025600,MANHEIM,2005,4,KIA,SPECTRA 2.0L I4 EFI,EX,4D SEDAN EX,BLACK,AUTO,1.0,Alloy,51727,OTHER ASIAN,MEDIUM,OTHER,4402.0,5416.0,5254.0,6349.0,3466.0,4384.0,4243.0,5235.0,,,19638,76040,TX,5225.0,0,505
0,1254873600,MANHEIM,2005,4,PONTIAC,GRAND PRIX 3.8L V6 S,Bas,4D SEDAN,GREY,AUTO,2.0,Covers,87060,AMERICAN,LARGE,GM,5481.0,6997.0,6419.0,8057.0,5033.0,6288.0,8296.0,9623.0,,,3453,80011,CO,6255.0,0,2152
0,1264550400,OTHER,2007,3,CHEVROLET,MALIBU 4C,LS,4D SEDAN LS,GREY,AUTO,2.0,Covers,66846,AMERICAN,MEDIUM,GM,6526.0,7876.0,10078.0,11623.0,7202.0,8348.0,10847.0,12045.0,,,18111,29697,SC,6700.0,0,923
0,1259884800,MANHEIM,2004,5,FORD,EXPEDITION 2WD V8,XLT,4D SUV 4.6L XLT,BLACK,AUTO,1.0,Alloy,65067,AMERICAN,LARGE SUV,FORD,7800.0,9326.0,11699.0,13803.0,7897.0,9493.0,12034.0,14416.0,,,22916,89165,NV,9230.0,0,923
0,1290470400,MANHEIM,2008,2,FORD,EDGE FWD V6,SE,4D CROSSOVER SE,BLACK,AUTO,1.0,Alloy,84927,AMERICAN,CROSSOVER,FORD,15173.0,16841.0,19636.0,21484.0,15527.0,17381.0,19290.0,20811.0,,,16044,19440,PA,11205.0,0,1633
0,1284595200,ADESA,2005,5,FORD,F150 PICKUP 2WD V6,STX,REG CAB 4.2L STX,RED,MANUAL,1.0,Alloy,80516,AMERICAN,LARGE TRUCK,FORD,7907.0,9977.0,11807.0,14076.0,6866.0,8014.0,10596.0,12364.0,,,52598,28273,NC,7155.0,0,594
0,1246406400,ADESA,2003,6,DODGE,1500 RAM PICKUP 2WD,ST,REG CAB 3.7L ST,SILVER,MANUAL,2.0,Covers,78975,AMERICAN,LARGE TRUCK,CHRYSLER,3898.0,5009.0,4710.0,5910.0,3946.0,5117.0,4762.0,6026.0,,,21053,85226,AZ,5450.0,0,869
0,1234828800,OTHER,2005,4,CHEVROLET,COBALT 2.2L I4 MPI,LS,2D COUPE,BLUE,AUTO,2.0,Covers,65241,AMERICAN,COMPACT,GM,4784.0,5658.0,5667.0,6611.0,5023.0,6100.0,5925.0,7088.0,,,3453,84104,UT,4850.0,0,728
1,1270684800,OTHER,2002,8,HONDA,ACCORD V6,EX,4D SEDAN EX AUTO,GOLD,AUTO,1.0,Alloy,86840,TOP LINE ASIAN,MEDIUM,OTHER,5308.0,6618.0,8419.0,9698.0,5442.0,6951.0,8646.0,10305.0,,,3453,83716,ID,7175.0,0,1543
0,1245283200,OTHER,2007,2,CHRYSLER,PACIFICA FWD 4.0L V6,Tou,4D SPORT TOURING,SILVER,AUTO,1.0,Alloy,83203,AMERICAN,CROSSOVER,CHRYSLER,13321.0,15209.0,14887.0,16926.0,13321.0,15209.0,14887.0,16926.0,,,17212,75020,TX,8100.0,0,1503
1,1266969600,ADESA,2006,4,PONTIAC,GRAND PRIX,GT,4D SEDAN GT,GOLD,AUTO,1.0,Alloy,78259,AMERICAN,LARGE,GM,7466.0,9043.0,11012.0,12533.0,8035.0,9611.0,11609.0,13205.0,,,25100,71119,LA,7580.0,0,2208
0,1274918400,MANHEIM,2007,3,FORD,TAURUS,SE,4D SEDAN SE,BLUE,AUTO,2.0,Covers,87815,AMERICAN,MEDIUM,FORD,5722.0,7022.0,8974.0,10340.0,5309.0,6796.0,8786.0,10347.0,,,1231,89120,NV,5385.0,1,983
0,1256601600,ADESA,2006,3,DODGE,CHARGER 2.7L V6 MPI,Bas,4D SEDAN,SILVER,AUTO,2.0,Covers,70385,AMERICAN,SPECIALTY,CHRYSLER,8790.0,10313.0,9993.0,11638.0,8365.0,9788.0,13313.0,14838.0,,,1231,50111,IA,9325.0,1,1389
1,1253664000,MANHEIM,2006,3,CHEVROLET,UPLANDER FWD V6 3.5L,LT,PASSENGER EXT 3.5L LT,MAROON,AUTO,1.0,Alloy,70004,AMERICAN,VAN,GM,7605.0,9394.0,8713.0,10646.0,7855.0,9471.0,8983.0,10729.0,,,99740,84087,UT,7310.0,0,2091
0,1250121600,MANHEIM,2005,4,ISUZU,ASCENDER 2WD 6C 4.2L,Lux,SPORT UTILITY,GREEN,AUTO,1.0,Alloy,64703,OTHER ASIAN,MEDIUM SUV,OTHER,8579.0,9960.0,9765.0,11257.0,6973.0,8827.0,10565.0,12019.0,,,18881,29532,SC,7170.0,0,1020
1,1271203200,MANHEIM,2006,4,DODGE,CARAVAN FWD V6,SXT,MINIVAN 3.3L SPORT,BLACK,AUTO,1.0,Alloy,62202,AMERICAN,VAN,CHRYSLER,6457.0,7577.0,9902.0,11012.0,6044.0,7615.0,9884.0,11131.0,,,18822,78219,TX,6925.0,0,1411
0,1237334400,ADESA,2005,4,DODGE,DURANGO 2WD V8 4.7L,SLT,4D SUV 4.7L SLT,BEIGE,AUTO,1.0,Alloy,85721,AMERICAN,MEDIUM SUV,CHRYSLER,8687.0,10005.0,9882.0,11305.0,8879.0,10395.0,10089.0,11727.0,,,18111,30212,GA,7150.0,0,1503
0,1289865600,MANHEIM,2006,4,CHRYSLER,PT CRUISER,Bas,4D SEDAN,WHITE,AUTO,2.0,Covers,68435,AMERICAN,MEDIUM,CHRYSLER,4279.0,5142.0,7811.0,8609.0,4501.0,5553.0,7625.0,9044.0,,,20928,34761,FL,6035.0,0,1215
0,1250640000,MANHEIM,2005,4,CHEVROLET,MALIBU 4C 2.2L I4 MP,Bas,4D SEDAN,SILVER,AUTO,2.0,Covers,84120,AMERICAN,MEDIUM,GM,5063.0,6564.0,5968.0,7589.0,4541.0,5689.0,8019.0,9728.0,,,20740,22801,VA,6210.0,0,1113
0,1266537600,ADESA,2004,6,CHEVROLET,MALIBU 4C,Cla,4D SEDAN CLASSIC,GOLD,AUTO,1.0,Alloy,77285,AMERICAN,MEDIUM,GM,3192.0,4330.0,7979.0,10824.0,3460.0,4508.0,7983.0,10401.0,,,23359,91752,CA,4260.0,0,1155
0,1247097600,ADESA,2005,4,TOYOTA,COROLLA 1.8L I4 EFI,CE,4D SEDAN CE,WHITE,AUTO,1.0,Alloy,82254,TOP LINE ASIAN,COMPACT,OTHER,7208.0,8414.0,8285.0,9587.0,7208.0,8414.0,8285.0,9587.0,,,22916,80817,CO,6740.0,0,594
1,1287532800,MANHEIM,2005,5,FORD,FOCUS,ZX4,4D SEDAN ZX4,WHITE,AUTO,1.0,Alloy,79517,AMERICAN,COMPACT,FORD,3138.0,3994.0,6076.0,7081.0,3316.0,4252.0,6100.0,7184.0,,,21973,32824,FL,5950.0,0,1155
0,1287619200,MANHEIM,2008,2,FORD,ESCAPE 2WD V6,XLT,4D CUV 3.0L XLT,RED,AUTO,1.0,Alloy,96025,AMERICAN,SMALL SUV,FORD,12450.0,14355.0,16860.0,18788.0,12467.0,15087.0,15855.0,18451.0,,,22808,60443,IL,8875.0,0,1053
0,1266278400,OTHER,2006,4,CHEVROLET,UPLANDER FWD V6,LS,PASSENGER EXT 3.5L,GREEN,AUTO,2.0,Covers,79369,AMERICAN,VAN,GM,5286.0,6593.0,8463.0,10501.0,6542.0,8868.0,10360.0,13152.0,,,3453,84104,UT,6160.0,0,2091
0,1287532800,MANHEIM,2006,4,CHRYSLER,PACIFICA FWD,Bas,4D SPORT,SILVER,AUTO,2.0,Covers,80962,AMERICAN,CROSSOVER,CHRYSLER,7058.0,8065.0,10976.0,11852.0,6514.0,8137.0,10197.0,11957.0,,,17212,64161,MO,7870.0,0,1503
0,1291852800,OTHER,2007,3,CHEVROLET,HHR,LS,4D SUV 2.2L LS,WHITE,AUTO,2.0,Covers,79257,AMERICAN,MEDIUM,GM,6193.0,7227.0,9396.0,10821.0,6555.0,7758.0,9946.0,11206.0,NO,GREEN,22808,73108,OK,6790.0,0,803
0,1284508800,OTHER,2007,3,KIA,SPECTRA,EX,4D SEDAN EX,BLUE,AUTO,2.0,Covers,48751,OTHER ASIAN,MEDIUM,OTHER,5475.0,6610.0,8976.0,9815.0,5094.0,6043.0,8440.0,9256.0,,,18880,29697,SC,5600.0,0,482
0,1291939200,OTHER,2008,2,CHEVROLET,IMPALA V6,LS,4D SEDAN LS 3.5L FFV,GREY,AUTO,2.0,Covers,91773,AMERICAN,LARGE,GM,7734.0,8609.0,11542.0,12501.0,7737.0,8893.0,11957.0,13225.0,,,23657,97060,OR,6865.0,0,2351
0,1263340800,MANHEIM,2007,3,CHRYSLER,TOWN & COUNTRY 2WD V,LX,MINIVAN 3.3L LX,BLACK,AUTO,2.0,Covers,63641,AMERICAN,VAN,CHRYSLER,5844.0,7083.0,9099.0,11111.0,8562.0,10424.0,11548.0,13581.0,,,17212,75236,TX,7240.0,0,1411
0,1233100800,OTHER,2004,5,CHEVROLET,TRAILBLAZER 4WD 6C 4,Nor,4D SUV 4.2L LS,RED,AUTO,1.0,Alloy,84459,AMERICAN,MEDIUM SUV,GM,6019.0,7369.0,7001.0,8459.0,6356.0,7956.0,7364.0,9092.0,,,20833,38118,TN,6610.0,0,2152
0,1289260800,ADESA,2008,2,FORD,FUSION 4C,S,4D SEDAN S,BLACK,AUTO,2.0,Covers,79518,AMERICAN,MEDIUM,FORD,9022.0,10387.0,13143.0,14674.0,8926.0,10405.0,13026.0,14359.0,,,52117,45005,OH,8255.0,0,803
0,1268179200,MANHEIM,2006,4,FORD,FREESTAR FWD V6,SE,PASSENGER 3.9L LX,GREEN,AUTO,2.0,Covers,81600,AMERICAN,VAN,FORD,6588.0,7741.0,10326.0,11810.0,5528.0,7804.0,8795.0,11318.0,,,23359,92807,CA,6410.0,0,1633
0,1255651200,MANHEIM,2005,4,SCION,XB 1.5L I4 EFI,Bas,4D WAGON,BLACK,AUTO,1.0,Alloy,75097,OTHER ASIAN,MEDIUM,OTHER,6646.0,7952.0,7678.0,9088.0,5896.0,7119.0,9389.0,10524.0,,,20928,33314,FL,7950.0,0,569
0,1274918400,MANHEIM,2006,4,KIA,SEDONA,EX,4D WAGON LX,BLUE,AUTO,1.0,Alloy,81953,OTHER ASIAN,VAN,OTHER,7578.0,8993.0,11742.0,12992.0,6864.0,9150.0,11283.0,13548.0,,,8655,76040,TX,5725.0,0,1503
0,1232496000,MANHEIM,2004,5,CHRYSLER,TOWN & COUNTRY FWD V,LX,MINIVAN 3.3L LX,WHITE,AUTO,2.0,Covers,80366,AMERICAN,VAN,CHRYSLER,3924.0,5194.0,4738.0,6110.0,4430.0,5371.0,5284.0,6301.0,,,18822,78219,TX,4935.0,0,1763
1,1276732800,OTHER,2005,5,CHEVROLET,MALIBU MAXX V6,LS,4D SEDAN LS,GREY,AUTO,,,70547,AMERICAN,MEDIUM,GM,5143.0,6448.0,8154.0,9404.0,5288.0,6543.0,8352.0,9364.0,,,8655,77073,TX,7025.0,0,1272
0,1250208000,OTHER,2006,3,DODGE,CHARGER 3.5L V6 EFI,Bas,4D SEDAN,BLACK,AUTO,2.0,Covers,78618,AMERICAN,SPECIALTY,CHRYSLER,9314.0,11109.0,10559.0,12498.0,9131.0,10782.0,10361.0,12145.0,,,20740,29461,SC,8600.0,0,1389
0,1271808000,MANHEIM,2003,7,JEEP,LIBERTY 4WD V6,Spo,4D SUV SPORT,BEIGE,AUTO,1.0,Alloy,65210,AMERICAN,SMALL SUV,CHRYSLER,5903.0,7189.0,8857.0,10132.0,5841.0,7255.0,8930.0,10424.0,,,22808,75236,TX,7540.0,0,1125
0,1271376000,MANHEIM,2002,8,MERCURY,SABLE,GS,4D SEDAN GS,SILVER,AUTO,2.0,Covers,96541,AMERICAN,MEDIUM,FORD,2024.0,2735.0,4510.0,5170.0,2372.0,3300.0,5250.0,6272.0,,,17675,27542,NC,4300.0,0,1353
0,1288224000,ADESA,2005,5,CHEVROLET,MALIBU MAXX V6,LS,4D SEDAN LS,SILVER,AUTO,1.0,Alloy,98136,AMERICAN,MEDIUM,GM,5093.0,6255.0,8033.0,9488.0,5693.0,7212.0,9060.0,11477.0,NO,GREEN,19662,78227,TX,5815.0,0,1485
0,1249862400,MANHEIM,2007,2,CHRYSLER,SEBRING 4C 2.4L I4 E,Bas,4D SEDAN,BLUE,AUTO,2.0,Covers,63777,AMERICAN,MEDIUM,CHRYSLER,7074.0,8223.0,8140.0,9381.0,7270.0,8282.0,8352.0,9445.0,,,20928,27542,NC,7135.0,0,1020
0,1266364800,MANHEIM,2007,3,DODGE,CALIBER,Bas,4D WAGON,BLACK,AUTO,2.0,Covers,64368,AMERICAN,MEDIUM,CHRYSLER,7117.0,8251.0,10982.0,12118.0,7035.0,8189.0,10242.0,11380.0,,,19662,78219,TX,8140.0,0,825
0,1278460800,MANHEIM,2003,7,FORD,MUSTANG V8,GT,2D COUPE GT,WHITE,AUTO,1.0,Alloy,86516,AMERICAN,SPORTS,FORD,7434.0,9427.0,10551.0,12768.0,6641.0,8566.0,9780.0,12091.0,,,17212,75236,TX,8185.0,0,1803
0,1255564800,ADESA,2005,4,CHEVROLET,COBALT 2.2L I4 MPI,Bas,4D SEDAN,GREY,AUTO,2.0,Covers,74901,AMERICAN,COMPACT,GM,4213.0,5365.0,5050.0,6294.0,4049.0,5075.0,6939.0,8257.0,,,3453,80817,CO,4680.0,0,803
0,1275868800,ADESA,2003,7,FORD,EXPEDITION 2WD V8,Edd,4D SUV 5.4L EDDIE BAUER,GREEN,AUTO,1.0,Alloy,80350,AMERICAN,LARGE SUV,FORD,8133.0,9425.0,11138.0,12061.0,7096.0,8444.0,10952.0,12114.0,,,19638,33619,FL,9800.0,0,1413
0,1253750400,MANHEIM,2003,6,MAZDA,MAZDA6 2.3L I4 MPI,i,4D SEDAN I,GREY,AUTO,1.0,Alloy,69835,OTHER ASIAN,MEDIUM,OTHER,4682.0,5865.0,5557.0,6834.0,4112.0,5192.0,4941.0,6107.0,,,18881,30272,GA,6895.0,0,1418
0,1244592000,MANHEIM,2008,1,CHRYSLER,SEBRING 4C 2.4L I4 E,LX,4D SEDAN,GOLD,AUTO,2.0,Covers,46040,AMERICAN,MEDIUM,CHRYSLER,7949.0,8448.0,9085.0,9624.0,,,,,,,99761,32824,FL,8100.0,0,834
0,1269388800,MANHEIM,2005,5,HYUNDAI,SANTA FE 2WD V6,GLS,4D CUV 2.7L,RED,AUTO,1.0,Alloy,77368,OTHER ASIAN,MEDIUM SUV,OTHER,6818.0,7797.0,10426.0,11018.0,6441.0,7514.0,10425.0,11530.0,,,21973,32824,FL,7950.0,0,686
0,1268179200,ADESA,2005,5,PONTIAC,G6 V6,GT,4D SEDAN GT,BLUE,AUTO,1.0,Alloy,70726,AMERICAN,MEDIUM,GM,7213.0,8329.0,10596.0,11821.0,6092.0,7496.0,9588.0,11040.0,,,21053,85226,AZ,8655.0,0,1272
1,1270080000,MANHEIM,2004,6,SATURN,ION,1,4D SEDAN LEVEL 1,SILVER,AUTO,2.0,Covers,76877,AMERICAN,MEDIUM,GM,3401.0,4259.0,5834.0,7305.0,3041.0,3825.0,6012.0,6724.0,,,21973,33411,FL,4515.0,0,803
0,1254960000,ADESA,2003,6,FORD,FOCUS 2.0L I4 EFI,ZX5,5D SEDAN ZX5,BLUE,AUTO,1.0,Alloy,60094,AMERICAN,COMPACT,FORD,3115.0,4109.0,3864.0,4938.0,2593.0,3348.0,5675.0,6505.0,,,19662,78227,TX,4400.0,0,1320
0,1288051200,MANHEIM,2004,6,DODGE,DURANGO 4WD V8,SLT,4D SUV 5.7L SLT,RED,AUTO,1.0,Alloy,77720,AMERICAN,MEDIUM SUV,CHRYSLER,7346.0,8989.0,10955.0,12801.0,7700.0,9620.0,11774.0,13773.0,YES,GREEN,20234,80022,CO,11245.0,0,1623
0,1272412800,MANHEIM,2004,6,FORD,TAURUS,SES,4D SEDAN SES,GOLD,AUTO,1.0,Alloy,66214,AMERICAN,MEDIUM,FORD,3688.0,4710.0,6733.0,8031.0,2981.0,4111.0,6606.0,7477.0,,,17212,64161,MO,5225.0,0,825
0,1290470400,MANHEIM,2008,2,FORD,EXPLORER 2WD V6,XLT,4D SUV 4.0L XLT,BLUE,AUTO,1.0,Alloy,83838,AMERICAN,MEDIUM SUV,FORD,13703.0,16427.0,18487.0,20813.0,13800.0,16493.0,17792.0,20884.0,,,52598,28625,NC,9925.0,0,1243
0,1274659200,MANHEIM,2006,4,VOLKSWAGEN,JETTA 5C,Bas,4D SEDAN PKG1,BLACK,AUTO,1.0,Alloy,67034,OTHER,SPECIALTY,OTHER,9035.0,10417.0,13442.0,15070.0,9125.0,10658.0,13742.0,15956.0,,,1031,32824,FL,8600.0,1,1118
0,1272412800,OTHER,2006,4,FORD,FIVE HUNDRED,SE,4D SEDAN SE,GREY,AUTO,1.0,Alloy,77433,AMERICAN,LARGE,FORD,6318.0,7524.0,10007.0,11473.0,6274.0,7629.0,9951.0,11482.0,,,18880,29697,SC,8000.0,0,1506
0,1277078400,MANHEIM,2006,4,DODGE,STRATUS V6,SXT,4D SEDAN SXT FFV,BLUE,AUTO,2.0,Covers,57609,AMERICAN,MEDIUM,CHRYSLER,6425.0,7340.0,9757.0,10698.0,6069.0,6991.0,9313.0,10627.0,,,99750,27542,NC,6300.0,0,1086
1,1232668800,ADESA,2005,4,DODGE,NEON 2.0L I4 SFI,SXT,4D SEDAN,WHITE,AUTO,,,70965,AMERICAN,COMPACT,CHRYSLER,3766.0,4779.0,4567.0,5661.0,3413.0,4582.0,4186.0,5449.0,,,23359,91752,CA,3575.0,0,686
0,1262736000,MANHEIM,2006,4,PONTIAC,G6 4C,Bas,4D SEDAN SE,SILVER,AUTO,2.0,Covers,79781,AMERICAN,MEDIUM,GM,6196.0,7075.0,9986.0,13008.0,6416.0,7622.0,9920.0,11235.0,,,20928,32824,FL,5630.0,0,1038
0,1277251200,MANHEIM,2003,7,CHEVROLET,VENTURE FWD V6,LS,PASSENGER 3.4L,GREEN,AUTO,2.0,Covers,65137,AMERICAN,VAN,GM,4278.0,5794.0,8175.0,10513.0,5098.0,5863.0,8927.0,9907.0,,,99750,32124,FL,4800.0,0,4210
1,1288137600,MANHEIM,2008,2,VOLKSWAGEN,TOUAREG V8,,4D SPORT UTILITY 4XMOTION,BLACK,AUTO,1.0,Alloy,32556,OTHER,MEDIUM SUV,OTHER,28354.0,30408.0,30196.0,32383.0,28099.0,29811.0,29921.0,31744.0,,,20833,75236,TX,28180.0,0,1694
0,1279584000,MANHEIM,2008,2,CHEVROLET,MALIBU 4C,LT,4D SEDAN LT,GREY,AUTO,1.0,Alloy,69519,AMERICAN,MEDIUM,GM,9904.0,11393.0,14123.0,15213.0,10542.0,12365.0,14504.0,16321.0,,,835,85040,AZ,9525.0,0,923
0,1248220800,OTHER,2006,3,FORD,FIVE HUNDRED 3.0L V6,SE,4D SEDAN SE,GREY,AUTO,1.0,Alloy,76932,AMERICAN,LARGE,FORD,6281.0,7682.0,7283.0,8797.0,6694.0,8564.0,7730.0,9749.0,,,17212,29697,SC,7200.0,0,1506
0,1277251200,ADESA,2006,4,CHRYSLER,SEBRING V6,Tou,4D SEDAN,BLUE,AUTO,1.0,Alloy,70822,AMERICAN,MEDIUM,CHRYSLER,4850.0,5161.0,8348.0,8883.0,5559.0,6689.0,9385.0,10310.0,,,21053,85226,AZ,5995.0,0,1272
0,1262649600,OTHER,2002,8,SATURN,S SERIES,SL2,4D SEDAN SL2,SILVER,AUTO,2.0,Covers,56335,AMERICAN,COMPACT,GM,1725.0,2386.0,4464.0,5111.0,1832.0,2546.0,4514.0,5308.0,,,19619,32772,FL,3290.0,0,1551
0,1248912000,MANHEIM,2005,4,CHEVROLET,EQUINOX FWD V6 3.4L,LS,4D SUV LS,GREY,AUTO,1.0,Alloy,70408,AMERICAN,MEDIUM SUV,GM,7309.0,8808.0,8394.0,10013.0,7629.0,9161.0,8739.0,10394.0,,,16044,22403,VA,7375.0,0,1389
0,1265673600,ADESA,2006,4,SATURN,ION,2,4D SEDAN LEVEL 2,WHITE,AUTO,2.0,Covers,82541,AMERICAN,MEDIUM,GM,5018.0,6142.0,7994.0,9246.0,5418.0,6524.0,8872.0,10007.0,,,22916,50111,IA,5520.0,0,853
0,1253577600,MANHEIM,2006,3,MERCURY,MONTEGO 3.0L V6 EFI,Bas,4D SEDAN LUXURY,SILVER,AUTO,1.0,Alloy,84442,AMERICAN,LARGE,FORD,8666.0,11130.0,9859.0,12520.0,6955.0,8739.0,11217.0,12680.0,,,23359,92504,CA,7285.0,0,1633
0,1273536000,OTHER,2004,6,DODGE,1500 RAM PICKUP 2WD,ST,QUAD CAB 5.7L,GOLD,AUTO,1.0,Alloy,86566,AMERICAN,LARGE TRUCK,CHRYSLER,7747.0,9919.0,12073.0,14713.0,8694.0,10850.0,13042.0,15109.0,,,20234,95673,CA,9405.0,0,983
0,1248307200,MANHEIM,2007,2,CHEVROLET,IMPALA 3.5L V6 SFI,LT,4D SEDAN LT 3.5L,BLUE,AUTO,1.0,Alloy,75559,AMERICAN,LARGE,GM,8053.0,9658.0,9197.0,10931.0,7893.0,9079.0,9024.0,10305.0,,,835,85353,AZ,6815.0,0,1974
0,1236729600,MANHEIM,2005,4,DODGE,MAGNUM V6 2.7L V6 MP,SE,WAGON 2.7L,SILVER,AUTO,1.0,Alloy,49757,AMERICAN,SPECIALTY,CHRYSLER,6586.0,7649.0,7613.0,8761.0,6050.0,6904.0,7034.0,7956.0,,,5546,33809,FL,8610.0,0,975
0,1259712000,OTHER,2005,4,FORD,FREESTAR FWD V6,SE,PASSENGER 3.9L SE,BLUE,AUTO,2.0,Covers,89935,AMERICAN,VAN,FORD,4125.0,5217.0,4955.0,6134.0,4696.0,6090.0,8256.0,9717.0,,,18880,29697,SC,5700.0,0,1633
0,1285113600,MANHEIM,2005,5,TOYOTA,COROLLA,CE,4D SEDAN CE,SILVER,AUTO,2.0,Covers,75384,TOP LINE ASIAN,COMPACT,OTHER,5645.0,6643.0,8695.0,10812.0,5387.0,6263.0,8765.0,10062.0,,,20740,32124,FL,7150.0,0,569
0,1283904000,ADESA,2006,4,CHRYSLER,PT CRUISER,Bas,4D SEDAN,BLUE,AUTO,2.0,Covers,54394,AMERICAN,MEDIUM,CHRYSLER,4450.0,5529.0,8099.0,9056.0,4677.0,5771.0,8027.0,9072.0,,,5546,33619,FL,6100.0,0,1086
0,1275955200,MANHEIM,2003,7,CHEVROLET,CAVALIER 4C,LS,4D SEDAN LS,BLUE,AUTO,2.0,Covers,85870,AMERICAN,COMPACT,GM,2197.0,3135.0,5057.0,6087.0,2163.0,2930.0,4825.0,5673.0,,,25100,77041,TX,4365.0,0,1543
0,1281916800,OTHER,2009,1,CHRYSLER,SEBRING 4C,LX,4D SEDAN,RED,AUTO,2.0,Covers,44616,AMERICAN,MEDIUM,CHRYSLER,9060.0,9419.0,12755.0,13156.0,8998.0,9416.0,12828.0,13201.0,,,99761,74135,OK,8525.0,0,834
1,1291075200,MANHEIM,2007,3,MAZDA,MAZDA6,i,4D SEDAN I,WHITE,AUTO,1.0,Alloy,76317,OTHER ASIAN,MEDIUM,OTHER,8727.0,10240.0,12228.0,13722.0,8871.0,10162.0,12459.0,13466.0,,,835,85040,AZ,7815.0,0,1272
0,1268179200,OTHER,2008,2,CHEVROLET,COBALT,LS,4D SEDAN LS,SILVER,AUTO,2.0,Covers,47224,AMERICAN,COMPACT,GM,7513.0,8122.0,10861.0,11450.0,7260.0,7711.0,10232.0,10897.0,,,99761,85284,AZ,7000.0,0,623
0,1269302400,MANHEIM,2005,5,DODGE,1500 RAM PICKUP 2WD,SLT,QUAD CAB 4.7L SLT,WHITE,AUTO,2.0,Covers,62243,AMERICAN,LARGE TRUCK,CHRYSLER,8692.0,10456.0,12944.0,14787.0,9018.0,11210.0,13530.0,15726.0,,,835,85040,AZ,11440.0,0,825
0,1286323200,ADESA,2008,2,FORD,FUSION V6,SE,4D SEDAN AWD SE,BLACK,AUTO,1.0,Alloy,82258,AMERICAN,MEDIUM,FORD,12723.0,14924.0,16626.0,18846.0,11887.0,13776.0,15563.0,17355.0,,,20234,85226,AZ,8815.0,0,1893
0,1271808000,MANHEIM,2007,3,CHEVROLET,TRAILBLAZER 4WD 6C,LS,4D SUV 4.2L,BLACK,AUTO,1.0,Alloy,92177,AMERICAN,MEDIUM SUV,GM,14074.0,16762.0,18275.0,20816.0,13402.0,16081.0,17721.0,19768.0,,,3453,80011,CO,9585.0,0,2351
0,1233792000,MANHEIM,2002,7,CHEVROLET,TRAILBLAZER 2WD 6C 4,LS,4D SUV 4.2L LS,WHITE,AUTO,1.0,Alloy,85710,AMERICAN,MEDIUM SUV,GM,4189.0,5041.0,5024.0,5944.0,4894.0,5909.0,5786.0,6882.0,,,835,92337,CA,5255.0,0,1543
0,1253750400,ADESA,2006,3,CHRYSLER,PT CRUISER 2.4L I4 S,Bas,4D SEDAN,BLACK,AUTO,2.0,Covers,29618,AMERICAN,MEDIUM,CHRYSLER,5505.0,6605.0,6445.0,7633.0,5115.0,6246.0,6024.0,7246.0,,,21973,32219,FL,6500.0,0,882
0,1285804800,MANHEIM,2006,4,HYUNDAI,ELANTRA,GLS,4D SEDAN,WHITE,AUTO,2.0,Covers,43874,OTHER ASIAN,MEDIUM,OTHER,4614.0,5847.0,7795.0,8854.0,4662.0,5637.0,8401.0,9682.0,,,20234,85353,AZ,6390.0,0,482
0,1234310400,OTHER,2006,3,CHRYSLER,300 2.7L V6 MPI,Bas,4D SEDAN,BLUE,AUTO,2.0,Covers,85847,AMERICAN,SPECIALTY,CHRYSLER,9635.0,11215.0,10906.0,12612.0,10292.0,11787.0,11615.0,13230.0,,,17675,29697,SC,9700.0,0,1503
0,1248739200,ADESA,2005,4,DODGE,STRATUS 4C 2.4L I4 M,SXT,4D SEDAN,SILVER,AUTO,1.0,Alloy,65554,AMERICAN,MEDIUM,CHRYSLER,3963.0,4948.0,4780.0,5844.0,4077.0,5083.0,4903.0,5990.0,,,18822,78754,TX,4890.0,0,1020
0,1263427200,OTHER,2005,5,FORD,TAURUS,SEL,4D SEDAN SE COMFORT,GREY,AUTO,1.0,Alloy,77041,AMERICAN,MEDIUM,FORD,3630.0,4546.0,6587.0,9559.0,4083.0,4780.0,7203.0,7903.0,,,20207,73108,OK,4560.0,0,920
1,1286236800,MANHEIM,2007,3,CHEVROLET,COBALT,LT,4D SEDAN LS,BLUE,AUTO,,,89822,AMERICAN,COMPACT,GM,5187.0,6327.0,8433.0,9832.0,5694.0,6727.0,8821.0,9839.0,,,52646,21075,MD,4730.0,0,853
0,1236211200,ADESA,2005,4,CHRYSLER,SEBRING V6 2.7L V6 M,Tou,4D SEDAN TOURING,BLUE,AUTO,1.0,Alloy,47381,AMERICAN,MEDIUM,CHRYSLER,5134.0,6538.0,6045.0,7561.0,4321.0,5602.0,5167.0,6550.0,,,21053,80817,CO,6290.0,0,905
0,1264636800,ADESA,2008,2,CHEVROLET,MALIBU V6,LS,4D SEDAN LS CLASSIC,SILVER,AUTO,2.0,Covers,87287,AMERICAN,MEDIUM,GM,6702.0,7746.0,10830.0,11886.0,8581.0,9581.0,12498.0,13522.0,,,20740,32219,FL,7300.0,0,1373
0,1267488000,MANHEIM,2005,5,PONTIAC,GRAND PRIX,Bas,4D SEDAN,GREY,AUTO,2.0,Covers,78640,AMERICAN,LARGE,GM,5402.0,6658.0,8278.0,9864.0,4974.0,6272.0,7968.0,9229.0,,,8655,60440,IL,7330.0,0,1974
0,1267056000,ADESA,2005,5,MITSUBISHI,GALANT V6,LS,4D SEDAN ES,GREY,AUTO,1.0,Alloy,72793,OTHER ASIAN,MEDIUM,OTHER,4056.0,4558.0,7859.0,8322.0,5161.0,7012.0,8772.0,10626.0,,,21973,32219,FL,7200.0,0,803
0,1245110400,MANHEIM,2006,3,PONTIAC,GRAND PRIX 3.8L V6 S,Bas,4D SEDAN,SILVER,AUTO,1.0,Alloy,57062,AMERICAN,LARGE,GM,6892.0,8438.0,7943.0,9613.0,6892.0,8438.0,7943.0,9613.0,,,3453,80022,CO,6880.0,0,1500
1,1282089600,OTHER,2004,6,DODGE,INTREPID,SE,4D SEDAN SE,WHITE,AUTO,1.0,Alloy,71624,AMERICAN,LARGE,CHRYSLER,1625.0,2398.0,4416.0,6516.0,1467.0,1996.0,4852.0,5199.0,,,52492,29697,SC,4100.0,0,1740
0,1244592000,MANHEIM,2006,3,JEEP,LIBERTY 2WD V6 3.7L,Spo,4D SUV,RED,AUTO,1.0,Alloy,81146,AMERICAN,SMALL SUV,CHRYSLER,8859.0,10181.0,10068.0,11495.0,8859.0,10181.0,10068.0,11495.0,,,18822,78219,TX,7540.0,0,723
0,1277769600,MANHEIM,2007,3,MITSUBISHI,GALANT 4C,ES,4D SEDAN,GREY,AUTO,2.0,Covers,56587,OTHER ASIAN,MEDIUM,OTHER,7639.0,8763.0,10907.0,11988.0,7108.0,8154.0,10521.0,11332.0,,,1151,92504,CA,8070.0,1,505
0,1273795200,MANHEIM,2003,7,SATURN,ION,2,4D SEDAN LEVEL 2,BLUE,AUTO,1.0,Alloy,63111,AMERICAN,MEDIUM,GM,3362.0,4378.0,6333.0,7466.0,2931.0,4086.0,5781.0,7042.0,,,16044,17545,PA,5590.0,0,1028
0,1233705600,MANHEIM,2004,5,SATURN,VUE 2WD 4C 2.2L I-4,,4D CUV 2.2L,SILVER,AUTO,2.0,Covers,56540,AMERICAN,MEDIUM SUV,GM,3695.0,4449.0,4491.0,5305.0,3696.0,4543.0,4492.0,5406.0,,,20928,32824,FL,6100.0,0,1251
0,1249948800,MANHEIM,2006,3,KIA,SORENTO 2WD 3.5L V6,EX,4D SPORT UTILITY EX,BLUE,AUTO,1.0,Alloy,69392,OTHER ASIAN,MEDIUM SUV,OTHER,7462.0,8686.0,8559.0,9881.0,7830.0,9376.0,8956.0,10626.0,,,835,85040,AZ,7190.0,0,1508
0,1278374400,MANHEIM,2004,6,JEEP,LIBERTY 2WD V6,Spo,4D SUV,BLUE,AUTO,1.0,Alloy,68950,AMERICAN,SMALL SUV,CHRYSLER,5173.0,6249.0,9463.0,10051.0,5544.0,6722.0,8974.0,9879.0,,,835,85040,AZ,8140.0,0,630
0,1267056000,MANHEIM,2007,3,DODGE,CALIBER,SXT,4D WAGON SXT,RED,AUTO,2.0,Covers,77781,AMERICAN,MEDIUM,CHRYSLER,7691.0,9096.0,11084.0,12392.0,7709.0,9098.0,11150.0,12311.0,,,52117,22403,VA,6640.0,0,920
0,1250640000,MANHEIM,2004,5,JEEP,LIBERTY 2WD V6 3.7L,Spo,4D SUV,BLUE,AUTO,1.0,Alloy,62258,AMERICAN,SMALL SUV,CHRYSLER,5976.0,7380.0,6954.0,8470.0,5878.0,7516.0,6848.0,8617.0,,,18822,78219,TX,6635.0,0,630
0,1289260800,ADESA,2007,3,SATURN,AURA,XE,4D SEDAN XE,BLACK,AUTO,1.0,Alloy,71663,AMERICAN,MEDIUM,GM,8130.0,9604.0,11841.0,13244.0,8161.0,9512.0,11752.0,13078.0,,,1235,55369,MN,8185.0,1,1272
0,1292803200,MANHEIM,2005,5,FORD,F150 PICKUP 2WD V8,STX,EXT CAB 4.6L STX,RED,AUTO,1.0,Alloy,83877,AMERICAN,LARGE TRUCK,FORD,7504.0,9287.0,11765.0,13844.0,6868.0,8581.0,11670.0,13350.0,,,99740,76040,TX,9200.0,0,853
0,1259020800,MANHEIM,2006,3,CHEVROLET,TRAILBLAZER 2WD 6C,LS,4D SUV 4.2L,MAROON,AUTO,1.0,Alloy,72668,AMERICAN,MEDIUM SUV,GM,8363.0,10197.0,9532.0,11513.0,8386.0,9977.0,12703.0,14437.0,,,21053,85040,AZ,9005.0,0,1155
0,1238544000,MANHEIM,2004,5,CHRYSLER,SEBRING 4C 2.4L I4 M,LX,4D SEDAN LX,PURPLE,AUTO,2.0,Covers,65886,AMERICAN,MEDIUM,CHRYSLER,2446.0,3675.0,3142.0,4469.0,2446.0,3675.0,3142.0,4469.0,,,20928,32824,FL,4300.0,0,1020
0,1277251200,MANHEIM,2007,3,CHEVROLET,IMPALA,LS,4D SEDAN LS,MAROON,AUTO,2.0,Covers,67820,AMERICAN,LARGE,GM,8012.0,9027.0,11396.0,12565.0,8186.0,9279.0,11674.0,12864.0,,,99750,32124,FL,7800.0,0,1703
0,1287705600,OTHER,2008,2,CHRYSLER,PT CRUISER,Bas,4D SEDAN,GREY,AUTO,2.0,Covers,58323,AMERICAN,MEDIUM,CHRYSLER,6304.0,7106.0,9583.0,10594.0,6176.0,7066.0,9891.0,10491.0,,,19619,32750,FL,6345.0,0,1086
0,1233878400,ADESA,2005,4,DODGE,DURANGO 2WD V8 4.7L,SLT,4D SUV 4.7L SLT,SILVER,AUTO,1.0,Alloy,66371,AMERICAN,MEDIUM SUV,CHRYSLER,7850.0,9291.0,8978.0,10534.0,8588.0,10007.0,9775.0,11308.0,,,5546,34203,FL,8970.0,0,1215
0,1244073600,MANHEIM,2004,5,CHEVROLET,CAVALIER 4C 2.2L I4,Bas,4D SEDAN,WHITE,AUTO,2.0,Covers,61209,AMERICAN,COMPACT,GM,2604.0,3540.0,3312.0,4323.0,2604.0,3540.0,3312.0,4323.0,,,19619,33619,FL,4200.0,0,1020
0,1291248000,MANHEIM,2006,4,MAZDA,MAZDA6,i,4D SEDAN I,GREY,AUTO,2.0,Covers,83837,OTHER ASIAN,MEDIUM,OTHER,6195.0,7235.0,9741.0,10825.0,5691.0,7337.0,9022.0,10570.0,,,20740,33411,FL,6335.0,0,1373
0,1252368000,MANHEIM,2007,2,CHEVROLET,IMPALA 3.5L V6 SFI,LS,4D SEDAN LS,BLACK,AUTO,2.0,Covers,52487,AMERICAN,LARGE,GM,7890.0,9111.0,9021.0,10340.0,8051.0,9304.0,11390.0,12833.0,,,22916,80022,CO,8405.0,0,1500
0,1269907200,ADESA,2006,4,GMC,ENVOY 2WD 6C,SLE,4D UTILITY 4.2L,GREEN,AUTO,1.0,Alloy,70171,AMERICAN,MEDIUM SUV,GM,10919.0,13140.0,15848.0,17311.0,10387.0,11819.0,15499.0,16424.0,,,1231,50111,IA,8835.0,1,1155
0,1234396800,MANHEIM,2007,2,CHEVROLET,IMPALA V6 3.5L V6 SF,LT,4D SEDAN LT 3.5L,SILVER,AUTO,1.0,Alloy,89512,AMERICAN,LARGE,GM,8224.0,9604.0,9382.0,10872.0,8837.0,10248.0,10044.0,11568.0,,,5546,33619,FL,7545.0,0,2152
0,1240272000,MANHEIM,2006,3,DODGE,STRATUS V6 2.7L V6 M,SXT,4D SEDAN SXT FFV,GREEN,AUTO,2.0,Covers,49551,AMERICAN,MEDIUM,CHRYSLER,5480.0,6461.0,6418.0,7478.0,5480.0,6461.0,6418.0,7478.0,,,99750,63044,MO,6400.0,0,975
0,1263859200,MANHEIM,2005,5,DODGE,NEON,SE,4D SEDAN,BLUE,AUTO,2.0,Covers,57216,AMERICAN,COMPACT,CHRYSLER,2755.0,3566.0,6142.0,7154.0,3119.0,4021.0,6667.0,8595.0,,,22916,80022,CO,4500.0,0,588
0,1281571200,MANHEIM,2004,6,DODGE,DURANGO 4WD V8,ST,4D SUV 4.7L SLT,GREY,AUTO,2.0,Covers,82250,AMERICAN,MEDIUM SUV,CHRYSLER,7366.0,8912.0,11321.0,12712.0,6822.0,8466.0,10627.0,12189.0,NO,GREEN,18880,29532,SC,8075.0,0,1763
0,1252022400,ADESA,2003,6,CHEVROLET,TAHOE 2WD 4.8L V8 SF,LS,4D SUV 4.8L,BLACK,AUTO,1.0,Alloy,70837,AMERICAN,LARGE SUV,GM,7158.0,8634.0,8231.0,9825.0,6321.0,7841.0,9916.0,11934.0,,,20234,91752,CA,10700.0,0,1923
0,1248220800,ADESA,2002,7,OLDSMOBILE,ALERO 4C 2.2L I4 MPI,GL,4D SEDAN GL1,SILVER,AUTO,2.0,Covers,74122,AMERICAN,MEDIUM,GM,1951.0,2895.0,2607.0,3627.0,1951.0,2895.0,2607.0,3627.0,,,20234,85226,AZ,3545.0,0,1806
0,1283385600,ADESA,2003,7,JEEP,LIBERTY 2WD 4C,Spo,4D SUV SPORT,GOLD,MANUAL,1.0,Alloy,77992,AMERICAN,SMALL SUV,CHRYSLER,4132.0,4972.0,8286.0,9971.0,3619.0,4359.0,7137.0,8597.0,,,19662,78227,TX,6015.0,0,986
0,1290470400,ADESA,2008,2,CHEVROLET,IMPALA V6,LS,4D SEDAN LS 3.5L FFV,WHITE,AUTO,2.0,Covers,64814,AMERICAN,LARGE,GM,7833.0,8702.0,11827.0,12787.0,8020.0,9248.0,11956.0,13121.0,,,10315,38118,TN,8375.0,1,1703
1,1247011200,ADESA,2003,6,MERCURY,SABLE 3.0L V6 4V /EF,LS,4D SEDAN LS PREMIUM,SILVER,AUTO,,,62654,AMERICAN,MEDIUM,FORD,3364.0,4624.0,4133.0,5494.0,3364.0,4624.0,4133.0,5494.0,,,18822,77086,TX,3675.0,0,1125
0,1272240000,ADESA,2008,2,CHEVROLET,IMPALA V6,LT,4D SEDAN LT 3.5L FFV,BLACK,AUTO,1.0,Alloy,72993,AMERICAN,LARGE,GM,9034.0,10418.0,13140.0,14306.0,8780.0,10283.0,12594.0,14324.0,,,19638,33619,FL,7600.0,0,1974
1,1293494400,ADESA,2006,4,JEEP,GRAND CHEROKEE 2WD V,Lar,4D WAGON LAREDO,GOLD,AUTO,,,71800,AMERICAN,MEDIUM SUV,CHRYSLER,9358.0,11295.0,13341.0,15177.0,9358.0,11295.0,13341.0,15177.0,,,52644,78754,TX,9555.0,0,1740
0,1287705600,OTHER,2006,4,CHEVROLET,IMPALA,LS,4D SEDAN LS,BLUE,AUTO,2.0,Covers,35392,AMERICAN,LARGE,GM,6403.0,7902.0,9840.0,11664.0,5797.0,6928.0,9282.0,10625.0,,,99750,95673,CA,8100.0,0,1181
0,1289260800,MANHEIM,2007,3,CHRYSLER,PT CRUISER,Bas,4D SEDAN,BLUE,AUTO,2.0,Covers,57659,AMERICAN,MEDIUM,CHRYSLER,5543.0,6800.0,9048.0,10310.0,5576.0,6765.0,9146.0,9957.0,,,52644,77041,TX,6185.0,0,1086
0,1235520000,MANHEIM,2004,5,DODGE,CARAVAN FWD V6 3.3L,SE,MINIVAN 3.3L SE,SILVER,AUTO,2.0,Covers,82670,AMERICAN,VAN,CHRYSLER,2834.0,3209.0,3561.0,3966.0,5211.0,6493.0,6128.0,7512.0,,,18822,78219,TX,4335.0,0,1763
0,1291680000,MANHEIM,2007,3,DODGE,CALIBER,SXT,4D WAGON SXT,SILVER,AUTO,2.0,Covers,70641,AMERICAN,MEDIUM,CHRYSLER,6703.0,7977.0,10443.0,11732.0,7114.0,8270.0,10814.0,11947.0,NO,GREEN,22916,80022,CO,6880.0,0,920
0,1237939200,MANHEIM,2004,5,HYUNDAI,SONATA 4C 2.4L I4 MP,Bas,4D SEDAN,BLUE,AUTO,2.0,Covers,77699,OTHER ASIAN,MEDIUM,OTHER,3740.0,4533.0,4539.0,5396.0,6601.0,7830.0,7629.0,8956.0,,,21973,32824,FL,5000.0,0,803
1,1248825600,MANHEIM,2004,5,FORD,FREESTAR FWD V6 3.9L,S,PASSENGER 3.9L,GREY,AUTO,2.0,Covers,65780,AMERICAN,VAN,FORD,3751.0,5059.0,4551.0,5964.0,3260.0,4365.0,4021.0,5214.0,,,20740,8505,NJ,5640.0,0,1313
0,1292284800,ADESA,2006,4,FORD,FUSION V6,SE,4D SEDAN SE,BLACK,AUTO,1.0,Alloy,74707,AMERICAN,MEDIUM,FORD,6758.0,8289.0,10862.0,12442.0,7608.0,8895.0,11304.0,12475.0,NO,GREEN,19619,45005,OH,8205.0,0,1272
1,1281571200,MANHEIM,2004,6,DODGE,DURANGO 4WD V8,SLT,4D SUV 4.7L,GREY,AUTO,2.0,Covers,93311,AMERICAN,MEDIUM SUV,CHRYSLER,8089.0,9540.0,11972.0,13277.0,8148.0,9295.0,12156.0,13269.0,,,52117,22403,VA,6840.0,0,1918
0,1265068800,MANHEIM,2005,5,DODGE,DURANGO 4WD V8,SLT,4D SUV 5.7L SLT,BLACK,AUTO,1.0,Alloy,85488,AMERICAN,MEDIUM SUV,CHRYSLER,10330.0,12246.0,14494.0,16663.0,10094.0,12234.0,14064.0,15702.0,,,835,85040,AZ,10680.0,0,1763
0,1289174400,MANHEIM,2001,9,CHEVROLET,SUBURBAN 1500 2WD,150,4D UTILITY 5.3L,WHITE,AUTO,1.0,Alloy,82527,AMERICAN,LARGE SUV,GM,5051.0,6931.0,8066.0,10267.0,5505.0,7076.0,8522.0,10047.0,,,52598,27542,NC,7300.0,0,2063
0,1241049600,OTHER,2007,2,CHRYSLER,SEBRING 4C 2.4L I4 E,Bas,4D SEDAN,GREY,AUTO,1.0,Alloy,51898,AMERICAN,MEDIUM,CHRYSLER,7025.0,8164.0,8087.0,9317.0,7025.0,8164.0,8087.0,9317.0,,,99761,32812,FL,7800.0,0,920
0,1280361600,MANHEIM,2008,2,CHRYSLER,SEBRING 4C,LX,4D SEDAN LX,GREY,AUTO,2.0,Covers,67078,AMERICAN,MEDIUM,CHRYSLER,8041.0,8761.0,11728.0,12540.0,7943.0,9028.0,11509.0,12810.0,,,17212,76040,TX,8170.0,0,1020
0,1248825600,MANHEIM,2002,7,CHEVROLET,TRAILBLAZER 2WD 6C 4,LS,4D SUV 4.2L LS,GOLD,AUTO,1.0,Alloy,81642,AMERICAN,MEDIUM SUV,GM,4692.0,5669.0,5567.0,6623.0,4764.0,5730.0,5645.0,6688.0,,,23359,92807,CA,6520.0,0,1543
0,1238630400,MANHEIM,2005,4,KIA,SORENTO 2WD 3.5L V6,EX,4D SPORT UTILITY EX,GREY,MANUAL,1.0,Alloy,75064,OTHER ASIAN,MEDIUM SUV,OTHER,5796.0,7000.0,6760.0,8060.0,5796.0,7000.0,6760.0,8060.0,,,20234,87105,NM,5180.0,0,1740
1,1277251200,ADESA,2007,3,PONTIAC,GRAND PRIX,Bas,4D SEDAN,WHITE,AUTO,,,79083,AMERICAN,LARGE,GM,8218.0,9974.0,11742.0,13800.0,8270.0,10097.0,11800.0,13969.0,,,21053,85226,AZ,7490.0,0,1974
1,1252886400,MANHEIM,2002,7,FORD,MUSTANG V6 3.8L V6 E,Bas,2D COUPE,GREY,MANUAL,1.0,Alloy,77998,AMERICAN,SPORTS,FORD,4124.0,5197.0,4954.0,6113.0,4078.0,5114.0,4904.0,6023.0,,,17675,27542,NC,5300.0,0,1103
0,1257206400,ADESA,2008,1,FORD,ESCAPE 2WD 4C,XLS,4D CUV 2.3L XLS,GREY,AUTO,1.0,Alloy,71732,AMERICAN,SMALL SUV,FORD,11613.0,13664.0,13042.0,15257.0,11904.0,13892.0,15764.0,17598.0,,,20833,78754,TX,7715.0,0,920
0,1253664000,ADESA,2006,3,CHEVROLET,MONTE CARLO 3.5L V6,LT,2D COUPE LT,BLUE,AUTO,1.0,Alloy,53786,AMERICAN,LARGE,GM,7870.0,9540.0,9000.0,10803.0,5991.0,7589.0,10210.0,11770.0,,,20740,20166,VA,7795.0,0,1500
0,1284076800,MANHEIM,2005,5,FORD,TAURUS,SE,4D SEDAN SE,GREEN,AUTO,2.0,Covers,88700,AMERICAN,MEDIUM,FORD,3579.0,4873.0,6766.0,8378.0,3038.0,4125.0,6303.0,7342.0,,,18111,30272,GA,5495.0,0,983
1,1251849600,MANHEIM,2002,7,FORD,TAURUS 3.0L V6 EFI,SES,4D SEDAN SE SVG,WHITE,AUTO,1.0,Alloy,95536,AMERICAN,MEDIUM,FORD,2254.0,3157.0,2934.0,3910.0,2262.0,3357.0,2943.0,4126.0,,,16044,22801,VA,4200.0,0,1353
0,1278892800,MANHEIM,2006,4,DODGE,STRATUS V6,SXT,4D SEDAN SXT FFV,GREEN,AUTO,2.0,Covers,66719,AMERICAN,MEDIUM,CHRYSLER,6233.0,7042.0,9421.0,10039.0,6867.0,7644.0,10044.0,10793.0,,,99750,85040,AZ,5800.0,0,1215
0,1254182400,ADESA,2004,5,DODGE,STRATUS V6 2.7L V6 M,SE,4D SEDAN,WHITE,AUTO,1.0,Alloy,84881,AMERICAN,MEDIUM,CHRYSLER,3051.0,4314.0,3795.0,5159.0,2853.0,3715.0,6169.0,7178.0,,,19619,45005,OH,4450.0,0,1503
1,1273795200,ADESA,2007,3,FORD,FUSION 4C,S,4D SEDAN S,RED,AUTO,2.0,Covers,67703,AMERICAN,MEDIUM,FORD,8727.0,10519.0,12684.0,14159.0,8267.0,9992.0,12312.0,13660.0,,,18111,37771,TN,6095.0,0,728
0,1288656000,ADESA,2008,2,CHEVROLET,AVEO,LS,4D SEDAN LS,BLUE,MANUAL,2.0,Covers,40505,AMERICAN,COMPACT,GM,6073.0,6849.0,9208.0,9816.0,6011.0,6878.0,9470.0,10409.0,,,22916,50111,IA,5530.0,0,623
0,1252972800,MANHEIM,2005,4,MAZDA,MAZDA6 2.3L I4 MFI /,i,4D SEDAN I,GREY,AUTO,1.0,Alloy,80006,OTHER ASIAN,MEDIUM,OTHER,7770.0,9648.0,8892.0,10920.0,4941.0,6214.0,9139.0,10391.0,,,3453,80022,CO,7305.0,0,1373
0,1267747200,MANHEIM,2003,7,SATURN,VUE 2WD 4C,,4D CUV 2.2L,SILVER,MANUAL,2.0,Covers,64087,AMERICAN,MEDIUM SUV,GM,3846.0,4781.0,6828.0,7454.0,3177.0,4058.0,6549.0,7135.0,,,1191,27542,NC,5400.0,1,1711
0,1263945600,ADESA,2005,5,CHRYSLER,PT CRUISER,Bas,4D SEDAN,SILVER,AUTO,2.0,Covers,57401,AMERICAN,MEDIUM,CHRYSLER,3931.0,4915.0,7161.0,8595.0,4087.0,5051.0,7540.0,8726.0,,,20928,20166,VA,4890.0,0,1086
0,1284508800,OTHER,2005,5,CHEVROLET,MALIBU 4C,Bas,4D SEDAN,BLACK,AUTO,2.0,Covers,87354,AMERICAN,MEDIUM,GM,4154.0,5208.0,7491.0,8910.0,4541.0,5695.0,7816.0,9143.0,,,52598,27407,NC,5415.0,0,1113
0,1257724800,MANHEIM,2005,4,BUICK,CENTURY V6,Cus,4D SEDAN CUSTOM,WHITE,AUTO,,,87335,AMERICAN,MEDIUM,GM,3741.0,5193.0,4540.0,6108.0,3783.0,4867.0,6983.0,7890.0,,,17675,27542,NC,4000.0,0,2152
0,1241049600,MANHEIM,2006,3,FORD,FREESTAR FWD V6 3.9L,SE,PASSENGER 3.9L LX,GOLD,AUTO,2.0,Covers,89847,AMERICAN,VAN,FORD,6354.0,7759.0,7362.0,8880.0,6102.0,6995.0,7090.0,8055.0,,,20928,33411,FL,5530.0,0,1633
1,1287014400,MANHEIM,2006,4,JEEP,COMMANDER 2WD V6,Bas,4D WAGON,SILVER,AUTO,1.0,Alloy,64385,AMERICAN,LARGE SUV,CHRYSLER,10512.0,12620.0,14718.0,16737.0,10510.0,11541.0,14863.0,15812.0,,,21053,85353,AZ,11445.0,0,1508
0,1267056000,ADESA,2007,3,SUZUKI,FORENZA,,4D SEDAN,RED,MANUAL,2.0,Covers,66321,OTHER ASIAN,MEDIUM,OTHER,5414.0,6273.0,8870.0,10117.0,5244.0,6134.0,8632.0,9665.0,,,17675,28273,NC,5035.0,0,533
0,1267142400,OTHER,2008,2,DODGE,AVENGER 4C,SE,4D SEDAN,SILVER,AUTO,1.0,Alloy,55820,AMERICAN,MEDIUM,CHRYSLER,8640.0,9521.0,12178.0,12772.0,9105.0,9871.0,12677.0,12997.0,,,99761,74135,OK,8500.0,0,920
0,1263945600,ADESA,2005,5,CHRYSLER,PACIFICA FWD,Tou,4D SPORT,SILVER,AUTO,1.0,Alloy,63926,AMERICAN,CROSSOVER,CHRYSLER,5903.0,7254.0,8840.0,10809.0,6330.0,7574.0,9889.0,11120.0,,,20928,20166,VA,9385.0,0,1215
0,1287100800,MANHEIM,2006,4,FORD,FIVE HUNDRED,SE,4D SEDAN SE,GREY,AUTO,1.0,Alloy,86736,AMERICAN,LARGE,FORD,6033.0,7506.0,9925.0,11603.0,5684.0,6996.0,9714.0,10724.0,,,25100,75236,TX,6450.0,0,1633
0,1237939200,MANHEIM,2002,7,FORD,FOCUS 2.0L I4 SFI,ZX3,2D COUPE ZX3,BLUE,MANUAL,1.0,Alloy,76163,AMERICAN,COMPACT,FORD,2991.0,3775.0,3730.0,4577.0,2941.0,3530.0,3676.0,4312.0,,,20740,32124,FL,4100.0,0,1455
1,1235433600,MANHEIM,2006,3,DODGE,CARAVAN FWD V6 3.3L,SE,MINIVAN 3.3L,BLUE,AUTO,2.0,Covers,65444,AMERICAN,VAN,CHRYSLER,5347.0,6434.0,6275.0,7449.0,5492.0,6355.0,6431.0,7363.0,,,23359,91770,CA,5070.0,0,1411
0,1237939200,MANHEIM,2005,4,FORD,TAURUS 3.0L V6 EFI,SE,4D SEDAN SE,SILVER,AUTO,1.0,Alloy,71500,AMERICAN,MEDIUM,FORD,4021.0,4938.0,4843.0,5833.0,3897.0,4903.0,4709.0,5795.0,,,3453,80011,CO,3175.0,0,920
0,1241654400,OTHER,2006,3,DODGE,STRATUS V6 2.7L V6 M,SXT,4D SEDAN SXT FFV,BLUE,AUTO,2.0,Covers,61561,AMERICAN,MEDIUM,CHRYSLER,5480.0,6461.0,6418.0,7478.0,5480.0,6461.0,6418.0,7478.0,,,99750,39208,MS,5100.0,0,1215
0,1236211200,ADESA,2003,6,CHEVROLET,TRAILBLAZER 2WD 6C 4,LS,4D SUV 4.2L LS,GREY,AUTO,1.0,Alloy,65934,AMERICAN,MEDIUM SUV,GM,5644.0,6728.0,6596.0,7766.0,,,,,,,19619,37138,TN,8225.0,0,1320
0,1258502400,OTHER,2008,1,CHEVROLET,IMPALA V6,LT,4D SEDAN LT 3.5L FFV,GREY,AUTO,1.0,Alloy,77083,AMERICAN,LARGE,GM,8705.0,10031.0,9901.0,11333.0,9252.0,10664.0,12516.0,14358.0,,,22808,73108,OK,8085.0,0,1974
0,1236124800,ADESA,2004,5,DODGE,1500 RAM PICKUP 2WD,ST,REG CAB 3.7L,GREY,AUTO,1.0,Alloy,73305,AMERICAN,LARGE TRUCK,CHRYSLER,4354.0,6060.0,5202.0,7045.0,4248.0,5954.0,5088.0,6930.0,,,21053,85226,AZ,6235.0,0,569
0,1241654400,ADESA,2004,5,CHRYSLER,PACIFICA FWD 3.5L V6,,4D SPORT TOURER,SILVER,AUTO,1.0,Alloy,72790,AMERICAN,CROSSOVER,CHRYSLER,6211.0,7519.0,7208.0,8621.0,6211.0,7519.0,7208.0,8621.0,,,20928,32219,FL,6800.0,0,1389
0,1269561600,ADESA,2004,6,CHEVROLET,CAVALIER 4C,LS,2D COUPE LS,BLACK,AUTO,1.0,Alloy,75690,AMERICAN,COMPACT,GM,3674.0,4590.0,6548.0,7767.0,3280.0,4514.0,6175.0,7618.0,,,18880,37771,TN,4650.0,0,1155
0,1253664000,MANHEIM,2006,3,CHEVROLET,IMPALA 3.5L V6 SFI,LT,4D SEDAN LT 3.5L,WHITE,AUTO,1.0,Alloy,84778,AMERICAN,LARGE,GM,7309.0,8844.0,8394.0,10052.0,6518.0,7611.0,10385.0,11780.0,,,16926,94544,CA,6600.0,0,2152
0,1261440000,OTHER,2008,1,CHRYSLER,PT CRUISER,Bas,4D SEDAN,BLUE,AUTO,1.0,Alloy,44367,AMERICAN,MEDIUM,CHRYSLER,6338.0,6903.0,10386.0,11312.0,7282.0,7917.0,10382.0,10949.0,,,21053,95673,CA,6305.0,0,975
1,1240272000,MANHEIM,2001,8,GMC,YUKON 4WD V8 5.3L V8,Den,4D UTILITY 5.3L SLE,GOLD,AUTO,1.0,Alloy,82462,AMERICAN,LARGE SUV,GM,6040.0,7268.0,7023.0,8349.0,6040.0,7268.0,7023.0,8349.0,,,20740,21075,MD,9570.0,0,2063
0,1234915200,MANHEIM,2006,3,CHRYSLER,TOWN & COUNTRY 2WD V,Bas,MINIVAN 3.3L,BLUE,AUTO,2.0,Covers,72402,AMERICAN,VAN,CHRYSLER,5202.0,6041.0,6118.0,7024.0,6782.0,7464.0,7825.0,8561.0,,,3453,80011,CO,5755.0,0,1623
0,1288742400,OTHER,2009,1,DODGE,AVENGER 4C,SE,4D SEDAN SXT,GOLD,AUTO,2.0,Covers,37093,AMERICAN,MEDIUM,CHRYSLER,9177.0,9732.0,13215.0,13637.0,9410.0,9858.0,13094.0,13482.0,,,99761,74135,OK,9200.0,0,762
0,1289174400,OTHER,2008,2,CHRYSLER,PT CRUISER,Bas,2D CONVERTIBLE TOURING,SILVER,AUTO,1.0,Alloy,61838,AMERICAN,MEDIUM,CHRYSLER,6493.0,7233.0,10063.0,10705.0,6331.0,7327.0,9540.0,10438.0,,,99761,90045,CA,6500.0,0,1215
0,1254873600,OTHER,2007,2,CHRYSLER,PT CRUISER 2.4L I4 S,Tou,4D SEDAN,BLUE,AUTO,2.0,Covers,44014,AMERICAN,MEDIUM,CHRYSLER,5779.0,6556.0,6741.0,7580.0,5690.0,6677.0,9332.0,10090.0,,,18880,29697,SC,7000.0,0,975
0,1246320000,ADESA,2006,3,CHEVROLET,IMPALA 3.5L V6 SFI,LS,4D SEDAN LS,GOLD,AUTO,2.0,Covers,69022,AMERICAN,LARGE,GM,6858.0,8107.0,7907.0,9256.0,6651.0,7841.0,7683.0,8968.0,,,20833,78754,TX,6710.0,0,1703
0,1264636800,MANHEIM,2006,4,KIA,OPTIMA V6,LX,4D SEDAN LX,GOLD,AUTO,1.0,Alloy,65607,OTHER ASIAN,MEDIUM,OTHER,5316.0,6723.0,9135.0,10380.0,5543.0,6743.0,9366.0,10355.0,,,10310,47129,IN,5675.0,1,728
0,1280188800,OTHER,2007,3,MAZDA,MAZDA6,i,4D SEDAN I,BLACK,AUTO,2.0,Covers,67640,OTHER ASIAN,MEDIUM,OTHER,10062.0,11495.0,13805.0,15183.0,9170.0,10650.0,12937.0,14241.0,,,1235,84104,UT,7210.0,1,1118
0,1281571200,MANHEIM,2006,4,FORD,ESCAPE 4WD V6,XLT,4D CUV 3.0L XLT,WHITE,AUTO,1.0,Alloy,88256,AMERICAN,SMALL SUV,FORD,9557.0,12018.0,13098.0,15273.0,9749.0,11706.0,13782.0,15821.0,,,18880,29532,SC,8210.0,0,1503
0,1291075200,OTHER,2005,5,KIA,RIO,Bas,4D SEDAN,SILVER,AUTO,2.0,Covers,81386,OTHER ASIAN,COMPACT,OTHER,2260.0,3288.0,5184.0,6370.0,2781.0,3618.0,6308.0,8206.0,NO,GREEN,22808,70401,LA,3125.0,0,594
0,1267574400,OTHER,2007,3,CHEVROLET,IMPALA V6,LT,4D SEDAN LT 3.5L,SILVER,AUTO,1.0,Alloy,78983,AMERICAN,LARGE,GM,8832.0,10148.0,12333.0,14205.0,8531.0,9920.0,12334.0,13991.0,,,18880,29697,SC,8500.0,0,1974
0,1285804800,OTHER,2005,5,CHEVROLET,IMPALA,Bas,4D SEDAN,MAROON,AUTO,2.0,Covers,94707,AMERICAN,LARGE,GM,3924.0,5230.0,7550.0,9234.0,3735.0,5005.0,6775.0,8188.0,,,25100,73108,OK,5285.0,0,2351
0,1285113600,MANHEIM,2005,5,JEEP,GRAND CHEROKEE 2WD V,Lar,4D WAGON LAREDO,GOLD,AUTO,1.0,Alloy,83035,AMERICAN,MEDIUM SUV,CHRYSLER,8303.0,9875.0,12104.0,13861.0,7619.0,9093.0,11448.0,13705.0,,,20928,32824,FL,9055.0,0,1893
0,1285027200,MANHEIM,2006,4,CHEVROLET,TRAILBLAZER EXT 2WD,LS,4D SUV 4.2L LS,GREY,AUTO,1.0,Alloy,91099,AMERICAN,MEDIUM SUV,GM,8940.0,10836.0,12951.0,14809.0,7508.0,9515.0,12199.0,13708.0,,,52644,77041,TX,8700.0,0,1341
0,1274832000,MANHEIM,2007,3,DODGE,CALIBER,SXT,4D WAGON SXT,BLUE,AUTO,1.0,Alloy,72424,AMERICAN,MEDIUM,CHRYSLER,7237.0,8571.0,10840.0,12124.0,7193.0,8378.0,10874.0,12108.0,,,20928,32824,FL,7690.0,0,920
0,1279584000,MANHEIM,2005,5,DODGE,NEON,SXT,4D SEDAN,RED,AUTO,1.0,Alloy,78658,AMERICAN,COMPACT,CHRYSLER,3277.0,4330.0,6022.0,7066.0,3311.0,4258.0,5999.0,7147.0,,,835,85040,AZ,4980.0,0,686
0,1260316800,MANHEIM,2003,6,FORD,F150 PICKUP 2WD V6,XL,REG CAB 4.2L XL,WHITE,AUTO,2.0,Covers,83852,AMERICAN,LARGE TRUCK,FORD,3803.0,5226.0,7564.0,8684.0,3745.0,5148.0,7395.0,8654.0,,,20928,32824,FL,5500.0,0,894
0,1261958400,OTHER,2008,1,DODGE,CALIBER,SE,4D WAGON,BLACK,AUTO,2.0,Covers,54915,AMERICAN,MEDIUM,CHRYSLER,6891.0,7465.0,11263.0,11914.0,7269.0,7898.0,10834.0,11413.0,,,99761,74135,OK,6400.0,0,754
0,1263859200,MANHEIM,2006,4,DODGE,CARAVAN GRAND FWD V6,SXT,MINIVAN 3.8L SXT,BLUE,AUTO,1.0,Alloy,76913,AMERICAN,VAN,CHRYSLER,8891.0,11097.0,12650.0,14796.0,9741.0,12258.0,13185.0,15424.0,,,22808,75050,TX,7125.0,0,1623
0,1236297600,ADESA,2006,3,CHEVROLET,EQUINOX FWD V6 3.4L,LS,4D SUV LS,GREY,AUTO,2.0,Covers,69907,AMERICAN,MEDIUM SUV,GM,7964.0,9264.0,9101.0,10505.0,,,,,,,23359,91752,CA,9075.0,0,1215
0,1236816000,MANHEIM,2003,6,CHEVROLET,MALIBU V6 3.1L V6 SF,Bas,4D SEDAN,WHITE,AUTO,2.0,Covers,91080,AMERICAN,MEDIUM,GM,3082.0,3973.0,3829.0,4791.0,2673.0,3590.0,3387.0,4377.0,,,16044,22403,VA,3990.0,0,2939
0,1266796800,OTHER,2008,2,CHRYSLER,SEBRING 4C,LX,4D SEDAN LX,WHITE,AUTO,2.0,Covers,51908,AMERICAN,MEDIUM,CHRYSLER,8476.0,9108.0,11614.0,13591.0,8067.0,8687.0,12031.0,12956.0,,,99761,74135,OK,8400.0,0,920
0,1272585600,MANHEIM,2004,6,FORD,FREESTAR FWD V6,SEL,4D PASSENGER 4.2L SEL,WHITE,AUTO,1.0,Alloy,92123,AMERICAN,VAN,FORD,6644.0,7604.0,10349.0,11663.0,4967.0,6463.0,8688.0,10020.0,,,18822,78219,TX,4935.0,0,1774
0,1282608000,MANHEIM,2007,3,CHEVROLET,IMPALA,LS,4D SEDAN LS,WHITE,AUTO,2.0,Covers,85131,AMERICAN,LARGE,GM,7993.0,9088.0,11558.0,12841.0,7625.0,8799.0,11039.0,12413.0,,,8655,75050,TX,7540.0,0,2152
0,1255564800,OTHER,2006,3,FORD,TAURUS 3.0L V6 EFI /,SEL,4D SEDAN SEL,SILVER,AUTO,2.0,Covers,57864,AMERICAN,MEDIUM,FORD,5388.0,6770.0,6319.0,7812.0,4666.0,5754.0,8595.0,9827.0,,,8655,38637,MS,5525.0,0,754
0,1239753600,MANHEIM,2004,5,CHEVROLET,CAVALIER 4C 2.2L I4,Bas,4D SEDAN,BLUE,AUTO,2.0,Covers,86129,AMERICAN,COMPACT,GM,2604.0,3540.0,3312.0,4323.0,2604.0,3540.0,3312.0,4323.0,,,19619,32124,FL,3900.0,0,1243
0,1242259200,ADESA,2004,5,CHEVROLET,CAVALIER 4C 2.2L I4,Bas,2D COUPE,SILVER,AUTO,2.0,Covers,65492,AMERICAN,COMPACT,GM,2736.0,3731.0,3455.0,4529.0,2736.0,3731.0,3455.0,4529.0,,,3453,80817,CO,3060.0,0,1020
0,1259539200,MANHEIM,2006,3,CHRYSLER,300,Bas,4D SEDAN,WHITE,AUTO,2.0,Covers,71150,AMERICAN,SPECIALTY,CHRYSLER,8702.0,10428.0,9898.0,11762.0,9620.0,11498.0,13747.0,15428.0,,,20740,27542,NC,9635.0,0,1389
1,1248307200,MANHEIM,2004,5,ISUZU,AXIOM 2WD V6 3.5L V6,S,4D SPORT UTILITY,WHITE,AUTO,3.0,Special,62351,OTHER ASIAN,MEDIUM SUV,OTHER,5245.0,6223.0,6165.0,7221.0,5566.0,6622.0,6511.0,7652.0,,,835,85353,AZ,6515.0,0,1118
0,1262822400,OTHER,2007,3,FORD,ESCAPE 2WD 4C,XLS,4D CUV 2.3L XLS,WHITE,AUTO,2.0,Covers,84284,AMERICAN,SMALL SUV,FORD,8422.0,10481.0,12934.0,14835.0,9392.0,11603.0,12800.0,14739.0,,,99761,85284,AZ,7500.0,0,983
0,1271116800,MANHEIM,2007,3,DODGE,CALIBER,SXT,4D WAGON SXT,WHITE,AUTO,2.0,Covers,68065,AMERICAN,MEDIUM,CHRYSLER,7640.0,9105.0,10839.0,12284.0,6880.0,8233.0,10979.0,11965.0,,,22916,80022,CO,7705.0,0,825
0,1260835200,MANHEIM,2005,4,FORD,F150 PICKUP 2WD V8,XLT,CREW CAB 4.6L XLT,GREY,AUTO,2.0,Covers,83649,AMERICAN,LARGE TRUCK,FORD,9293.0,11210.0,14563.0,16367.0,10754.0,13291.0,15266.0,17572.0,,,16044,21075,MD,11100.0,0,853
0,1271894400,OTHER,2003,7,CHEVROLET,TAHOE 2WD,LS,4D SUV 4.8L,RED,AUTO,1.0,Alloy,87813,AMERICAN,LARGE SUV,GM,7938.0,9429.0,11180.0,12915.0,7284.0,8816.0,10196.0,11863.0,,,3453,80229,CO,8840.0,0,2063
0,1267142400,OTHER,2008,2,DODGE,CALIBER,SE,4D WAGON,SILVER,AUTO,2.0,Covers,54214,AMERICAN,MEDIUM,CHRYSLER,0.0,0.0,0.0,0.0,7497.0,8102.0,10721.0,11350.0,,,99761,74135,OK,7300.0,0,754
0,1259712000,ADESA,2005,4,FORD,FOCUS,ZX3,2D COUPE ZX3,GREY,AUTO,1.0,Alloy,70348,AMERICAN,COMPACT,FORD,3824.0,4872.0,4630.0,5762.0,3247.0,4384.0,6739.0,7911.0,,,17212,77086,TX,3675.0,0,1155
0,1238544000,MANHEIM,2006,3,MITSUBISHI,ENDEAVOR FWD 3.8L V6,LS,4D SPORT UTILITY LS,BLUE,AUTO,,,66320,OTHER ASIAN,MEDIUM SUV,OTHER,8772.0,10195.0,9974.0,11511.0,8772.0,10195.0,9974.0,11511.0,,,20833,75236,TX,7540.0,0,533
0,1273190400,ADESA,2007,3,CHEVROLET,IMPALA V6,LT,4D SEDAN LT 3.5L,SILVER,AUTO,1.0,Alloy,75981,AMERICAN,LARGE,GM,0.0,0.0,0.0,0.0,8392.0,9930.0,12107.0,13983.0,,,23359,91752,CA,8525.0,0,1974
0,1258588800,ADESA,2003,6,GMC,1500 SIERRA PICKUP 2,Sta,EXT CAB 5.3L SLE,GREY,AUTO,,,72190,AMERICAN,LARGE TRUCK,GM,6073.0,7625.0,7059.0,8735.0,5538.0,6816.0,10057.0,11444.0,,,1235,80817,CO,7900.0,1,1455
1,1263427200,OTHER,2005,5,PONTIAC,G6 V6,GT,4D SEDAN GT,BLUE,AUTO,1.0,Alloy,60597,AMERICAN,MEDIUM,GM,6171.0,7370.0,10021.0,11710.0,6297.0,7845.0,9497.0,11345.0,,,20207,73108,OK,6935.0,0,1118
1,1247097600,MANHEIM,2006,3,DODGE,CARAVAN FWD V6 3.3L,SE,MINIVAN 3.3L,BLUE,AUTO,2.0,Covers,77818,AMERICAN,VAN,CHRYSLER,5072.0,6352.0,5978.0,7360.0,5072.0,6352.0,5978.0,7360.0,,,18111,29532,SC,5790.0,0,1623
0,1249430400,MANHEIM,2002,7,DODGE,CARAVAN GRAND FWD V6,Spo,MINIVAN 3.3L FFV SPORT,BLUE,AUTO,2.0,Covers,84688,AMERICAN,VAN,CHRYSLER,2959.0,4019.0,3696.0,4841.0,3041.0,4130.0,3784.0,4960.0,,,21973,32824,FL,4200.0,0,2063
0,1271116800,OTHER,2006,4,PONTIAC,GRAND PRIX,Bas,4D SEDAN,BLACK,AUTO,1.0,Alloy,63041,AMERICAN,LARGE,GM,6884.0,8298.0,9991.0,11772.0,6539.0,8110.0,10084.0,11875.0,,,20833,75061,TX,7365.0,0,1703
0,1245628800,MANHEIM,2007,2,CHEVROLET,HHR 2.2L I4 MPI / SF,LS,4D SUV 2.2L LS,SILVER,AUTO,2.0,Covers,50255,AMERICAN,MEDIUM,GM,6771.0,7812.0,7813.0,8937.0,6582.0,7598.0,7609.0,8706.0,,,5546,27542,NC,7800.0,0,671
0,1271203200,MANHEIM,2003,7,BUICK,RENDEZVOUS FWD,CX,4D SUV CX,SILVER,AUTO,1.0,Alloy,78437,AMERICAN,MEDIUM SUV,GM,4760.0,6057.0,7605.0,8542.0,4388.0,5628.0,7617.0,8697.0,,,21973,32124,FL,6100.0,0,3967
1,1263859200,MANHEIM,2007,3,CHRYSLER,PACIFICA FWD,Bas,4D SPORT,BLUE,AUTO,2.0,Covers,60480,AMERICAN,CROSSOVER,CHRYSLER,8611.0,10583.0,12617.0,14689.0,9384.0,10957.0,13705.0,15098.0,,,17675,28625,NC,8245.0,0,1215
0,1253059200,ADESA,2007,2,KIA,RONDO 4C 2.4L I4 MPI,EX,4D WAGON,GREY,AUTO,1.0,Alloy,51955,OTHER ASIAN,CROSSOVER,OTHER,7199.0,9006.0,8275.0,10226.0,7252.0,9346.0,11134.0,12687.0,,,20207,77086,TX,8415.0,0,671
1,1257120000,OTHER,2008,1,DODGE,CALIBER,SE,4D WAGON,BLUE,AUTO,,,51681,AMERICAN,MEDIUM,CHRYSLER,6948.0,7506.0,8004.0,8606.0,6966.0,7500.0,11237.0,11739.0,,,99761,74135,OK,6600.0,0,754
1,1254268800,MANHEIM,2003,6,FORD,RANGER PICKUP 2WD V6,Edg,2D EXT CAB 3.0L XLT,GOLD,AUTO,,,72784,AMERICAN,SMALL TRUCK,FORD,5375.0,6736.0,6305.0,7775.0,5375.0,6736.0,6305.0,7775.0,,,3453,80011,CO,6190.0,0,869
0,1292457600,ADESA,2007,3,CHEVROLET,COBALT,LS,2D COUPE,YELLOW,MANUAL,2.0,Covers,57776,AMERICAN,COMPACT,GM,5094.0,6226.0,8034.0,9263.0,5464.0,6471.0,8415.0,9487.0,NO,GREEN,22916,80817,CO,5165.0,0,671
0,1251849600,MANHEIM,2006,3,FORD,FREESTYLE FWD V6 3.0,SE,4D CUV 3.0L SE,GREEN,AUTO,1.0,Alloy,82750,AMERICAN,CROSSOVER,FORD,8469.0,10900.0,9647.0,12272.0,8881.0,11071.0,10091.0,12457.0,,,16044,22801,VA,7040.0,0,1633
0,1291766400,MANHEIM,2004,6,NISSAN,XTERRA 2WD V6,SE,4D SPORT UTILITY,BLACK,AUTO,1.0,Alloy,69609,TOP LINE ASIAN,MEDIUM SUV,OTHER,6555.0,7429.0,9995.0,11088.0,6522.0,7934.0,10026.0,12197.0,NO,GREEN,8655,75236,TX,8585.0,0,533
0,1285718400,ADESA,2007,3,CHEVROLET,MALIBU 4C,LS,4D SEDAN LS,MAROON,AUTO,2.0,Covers,69620,AMERICAN,MEDIUM,GM,6770.0,8115.0,9785.0,11611.0,6743.0,7973.0,10383.0,11563.0,,,22808,77086,TX,7130.0,0,923
0,1277337600,ADESA,2006,4,KIA,RIO,Bas,4D SEDAN,WHITE,AUTO,2.0,Covers,59868,OTHER ASIAN,COMPACT,OTHER,3382.0,4258.0,5466.0,6881.0,3374.0,4216.0,6376.0,7100.0,,,17675,28273,NC,5340.0,0,505
0,1253577600,MANHEIM,2005,4,FORD,TAURUS 3.0L V6 EFI,SE,4D SEDAN SE,SILVER,AUTO,1.0,Alloy,66821,AMERICAN,MEDIUM,FORD,3620.0,4717.0,4410.0,5594.0,3231.0,4197.0,6540.0,7572.0,,,20740,21075,MD,4945.0,0,825
1,1239580800,MANHEIM,2003,6,NISSAN,ALTIMA MFI V6 3.5L D,SE,4D SEDAN SE,BLUE,AUTO,1.0,Alloy,88701,TOP LINE ASIAN,MEDIUM,OTHER,5718.0,7136.0,6675.0,8207.0,4331.0,5450.0,7487.0,9324.0,,,21973,27542,NC,8500.0,0,1023
0,1267488000,MANHEIM,2006,4,CHEVROLET,COBALT,LS,4D SEDAN LS,BLACK,AUTO,2.0,Covers,51048,AMERICAN,COMPACT,GM,5138.0,6161.0,8671.0,9834.0,5450.0,6491.0,8363.0,9548.0,,,20740,21075,MD,6445.0,0,671
0,1277769600,OTHER,2005,5,DODGE,1500 RAM PICKUP 2WD,SLT,QUAD CAB 4.7L SLT,WHITE,AUTO,1.0,Alloy,89146,AMERICAN,LARGE TRUCK,CHRYSLER,9220.0,11264.0,13438.0,15259.0,8879.0,11343.0,13334.0,15593.0,,,21053,95673,CA,8705.0,0,983
0,1291075200,MANHEIM,2006,4,HONDA,ACCORD 4C,LX,4D SEDAN LX AUTO,BLACK,AUTO,2.0,Covers,81056,TOP LINE ASIAN,MEDIUM,OTHER,8360.0,9406.0,12338.0,13609.0,9390.0,10478.0,14152.0,15792.0,NO,GREEN,835,85040,AZ,9480.0,0,594
0,1242777600,MANHEIM,2006,3,DODGE,STRATUS V6 2.7L V6 M,SXT,4D SEDAN SXT FFV,SILVER,AUTO,2.0,Covers,44888,AMERICAN,MEDIUM,CHRYSLER,5480.0,6461.0,6418.0,7478.0,5480.0,6461.0,6418.0,7478.0,,,99750,78219,TX,6300.0,0,975
1,1239580800,ADESA,2002,7,CHRYSLER,PT CRUISER 2.4L I4 M,Bas,4D SEDAN,SILVER,AUTO,2.0,Covers,97070,AMERICAN,MEDIUM,CHRYSLER,2608.0,3376.0,3317.0,4146.0,2608.0,3376.0,3317.0,4146.0,,,19638,33619,FL,3600.0,0,1930
0,1287360000,OTHER,2008,2,CHRYSLER,PT CRUISER,Bas,4D SEDAN,WHITE,AUTO,2.0,Covers,64578,AMERICAN,MEDIUM,CHRYSLER,6320.0,7119.0,9603.0,10610.0,7666.0,8940.0,11835.0,13802.0,NO,GREEN,99761,90045,CA,6000.0,0,1215
0,1240185600,MANHEIM,2003,6,CHEVROLET,SUBURBAN 1500 4WD 5.,150,4D UTILITY 5.3L FFV LS,GREY,AUTO,1.0,Alloy,79974,AMERICAN,LARGE SUV,GM,7389.0,8894.0,8480.0,10106.0,7389.0,8894.0,8480.0,10106.0,,,20928,27542,NC,10400.0,0,1923
0,1235433600,MANHEIM,2007,2,KIA,SPECTRA 2.0L I4 EFI,EX,4D SEDAN EX,BLUE,AUTO,2.0,Covers,45189,OTHER ASIAN,MEDIUM,OTHER,6436.0,7172.0,7451.0,8246.0,6593.0,7274.0,7620.0,8356.0,,,835,85040,AZ,6480.0,0,482
0,1254787200,MANHEIM,2007,2,DODGE,CHARGER V6 2.7L V6 M,Bas,4D SEDAN 2.7L,GREY,AUTO,2.0,Covers,51323,AMERICAN,SPECIALTY,CHRYSLER,10013.0,11611.0,11314.0,13040.0,8756.0,9938.0,12995.0,14074.0,,,19619,28625,NC,10125.0,0,1086
0,1277078400,MANHEIM,2006,4,VOLKSWAGEN,JETTA 5C,Bas,4D SEDAN,GREY,AUTO,1.0,Alloy,57374,OTHER,SPECIALTY,OTHER,8565.0,9883.0,12618.0,14424.0,8708.0,10084.0,12912.0,14575.0,,,1031,32824,FL,9100.0,1,1003
0,1263254400,MANHEIM,2003,7,DODGE,DURANGO 2WD V8,Spo,4D SUV 4.7L,GREY,AUTO,1.0,Alloy,94960,AMERICAN,MEDIUM SUV,CHRYSLER,3009.0,3813.0,6946.0,7517.0,3457.0,4850.0,7158.0,8439.0,,,22808,75050,TX,4410.0,0,1930
0,1233705600,ADESA,2005,4,DODGE,NEON 2.0L I4 SFI,SXT,4D SEDAN SXT,WHITE,AUTO,1.0,Alloy,55735,AMERICAN,COMPACT,CHRYSLER,3413.0,4582.0,4186.0,5449.0,3928.0,5006.0,4742.0,5906.0,,,22808,71119,LA,5085.0,0,588
0,1254268800,OTHER,2006,3,SUZUKI,FORENZA 2.0L I4 EFI,,4D SEDAN,RED,AUTO,2.0,Covers,75508,OTHER ASIAN,MEDIUM,OTHER,4021.0,5202.0,4843.0,6118.0,4439.0,5373.0,7460.0,9030.0,,,835,85009,AZ,6485.0,0,569
0,1233100800,OTHER,2007,2,SUZUKI,RENO 2.0L I4 DI / EF,,4D SEDAN,BLACK,AUTO,2.0,Covers,38915,OTHER ASIAN,COMPACT,OTHER,5228.0,6042.0,6146.0,7025.0,5319.0,6064.0,6245.0,7049.0,,,20740,29697,SC,5200.0,0,462
0,1272931200,MANHEIM,2005,5,CHEVROLET,IMPALA,Bas,4D SEDAN,SILVER,AUTO,2.0,Covers,81000,AMERICAN,LARGE,GM,4317.0,5617.0,6985.0,8784.0,3906.0,5234.0,7167.0,9020.0,,,19662,63044,MO,6065.0,0,2152
0,1250640000,MANHEIM,2007,2,PONTIAC,G6 4C 2.4L I4 MPI,Bas,4D SEDAN,BLACK,AUTO,2.0,Covers,81157,AMERICAN,MEDIUM,GM,7539.0,8670.0,8642.0,9864.0,7665.0,9252.0,8778.0,10492.0,,,20740,22801,VA,6940.0,0,1113
0,1251244800,ADESA,2007,2,CHEVROLET,HHR 2.4L I4 MPI,LT,4D SUV 2.2L,WHITE,AUTO,1.0,Alloy,56885,AMERICAN,MEDIUM,GM,9487.0,9969.0,10746.0,11267.0,9655.0,10454.0,10927.0,11790.0,,,22808,77086,TX,7700.0,0,671
0,1276560000,MANHEIM,2006,4,DODGE,CARAVAN GRAND FWD V6,Bas,MINIVAN 3.3L,WHITE,AUTO,2.0,Covers,86802,AMERICAN,VAN,CHRYSLER,6419.0,8187.0,10898.0,12779.0,6320.0,8043.0,11116.0,12169.0,,,99750,80011,CO,6800.0,0,1763
0,1250035200,OTHER,2005,4,CHEVROLET,UPLANDER FWD V6 3.5L,Bas,PASSENGER EXT 3.5L,SILVER,AUTO,1.0,Alloy,62896,AMERICAN,VAN,GM,7943.0,9959.0,9078.0,11256.0,8024.0,10303.0,9166.0,11627.0,,,18880,29697,SC,7400.0,0,1801
1,1236729600,ADESA,2005,4,FORD,F150 PICKUP 2WD V8 5,Lar,CREW CAB 5.4L KING RANCH,SILVER,AUTO,,,76703,AMERICAN,LARGE TRUCK,FORD,14103.0,17325.0,15731.0,19211.0,14604.0,16864.0,16272.0,18713.0,,,21053,85226,AZ,11015.0,0,803
0,1285804800,OTHER,2005,5,PONTIAC,MONTANA FWD,Bas,4D MINIVAN EXT 3.4L,BLUE,AUTO,1.0,Alloy,62461,AMERICAN,VAN,GM,4322.0,6064.0,8058.0,9757.0,3799.0,5305.0,8192.0,10013.0,,,1235,83716,ID,4930.0,1,3910
0,1290556800,MANHEIM,2003,7,PONTIAC,GRAND PRIX,SE,4D SEDAN SE1,MAROON,AUTO,1.0,Alloy,98109,AMERICAN,LARGE,GM,2587.0,3654.0,5702.0,6988.0,2718.0,3643.0,5618.0,6491.0,NO,GREEN,17675,29532,SC,4450.0,0,2651
0,1243382400,MANHEIM,2006,3,DODGE,CARAVAN FWD 4C 2.4L,SE,MINIVAN 2.4L,WHITE,AUTO,2.0,Covers,67648,AMERICAN,VAN,CHRYSLER,5652.0,7394.0,6604.0,8486.0,6264.0,7921.0,7265.0,9055.0,,,18822,78219,TX,5635.0,0,1411
0,1285113600,ADESA,2008,2,KIA,OPTIMA 4C,LX,4D SEDAN,SILVER,MANUAL,2.0,Covers,40124,OTHER ASIAN,MEDIUM,OTHER,7787.0,8428.0,11158.0,12077.0,7116.0,8335.0,10135.0,11871.0,,,21053,85226,AZ,7790.0,0,623
0,1247616000,OTHER,2007,2,CHEVROLET,UPLANDER FWD V6 3.9L,LS,PASSENGER 3.5L LS,BLUE,AUTO,2.0,Covers,63040,AMERICAN,VAN,GM,6518.0,7883.0,7539.0,9014.0,6987.0,8733.0,8046.0,9932.0,,,18880,29697,SC,6900.0,0,1801
0,1288742400,OTHER,2006,4,PONTIAC,G6 V6,Bas,4D SEDAN,SILVER,AUTO,1.0,Alloy,78784,AMERICAN,MEDIUM,GM,5946.0,7158.0,9802.0,11105.0,5808.0,6958.0,8963.0,10308.0,,,17675,27407,NC,6800.0,0,1272
0,1290470400,OTHER,2008,2,CHEVROLET,AVEO,LS,4D SEDAN LS,BLACK,AUTO,2.0,Covers,47511,AMERICAN,COMPACT,GM,5976.0,6836.0,9476.0,10319.0,6427.0,7267.0,9858.0,10700.0,NO,GREEN,1235,83716,ID,5455.0,1,623
0,1279670400,ADESA,2007,3,SATURN,VUE 2WD 4C,Bas,4D CUV 2.2L,BLACK,AUTO,2.0,Covers,66122,AMERICAN,MEDIUM SUV,GM,8583.0,10017.0,12668.0,13986.0,7346.0,8937.0,10740.0,12262.0,,,1045,71119,LA,8180.0,1,1411
0,1264032000,OTHER,2008,2,CHRYSLER,PT CRUISER,Bas,4D SEDAN,RED,AUTO,2.0,Covers,44919,AMERICAN,MEDIUM,CHRYSLER,6511.0,7092.0,10754.0,11714.0,7477.0,7987.0,10458.0,10960.0,,,99761,74135,OK,6300.0,0,975
0,1277164800,OTHER,2001,9,CHRYSLER,PT CRUISER,Bas,4D SEDAN,PURPLE,AUTO,1.0,Alloy,54551,AMERICAN,MEDIUM,CHRYSLER,2625.0,3469.0,4958.0,6319.0,2544.0,3291.0,5068.0,5991.0,,,3453,84104,UT,5210.0,0,1386
0,1254960000,OTHER,2006,3,FORD,ESCAPE 2WD V6 3.0L V,XLT,4D CUV 3.0L XLT,GREEN,AUTO,1.0,Alloy,86251,AMERICAN,SMALL SUV,FORD,9679.0,12235.0,10953.0,13714.0,8272.0,10194.0,12334.0,14375.0,,,17212,75020,TX,7300.0,0,983
0,1282003200,MANHEIM,2006,4,FORD,F150 PICKUP 2WD V8,STX,REG CAB 5.4L XL,GREEN,AUTO,2.0,Covers,69908,AMERICAN,LARGE TRUCK,FORD,7560.0,8846.0,10862.0,12369.0,7300.0,8615.0,12399.0,13677.0,,,99750,80011,CO,7500.0,0,728
0,1274745600,MANHEIM,2005,5,SUZUKI,FORENZA,S,4D SEDAN,BLACK,AUTO,2.0,Covers,56400,OTHER ASIAN,MEDIUM,OTHER,2927.0,3682.0,5179.0,6455.0,2560.0,3506.0,4453.0,6098.0,,,18881,30331,GA,4810.0,0,505
0,1260489600,ADESA,2007,2,CHEVROLET,MALIBU 4C,LS,4D SEDAN LS,WHITE,AUTO,2.0,Covers,76239,AMERICAN,MEDIUM,GM,6493.0,7361.0,10304.0,11690.0,6785.0,8132.0,10151.0,11652.0,,,20740,17406,PA,6475.0,0,1038
0,1280188800,MANHEIM,2003,7,DODGE,CARAVAN GRAND FWD V6,Spo,MINIVAN 3.8L SPORT,SILVER,AUTO,1.0,Alloy,81284,AMERICAN,VAN,CHRYSLER,4083.0,5000.0,7593.0,8907.0,3772.0,5080.0,6963.0,8239.0,,,20833,75050,TX,5625.0,0,2063
0,1282089600,MANHEIM,2003,7,FORD,EXPLORER 4WD V6,XLS,4D SUV 4.0L FFV XLS,BLACK,AUTO,1.0,Alloy,71537,AMERICAN,MEDIUM SUV,FORD,5269.0,7163.0,9063.0,10942.0,3786.0,5036.0,7281.0,8622.0,,,22916,80011,CO,7905.0,0,2040
0,1262131200,MANHEIM,2004,5,JEEP,GRAND CHEROKEE 2WD 6,Lar,4D WAGON,SILVER,AUTO,1.0,Alloy,64516,AMERICAN,MEDIUM SUV,CHRYSLER,5129.0,6204.0,8274.0,9898.0,6461.0,7734.0,10068.0,11369.0,,,20740,32824,FL,6800.0,0,1508
0,1293580800,MANHEIM,2008,2,MERCURY,MILAN 4C,Bas,4D SEDAN,WHITE,AUTO,1.0,Alloy,76426,AMERICAN,MEDIUM,FORD,10193.0,11455.0,13796.0,14968.0,10957.0,12566.0,14894.0,15864.0,NO,GREEN,10315,32824,FL,8400.0,1,803
1,1236729600,ADESA,2005,4,HYUNDAI,SONATA 4C 2.4L I4 MP,GL,4D SEDAN,SILVER,AUTO,,,76216,OTHER ASIAN,MEDIUM,OTHER,4486.0,5468.0,5345.0,6405.0,4704.0,5375.0,5580.0,6305.0,,,21053,85226,AZ,5130.0,0,803
0,1234915200,MANHEIM,2004,5,CHEVROLET,VENTURE FWD V6 3.4L,LS,PASSENGER 3.4L,WHITE,AUTO,2.0,Covers,98236,AMERICAN,VAN,GM,2702.0,3303.0,3418.0,4067.0,3986.0,5070.0,4805.0,5976.0,,,21973,32124,FL,3600.0,0,5613
0,1239667200,ADESA,2004,5,CHRYSLER,PT CRUISER 2.4L I4 S,Bas,4D SEDAN,RED,AUTO,1.0,Alloy,66545,AMERICAN,MEDIUM,CHRYSLER,3487.0,4488.0,4266.0,5347.0,3487.0,4488.0,4266.0,5347.0,,,18881,30212,GA,4855.0,0,1215
0,1286841600,OTHER,2009,1,JEEP,COMPASS 2WD 4C,Spo,4D SUV SPORT 2.0L,BEIGE,AUTO,1.0,Alloy,47913,AMERICAN,SMALL SUV,CHRYSLER,10348.0,10815.0,14273.0,14871.0,9776.0,10229.0,13310.0,13927.0,,,99761,74135,OK,9700.0,0,693
0,1244073600,OTHER,2006,3,DODGE,STRATUS V6 2.7L V6 M,SXT,4D SEDAN SXT FFV,SILVER,AUTO,2.0,Covers,73284,AMERICAN,MEDIUM,CHRYSLER,5480.0,6461.0,6418.0,7478.0,5480.0,6461.0,6418.0,7478.0,,,99750,39208,MS,4200.0,0,1389
0,1240444800,MANHEIM,2005,4,FORD,FOCUS 2.3L I4 SFI,ZX4,4D SEDAN ZX4 ST,GREY,AUTO,1.0,Alloy,56620,AMERICAN,COMPACT,FORD,5058.0,6536.0,5963.0,7559.0,5058.0,6536.0,5963.0,7559.0,,,17212,76040,TX,4560.0,0,920
0,1246320000,MANHEIM,2002,7,SATURN,L SERIES 3.0L V6 EFI,L30,4D SEDAN L300,BLACK,AUTO,1.0,Alloy,76016,AMERICAN,MEDIUM,GM,3261.0,4089.0,4022.0,4916.0,3348.0,4125.0,4116.0,4955.0,,,22916,80022,CO,3340.0,0,2508
0,1251849600,MANHEIM,2006,3,CHRYSLER,PT CRUISER 2.4L I4 S,Lim,4D SEDAN,WHITE,AUTO,1.0,Alloy,53073,AMERICAN,MEDIUM,CHRYSLER,5628.0,6701.0,6578.0,7737.0,5010.0,6205.0,8126.0,9545.0,,,18822,78219,TX,6735.0,0,1086
1,1231891200,ADESA,2002,7,FORD,TAURUS 3.0L V6 EFI,SES,4D SEDAN SES DURATEC,SILVER,AUTO,1.0,Alloy,71044,AMERICAN,MEDIUM,FORD,3091.0,3827.0,3838.0,4633.0,2822.0,3653.0,3548.0,4445.0,,,20207,77086,TX,3635.0,0,1220
0,1262822400,MANHEIM,2007,3,CHEVROLET,HHR,LS,4D SUV 2.2L LS,WHITE,AUTO,2.0,Covers,89858,AMERICAN,MEDIUM,GM,5460.0,6613.0,9298.0,10510.0,6669.0,7659.0,10758.0,11985.0,,,10430,76040,TX,5675.0,1,853
0,1239753600,MANHEIM,2004,5,PONTIAC,GRAND PRIX 3.8L V6 S,GT,4D SEDAN GT,SILVER,AUTO,1.0,Alloy,70808,AMERICAN,LARGE,GM,4172.0,5270.0,5006.0,6192.0,4172.0,5270.0,5006.0,6192.0,,,23359,92807,CA,5505.0,0,1974
0,1287532800,MANHEIM,2008,2,FORD,TAURUS,SEL,4D SEDAN SEL,BLUE,AUTO,1.0,Alloy,88984,AMERICAN,MEDIUM,FORD,9935.0,12139.0,14009.0,16286.0,9042.0,11175.0,13000.0,15517.0,,,20234,94544,CA,8270.0,0,1633
0,1234224000,MANHEIM,2005,4,FORD,F150 PICKUP 2WD V8 4,XLT,CREW CAB 4.6L XLT,WHITE,AUTO,1.0,Alloy,73864,AMERICAN,LARGE TRUCK,FORD,10535.0,12729.0,11878.0,14247.0,11181.0,13190.0,12575.0,14745.0,,,835,85040,AZ,10300.0,0,803
0,1253577600,MANHEIM,2007,2,CHEVROLET,COBALT 2.2L I4 MPI,LT,4D SEDAN LS,WHITE,AUTO,1.0,Alloy,80215,AMERICAN,COMPACT,GM,6985.0,7810.0,8044.0,8935.0,6985.0,7810.0,8044.0,8935.0,,,20740,21075,MD,5735.0,0,853
0,1234396800,MANHEIM,2004,5,DODGE,CARAVAN GRAND FWD V6,SXT,MINIVAN 3.8L SPORT,SILVER,AUTO,1.0,Alloy,53621,AMERICAN,VAN,CHRYSLER,4992.0,6098.0,5891.0,7086.0,4986.0,6164.0,5885.0,7157.0,,,16044,22403,VA,6340.0,0,1251
0,1242086400,ADESA,2007,2,CHEVROLET,UPLANDER FWD V6 3.9L,LS,PASSENGER EXT 3.5L LS,MAROON,AUTO,2.0,Covers,76225,AMERICAN,VAN,GM,0.0,0.0,0.0,0.0,0.0,0.0,0.0,0.0,,,17212,38118,TN,6860.0,0,2091
0,1274227200,MANHEIM,2007,3,KIA,SPECTRA,EX,4D SEDAN EX,BLUE,AUTO,2.0,Covers,63576,OTHER ASIAN,MEDIUM,OTHER,5907.0,7109.0,9260.0,10186.0,5596.0,6995.0,8654.0,9844.0,,,25100,64161,MO,6590.0,0,533
0,1287014400,MANHEIM,2008,2,CHRYSLER,SEBRING 4C,LX,4D SEDAN LX,GREY,AUTO,2.0,Covers,64571,AMERICAN,MEDIUM,CHRYSLER,7716.0,8695.0,12064.0,13102.0,7456.0,8757.0,11211.0,12555.0,,,20928,47129,IN,7700.0,0,1020
0,1278892800,MANHEIM,2006,4,DODGE,STRATUS V6,SXT,4D SEDAN SXT FFV,GREEN,AUTO,2.0,Covers,40908,AMERICAN,MEDIUM,CHRYSLER,6233.0,7042.0,9421.0,10039.0,6246.0,7239.0,9643.0,11060.0,,,99750,85040,AZ,6100.0,0,975
0,1280880000,MANHEIM,2007,3,CHRYSLER,SEBRING 4C,Bas,4D SEDAN,RED,AUTO,2.0,Covers,61070,AMERICAN,MEDIUM,CHRYSLER,7711.0,8759.0,11283.0,12724.0,6757.0,7908.0,10111.0,11557.0,,,21973,32824,FL,7950.0,0,1020
0,1282521600,MANHEIM,2001,9,FORD,ESCAPE 2WD V6,XLS,4D CUV 3.0L XLS,BLUE,AUTO,1.0,Alloy,92223,AMERICAN,SMALL SUV,FORD,3232.0,4084.0,6361.0,7648.0,3195.0,4002.0,5892.0,6857.0,,,17675,27542,NC,5100.0,0,1353
0,1234224000,OTHER,2006,3,FORD,FREESTAR FWD V6 3.9L,SE,PASSENGER 3.9L SE,GOLD,AUTO,2.0,Covers,83927,AMERICAN,VAN,FORD,5416.0,6783.0,6349.0,7826.0,6089.0,7500.0,7076.0,8600.0,,,8655,35613,AL,5425.0,0,1633
0,1264464000,MANHEIM,2004,6,HYUNDAI,ACCENT,GL,4D SEDAN GL,BLACK,AUTO,1.0,Alloy,54638,OTHER ASIAN,COMPACT,OTHER,2220.0,3122.0,5054.0,6266.0,2538.0,3180.0,5370.0,5897.0,,,835,85040,AZ,3980.0,0,754
0,1291161600,ADESA,2004,6,NISSAN,MAXIMA,SE,4D SEDAN SE,SILVER,AUTO,1.0,Alloy,83467,TOP LINE ASIAN,LARGE,OTHER,6666.0,7892.0,10338.0,11832.0,6091.0,7484.0,9878.0,11409.0,,,52117,20166,VA,8160.0,0,1243
0,1262649600,OTHER,2005,5,FORD,EXPEDITION 2WD V8,Edd,4D SUV 5.4L EDDIE BAUER,BROWN,AUTO,2.0,Covers,77816,AMERICAN,LARGE SUV,FORD,10930.0,12582.0,16114.0,17747.0,11469.0,13434.0,16032.0,17744.0,,,21053,95673,CA,9905.0,0,1038
0,1288051200,MANHEIM,2004,6,CHRYSLER,PACIFICA AWD,,4D SPORT TOURER,BLACK,AUTO,1.0,Alloy,69709,AMERICAN,CROSSOVER,CHRYSLER,6694.0,8295.0,11007.0,13640.0,6539.0,7996.0,9956.0,11822.0,NO,GREEN,17212,60440,IL,8845.0,0,1606
0,1285545600,MANHEIM,2005,5,CHEVROLET,MALIBU 4C,Cla,4D SEDAN CLASSIC,WHITE,AUTO,1.0,Alloy,76330,AMERICAN,MEDIUM,GM,4101.0,5754.0,7485.0,10502.0,3853.0,5508.0,7060.0,8722.0,,,10315,22801,VA,5200.0,1,1155
1,1252022400,OTHER,2006,3,DODGE,CARAVAN FWD V6 3.3L,SE,MINIVAN 3.3L,BLUE,AUTO,,,69926,AMERICAN,VAN,CHRYSLER,5603.0,7281.0,6551.0,8363.0,5684.0,7352.0,6639.0,8440.0,,,18880,29461,SC,6400.0,0,1411
0,1262131200,MANHEIM,2005,4,JEEP,GRAND CHEROKEE 2WD V,Lim,4D WAGON LIMITED,SILVER,AUTO,1.0,Alloy,72051,AMERICAN,MEDIUM SUV,CHRYSLER,9543.0,11285.0,13782.0,15515.0,11419.0,13189.0,15263.0,16696.0,,,20740,32824,FL,10100.0,0,1857
0,1262908800,ADESA,2003,7,FORD,FOCUS,ZX3,2D COUPE ZX3,RED,AUTO,1.0,Alloy,77659,AMERICAN,COMPACT,FORD,2754.0,3514.0,6246.0,7969.0,2806.0,3591.0,5743.0,6958.0,,,16926,91752,CA,3700.0,0,1455
0,1259020800,ADESA,2007,2,KIA,SPECTRA,EX,4D SEDAN EX,RED,AUTO,2.0,Covers,60472,OTHER ASIAN,MEDIUM,OTHER,6204.0,7390.0,7200.0,8481.0,5576.0,6686.0,9226.0,9965.0,,,18822,78754,TX,5505.0,0,533
0,1241136000,OTHER,2007,2,KIA,RONDO V6 2.7L V6 DI,EX,4D WAGON,SILVER,AUTO,1.0,Alloy,49633,OTHER ASIAN,CROSSOVER,OTHER,7382.0,7936.0,8473.0,9071.0,7382.0,7936.0,8473.0,9071.0,,,99761,27407,NC,7000.0,0,623
0,1238544000,ADESA,2003,6,FORD,TAURUS 3.0L V6 EFI,SE,4D SEDAN SE,WHITE,AUTO,1.0,Alloy,88716,AMERICAN,MEDIUM,FORD,2326.0,3367.0,3012.0,4136.0,2326.0,3367.0,3012.0,4136.0,,,18111,30212,GA,4100.0,0,1283
0,1290556800,MANHEIM,2008,2,CHEVROLET,IMPALA V6,LS,4D SEDAN LS 3.5L FFV,BLUE,AUTO,2.0,Covers,52708,AMERICAN,LARGE,GM,7833.0,8702.0,11827.0,12787.0,7829.0,9012.0,11539.0,12821.0,,,23657,94544,CA,8470.0,0,1500
0,1275955200,MANHEIM,2005,5,CHEVROLET,EQUINOX FWD V6,LS,4D SUV LS,SILVER,AUTO,2.0,Covers,59083,AMERICAN,MEDIUM SUV,GM,6433.0,7940.0,10384.0,11850.0,6441.0,7679.0,10085.0,11400.0,,,18822,77041,TX,7800.0,0,1086
1,1273104000,MANHEIM,2007,3,TOYOTA,CAMRY 4C,LE,4D SEDAN LE,GREY,AUTO,2.0,Covers,30657,TOP LINE ASIAN,MEDIUM,OTHER,10728.0,11712.0,14971.0,16264.0,10680.0,11663.0,14656.0,15850.0,,,25100,39402,MS,11075.0,0,462
0,1274313600,ADESA,2007,3,CHRYSLER,TOWN & COUNTRY 2WD V,Bas,MINIVAN 3.3L,GREY,AUTO,2.0,Covers,89179,AMERICAN,VAN,CHRYSLER,7444.0,9121.0,11105.0,12838.0,7711.0,9703.0,11722.0,13483.0,,,18881,28273,NC,7460.0,0,1763
1,1272326400,MANHEIM,2005,5,FORD,TAURUS,SE,4D SEDAN SE FFV,MAROON,AUTO,1.0,Alloy,88386,AMERICAN,MEDIUM,FORD,4039.0,5240.0,7530.0,8824.0,3978.0,5178.0,7477.0,8951.0,,,20833,75050,TX,4810.0,0,983
0,1241568000,MANHEIM,2006,3,DODGE,DURANGO 4WD V8 4.7L,SXT,4D SUV 4.7L,WHITE,AUTO,1.0,Alloy,71031,AMERICAN,MEDIUM SUV,CHRYSLER,11393.0,13586.0,12804.0,15173.0,11393.0,13586.0,12804.0,15173.0,,,3453,80011,CO,9585.0,0,1623
0,1286409600,MANHEIM,2009,1,CHRYSLER,SEBRING 4C,Tou,4D SEDAN TOURING,OTHER,AUTO,1.0,Alloy,52568,AMERICAN,MEDIUM,CHRYSLER,8811.0,9342.0,12240.0,13247.0,9366.0,10115.0,12740.0,13776.0,,,19662,60443,IL,8745.0,0,920
0,1258588800,MANHEIM,2004,5,TOYOTA,4 RUNNER 2WD V8,Lim,4D SPORT UTILITY LIMITED,WHITE,AUTO,1.0,Alloy,92231,TOP LINE ASIAN,MEDIUM SUV,OTHER,12283.0,15145.0,13766.0,16857.0,12800.0,15391.0,17010.0,19999.0,,,19064,76040,TX,10895.0,0,909
0,1234310400,MANHEIM,2003,6,ISUZU,AXIOM 2WD V6 3.5L V6,S,4D SPORT UTILITY S,GREEN,AUTO,1.0,Alloy,71373,OTHER ASIAN,MEDIUM SUV,OTHER,4197.0,5102.0,5033.0,6010.0,4825.0,6154.0,5711.0,7146.0,,,20928,32824,FL,6500.0,0,1572
0,1268265600,ADESA,2006,4,FORD,TAURUS,SE,4D SEDAN SE,BLACK,AUTO,2.0,Covers,83417,AMERICAN,MEDIUM,FORD,4830.0,5980.0,8099.0,9373.0,4663.0,5882.0,8730.0,9660.0,,,8172,28273,NC,4530.0,0,983
1,1233100800,ADESA,2004,5,FORD,EXPEDITION 2WD V8 5.,XLT,4D SUV 5.4L XLT,SILVER,AUTO,1.0,Alloy,82356,AMERICAN,LARGE SUV,FORD,7273.0,8308.0,8355.0,9473.0,8862.0,10532.0,10071.0,11875.0,,,21053,85226,AZ,7640.0,0,1113
0,1238630400,MANHEIM,2004,5,FORD,FREESTAR FWD V6 3.9L,S,PASSENGER 3.9L,BLUE,AUTO,,,60319,AMERICAN,VAN,FORD,3716.0,4933.0,4513.0,5828.0,3751.0,5066.0,4551.0,5971.0,,,20207,76040,TX,5425.0,0,1313
0,1266192000,MANHEIM,2003,7,FORD,EXPLORER 2WD V6,Spo,2D SUV 4.0L SPORT XLS,WHITE,AUTO,1.0,Alloy,64714,AMERICAN,MEDIUM SUV,FORD,3379.0,5043.0,6659.0,8226.0,3459.0,4432.0,6713.0,7695.0,,,20928,27542,NC,6335.0,0,1320
0,1285113600,MANHEIM,2003,7,JEEP,LIBERTY 2WD V6,Lim,4D SUV LIMITED,GOLD,AUTO,1.0,Alloy,81079,AMERICAN,SMALL SUV,CHRYSLER,5956.0,7389.0,9149.0,10750.0,5551.0,6978.0,8350.0,10070.0,,,20740,32124,FL,7950.0,0,1023
0,1269993600,MANHEIM,2007,3,FORD,FUSION V6,SEL,4D SEDAN SEL,PURPLE,AUTO,1.0,Alloy,76507,AMERICAN,MEDIUM,FORD,12531.0,14100.0,15852.0,17300.0,12418.0,13875.0,17909.0,20010.0,,,22916,80011,CO,8905.0,0,1272
0,1287964800,ADESA,2008,2,DODGE,AVENGER 4C,SE,4D SEDAN,GREY,AUTO,2.0,Covers,54696,AMERICAN,MEDIUM,CHRYSLER,7646.0,8799.0,11607.0,12875.0,7627.0,8618.0,10734.0,12074.0,,,5546,33619,FL,8800.0,0,920
0,1277251200,OTHER,2008,2,DODGE,MAGNUM V6,SXT,WAGON 3.5L,GREY,AUTO,0.0,,91501,AMERICAN,SPECIALTY,CHRYSLER,12714.0,14605.0,16664.0,18663.0,9824.0,11708.0,14366.0,15580.0,,,19638,35004,AL,8600.0,0,1630
0,1288051200,ADESA,2008,2,CHEVROLET,IMPALA V6,LS,4D SEDAN LS 3.5L FFV,GREY,AUTO,2.0,Covers,73244,AMERICAN,LARGE,GM,7811.0,8729.0,12005.0,12926.0,7737.0,8893.0,11957.0,13225.0,,,3453,55369,MN,8435.0,0,1974
