pct_population,pct_positives_captured
6.850722751250257e-05,0.0005571030640668524
0.00013701445502500514,0.0011142061281337048
0.0002055216825375077,0.001671309192200557
0.0002740289100500103,0.0022284122562674096
0.00034253613756251287,0.002785515320334262
0.0004110433650750154,0.003342618384401114
0.000479550592587518,0.0038997214484679664
0.0005480578201000206,0.004456824512534819
0.0006165650476125231,0.005013927576601671
0.0006850722751250257,0.005571030640668524
0.0007535795026375283,0.006128133704735376
0.0008220867301500308,0.006685236768802228
0.0008905939576625334,0.0072423398328690805
0.000959101185175036,0.007799442896935933
0.0010276084126875386,0.008356545961002786
0.0010961156402000411,0.008913649025069638
0.0011646228677125437,0.00947075208913649
0.0012331300952250462,0.010027855153203343
0.0013016373227375487,0.010584958217270195
0.0013701445502500515,0.011142061281337047
0.001438651777762554,0.0116991643454039
0.0015071590052750565,0.012256267409470752
0.001575666232787559,0.012813370473537604
0.0016441734603000616,0.013370473537604457
0.0017126806878125641,0.013927576601671309
0.0017811879153250669,0.014484679665738161
0.0018496951428375694,0.015041782729805013
0.001918202370350072,0.015598885793871866
0.0019867095978625747,0.01615598885793872
0.002055216825375077,0.016713091922005572
0.0021237240528875797,0.017270194986072424
0.0021922312804000823,0.017827298050139277
0.002260738507912585,0.01838440111420613
0.0023292457354250873,0.01894150417827298
0.00239775296293759,0.019498607242339833
0.0024662601904500924,0.020055710306406686
0.002534767417962595,0.020612813370473538
0.0026032746454750975,0.02116991643454039
0.0026717818729876,0.021727019498607242
0.002740289100500103,0.022284122562674095
0.0028087963280126055,0.022841225626740947
0.002877303555525108,0.0233983286908078
0.0029458107830376105,0.02395543175487465
0.003014318010550113,0.024512534818941504
0.0030828252380626156,0.025069637883008356
0.003151332465575118,0.02562674094707521
0.0032198396930876207,0.02618384401114206
0.003288346920600123,0.026740947075208913
0.0033568541481126257,0.027298050139275765
0.0034253613756251283,0.027855153203342618
0.0034938686031376312,0.02841225626740947
0.0035623758306501337,0.028969359331476322
0.0036308830581626363,0.029526462395543174
0.003699390285675139,0.030083565459610027
0.0037678975131876413,0.03064066852367688
0.003836404740700144,0.03119777158774373
0.0039049119682126464,0.03175487465181059
0.003973419195725149,0.03231197771587744
0.004041926423237652,0.03286908077994429
0.004110433650750154,0.033426183844011144
0.004178940878262657,0.033983286908077996
0.0042474481057751595,0.03454038997214485
0.004315955333287662,0.0350974930362117
0.0043844625608001645,0.03565459610027855
0.004452969788312667,0.036211699164345405
0.00452147701582517,0.03676880222841226
0.004589984243337672,0.03732590529247911
0.004658491470850175,0.03788300835654596
0.004726998698362677,0.038440111420612814
0.00479550592587518,0.03899721448467967
0.004864013153387682,0.03955431754874652
0.004932520380900185,0.04011142061281337
0.005001027608412687,0.040668523676880224
0.00506953483592519,0.041225626740947076
0.005138042063437692,0.04178272980501393
0.005206549290950195,0.04233983286908078
0.0052750565184626974,0.04289693593314763
0.0053435637459752,0.043454038997214485
0.005412070973487703,0.04401114206128134
0.005480578201000206,0.04456824512534819
0.005549085428512708,0.04512534818941504
0.005617592656025211,0.045682451253481894
0.0056860998835377135,0.046239554317548746
0.005754607111050216,0.0467966573816156
0.0058231143385627186,0.04735376044568245
0.005891621566075221,0.0479108635097493
0.005960128793587724,0.048467966573816156
0.006028636021100226,0.04902506963788301
0.006097143248612729,0.04958217270194986
0.006165650476125231,0.05013927576601671
0.006234157703637734,0.050696378830083565
0.006302664931150236,0.05125348189415042
0.006371172158662739,0.05181058495821727
0.006439679386175241,0.05236768802228412
0.006508186613687744,0.052924791086350974
0.006576693841200246,0.053481894150417826
0.006645201068712749,0.05403899721448468
0.0067137082962252514,0.05459610027855153
0.006782215523737754,0.05459610027855153
0.0068507227512502565,0.05515320334261838
0.006919229978762759,0.055710306406685235
0.0069877372062752624,0.05626740947075209
0.007056244433787765,0.05682451253481894
0.0071247516613002675,0.05738161559888579
0.00719325888881277,0.057938718662952644
0.0072617661163252726,0.0584958217270195
0.007330273343837775,0.05905292479108635
0.007398780571350278,0.0596100278551532
0.00746728779886278,0.06016713091922005
0.007535795026375283,0.060724233983286906
0.007604302253887785,0.06128133704735376
0.007672809481400288,0.06183844011142061
0.00774131670891279,0.06239554317548746
0.007809823936425293,0.06295264623955432
0.007878331163937796,0.06350974930362117
0.007946838391450299,0.06406685236768803
0.008015345618962801,0.06462395543175488
0.008083852846475304,0.06518105849582173
0.008152360073987806,0.06573816155988858
0.008220867301500309,0.06629526462395544
0.008289374529012811,0.06685236768802229
0.008357881756525314,0.06740947075208914
0.008426388984037816,0.06796657381615599
0.008494896211550319,0.06852367688022284
0.008563403439062822,0.0690807799442897
0.008631910666575324,0.06963788300835655
0.008700417894087827,0.0701949860724234
0.008768925121600329,0.07075208913649025
0.008837432349112832,0.0713091922005571
0.008905939576625334,0.07186629526462396
0.008974446804137837,0.07242339832869081
0.00904295403165034,0.07298050139275766
0.009111461259162842,0.07353760445682452
0.009179968486675344,0.07409470752089137
0.009248475714187847,0.07465181058495822
0.00931698294170035,0.07520891364902507
0.009385490169212852,0.07576601671309192
0.009453997396725354,0.07632311977715878
0.009522504624237857,0.07688022284122563
0.00959101185175036,0.07743732590529248
0.009659519079262862,0.07799442896935933
0.009728026306775365,0.07855153203342619
0.009796533534287867,0.07910863509749304
0.00986504076180037,0.07966573816155989
0.009933547989312872,0.08022284122562674
0.010002055216825375,0.08022284122562674
0.010070562444337877,0.0807799442896936
0.01013906967185038,0.0807799442896936
0.010207576899362882,0.08133704735376045
0.010276084126875385,0.0818941504178273
0.010344591354387887,0.08245125348189415
0.01041309858190039,0.083008356545961
0.010481605809412892,0.08356545961002786
0.010550113036925395,0.08412256267409471
0.010618620264437897,0.08467966573816156
0.0106871274919504,0.08523676880222841
0.010755634719462902,0.08579387186629527
0.010824141946975407,0.08635097493036212
0.01089264917448791,0.08690807799442897
0.010961156402000412,0.08746518105849582
0.011029663629512914,0.08802228412256267
0.011098170857025417,0.08857938718662953
0.01116667808453792,0.08913649025069638
0.011235185312050422,0.08969359331476323
0.011303692539562924,0.09025069637883008
0.011372199767075427,0.09080779944289694
0.01144070699458793,0.09136490250696379
0.011509214222100432,0.09192200557103064
0.011577721449612935,0.09247910863509749
0.011646228677125437,0.09303621169916435
0.01171473590463794,0.0935933147632312
0.011783243132150442,0.09415041782729805
0.011851750359662945,0.0947075208913649
0.011920257587175447,0.09526462395543175
0.01198876481468795,0.0958217270194986
0.012057272042200452,0.09637883008356546
0.012125779269712955,0.09693593314763231
0.012194286497225457,0.09749303621169916
0.01226279372473796,0.09805013927576602
0.012331300952250462,0.09860724233983287
0.012399808179762965,0.09860724233983287
0.012468315407275467,0.09916434540389972
0.01253682263478797,0.09916434540389972
0.012605329862300473,0.09972144846796657
0.012673837089812975,0.10027855153203342
0.012742344317325478,0.10083565459610028
0.01281085154483798,0.10139275766016713
0.012879358772350483,0.10194986072423398
0.012947865999862985,0.10250696378830083
0.013016373227375488,0.10306406685236769
0.01308488045488799,0.10362116991643454
0.013153387682400493,0.10417827298050139
0.013221894909912995,0.10473537604456824
0.013290402137425498,0.1052924791086351
0.013358909364938,0.10584958217270195
0.013427416592450503,0.1064066852367688
0.013495923819963005,0.10696378830083565
0.013564431047475508,0.1075208913649025
0.01363293827498801,0.10807799442896936
0.013701445502500513,0.10863509749303621
0.013769952730013016,0.10919220055710306
0.013838459957525518,0.10974930362116991
0.013906967185038022,0.11030640668523677
0.013975474412550525,0.11086350974930362
0.014043981640063027,0.11142061281337047
0.01411248886757553,0.11197771587743732
0.014180996095088032,0.11253481894150417
0.014249503322600535,0.11309192200557103
0.014318010550113038,0.11364902506963788
0.01438651777762554,0.11420612813370473
0.014455025005138043,0.11476323119777158
0.014523532232650545,0.11532033426183844
0.014592039460163048,0.11587743732590529
0.01466054668767555,0.11643454038997214
0.014729053915188053,0.116991643454039
0.014797561142700555,0.11754874651810585
0.014866068370213058,0.1181058495821727
0.01493457559772556,0.11866295264623955
0.015003082825238063,0.1192200557103064
0.015071590052750565,0.11977715877437325
0.015140097280263068,0.1203342618384401
0.01520860450777557,0.12089136490250696
0.015277111735288073,0.12144846796657381
0.015345618962800575,0.12200557103064066
0.015414126190313078,0.12256267409470752
0.01548263341782558,0.12311977715877437
0.015551140645338083,0.12367688022284122
0.015619647872850586,0.12423398328690807
0.015688155100363088,0.12479108635097493
0.015756662327875592,0.12534818941504178
0.015825169555388093,0.12590529247910864
0.015893676782900597,0.12646239554317548
0.015962184010413098,0.12701949860724235
0.016030691237925603,0.1275766016713092
0.016099198465438103,0.12813370473537605
0.016167705692950608,0.1286908077994429
0.01623621292046311,0.12924791086350976
0.016304720147975613,0.1298050139275766
0.016373227375488113,0.13036211699164346
0.016441734603000618,0.13036211699164346
0.01651024183051312,0.1309192200557103
0.016578749058025623,0.13147632311977717
0.016647256285538124,0.132033426183844
0.016715763513050628,0.13259052924791087
0.01678427074056313,0.1331476323119777
0.016852777968075633,0.13370473537604458
0.016921285195588134,0.13426183844011141
0.016989792423100638,0.13426183844011141
0.01705829965061314,0.13481894150417828
0.017126806878125643,0.13481894150417828
0.017195314105638144,0.13537604456824512
0.017263821333150648,0.13593314763231198
0.01733232856066315,0.13649025069637882
0.017400835788175653,0.1370473537604457
0.017469343015688154,0.13760445682451253
0.017537850243200658,0.1381615598885794
0.01760635747071316,0.13871866295264623
0.017674864698225663,0.1392757660167131
0.017743371925738164,0.13983286908077994
0.01781187915325067,0.1403899721448468
0.01788038638076317,0.14094707520891364
0.017948893608275673,0.1415041782729805
0.018017400835788174,0.1415041782729805
0.01808590806330068,0.14206128133704735
0.01815441529081318,0.1426183844011142
0.018222922518325683,0.14317548746518105
0.018291429745838184,0.14373259052924792
0.01835993697335069,0.14428969359331476
0.01842844420086319,0.14484679665738162
0.018496951428375694,0.14540389972144846
0.018565458655888198,0.14596100278551533
0.0186339658834007,0.14651810584958216
0.018702473110913203,0.14707520891364903
0.018770980338425704,0.14763231197771587
0.018839487565938208,0.14818941504178273
0.01890799479345071,0.14874651810584957
0.018976502020963213,0.14930362116991644
0.019045009248475714,0.14986072423398328
0.019113516475988218,0.15041782729805014
0.01918202370350072,0.15097493036211698
0.019250530931013223,0.15097493036211698
0.019319038158525724,0.15153203342618385
0.019387545386038228,0.1520891364902507
0.01945605261355073,0.1520891364902507
0.019524559841063233,0.15264623955431755
0.019593067068575734,0.1532033426183844
0.01966157429608824,0.15376044568245126
0.01973008152360074,0.1543175487465181
0.019798588751113243,0.15487465181058496
0.019867095978625744,0.1554317548746518
0.01993560320613825,0.15598885793871867
0.02000411043365075,0.1565459610027855
0.020072617661163254,0.15710306406685237
0.020141124888675754,0.1576601671309192
0.02020963211618826,0.15821727019498608
0.02027813934370076,0.15877437325905291
0.020346646571213264,0.15933147632311978
0.020415153798725764,0.15933147632311978
0.02048366102623827,0.15988857938718662
0.02055216825375077,0.16044568245125349
0.020620675481263274,0.16100278551532032
0.020689182708775775,0.1615598885793872
0.02075768993628828,0.1615598885793872
0.02082619716380078,0.16211699164345403
0.020894704391313284,0.16211699164345403
0.020963211618825785,0.1626740947075209
0.02103171884633829,0.1626740947075209
0.02110022607385079,0.16323119777158773
0.021168733301363294,0.16323119777158773
0.021237240528875795,0.1637883008356546
0.0213057477563883,0.16434540389972144
0.0213742549839008,0.1649025069637883
0.021442762211413304,0.16545961002785514
0.021511269438925805,0.166016713091922
0.02157977666643831,0.16657381615598885
0.021648283893950813,0.1671309192200557
0.021716791121463314,0.16768802228412255
0.02178529834897582,0.16824512534818942
0.02185380557648832,0.16880222841225626
0.021922312804000824,0.16880222841225626
0.021990820031513324,0.16935933147632312
0.02205932725902583,0.16991643454038996
0.02212783448653833,0.17047353760445683
0.022196341714050834,0.17103064066852366
0.022264848941563335,0.17158774373259053
0.02233335616907584,0.17214484679665737
0.02240186339658834,0.17270194986072424
0.022470370624100844,0.17325905292479107
0.022538877851613345,0.17381615598885794
0.02260738507912585,0.17437325905292478
0.02267589230663835,0.17493036211699164
0.022744399534150854,0.17493036211699164
0.022812906761663355,0.17548746518105848
0.02288141398917586,0.17604456824512535
0.02294992121668836,0.1766016713091922
0.023018428444200864,0.17715877437325905
0.023086935671713365,0.1777158774373259
0.02315544289922587,0.17827298050139276
0.02322395012673837,0.1788300835654596
0.023292457354250874,0.17938718662952646
0.023360964581763375,0.1799442896935933
0.02342947180927588,0.18050139275766017
0.02349797903678838,0.181058495821727
0.023566486264300884,0.181058495821727
0.023634993491813385,0.18161559888579387
0.02370350071932589,0.18217270194986074
0.02377200794683839,0.18272980501392758
0.023840515174350894,0.18328690807799444
0.023909022401863395,0.18384401114206128
0.0239775296293759,0.18440111420612815
0.0240460368568884,0.18495821727019499
0.024114544084400905,0.18551532033426185
0.024183051311913405,0.1860724233983287
0.02425155853942591,0.18662952646239556
0.02432006576693841,0.1871866295264624
0.024388572994450915,0.18774373259052926
0.024457080221963415,0.1883008356545961
0.02452558744947592,0.18885793871866297
0.02459409467698842,0.1894150417827298
0.024662601904500925,0.18997214484679667
0.02473110913201343,0.1905292479108635
0.02479961635952593,0.1905292479108635
0.024868123587038434,0.19108635097493037
0.024936630814550935,0.19108635097493037
0.02500513804206344,0.1916434540389972
0.02507364526957594,0.1916434540389972
0.025142152497088444,0.19220055710306408
0.025210659724600945,0.19275766016713092
0.02527916695211345,0.19331476323119778
0.02534767417962595,0.19387186629526462
0.025416181407138454,0.19387186629526462
0.025484688634650955,0.1944289693593315
0.02555319586216346,0.19498607242339833
0.02562170308967596,0.1955431754874652
0.025690210317188465,0.19610027855153203
0.025758717544700965,0.19610027855153203
0.02582722477221347,0.1966573816155989
0.02589573199972597,0.19721448467966574
0.025964239227238475,0.19721448467966574
0.026032746454750975,0.1977715877437326
0.02610125368226348,0.19832869080779944
0.02616976090977598,0.1988857938718663
0.026238268137288485,0.19944289693593314
0.026306775364800986,0.2
0.02637528259231349,0.20055710306406685
0.02644378981982599,0.20111420612813372
0.026512297047338495,0.20167130919220055
0.026580804274850996,0.20167130919220055
0.0266493115023635,0.20222841225626742
0.026717818729876,0.20222841225626742
0.026786325957388505,0.20278551532033426
0.026854833184901006,0.20334261838440112
0.02692334041241351,0.20334261838440112
0.02699184763992601,0.20334261838440112
0.027060354867438515,0.20334261838440112
0.027128862094951016,0.20389972144846796
0.02719736932246352,0.20389972144846796
0.02726587654997602,0.20389972144846796
0.027334383777488525,0.20389972144846796
0.027402891005001026,0.20389972144846796
0.02747139823251353,0.20445682451253483
0.02753990546002603,0.20501392757660167
0.027608412687538535,0.20557103064066853
0.027676919915051036,0.20557103064066853
0.02774542714256354,0.20612813370473537
0.027813934370076045,0.20668523676880224
0.027882441597588545,0.20668523676880224
0.02795094882510105,0.20724233983286908
0.02801945605261355,0.20779944289693594
0.028087963280126055,0.20835654596100278
0.028156470507638556,0.20891364902506965
0.02822497773515106,0.20947075208913649
0.02829348496266356,0.20947075208913649
0.028361992190176065,0.21002785515320335
0.028430499417688566,0.21002785515320335
0.02849900664520107,0.21002785515320335
0.02856751387271357,0.2105849582172702
0.028636021100226075,0.2105849582172702
0.028704528327738576,0.21114206128133706
0.02877303555525108,0.2116991643454039
0.02884154278276358,0.2116991643454039
0.028910050010276085,0.21225626740947076
0.028978557237788586,0.21225626740947076
0.02904706446530109,0.2128133704735376
0.02911557169281359,0.21337047353760447
0.029184078920326095,0.21337047353760447
0.029252586147838596,0.2139275766016713
0.0293210933753511,0.2139275766016713
0.0293896006028636,0.2139275766016713
0.029458107830376105,0.21448467966573817
0.029526615057888606,0.215041782729805
0.02959512228540111,0.21559888579387188
0.02966362951291361,0.21559888579387188
0.029732136740426116,0.2161559888579387
0.029800643967938616,0.21671309192200558
0.02986915119545112,0.21727019498607242
0.02993765842296362,0.21782729805013928
0.030006165650476126,0.21782729805013928
0.030074672877988626,0.21782729805013928
0.03014318010550113,0.21838440111420612
0.03021168733301363,0.218941504178273
0.030280194560526136,0.218941504178273
0.030348701788038637,0.21949860724233983
0.03041720901555114,0.2200557103064067
0.03048571624306364,0.2200557103064067
0.030554223470576146,0.2200557103064067
0.030622730698088647,0.22061281337047353
0.03069123792560115,0.2211699164345404
0.030759745153113652,0.22172701949860724
0.030828252380626156,0.22172701949860724
0.03089675960813866,0.2222841225626741
0.03096526683565116,0.22284122562674094
0.031033774063163665,0.22284122562674094
0.031102281290676166,0.2233983286908078
0.03117078851818867,0.22395543175487465
0.03123929574570117,0.22395543175487465
0.03130780297321367,0.22395543175487465
0.031376310200726176,0.22395543175487465
0.03144481742823868,0.22395543175487465
0.031513324655751185,0.2245125348189415
0.03158183188326368,0.2245125348189415
0.031650339110776186,0.2245125348189415
0.03171884633828869,0.2245125348189415
0.031787353565801195,0.22506963788300835
0.03185586079331369,0.22506963788300835
0.031924368020826197,0.22562674094707522
0.0319928752483387,0.22618384401114205
0.032061382475851205,0.22618384401114205
0.0321298897033637,0.22618384401114205
0.03219839693087621,0.22618384401114205
0.03226690415838871,0.22674094707520892
0.032335411385901215,0.22729805013927576
0.03240391861341371,0.22785515320334263
0.03247242584092622,0.22785515320334263
0.03254093306843872,0.22841225626740946
0.032609440295951225,0.22896935933147633
0.03267794752346372,0.22896935933147633
0.03274645475097623,0.22952646239554317
0.03281496197848873,0.22952646239554317
0.032883469206001235,0.22952646239554317
0.03295197643351373,0.22952646239554317
0.03302048366102624,0.22952646239554317
0.03308899088853874,0.23008356545961003
0.033157498116051246,0.23064066852367687
0.03322600534356374,0.23064066852367687
0.03329451257107625,0.23064066852367687
0.03336301979858875,0.23119777158774374
0.033431527026101256,0.23175487465181058
0.03350003425361375,0.23175487465181058
0.03356854148112626,0.23175487465181058
0.03363704870863876,0.23231197771587744
0.033705555936151266,0.23231197771587744
0.03377406316366376,0.23286908077994428
0.03384257039117627,0.23342618384401115
0.03391107761868877,0.233983286908078
0.033979584846201276,0.233983286908078
0.03404809207371378,0.233983286908078
0.03411659930122628,0.23454038997214485
0.03418510652873878,0.2350974930362117
0.034253613756251286,0.23565459610027856
0.03432212098376379,0.23565459610027856
0.03439062821127629,0.2362116991643454
0.03445913543878879,0.2362116991643454
0.034527642666301296,0.2362116991643454
0.0345961498938138,0.23676880222841226
0.0346646571213263,0.23676880222841226
0.0347331643488388,0.23676880222841226
0.034801671576351306,0.2373259052924791
0.03487017880386381,0.2373259052924791
0.03493868603137631,0.2373259052924791
0.03500719325888881,0.2373259052924791
0.035075700486401316,0.2373259052924791
0.03514420771391382,0.23788300835654597
0.03521271494142632,0.23788300835654597
0.03528122216893882,0.2384401114206128
0.035349729396451327,0.2384401114206128
0.03541823662396383,0.2384401114206128
0.03548674385147633,0.2384401114206128
0.03555525107898883,0.2384401114206128
0.03562375830650134,0.2384401114206128
0.03569226553401384,0.2384401114206128
0.03576077276152634,0.23899721448467967
0.03582927998903884,0.2395543175487465
0.03589778721655135,0.24011142061281338
0.03596629444406385,0.24011142061281338
0.03603480167157635,0.24011142061281338
0.03610330889908885,0.24011142061281338
0.03617181612660136,0.2406685236768802
0.03624032335411386,0.2406685236768802
0.03630883058162636,0.2406685236768802
0.03637733780913886,0.2406685236768802
0.03644584503665137,0.24122562674094708
0.03651435226416387,0.24178272980501392
0.03658285949167637,0.24233983286908078
0.03665136671918887,0.24233983286908078
0.03671987394670138,0.24289693593314762
0.03678838117421388,0.2434540389972145
0.03685688840172638,0.2434540389972145
0.03692539562923888,0.24401114206128133
0.03699390285675139,0.24401114206128133
0.03706241008426389,0.2445682451253482
0.037130917311776396,0.2445682451253482
0.03719942453928889,0.24512534818941503
0.0372679317668014,0.24512534818941503
0.0373364389943139,0.2456824512534819
0.037404946221826406,0.2456824512534819
0.0374734534493389,0.2456824512534819
0.03754196067685141,0.2456824512534819
0.03761046790436391,0.2456824512534819
0.037678975131876416,0.24623955431754874
0.03774748235938891,0.24623955431754874
0.03781598958690142,0.24623955431754874
0.03788449681441392,0.24623955431754874
0.037953004041926426,0.24623955431754874
0.03802151126943892,0.24623955431754874
0.03809001849695143,0.2467966573816156
0.03815852572446393,0.2467966573816156
0.038227032951976436,0.24735376044568244
0.038295540179488934,0.2479108635097493
0.03836404740700144,0.2479108635097493
0.03843255463451394,0.24846796657381615
0.038501061862026446,0.249025069637883
0.038569569089538944,0.249025069637883
0.03863807631705145,0.249025069637883
0.03870658354456395,0.24958217270194985
0.038775090772076456,0.24958217270194985
0.038843597999588954,0.2501392757660167
0.03891210522710146,0.2501392757660167
0.03898061245461396,0.25069637883008355
0.03904911968212647,0.25069637883008355
0.039117626909638964,0.25069637883008355
0.03918613413715147,0.2512534818941504
0.03925464136466397,0.2518105849582173
0.03932314859217648,0.2518105849582173
0.039391655819688974,0.2523676880222841
0.03946016304720148,0.25292479108635096
0.03952867027471398,0.25292479108635096
0.03959717750222649,0.25292479108635096
0.039665684729738984,0.25348189415041783
0.03973419195725149,0.25348189415041783
0.03980269918476399,0.25348189415041783
0.0398712064122765,0.2540389972144847
0.039939713639788994,0.2545961002785515
0.0400082208673015,0.2545961002785515
0.040076728094814,0.2545961002785515
0.04014523532232651,0.2551532033426184
0.04021374254983901,0.2551532033426184
0.04028224977735151,0.2551532033426184
0.04035075700486401,0.2551532033426184
0.04041926423237652,0.2551532033426184
0.04048777145988902,0.2551532033426184
0.04055627868740152,0.2551532033426184
0.04062478591491402,0.2551532033426184
0.04069329314242653,0.2551532033426184
0.04076180036993903,0.2551532033426184
0.04083030759745153,0.2551532033426184
0.04089881482496403,0.25571030640668524
0.04096732205247654,0.2562674094707521
0.04103582927998904,0.2562674094707521
0.04110433650750154,0.2562674094707521
0.04117284373501404,0.2568245125348189
0.04124135096252655,0.2568245125348189
0.04130985819003905,0.2568245125348189
0.04137836541755155,0.2573816155988858
0.04144687264506405,0.2573816155988858
0.04151537987257656,0.25793871866295265
0.04158388710008906,0.2584958217270195
0.04165239432760156,0.2584958217270195
0.041720901555114064,0.2584958217270195
0.04178940878262657,0.2590529247910863
0.04185791601013907,0.2590529247910863
0.04192642323765157,0.2590529247910863
0.041994930465164074,0.2590529247910863
0.04206343769267658,0.2590529247910863
0.04213194492018908,0.2590529247910863
0.04220045214770158,0.2590529247910863
0.042268959375214084,0.2590529247910863
0.04233746660272659,0.2590529247910863
0.04240597383023909,0.2590529247910863
0.04247448105775159,0.2596100278551532
0.042542988285264094,0.2596100278551532
0.0426114955127766,0.2596100278551532
0.0426800027402891,0.2596100278551532
0.0427485099678016,0.2596100278551532
0.042817017195314104,0.2596100278551532
0.04288552442282661,0.2596100278551532
0.04295403165033911,0.2596100278551532
0.04302253887785161,0.2596100278551532
0.043091046105364114,0.26016713091922006
0.04315955333287662,0.26016713091922006
0.04322806056038912,0.26016713091922006
0.04329656778790163,0.2607242339832869
0.043365075015414124,0.2607242339832869
0.04343358224292663,0.2607242339832869
0.04350208947043913,0.2607242339832869
0.04357059669795164,0.26128133704735373
0.043639103925464134,0.26128133704735373
0.04370761115297664,0.2618384401114206
0.04377611838048914,0.2618384401114206
0.04384462560800165,0.2618384401114206
0.043913132835514145,0.2618384401114206
0.04398164006302665,0.2618384401114206
0.04405014729053915,0.2618384401114206
0.04411865451805166,0.2618384401114206
0.044187161745564155,0.2618384401114206
0.04425566897307666,0.2618384401114206
0.04432417620058916,0.2618384401114206
0.04439268342810167,0.2618384401114206
0.044461190655614165,0.2618384401114206
0.04452969788312667,0.26239554317548747
0.04459820511063917,0.26295264623955433
0.04466671233815168,0.26350974930362114
0.044735219565664175,0.26350974930362114
0.04480372679317668,0.26350974930362114
0.04487223402068918,0.26350974930362114
0.04494074124820169,0.26350974930362114
0.045009248475714185,0.26350974930362114
0.04507775570322669,0.26350974930362114
0.045146262930739194,0.26350974930362114
0.0452147701582517,0.264066852367688
0.045283277385764195,0.264066852367688
0.0453517846132767,0.2646239554317549
0.045420291840789204,0.26518105849582174
0.04548879906830171,0.26518105849582174
0.045557306295814205,0.26518105849582174
0.04562581352332671,0.26518105849582174
0.045694320750839214,0.26518105849582174
0.04576282797835172,0.26518105849582174
0.045831335205864215,0.26518105849582174
0.04589984243337672,0.26573816155988855
0.045968349660889224,0.2662952646239554
0.04603685688840173,0.2662952646239554
0.046105364115914226,0.2668523676880223
0.04617387134342673,0.26740947075208915
0.046242378570939234,0.26740947075208915
0.04631088579845174,0.26740947075208915
0.04637939302596424,0.26796657381615596
0.04644790025347674,0.26796657381615596
0.046516407480989244,0.26852367688022283
0.04658491470850175,0.26852367688022283
0.04665342193601425,0.2690807799442897
0.04672192916352675,0.2690807799442897
0.046790436391039254,0.2690807799442897
0.04685894361855176,0.2690807799442897
0.04692745084606426,0.2690807799442897
0.04699595807357676,0.2690807799442897
0.047064465301089264,0.2690807799442897
0.04713297252860177,0.2690807799442897
0.04720147975611427,0.26963788300835656
0.04726998698362677,0.27019498607242337
0.047338494211139275,0.27019498607242337
0.04740700143865178,0.27075208913649024
0.04747550866616428,0.27075208913649024
0.04754401589367678,0.27075208913649024
0.047612523121189285,0.2713091922005571
0.04768103034870179,0.27186629526462397
0.04774953757621429,0.27186629526462397
0.04781804480372679,0.27186629526462397
0.047886552031239295,0.2724233983286908
0.0479550592587518,0.2724233983286908
0.0480235664862643,0.2724233983286908
0.0480920737137768,0.2724233983286908
0.048160580941289305,0.2724233983286908
0.04822908816880181,0.2724233983286908
0.04829759539631431,0.2724233983286908
0.04836610262382681,0.2724233983286908
0.048434609851339315,0.2724233983286908
0.04850311707885182,0.2724233983286908
0.048571624306364324,0.2724233983286908
0.04864013153387682,0.27298050139275765
0.048708638761389325,0.27298050139275765
0.04877714598890183,0.27298050139275765
0.048845653216414334,0.2735376044568245
0.04891416044392683,0.2735376044568245
0.048982667671439335,0.2735376044568245
0.04905117489895184,0.2735376044568245
0.049119682126464344,0.2735376044568245
0.04918818935397684,0.2735376044568245
0.049256696581489345,0.2740947075208914
0.04932520380900185,0.27465181058495824
0.049393711036514354,0.27520891364902506
0.04946221826402686,0.27520891364902506
0.049530725491539355,0.27520891364902506
0.04959923271905186,0.2757660167130919
0.049667739946564364,0.2757660167130919
0.04973624717407687,0.2757660167130919
0.049804754401589366,0.2757660167130919
0.04987326162910187,0.2763231197771588
0.049941768856614374,0.2763231197771588
0.05001027608412688,0.27688022284122565
0.050078783311639376,0.27688022284122565
0.05014729053915188,0.27688022284122565
0.050215797766664384,0.27688022284122565
0.05028430499417689,0.27688022284122565
0.050352812221689386,0.27743732590529246
0.05042131944920189,0.27743732590529246
0.050489826676714394,0.27799442896935933
0.0505583339042269,0.27799442896935933
0.050626841131739396,0.27799442896935933
0.0506953483592519,0.27799442896935933
0.050763855586764405,0.2785515320334262
0.05083236281427691,0.2785515320334262
0.050900870041789406,0.27910863509749306
0.05096937726930191,0.27910863509749306
0.051037884496814415,0.27910863509749306
0.05110639172432692,0.27910863509749306
0.051174898951839416,0.27910863509749306
0.05124340617935192,0.27910863509749306
0.051311913406864425,0.27910863509749306
0.05138042063437693,0.2796657381615599
0.051448927861889426,0.2796657381615599
0.05151743508940193,0.2796657381615599
0.051585942316914435,0.2796657381615599
0.05165444954442694,0.2796657381615599
0.051722956771939436,0.2796657381615599
0.05179146399945194,0.28022284122562674
0.051859971226964445,0.28022284122562674
0.05192847845447695,0.28022284122562674
0.05199698568198945,0.2807799442896936
0.05206549290950195,0.28133704735376047
0.052134000137014455,0.28133704735376047
0.05220250736452696,0.2818941504178273
0.05227101459203946,0.2818941504178273
0.05233952181955196,0.28245125348189415
0.052408029047064465,0.283008356545961
0.05247653627457697,0.283008356545961
0.052545043502089474,0.283008356545961
0.05261355072960197,0.283008356545961
0.052682057957114475,0.283008356545961
0.05275056518462698,0.283008356545961
0.052819072412139484,0.283008356545961
0.05288757963965198,0.2835654596100279
0.052956086867164485,0.2835654596100279
0.05302459409467699,0.2835654596100279
0.053093101322189494,0.2841225626740947
0.05316160854970199,0.28467966573816156
0.053230115777214496,0.2852367688022284
0.053298623004727,0.2852367688022284
0.053367130232239504,0.2852367688022284
0.053435637459752,0.2852367688022284
0.053504144687264506,0.2857938718662953
0.05357265191477701,0.2857938718662953
0.053641159142289514,0.2857938718662953
0.05370966636980201,0.2863509749303621
0.053778173597314516,0.2863509749303621
0.05384668082482702,0.28690807799442897
0.053915188052339524,0.28690807799442897
0.05398369527985202,0.28690807799442897
0.054052202507364526,0.28690807799442897
0.05412070973487703,0.28690807799442897
0.054189216962389535,0.28690807799442897
0.05425772418990203,0.28690807799442897
0.054326231417414536,0.28690807799442897
0.05439473864492704,0.28746518105849583
0.054463245872439545,0.2880222841225627
0.05453175309995204,0.2885793871866295
0.054600260327464546,0.2885793871866295
0.05466876755497705,0.2885793871866295
0.054737274782489555,0.2891364902506964
0.05480578201000205,0.2891364902506964
0.054874289237514556,0.28969359331476324
0.05494279646502706,0.28969359331476324
0.055011303692539565,0.28969359331476324
0.05507981092005206,0.28969359331476324
0.055148318147564566,0.2902506963788301
0.05521682537507707,0.2902506963788301
0.055285332602589575,0.2908077994428969
0.05535383983010207,0.2908077994428969
0.05542234705761458,0.2913649025069638
0.05549085428512708,0.2913649025069638
0.055559361512639585,0.2913649025069638
0.05562786874015209,0.29192200557103065
0.05569637596766459,0.29192200557103065
0.05576488319517709,0.29192200557103065
0.055833390422689595,0.29192200557103065
0.0559018976502021,0.29192200557103065
0.0559704048777146,0.29192200557103065
0.0560389121052271,0.2924791086350975
0.056107419332739605,0.2924791086350975
0.05617592656025211,0.2924791086350975
0.05624443378776461,0.29303621169916433
0.05631294101527711,0.29303621169916433
0.056381448242789615,0.2935933147632312
0.05644995547030212,0.2935933147632312
0.05651846269781462,0.2935933147632312
0.05658696992532712,0.29415041782729806
0.056655477152839626,0.2947075208913649
0.05672398438035213,0.2947075208913649
0.05679249160786463,0.2947075208913649
0.05686099883537713,0.29526462395543174
0.056929506062889636,0.29526462395543174
0.05699801329040214,0.29526462395543174
0.05706652051791464,0.2958217270194986
0.05713502774542714,0.29637883008356547
0.057203534972939646,0.29637883008356547
0.05727204220045215,0.29637883008356547
0.05734054942796465,0.29637883008356547
0.05740905665547715,0.29637883008356547
0.057477563882989656,0.29693593314763234
0.05754607111050216,0.29693593314763234
0.05761457833801466,0.29749303621169915
0.05768308556552716,0.29749303621169915
0.057751592793039666,0.29749303621169915
0.05782010002055217,0.298050139275766
0.05788860724806467,0.2986072423398329
0.05795711447557717,0.2986072423398329
0.058025621703089676,0.29916434540389975
0.05809412893060218,0.29972144846796656
0.05816263615811468,0.3002785515320334
0.05823114338562718,0.3008356545961003
0.058299650613139686,0.3008356545961003
0.05836815784065219,0.30139275766016715
0.05843666506816469,0.30139275766016715
0.05850517229567719,0.30194986072423396
0.058573679523189696,0.30250696378830083
0.0586421867507022,0.30250696378830083
0.058710693978214705,0.3030640668523677
0.0587792012057272,0.3030640668523677
0.05884770843323971,0.3030640668523677
0.05891621566075221,0.3030640668523677
0.058984722888264715,0.3030640668523677
0.05905323011577721,0.3030640668523677
0.05912173734328972,0.3030640668523677
0.05919024457080222,0.30362116991643456
0.059258751798314725,0.30362116991643456
0.05932725902582722,0.3041782729805014
0.05939576625333973,0.3041782729805014
0.05946427348085223,0.3041782729805014
0.059532780708364735,0.3041782729805014
0.05960128793587723,0.30473537604456824
0.05966979516338974,0.30473537604456824
0.05973830239090224,0.30473537604456824
0.059806809618414745,0.30473537604456824
0.05987531684592724,0.30473537604456824
0.05994382407343975,0.30473537604456824
0.06001233130095225,0.30473537604456824
0.060080838528464756,0.30473537604456824
0.06014934575597725,0.30473537604456824
0.06021785298348976,0.30473537604456824
0.06028636021100226,0.30473537604456824
0.060354867438514766,0.30473537604456824
0.06042337466602726,0.30473537604456824
0.06049188189353977,0.30473537604456824
0.06056038912105227,0.3052924791086351
0.060628896348564776,0.3052924791086351
0.06069740357607727,0.305849582172702
0.06076591080358978,0.3064066852367688
0.06083441803110228,0.3064066852367688
0.060902925258614786,0.30696378830083565
0.06097143248612728,0.30696378830083565
0.06103993971363979,0.30696378830083565
0.06110844694115229,0.30696378830083565
0.061176954168664796,0.3075208913649025
0.06124546139617729,0.3075208913649025
0.0613139686236898,0.3080779944289694
0.0613824758512023,0.3080779944289694
0.061450983078714806,0.3086350974930362
0.061519490306227304,0.30919220055710306
0.06158799753373981,0.30919220055710306
0.06165650476125231,0.30919220055710306
0.061725011988764816,0.30919220055710306
0.06179351921627732,0.30919220055710306
0.06186202644378982,0.30919220055710306
0.06193053367130232,0.30919220055710306
0.061999040898814826,0.30919220055710306
0.06206754812632733,0.30919220055710306
0.06213605535383983,0.30919220055710306
0.06220456258135233,0.30919220055710306
0.06227306980886484,0.3097493036211699
0.06234157703637734,0.3097493036211699
0.06241008426388984,0.3097493036211699
0.06247859149140234,0.3097493036211699
0.06254709871891484,0.3097493036211699
0.06261560594642734,0.3097493036211699
0.06268411317393985,0.3097493036211699
0.06275262040145235,0.3097493036211699
0.06282112762896486,0.3097493036211699
0.06288963485647736,0.3097493036211699
0.06295814208398987,0.3097493036211699
0.06302664931150237,0.3097493036211699
0.06309515653901486,0.3103064066852368
0.06316366376652736,0.3103064066852368
0.06323217099403987,0.3103064066852368
0.06330067822155237,0.3108635097493036
0.06336918544906488,0.3108635097493036
0.06343769267657738,0.3108635097493036
0.06350619990408989,0.31142061281337047
0.06357470713160239,0.31197771587743733
0.06364321435911488,0.31197771587743733
0.06371172158662738,0.31197771587743733
0.06378022881413989,0.31197771587743733
0.06384873604165239,0.3125348189415042
0.0639172432691649,0.313091922005571
0.0639857504966774,0.313091922005571
0.0640542577241899,0.313091922005571
0.06412276495170241,0.313091922005571
0.0641912721792149,0.313091922005571
0.0642597794067274,0.3136490250696379
0.06432828663423991,0.31420612813370474
0.06439679386175241,0.31420612813370474
0.06446530108926492,0.3147632311977716
0.06453380831677742,0.3153203342618384
0.06460231554428993,0.3153203342618384
0.06467082277180243,0.3153203342618384
0.06473932999931493,0.3153203342618384
0.06480783722682742,0.3153203342618384
0.06487634445433993,0.3158774373259053
0.06494485168185243,0.3158774373259053
0.06501335890936494,0.3158774373259053
0.06508186613687744,0.3158774373259053
0.06515037336438995,0.3158774373259053
0.06521888059190245,0.31643454038997215
0.06528738781941495,0.316991643454039
0.06535589504692745,0.316991643454039
0.06542440227443995,0.31754874651810583
0.06549290950195245,0.31754874651810583
0.06556141672946496,0.31754874651810583
0.06562992395697746,0.31754874651810583
0.06569843118448997,0.31754874651810583
0.06576693841200247,0.3181058495821727
0.06583544563951498,0.31866295264623956
0.06590395286702747,0.31866295264623956
0.06597246009453997,0.31866295264623956
0.06604096732205247,0.31866295264623956
0.06610947454956498,0.31866295264623956
0.06617798177707748,0.3192200557103064
0.06624648900458999,0.31977715877437324
0.06631499623210249,0.31977715877437324
0.066383503459615,0.3203342618384401
0.06645201068712749,0.32089136490250697
0.06652051791463999,0.32089136490250697
0.0665890251421525,0.32089136490250697
0.066657532369665,0.32089136490250697
0.0667260395971775,0.32089136490250697
0.06679454682469001,0.32089136490250697
0.06686305405220251,0.32089136490250697
0.06693156127971502,0.32089136490250697
0.0670000685072275,0.32144846796657384
0.06706857573474001,0.32144846796657384
0.06713708296225251,0.32144846796657384
0.06720559018976502,0.32144846796657384
0.06727409741727752,0.32144846796657384
0.06734260464479003,0.32144846796657384
0.06741111187230253,0.32144846796657384
0.06747961909981504,0.32200557103064065
0.06754812632732753,0.3225626740947075
0.06761663355484003,0.3231197771587744
0.06768514078235253,0.3231197771587744
0.06775364800986504,0.3231197771587744
0.06782215523737754,0.3231197771587744
0.06789066246489005,0.3231197771587744
0.06795916969240255,0.3231197771587744
0.06802767691991506,0.32367688022284125
0.06809618414742756,0.32367688022284125
0.06816469137494005,0.32367688022284125
0.06823319860245255,0.32367688022284125
0.06830170582996506,0.32367688022284125
0.06837021305747756,0.32367688022284125
0.06843872028499007,0.32367688022284125
0.06850722751250257,0.32367688022284125
0.06857573474001508,0.32367688022284125
0.06864424196752758,0.32367688022284125
0.06871274919504007,0.32367688022284125
0.06878125642255258,0.32367688022284125
0.06884976365006508,0.32367688022284125
0.06891827087757758,0.32367688022284125
0.06898677810509009,0.32367688022284125
0.06905528533260259,0.32423398328690806
0.0691237925601151,0.3247910863509749
0.0691922997876276,0.3253481894150418
0.06926080701514009,0.3253481894150418
0.0693293142426526,0.3253481894150418
0.0693978214701651,0.3253481894150418
0.0694663286976776,0.32590529247910865
0.06953483592519011,0.32590529247910865
0.06960334315270261,0.32590529247910865
0.06967185038021512,0.32590529247910865
0.06974035760772762,0.32590529247910865
0.06980886483524011,0.32590529247910865
0.06987737206275262,0.32646239554317547
0.06994587929026512,0.32646239554317547
0.07001438651777762,0.32701949860724233
0.07008289374529013,0.32701949860724233
0.07015140097280263,0.32701949860724233
0.07021990820031514,0.3275766016713092
0.07028841542782764,0.3275766016713092
0.07035692265534013,0.3275766016713092
0.07042542988285264,0.3275766016713092
0.07049393711036514,0.3275766016713092
0.07056244433787764,0.3275766016713092
0.07063095156539015,0.3275766016713092
0.07069945879290265,0.3275766016713092
0.07076796602041516,0.3275766016713092
0.07083647324792766,0.3275766016713092
0.07090498047544017,0.3275766016713092
0.07097348770295266,0.32813370473537606
0.07104199493046516,0.32813370473537606
0.07111050215797766,0.3286908077994429
0.07117900938549017,0.3286908077994429
0.07124751661300267,0.32924791086350974
0.07131602384051518,0.32924791086350974
0.07138453106802768,0.32924791086350974
0.07145303829554019,0.3298050139275766
0.07152154552305268,0.3298050139275766
0.07159005275056518,0.3298050139275766
0.07165855997807768,0.3298050139275766
0.07172706720559019,0.3298050139275766
0.0717955744331027,0.3298050139275766
0.0718640816606152,0.3303621169916435
0.0719325888881277,0.3303621169916435
0.0720010961156402,0.3309192200557103
0.0720696033431527,0.3309192200557103
0.0721381105706652,0.3309192200557103
0.0722066177981777,0.33147632311977715
0.07227512502569021,0.33147632311977715
0.07234363225320271,0.33147632311977715
0.07241213948071522,0.33147632311977715
0.07248064670822772,0.33147632311977715
0.07254915393574023,0.33147632311977715
0.07261766116325272,0.33147632311977715
0.07268616839076522,0.332033426183844
0.07275467561827773,0.3325905292479109
0.07282318284579023,0.3325905292479109
0.07289169007330273,0.3325905292479109
0.07296019730081524,0.3325905292479109
0.07302870452832774,0.3325905292479109
0.07309721175584025,0.3331476323119777
0.07316571898335274,0.3331476323119777
0.07323422621086524,0.33370473537604456
0.07330273343837775,0.33370473537604456
0.07337124066589025,0.33370473537604456
0.07343974789340275,0.3342618384401114
0.07350825512091526,0.3342618384401114
0.07357676234842776,0.3342618384401114
0.07364526957594027,0.3342618384401114
0.07371377680345276,0.3342618384401114
0.07378228403096526,0.3342618384401114
0.07385079125847777,0.3348189415041783
0.07391929848599027,0.3348189415041783
0.07398780571350277,0.3353760445682451
0.07405631294101528,0.3353760445682451
0.07412482016852778,0.3353760445682451
0.07419332739604029,0.3353760445682451
0.07426183462355279,0.3353760445682451
0.07433034185106528,0.3353760445682451
0.07439884907857779,0.3353760445682451
0.07446735630609029,0.3353760445682451
0.0745358635336028,0.33593314763231197
0.0746043707611153,0.33593314763231197
0.0746728779886278,0.33593314763231197
0.07474138521614031,0.33593314763231197
0.07480989244365281,0.33593314763231197
0.0748783996711653,0.33593314763231197
0.0749469068986778,0.33593314763231197
0.07501541412619031,0.33593314763231197
0.07508392135370281,0.33593314763231197
0.07515242858121532,0.33593314763231197
0.07522093580872782,0.33593314763231197
0.07528944303624033,0.33649025069637883
0.07535795026375283,0.33649025069637883
0.07542645749126532,0.3370473537604457
0.07549496471877783,0.3370473537604457
0.07556347194629033,0.3376044568245125
0.07563197917380284,0.3381615598885794
0.07570048640131534,0.3381615598885794
0.07576899362882784,0.3381615598885794
0.07583750085634035,0.33871866295264624
0.07590600808385285,0.33871866295264624
0.07597451531136534,0.3392757660167131
0.07604302253887785,0.3398328690807799
0.07611152976639035,0.3398328690807799
0.07618003699390286,0.3398328690807799
0.07624854422141536,0.3398328690807799
0.07631705144892786,0.3398328690807799
0.07638555867644037,0.3403899721448468
0.07645406590395287,0.3403899721448468
0.07652257313146536,0.3403899721448468
0.07659108035897787,0.3403899721448468
0.07665958758649037,0.3403899721448468
0.07672809481400288,0.34094707520891365
0.07679660204151538,0.34094707520891365
0.07686510926902788,0.34094707520891365
0.07693361649654039,0.34094707520891365
0.07700212372405289,0.3415041782729805
0.0770706309515654,0.3415041782729805
0.07713913817907789,0.34206128133704733
0.07720764540659039,0.34206128133704733
0.0772761526341029,0.3426183844011142
0.0773446598616154,0.34317548746518106
0.0774131670891279,0.34317548746518106
0.07748167431664041,0.34317548746518106
0.07755018154415291,0.34317548746518106
0.07761868877166542,0.34317548746518106
0.07768719599917791,0.34373259052924793
0.07775570322669041,0.34373259052924793
0.07782421045420292,0.34373259052924793
0.07789271768171542,0.34373259052924793
0.07796122490922792,0.34428969359331474
0.07802973213674043,0.34428969359331474
0.07809823936425293,0.34428969359331474
0.07816674659176544,0.3448467966573816
0.07823525381927793,0.3448467966573816
0.07830376104679043,0.3448467966573816
0.07837226827430294,0.3448467966573816
0.07844077550181544,0.34540389972144847
0.07850928272932794,0.34596100278551534
0.07857778995684045,0.34651810584958215
0.07864629718435295,0.34651810584958215
0.07871480441186546,0.34651810584958215
0.07878331163937795,0.34651810584958215
0.07885181886689045,0.34651810584958215
0.07892032609440296,0.34651810584958215
0.07898883332191546,0.34651810584958215
0.07905734054942797,0.34651810584958215
0.07912584777694047,0.34651810584958215
0.07919435500445297,0.347075208913649
0.07926286223196548,0.3476323119777159
0.07933136945947797,0.3476323119777159
0.07939987668699047,0.34818941504178275
0.07946838391450298,0.34818941504178275
0.07953689114201548,0.34818941504178275
0.07960539836952799,0.34818941504178275
0.07967390559704049,0.34874651810584956
0.079742412824553,0.34874651810584956
0.0798109200520655,0.34874651810584956
0.07987942727957799,0.34874651810584956
0.07994793450709049,0.34874651810584956
0.080016441734603,0.3493036211699164
0.0800849489621155,0.3493036211699164
0.080153456189628,0.3493036211699164
0.08022196341714051,0.3493036211699164
0.08029047064465301,0.3498607242339833
0.08035897787216552,0.3498607242339833
0.08042748509967802,0.3498607242339833
0.08049599232719051,0.3498607242339833
0.08056449955470302,0.3498607242339833
0.08063300678221552,0.3498607242339833
0.08070151400972803,0.35041782729805016
0.08077002123724053,0.35097493036211697
0.08083852846475303,0.35153203342618383
0.08090703569226554,0.3520891364902507
0.08097554291977804,0.35264623955431756
0.08104405014729053,0.35264623955431756
0.08111255737480304,0.3532033426183844
0.08118106460231554,0.35376044568245124
0.08124957182982805,0.3543175487465181
0.08131807905734055,0.354874651810585
0.08138658628485305,0.354874651810585
0.08145509351236556,0.354874651810585
0.08152360073987806,0.354874651810585
0.08159210796739055,0.354874651810585
0.08166061519490306,0.3554317548746518
0.08172912242241556,0.3554317548746518
0.08179762964992807,0.3554317548746518
0.08186613687744057,0.3554317548746518
0.08193464410495307,0.3554317548746518
0.08200315133246558,0.3554317548746518
0.08207165855997808,0.3554317548746518
0.08214016578749057,0.3554317548746518
0.08220867301500308,0.3554317548746518
0.08227718024251558,0.3554317548746518
0.08234568747002809,0.35598885793871865
0.08241419469754059,0.35598885793871865
0.0824827019250531,0.35598885793871865
0.0825512091525656,0.35598885793871865
0.0826197163800781,0.35598885793871865
0.0826882236075906,0.3565459610027855
0.0827567308351031,0.3565459610027855
0.0828252380626156,0.3565459610027855
0.0828937452901281,0.3565459610027855
0.08296225251764061,0.3565459610027855
0.08303075974515312,0.3565459610027855
0.08309926697266562,0.3565459610027855
0.08316777420017812,0.3565459610027855
0.08323628142769063,0.3565459610027855
0.08330478865520312,0.3565459610027855
0.08337329588271562,0.3565459610027855
0.08344180311022813,0.3565459610027855
0.08351031033774063,0.3565459610027855
0.08357881756525314,0.3571030640668524
0.08364732479276564,0.3571030640668524
0.08371583202027814,0.3571030640668524
0.08378433924779065,0.3571030640668524
0.08385284647530314,0.3576601671309192
0.08392135370281564,0.3576601671309192
0.08398986093032815,0.3576601671309192
0.08405836815784065,0.3576601671309192
0.08412687538535316,0.3576601671309192
0.08419538261286566,0.3576601671309192
0.08426388984037816,0.35821727019498606
0.08433239706789067,0.35821727019498606
0.08440090429540316,0.35821727019498606
0.08446941152291566,0.35821727019498606
0.08453791875042817,0.35821727019498606
0.08460642597794067,0.35821727019498606
0.08467493320545318,0.35821727019498606
0.08474344043296568,0.35821727019498606
0.08481194766047818,0.35821727019498606
0.08488045488799069,0.3587743732590529
0.08494896211550318,0.3593314763231198
0.08501746934301568,0.3593314763231198
0.08508597657052819,0.3598885793871866
0.08515448379804069,0.3598885793871866
0.0852229910255532,0.3598885793871866
0.0852914982530657,0.3598885793871866
0.0853600054805782,0.3598885793871866
0.08542851270809071,0.3598885793871866
0.0854970199356032,0.3598885793871866
0.0855655271631157,0.36044568245125347
0.08563403439062821,0.36044568245125347
0.08570254161814071,0.36044568245125347
0.08577104884565322,0.36044568245125347
0.08583955607316572,0.36044568245125347
0.08590806330067823,0.36044568245125347
0.08597657052819073,0.36044568245125347
0.08604507775570322,0.36044568245125347
0.08611358498321572,0.36044568245125347
0.08618209221072823,0.36044568245125347
0.08625059943824073,0.36044568245125347
0.08631910666575324,0.36044568245125347
0.08638761389326574,0.36044568245125347
0.08645612112077825,0.36100278551532033
0.08652462834829075,0.36100278551532033
0.08659313557580325,0.36100278551532033
0.08666164280331574,0.3615598885793872
0.08673015003082825,0.3615598885793872
0.08679865725834075,0.3615598885793872
0.08686716448585326,0.3615598885793872
0.08693567171336576,0.3615598885793872
0.08700417894087827,0.362116991643454
0.08707268616839077,0.3626740947075209
0.08714119339590327,0.3626740947075209
0.08720970062341576,0.3626740947075209
0.08727820785092827,0.3626740947075209
0.08734671507844077,0.3626740947075209
0.08741522230595328,0.3626740947075209
0.08748372953346578,0.3626740947075209
0.08755223676097829,0.36323119777158774
0.08762074398849079,0.36323119777158774
0.0876892512160033,0.36323119777158774
0.08775775844351578,0.36323119777158774
0.08782626567102829,0.3637883008356546
0.0878947728985408,0.3643454038997215
0.0879632801260533,0.3643454038997215
0.0880317873535658,0.3643454038997215
0.0881002945810783,0.3643454038997215
0.08816880180859081,0.3649025069637883
0.08823730903610331,0.3649025069637883
0.0883058162636158,0.3649025069637883
0.08837432349112831,0.36545961002785515
0.08844283071864081,0.366016713091922
0.08851133794615332,0.3665738161559889
0.08857984517366582,0.3665738161559889
0.08864835240117833,0.3665738161559889
0.08871685962869083,0.3665738161559889
0.08878536685620333,0.3671309192200557
0.08885387408371583,0.36768802228412256
0.08892238131122833,0.36768802228412256
0.08899088853874083,0.36824512534818943
0.08905939576625334,0.36824512534818943
0.08912790299376584,0.36824512534818943
0.08919641022127835,0.36824512534818943
0.08926491744879085,0.36824512534818943
0.08933342467630336,0.36824512534818943
0.08940193190381586,0.3688022284122563
0.08947043913132835,0.3688022284122563
0.08953894635884085,0.3688022284122563
0.08960745358635336,0.3688022284122563
0.08967596081386586,0.3688022284122563
0.08974446804137837,0.3688022284122563
0.08981297526889087,0.3688022284122563
0.08988148249640338,0.3688022284122563
0.08994998972391588,0.3688022284122563
0.09001849695142837,0.3688022284122563
0.09008700417894087,0.3688022284122563
0.09015551140645338,0.3688022284122563
0.09022401863396588,0.3693593314763231
0.09029252586147839,0.3693593314763231
0.09036103308899089,0.3693593314763231
0.0904295403165034,0.36991643454038997
0.0904980475440159,0.36991643454038997
0.09056655477152839,0.37047353760445684
0.0906350619990409,0.3710306406685237
0.0907035692265534,0.3710306406685237
0.0907720764540659,0.3710306406685237
0.09084058368157841,0.3710306406685237
0.09090909090909091,0.3710306406685237
0.09097759813660342,0.3710306406685237
0.09104610536411592,0.3710306406685237
0.09111461259162841,0.3710306406685237
0.09118311981914091,0.3715877437325905
0.09125162704665342,0.3715877437325905
0.09132013427416592,0.3715877437325905
0.09138864150167843,0.3715877437325905
0.09145714872919093,0.3715877437325905
0.09152565595670344,0.3715877437325905
0.09159416318421594,0.3721448467966574
0.09166267041172843,0.3721448467966574
0.09173117763924094,0.37270194986072425
0.09179968486675344,0.37270194986072425
0.09186819209426594,0.37270194986072425
0.09193669932177845,0.3732590529247911
0.09200520654929095,0.3738161559888579
0.09207371377680346,0.3738161559888579
0.09214222100431596,0.3738161559888579
0.09221072823182845,0.3738161559888579
0.09227923545934096,0.3743732590529248
0.09234774268685346,0.3743732590529248
0.09241624991436596,0.3743732590529248
0.09248475714187847,0.3743732590529248
0.09255326436939097,0.3743732590529248
0.09262177159690348,0.3743732590529248
0.09269027882441598,0.3743732590529248
0.09275878605192849,0.3743732590529248
0.09282729327944098,0.3743732590529248
0.09289580050695348,0.37493036211699166
0.09296430773446598,0.3754874651810585
0.09303281496197849,0.3754874651810585
0.09310132218949099,0.3754874651810585
0.0931698294170035,0.3754874651810585
0.093238336644516,0.37604456824512533
0.0933068438720285,0.37604456824512533
0.093375351099541,0.37604456824512533
0.0934438583270535,0.37604456824512533
0.093512365554566,0.37604456824512533
0.09358087278207851,0.37604456824512533
0.09364938000959101,0.37604456824512533
0.09371788723710352,0.37604456824512533
0.09378639446461602,0.37604456824512533
0.09385490169212853,0.3766016713091922
0.09392340891964102,0.3766016713091922
0.09399191614715352,0.37715877437325906
0.09406042337466602,0.37715877437325906
0.09412893060217853,0.37715877437325906
0.09419743782969103,0.37715877437325906
0.09426594505720354,0.37715877437325906
0.09433445228471604,0.37715877437325906
0.09440295951222855,0.37771587743732593
0.09447146673974104,0.37827298050139274
0.09453997396725354,0.37827298050139274
0.09460848119476604,0.3788300835654596
0.09467698842227855,0.3793871866295265
0.09474549564979105,0.3793871866295265
0.09481400287730356,0.3793871866295265
0.09488251010481606,0.37994428969359334
0.09495101733232857,0.37994428969359334
0.09501952455984106,0.37994428969359334
0.09508803178735356,0.37994428969359334
0.09515653901486607,0.38050139275766015
0.09522504624237857,0.38050139275766015
0.09529355346989107,0.38050139275766015
0.09536206069740358,0.38050139275766015
0.09543056792491608,0.38050139275766015
0.09549907515242859,0.38050139275766015
0.09556758237994109,0.38050139275766015
0.09563608960745358,0.38050139275766015
0.09570459683496609,0.38050139275766015
0.09577310406247859,0.38050139275766015
0.0958416112899911,0.38050139275766015
0.0959101185175036,0.38050139275766015
0.0959786257450161,0.38050139275766015
0.0960471329725286,0.381058495821727
0.09611564020004111,0.381058495821727
0.0961841474275536,0.3816155988857939
0.0962526546550661,0.3816155988857939
0.09632116188257861,0.38217270194986075
0.09638966911009111,0.38272980501392756
0.09645817633760362,0.38272980501392756
0.09652668356511612,0.38272980501392756
0.09659519079262863,0.38272980501392756
0.09666369802014113,0.3832869080779944
0.09673220524765362,0.3832869080779944
0.09680071247516613,0.3832869080779944
0.09686921970267863,0.3832869080779944
0.09693772693019113,0.3832869080779944
0.09700623415770364,0.3838440111420613
0.09707474138521614,0.38440111420612816
0.09714324861272865,0.38440111420612816
0.09721175584024115,0.38495821727019497
0.09728026306775364,0.38495821727019497
0.09734877029526615,0.38551532033426184
0.09741727752277865,0.38551532033426184
0.09748578475029115,0.38551532033426184
0.09755429197780366,0.3860724233983287
0.09762279920531616,0.3860724233983287
0.09769130643282867,0.3860724233983287
0.09775981366034117,0.38662952646239557
0.09782832088785366,0.3871866295264624
0.09789682811536617,0.3871866295264624
0.09796533534287867,0.3871866295264624
0.09803384257039117,0.3871866295264624
0.09810234979790368,0.38774373259052924
0.09817085702541618,0.38774373259052924
0.09823936425292869,0.38774373259052924
0.09830787148044119,0.38774373259052924
0.09837637870795368,0.38774373259052924
0.09844488593546619,0.38774373259052924
0.09851339316297869,0.38774373259052924
0.0985819003904912,0.38774373259052924
0.0986504076180037,0.38774373259052924
0.0987189148455162,0.38774373259052924
0.09878742207302871,0.38774373259052924
0.09885592930054121,0.38774373259052924
0.09892443652805372,0.3883008356545961
0.0989929437555662,0.3883008356545961
0.09906145098307871,0.388857938718663
0.09912995821059122,0.388857938718663
0.09919846543810372,0.388857938718663
0.09926697266561622,0.388857938718663
0.09933547989312873,0.3894150417827298
0.09940398712064123,0.38997214484679665
0.09947249434815374,0.38997214484679665
0.09954100157566623,0.38997214484679665
0.09960950880317873,0.38997214484679665
0.09967801603069124,0.3905292479108635
0.09974652325820374,0.3905292479108635
0.09981503048571624,0.3905292479108635
0.09988353771322875,0.3905292479108635
0.09995204494074125,0.3905292479108635
0.10002055216825376,0.3905292479108635
0.10008905939576625,0.3905292479108635
0.10015756662327875,0.3910863509749304
0.10022607385079126,0.3910863509749304
0.10029458107830376,0.3910863509749304
0.10036308830581626,0.3916434540389972
0.10043159553332877,0.3916434540389972
0.10050010276084127,0.39220055710306406
0.10056860998835378,0.39220055710306406
0.10063711721586627,0.39220055710306406
0.10070562444337877,0.39275766016713093
0.10077413167089128,0.39275766016713093
0.10084263889840378,0.3933147632311978
0.10091114612591628,0.3933147632311978
0.10097965335342879,0.3933147632311978
0.10104816058094129,0.3933147632311978
0.1011166678084538,0.3933147632311978
0.10118517503596629,0.3933147632311978
0.10125368226347879,0.3933147632311978
0.1013221894909913,0.3933147632311978
0.1013906967185038,0.3933147632311978
0.1014592039460163,0.3933147632311978
0.10152771117352881,0.3933147632311978
0.10159621840104131,0.3938718662952646
0.10166472562855382,0.39442896935933147
0.10173323285606632,0.39442896935933147
0.10180174008357881,0.39442896935933147
0.10187024731109132,0.39442896935933147
0.10193875453860382,0.39442896935933147
0.10200726176611633,0.39498607242339834
0.10207576899362883,0.39498607242339834
0.10214427622114133,0.39498607242339834
0.10221278344865384,0.39498607242339834
0.10228129067616634,0.39498607242339834
0.10234979790367883,0.39498607242339834
0.10241830513119134,0.39498607242339834
0.10248681235870384,0.39498607242339834
0.10255531958621635,0.39498607242339834
0.10262382681372885,0.3955431754874652
0.10269233404124135,0.3955431754874652
0.10276084126875386,0.3955431754874652
0.10282934849626636,0.396100278551532
0.10289785572377885,0.396100278551532
0.10296636295129136,0.396100278551532
0.10303487017880386,0.396100278551532
0.10310337740631637,0.396100278551532
0.10317188463382887,0.3966573816155989
0.10324039186134137,0.3966573816155989
0.10330889908885388,0.3966573816155989
0.10337740631636638,0.3966573816155989
0.10344591354387887,0.3966573816155989
0.10351442077139138,0.3966573816155989
0.10358292799890388,0.3966573816155989
0.10365143522641639,0.3966573816155989
0.10371994245392889,0.3966573816155989
0.1037884496814414,0.3966573816155989
0.1038569569089539,0.3966573816155989
0.1039254641364664,0.3966573816155989
0.1039939713639789,0.3966573816155989
0.1040624785914914,0.39721448467966575
0.1041309858190039,0.39721448467966575
0.1041994930465164,0.3977715877437326
0.10426800027402891,0.3977715877437326
0.10433650750154141,0.3977715877437326
0.10440501472905392,0.3977715877437326
0.10447352195656642,0.3977715877437326
0.10454202918407891,0.3977715877437326
0.10461053641159142,0.3977715877437326
0.10467904363910392,0.3977715877437326
0.10474755086661643,0.3977715877437326
0.10481605809412893,0.3977715877437326
0.10488456532164143,0.3977715877437326
0.10495307254915394,0.3977715877437326
0.10502157977666644,0.3977715877437326
0.10509008700417895,0.3977715877437326
0.10515859423169144,0.3977715877437326
0.10522710145920394,0.3977715877437326
0.10529560868671645,0.3977715877437326
0.10536411591422895,0.3977715877437326
0.10543262314174145,0.3977715877437326
0.10550113036925396,0.3977715877437326
0.10556963759676646,0.3977715877437326
0.10563814482427897,0.3983286908077994
0.10570665205179146,0.3983286908077994
0.10577515927930396,0.3983286908077994
0.10584366650681647,0.3988857938718663
0.10591217373432897,0.3988857938718663
0.10598068096184148,0.3988857938718663
0.10604918818935398,0.3988857938718663
0.10611769541686648,0.3988857938718663
0.10618620264437899,0.39944289693593316
0.10625470987189148,0.39944289693593316
0.10632321709940398,0.39944289693593316
0.10639172432691649,0.39944289693593316
0.10646023155442899,0.39944289693593316
0.1065287387819415,0.39944289693593316
0.106597246009454,0.39944289693593316
0.1066657532369665,0.39944289693593316
0.10673426046447901,0.39944289693593316
0.1068027676919915,0.39944289693593316
0.106871274919504,0.39944289693593316
0.10693978214701651,0.39944289693593316
0.10700828937452901,0.39944289693593316
0.10707679660204152,0.39944289693593316
0.10714530382955402,0.39944289693593316
0.10721381105706652,0.39944289693593316
0.10728231828457903,0.39944289693593316
0.10735082551209152,0.39944289693593316
0.10741933273960402,0.4
0.10748783996711653,0.4
0.10755634719462903,0.40055710306406683
0.10762485442214154,0.40055710306406683
0.10769336164965404,0.40055710306406683
0.10776186887716654,0.40055710306406683
0.10783037610467905,0.40055710306406683
0.10789888333219155,0.40055710306406683
0.10796739055970404,0.40055710306406683
0.10803589778721655,0.40055710306406683
0.10810440501472905,0.40055710306406683
0.10817291224224156,0.40055710306406683
0.10824141946975406,0.40055710306406683
0.10830992669726656,0.40055710306406683
0.10837843392477907,0.40055710306406683
0.10844694115229157,0.4011142061281337
0.10851544837980406,0.4011142061281337
0.10858395560731657,0.40167130919220057
0.10865246283482907,0.40167130919220057
0.10872097006234158,0.40167130919220057
0.10878947728985408,0.40222841225626743
0.10885798451736658,0.40222841225626743
0.10892649174487909,0.40222841225626743
0.1089949989723916,0.40278551532033424
0.10906350619990408,0.40278551532033424
0.10913201342741659,0.40278551532033424
0.10920052065492909,0.40278551532033424
0.1092690278824416,0.4033426183844011
0.1093375351099541,0.4033426183844011
0.1094060423374666,0.4033426183844011
0.10947454956497911,0.403899721448468
0.10954305679249161,0.403899721448468
0.1096115640200041,0.403899721448468
0.10968007124751661,0.403899721448468
0.10974857847502911,0.40445682451253484
0.10981708570254162,0.40445682451253484
0.10988559293005412,0.40445682451253484
0.10995410015756663,0.40445682451253484
0.11002260738507913,0.40445682451253484
0.11009111461259163,0.40445682451253484
0.11015962184010412,0.40445682451253484
0.11022812906761663,0.40501392757660165
0.11029663629512913,0.40501392757660165
0.11036514352264164,0.40501392757660165
0.11043365075015414,0.4055710306406685
0.11050215797766665,0.4055710306406685
0.11057066520517915,0.4055710306406685
0.11063917243269165,0.4061281337047354
0.11070767966020414,0.4061281337047354
0.11077618688771665,0.4061281337047354
0.11084469411522915,0.4061281337047354
0.11091320134274166,0.4061281337047354
0.11098170857025416,0.4061281337047354
0.11105021579776667,0.4061281337047354
0.11111872302527917,0.4061281337047354
0.11118723025279167,0.40668523676880225
0.11125573748030418,0.40724233983286906
0.11132424470781667,0.40724233983286906
0.11139275193532917,0.40724233983286906
0.11146125916284168,0.40724233983286906
0.11152976639035418,0.40724233983286906
0.11159827361786669,0.40724233983286906
0.11166678084537919,0.40724233983286906
0.1117352880728917,0.40724233983286906
0.1118037953004042,0.40724233983286906
0.11187230252791669,0.40724233983286906
0.1119408097554292,0.40724233983286906
0.1120093169829417,0.40724233983286906
0.1120778242104542,0.40724233983286906
0.1121463314379667,0.4077994428969359
0.11221483866547921,0.4077994428969359
0.11228334589299171,0.4077994428969359
0.11235185312050422,0.4077994428969359
0.11242036034801671,0.4077994428969359
0.11248886757552921,0.4083565459610028
0.11255737480304172,0.4083565459610028
0.11262588203055422,0.4083565459610028
0.11269438925806673,0.4083565459610028
0.11276289648557923,0.4083565459610028
0.11283140371309174,0.40891364902506966
0.11289991094060424,0.40947075208913647
0.11296841816811673,0.40947075208913647
0.11303692539562923,0.40947075208913647
0.11310543262314174,0.40947075208913647
0.11317393985065424,0.40947075208913647
0.11324244707816675,0.40947075208913647
0.11331095430567925,0.41002785515320334
0.11337946153319176,0.4105849582172702
0.11344796876070426,0.4105849582172702
0.11351647598821675,0.41114206128133707
0.11358498321572925,0.41114206128133707
0.11365349044324176,0.41114206128133707
0.11372199767075426,0.4116991643454039
0.11379050489826677,0.4116991643454039
0.11385901212577927,0.4116991643454039
0.11392751935329178,0.4116991643454039
0.11399602658080428,0.4116991643454039
0.11406453380831678,0.41225626740947074
0.11413304103582927,0.4128133704735376
0.11420154826334178,0.4128133704735376
0.11427005549085428,0.4128133704735376
0.11433856271836679,0.4128133704735376
0.11440706994587929,0.4128133704735376
0.1144755771733918,0.4128133704735376
0.1145440844009043,0.4128133704735376
0.1146125916284168,0.4128133704735376
0.1146810988559293,0.4128133704735376
0.1147496060834418,0.4128133704735376
0.1148181133109543,0.4133704735376045
0.11488662053846681,0.4133704735376045
0.11495512776597931,0.4133704735376045
0.11502363499349182,0.4133704735376045
0.11509214222100432,0.4133704735376045
0.11516064944851682,0.4133704735376045
0.11522915667602932,0.4139275766016713
0.11529766390354182,0.4139275766016713
0.11536617113105432,0.41448467966573815
0.11543467835856683,0.41448467966573815
0.11550318558607933,0.41448467966573815
0.11557169281359184,0.41448467966573815
0.11564020004110434,0.41448467966573815
0.11570870726861684,0.41448467966573815
0.11577721449612934,0.41448467966573815
0.11584572172364184,0.41448467966573815
0.11591422895115434,0.415041782729805
0.11598273617866685,0.4155988857938719
0.11605124340617935,0.4155988857938719
0.11611975063369186,0.4155988857938719
0.11618825786120436,0.4155988857938719
0.11625676508871687,0.4155988857938719
0.11632527231622936,0.4155988857938719
0.11639377954374186,0.4155988857938719
0.11646228677125436,0.4161559888579387
0.11653079399876687,0.41671309192200556
0.11659930122627937,0.41671309192200556
0.11666780845379188,0.41671309192200556
0.11673631568130438,0.41671309192200556
0.11680482290881689,0.41671309192200556
0.11687333013632938,0.41671309192200556
0.11694183736384188,0.41671309192200556
0.11701034459135438,0.41671309192200556
0.11707885181886689,0.41671309192200556
0.11714735904637939,0.41727019498607243
0.1172158662738919,0.41727019498607243
0.1172843735014044,0.41727019498607243
0.1173528807289169,0.41727019498607243
0.11742138795642941,0.41727019498607243
0.1174898951839419,0.41727019498607243
0.1175584024114544,0.4178272980501393
0.11762690963896691,0.4178272980501393
0.11769541686647941,0.4178272980501393
0.11776392409399192,0.4183844011142061
0.11783243132150442,0.4183844011142061
0.11790093854901693,0.4183844011142061
0.11796944577652943,0.41894150417827297
0.11803795300404192,0.41894150417827297
0.11810646023155442,0.41894150417827297
0.11817496745906693,0.41894150417827297
0.11824347468657943,0.41894150417827297
0.11831198191409194,0.41949860724233984
0.11838048914160444,0.41949860724233984
0.11844899636911695,0.4200557103064067
0.11851750359662945,0.4200557103064067
0.11858601082414194,0.4200557103064067
0.11865451805165445,0.4200557103064067
0.11872302527916695,0.4200557103064067
0.11879153250667945,0.4206128133704735
0.11886003973419196,0.4206128133704735
0.11892854696170446,0.4206128133704735
0.11899705418921697,0.4206128133704735
0.11906556141672947,0.4206128133704735
0.11913406864424196,0.4206128133704735
0.11920257587175447,0.4206128133704735
0.11927108309926697,0.4206128133704735
0.11933959032677947,0.4206128133704735
0.11940809755429198,0.4206128133704735
0.11947660478180448,0.4206128133704735
0.11954511200931699,0.4211699164345404
0.11961361923682949,0.4211699164345404
0.11968212646434198,0.4211699164345404
0.11975063369185449,0.4211699164345404
0.11981914091936699,0.4211699164345404
0.1198876481468795,0.4211699164345404
0.119956155374392,0.4211699164345404
0.1200246626019045,0.4211699164345404
0.120093169829417,0.4211699164345404
0.12016167705692951,0.4211699164345404
0.12023018428444202,0.4211699164345404
0.1202986915119545,0.4211699164345404
0.12036719873946701,0.4211699164345404
0.12043570596697951,0.4211699164345404
0.12050421319449202,0.42172701949860725
0.12057272042200452,0.42172701949860725
0.12064122764951703,0.42172701949860725
0.12070973487702953,0.42172701949860725
0.12077824210454204,0.4222841225626741
0.12084674933205453,0.4222841225626741
0.12091525655956703,0.4228412256267409
0.12098376378707953,0.4228412256267409
0.12105227101459204,0.4233983286908078
0.12112077824210454,0.42395543175487466
0.12118928546961705,0.42395543175487466
0.12125779269712955,0.42395543175487466
0.12132629992464206,0.42395543175487466
0.12139480715215455,0.42395543175487466
0.12146331437966705,0.4245125348189415
0.12153182160717955,0.4245125348189415
0.12160032883469206,0.4245125348189415
0.12166883606220456,0.4245125348189415
0.12173734328971707,0.4245125348189415
0.12180585051722957,0.4245125348189415
0.12187435774474208,0.4245125348189415
0.12194286497225457,0.4245125348189415
0.12201137219976707,0.4245125348189415
0.12207987942727958,0.42506963788300833
0.12214838665479208,0.42506963788300833
0.12221689388230458,0.4256267409470752
0.12228540110981709,0.4256267409470752
0.12235390833732959,0.42618384401114207
0.1224224155648421,0.42618384401114207
0.12249092279235459,0.42618384401114207
0.12255943001986709,0.42618384401114207
0.1226279372473796,0.42618384401114207
0.1226964444748921,0.42674094707520893
0.1227649517024046,0.42674094707520893
0.12283345892991711,0.42674094707520893
0.12290196615742961,0.42674094707520893
0.12297047338494212,0.42729805013927574
0.12303898061245461,0.42729805013927574
0.12310748783996711,0.42729805013927574
0.12317599506747962,0.4278551532033426
0.12324450229499212,0.4278551532033426
0.12331300952250462,0.4278551532033426
0.12338151675001713,0.4278551532033426
0.12345002397752963,0.4278551532033426
0.12351853120504214,0.4278551532033426
0.12358703843255464,0.4278551532033426
0.12365554566006713,0.4278551532033426
0.12372405288757964,0.4278551532033426
0.12379256011509214,0.4278551532033426
0.12386106734260464,0.4278551532033426
0.12392957457011715,0.4278551532033426
0.12399808179762965,0.4278551532033426
0.12406658902514216,0.4284122562674095
0.12413509625265466,0.4284122562674095
0.12420360348016715,0.4284122562674095
0.12427211070767966,0.4284122562674095
0.12434061793519216,0.42896935933147634
0.12440912516270466,0.42896935933147634
0.12447763239021717,0.42896935933147634
0.12454613961772967,0.42896935933147634
0.12461464684524218,0.42896935933147634
0.12468315407275468,0.42896935933147634
0.12475166130026717,0.42952646239554315
0.12482016852777968,0.43008356545961
0.12488867575529218,0.43008356545961
0.12495718298280468,0.43008356545961
0.12502569021031718,0.43008356545961
0.12509419743782968,0.43008356545961
0.12516270466534218,0.43008356545961
0.1252312118928547,0.43008356545961
0.1252997191203672,0.43008356545961
0.1253682263478797,0.4306406685236769
0.1254367335753922,0.4306406685236769
0.1255052408029047,0.4306406685236769
0.1255737480304172,0.43119777158774375
0.1256422552579297,0.43119777158774375
0.12571076248544222,0.43119777158774375
0.12577926971295472,0.43119777158774375
0.12584777694046723,0.43119777158774375
0.12591628416797973,0.43119777158774375
0.12598479139549223,0.43175487465181056
0.12605329862300474,0.4323119777158774
0.12612180585051722,0.4323119777158774
0.12619031307802972,0.4323119777158774
0.12625882030554222,0.4323119777158774
0.12632732753305473,0.4323119777158774
0.12639583476056723,0.4328690807799443
0.12646434198807974,0.4328690807799443
0.12653284921559224,0.4328690807799443
0.12660135644310475,0.43342618384401116
0.12666986367061725,0.43342618384401116
0.12673837089812975,0.43342618384401116
0.12680687812564226,0.43342618384401116
0.12687538535315476,0.43342618384401116
0.12694389258066727,0.43342618384401116
0.12701239980817977,0.43342618384401116
0.12708090703569228,0.43342618384401116
0.12714941426320478,0.43398328690807797
0.12721792149071728,0.43398328690807797
0.12728642871822976,0.43454038997214484
0.12735493594574226,0.43454038997214484
0.12742344317325477,0.43454038997214484
0.12749195040076727,0.4350974930362117
0.12756045762827978,0.4350974930362117
0.12762896485579228,0.43565459610027857
0.12769747208330479,0.43565459610027857
0.1277659793108173,0.43565459610027857
0.1278344865383298,0.43565459610027857
0.1279029937658423,0.4362116991643454
0.1279715009933548,0.43676880222841225
0.1280400082208673,0.43676880222841225
0.1281085154483798,0.43676880222841225
0.12817702267589232,0.4373259052924791
0.12824552990340482,0.4373259052924791
0.12831403713091732,0.4373259052924791
0.1283825443584298,0.437883008356546
0.1284510515859423,0.437883008356546
0.1285195588134548,0.437883008356546
0.1285880660409673,0.437883008356546
0.12865657326847982,0.437883008356546
0.12872508049599232,0.437883008356546
0.12879358772350483,0.437883008356546
0.12886209495101733,0.437883008356546
0.12893060217852984,0.437883008356546
0.12899910940604234,0.437883008356546
0.12906761663355484,0.437883008356546
0.12913612386106735,0.437883008356546
0.12920463108857985,0.437883008356546
0.12927313831609236,0.437883008356546
0.12934164554360486,0.437883008356546
0.12941015277111736,0.437883008356546
0.12947865999862987,0.4384401114206128
0.12954716722614235,0.4384401114206128
0.12961567445365485,0.4384401114206128
0.12968418168116735,0.4384401114206128
0.12975268890867986,0.4384401114206128
0.12982119613619236,0.4384401114206128
0.12988970336370487,0.4384401114206128
0.12995821059121737,0.4384401114206128
0.13002671781872988,0.4384401114206128
0.13009522504624238,0.4384401114206128
0.13016373227375488,0.4384401114206128
0.1302322395012674,0.4384401114206128
0.1303007467287799,0.43899721448467965
0.1303692539562924,0.43899721448467965
0.1304377611838049,0.43899721448467965
0.1305062684113174,0.43899721448467965
0.1305747756388299,0.43899721448467965
0.1306432828663424,0.43899721448467965
0.1307117900938549,0.4395543175487465
0.1307802973213674,0.4395543175487465
0.1308488045488799,0.4395543175487465
0.1309173117763924,0.4395543175487465
0.1309858190039049,0.4401114206128134
0.1310543262314174,0.4406685236768802
0.13112283345892992,0.4406685236768802
0.13119134068644242,0.4406685236768802
0.13125984791395492,0.4406685236768802
0.13132835514146743,0.4406685236768802
0.13139686236897993,0.4406685236768802
0.13146536959649244,0.4406685236768802
0.13153387682400494,0.44122562674094706
0.13160238405151745,0.44178272980501393
0.13167089127902995,0.44178272980501393
0.13173939850654243,0.44178272980501393
0.13180790573405493,0.4423398328690808
0.13187641296156744,0.4423398328690808
0.13194492018907994,0.4423398328690808
0.13201342741659244,0.4423398328690808
0.13208193464410495,0.4428969359331476
0.13215044187161745,0.4428969359331476
0.13221894909912996,0.4428969359331476
0.13228745632664246,0.4428969359331476
0.13235596355415497,0.4428969359331476
0.13242447078166747,0.4428969359331476
0.13249297800917997,0.4434540389972145
0.13256148523669248,0.44401114206128134
0.13262999246420498,0.44401114206128134
0.1326984996917175,0.44401114206128134
0.13276700691923,0.44401114206128134
0.1328355141467425,0.44401114206128134
0.13290402137425497,0.44401114206128134
0.13297252860176748,0.44401114206128134
0.13304103582927998,0.4445682451253482
0.13310954305679248,0.4445682451253482
0.133178050284305,0.4445682451253482
0.1332465575118175,0.4445682451253482
0.13331506473933,0.4445682451253482
0.1333835719668425,0.445125348189415
0.133452079194355,0.445125348189415
0.1335205864218675,0.445125348189415
0.13358909364938001,0.4456824512534819
0.13365760087689252,0.4456824512534819
0.13372610810440502,0.4456824512534819
0.13379461533191753,0.4456824512534819
0.13386312255943003,0.4456824512534819
0.13393162978694254,0.4456824512534819
0.134000137014455,0.4456824512534819
0.13406864424196752,0.4456824512534819
0.13413715146948002,0.4456824512534819
0.13420565869699252,0.4456824512534819
0.13427416592450503,0.4456824512534819
0.13434267315201753,0.4456824512534819
0.13441118037953004,0.4456824512534819
0.13447968760704254,0.44623955431754875
0.13454819483455505,0.44623955431754875
0.13461670206206755,0.44623955431754875
0.13468520928958005,0.44623955431754875
0.13475371651709256,0.44623955431754875
0.13482222374460506,0.44623955431754875
0.13489073097211757,0.44623955431754875
0.13495923819963007,0.44623955431754875
0.13502774542714258,0.44623955431754875
0.13509625265465505,0.44623955431754875
0.13516475988216756,0.44623955431754875
0.13523326710968006,0.44623955431754875
0.13530177433719257,0.44623955431754875
0.13537028156470507,0.44623955431754875
0.13543878879221757,0.44623955431754875
0.13550729601973008,0.44623955431754875
0.13557580324724258,0.44623955431754875
0.1356443104747551,0.44623955431754875
0.1357128177022676,0.4467966573816156
0.1357813249297801,0.4473537604456824
0.1358498321572926,0.4479108635097493
0.1359183393848051,0.4479108635097493
0.1359868466123176,0.4479108635097493
0.1360553538398301,0.4479108635097493
0.13612386106734262,0.4479108635097493
0.13619236829485512,0.4479108635097493
0.1362608755223676,0.4479108635097493
0.1363293827498801,0.44846796657381616
0.1363978899773926,0.44846796657381616
0.1364663972049051,0.44846796657381616
0.13653490443241761,0.449025069637883
0.13660341165993012,0.449025069637883
0.13667191888744262,0.449025069637883
0.13674042611495513,0.44958217270194983
0.13680893334246763,0.44958217270194983
0.13687744056998014,0.44958217270194983
0.13694594779749264,0.44958217270194983
0.13701445502500514,0.4501392757660167
0.13708296225251765,0.45069637883008357
0.13715146948003015,0.45069637883008357
0.13721997670754266,0.45069637883008357
0.13728848393505516,0.45069637883008357
0.13735699116256764,0.45069637883008357
0.13742549839008014,0.45069637883008357
0.13749400561759265,0.45069637883008357
0.13756251284510515,0.45069637883008357
0.13763102007261765,0.45069637883008357
0.13769952730013016,0.45125348189415043
0.13776803452764266,0.45125348189415043
0.13783654175515517,0.45181058495821724
0.13790504898266767,0.45181058495821724
0.13797355621018018,0.45181058495821724
0.13804206343769268,0.45181058495821724
0.13811057066520518,0.45181058495821724
0.1381790778927177,0.45181058495821724
0.1382475851202302,0.45181058495821724
0.1383160923477427,0.45181058495821724
0.1383845995752552,0.45181058495821724
0.13845310680276768,0.4523676880222841
0.13852161403028018,0.452924791086351
0.1385901212577927,0.452924791086351
0.1386586284853052,0.452924791086351
0.1387271357128177,0.452924791086351
0.1387956429403302,0.452924791086351
0.1388641501678427,0.452924791086351
0.1389326573953552,0.452924791086351
0.1390011646228677,0.452924791086351
0.13906967185038022,0.452924791086351
0.13913817907789272,0.45348189415041784
0.13920668630540523,0.45348189415041784
0.13927519353291773,0.45348189415041784
0.13934370076043023,0.45348189415041784
0.13941220798794274,0.45348189415041784
0.13948071521545524,0.45403899721448465
0.13954922244296775,0.45403899721448465
0.13961772967048022,0.45403899721448465
0.13968623689799273,0.45403899721448465
0.13975474412550523,0.45403899721448465
0.13982325135301774,0.45403899721448465
0.13989175858053024,0.45403899721448465
0.13996026580804274,0.4545961002785515
0.14002877303555525,0.4545961002785515
0.14009728026306775,0.4545961002785515
0.14016578749058026,0.4545961002785515
0.14023429471809276,0.4545961002785515
0.14030280194560527,0.4545961002785515
0.14037130917311777,0.4545961002785515
0.14043981640063027,0.4545961002785515
0.14050832362814278,0.4545961002785515
0.14057683085565528,0.4545961002785515
0.1406453380831678,0.4545961002785515
0.14071384531068026,0.4545961002785515
0.14078235253819277,0.4551532033426184
0.14085085976570527,0.4551532033426184
0.14091936699321778,0.4551532033426184
0.14098787422073028,0.4551532033426184
0.14105638144824278,0.4551532033426184
0.1411248886757553,0.4551532033426184
0.1411933959032678,0.4551532033426184
0.1412619031307803,0.4551532033426184
0.1413304103582928,0.4551532033426184
0.1413989175858053,0.4551532033426184
0.1414674248133178,0.4551532033426184
0.14153593204083031,0.4551532033426184
0.14160443926834282,0.45571030640668525
0.14167294649585532,0.45571030640668525
0.14174145372336783,0.4562674094707521
0.14180996095088033,0.4562674094707521
0.1418784681783928,0.4562674094707521
0.1419469754059053,0.4562674094707521
0.14201548263341782,0.4568245125348189
0.14208398986093032,0.4568245125348189
0.14215249708844283,0.4568245125348189
0.14222100431595533,0.4568245125348189
0.14228951154346783,0.4568245125348189
0.14235801877098034,0.4568245125348189
0.14242652599849284,0.4573816155988858
0.14249503322600535,0.4573816155988858
0.14256354045351785,0.4573816155988858
0.14263204768103036,0.4573816155988858
0.14270055490854286,0.4573816155988858
0.14276906213605536,0.4573816155988858
0.14283756936356787,0.4573816155988858
0.14290607659108037,0.4573816155988858
0.14297458381859285,0.45793871866295266
0.14304309104610535,0.45793871866295266
0.14311159827361786,0.45793871866295266
0.14318010550113036,0.45793871866295266
0.14324861272864287,0.45793871866295266
0.14331711995615537,0.45793871866295266
0.14338562718366787,0.45793871866295266
0.14345413441118038,0.45793871866295266
0.14352264163869288,0.45793871866295266
0.1435911488662054,0.45793871866295266
0.1436596560937179,0.45793871866295266
0.1437281633212304,0.45793871866295266
0.1437966705487429,0.45793871866295266
0.1438651777762554,0.45793871866295266
0.1439336850037679,0.45793871866295266
0.1440021922312804,0.45793871866295266
0.1440706994587929,0.45793871866295266
0.1441392066863054,0.45793871866295266
0.1442077139138179,0.45793871866295266
0.1442762211413304,0.45793871866295266
0.1443447283688429,0.4584958217270195
0.1444132355963554,0.45905292479108634
0.14448174282386791,0.45905292479108634
0.14455025005138042,0.45905292479108634
0.14461875727889292,0.45905292479108634
0.14468726450640543,0.45905292479108634
0.14475577173391793,0.45905292479108634
0.14482427896143044,0.45905292479108634
0.14489278618894294,0.45905292479108634
0.14496129341645544,0.45905292479108634
0.14502980064396795,0.45905292479108634
0.14509830787148045,0.45905292479108634
0.14516681509899296,0.45905292479108634
0.14523532232650543,0.45905292479108634
0.14530382955401794,0.45905292479108634
0.14537233678153044,0.4596100278551532
0.14544084400904295,0.4596100278551532
0.14550935123655545,0.4596100278551532
0.14557785846406796,0.4596100278551532
0.14564636569158046,0.46016713091922007
0.14571487291909296,0.46016713091922007
0.14578338014660547,0.46016713091922007
0.14585188737411797,0.46016713091922007
0.14592039460163048,0.46016713091922007
0.14598890182914298,0.46016713091922007
0.14605740905665549,0.46016713091922007
0.146125916284168,0.46016713091922007
0.1461944235116805,0.46016713091922007
0.146262930739193,0.46016713091922007
0.14633143796670547,0.46016713091922007
0.14639994519421798,0.46016713091922007
0.14646845242173048,0.46016713091922007
0.146536959649243,0.46072423398328693
0.1466054668767555,0.46072423398328693
0.146673974104268,0.46072423398328693
0.1467424813317805,0.46072423398328693
0.146810988559293,0.46072423398328693
0.1468794957868055,0.46072423398328693
0.146948003014318,0.46128133704735375
0.14701651024183052,0.46128133704735375
0.14708501746934302,0.4618384401114206
0.14715352469685553,0.4618384401114206
0.14722203192436803,0.4618384401114206
0.14729053915188053,0.4618384401114206
0.14735904637939304,0.4618384401114206
0.14742755360690551,0.4618384401114206
0.14749606083441802,0.4618384401114206
0.14756456806193052,0.4618384401114206
0.14763307528944303,0.4618384401114206
0.14770158251695553,0.4618384401114206
0.14777008974446804,0.4623955431754875
0.14783859697198054,0.4623955431754875
0.14790710419949304,0.4623955431754875
0.14797561142700555,0.4623955431754875
0.14804411865451805,0.4623955431754875
0.14811262588203056,0.46295264623955434
0.14818113310954306,0.46295264623955434
0.14824964033705557,0.46295264623955434
0.14831814756456807,0.46295264623955434
0.14838665479208057,0.46350974930362115
0.14845516201959308,0.46350974930362115
0.14852366924710558,0.46350974930362115
0.14859217647461806,0.464066852367688
0.14866068370213056,0.464066852367688
0.14872919092964307,0.4646239554317549
0.14879769815715557,0.46518105849582175
0.14886620538466808,0.46518105849582175
0.14893471261218058,0.46518105849582175
0.14900321983969309,0.46518105849582175
0.1490717270672056,0.46518105849582175
0.1491402342947181,0.46518105849582175
0.1492087415222306,0.46518105849582175
0.1492772487497431,0.46518105849582175
0.1493457559772556,0.46518105849582175
0.1494142632047681,0.46518105849582175
0.14948277043228062,0.46518105849582175
0.14955127765979312,0.46573816155988856
0.14961978488730562,0.46573816155988856
0.1496882921148181,0.46573816155988856
0.1497567993423306,0.46573816155988856
0.1498253065698431,0.46629526462395543
0.1498938137973556,0.46629526462395543
0.14996232102486812,0.46629526462395543
0.15003082825238062,0.46629526462395543
0.15009933547989313,0.46629526462395543
0.15016784270740563,0.46629526462395543
0.15023634993491813,0.46629526462395543
0.15030485716243064,0.46629526462395543
0.15037336438994314,0.46629526462395543
0.15044187161745565,0.46629526462395543
0.15051037884496815,0.46629526462395543
0.15057888607248066,0.46629526462395543
0.15064739329999316,0.46629526462395543
0.15071590052750566,0.46629526462395543
0.15078440775501817,0.46629526462395543
0.15085291498253064,0.46629526462395543
0.15092142221004315,0.46629526462395543
0.15098992943755565,0.46629526462395543
0.15105843666506816,0.46629526462395543
0.15112694389258066,0.46629526462395543
0.15119545112009317,0.46629526462395543
0.15126395834760567,0.46629526462395543
0.15133246557511817,0.46629526462395543
0.15140097280263068,0.46629526462395543
0.15146948003014318,0.4668523676880223
0.1515379872576557,0.4668523676880223
0.1516064944851682,0.4668523676880223
0.1516750017126807,0.4668523676880223
0.1517435089401932,0.4668523676880223
0.1518120161677057,0.4668523676880223
0.1518805233952182,0.4668523676880223
0.15194903062273069,0.4668523676880223
0.1520175378502432,0.4668523676880223
0.1520860450777557,0.4668523676880223
0.1521545523052682,0.4668523676880223
0.1522230595327807,0.4668523676880223
0.1522915667602932,0.4668523676880223
0.1523600739878057,0.4668523676880223
0.15242858121531822,0.4668523676880223
0.15249708844283072,0.4668523676880223
0.15256559567034322,0.46740947075208916
0.15263410289785573,0.46740947075208916
0.15270261012536823,0.46740947075208916
0.15277111735288074,0.46740947075208916
0.15283962458039324,0.46740947075208916
0.15290813180790574,0.46740947075208916
0.15297663903541825,0.46740947075208916
0.15304514626293073,0.467966573816156
0.15311365349044323,0.467966573816156
0.15318216071795573,0.467966573816156
0.15325066794546824,0.467966573816156
0.15331917517298074,0.467966573816156
0.15338768240049325,0.46852367688022284
0.15345618962800575,0.46852367688022284
0.15352469685551826,0.46852367688022284
0.15359320408303076,0.46852367688022284
0.15366171131054326,0.46852367688022284
0.15373021853805577,0.46852367688022284
0.15379872576556827,0.4690807799442897
0.15386723299308078,0.4690807799442897
0.15393574022059328,0.46963788300835657
0.15400424744810579,0.4701949860724234
0.1540727546756183,0.4701949860724234
0.1541412619031308,0.47075208913649025
0.15420976913064327,0.47075208913649025
0.15427827635815577,0.47075208913649025
0.15434678358566828,0.47075208913649025
0.15441529081318078,0.4713091922005571
0.1544837980406933,0.4713091922005571
0.1545523052682058,0.4713091922005571
0.1546208124957183,0.4713091922005571
0.1546893197232308,0.4713091922005571
0.1547578269507433,0.4713091922005571
0.1548263341782558,0.4713091922005571
0.1548948414057683,0.471866295264624
0.15496334863328082,0.471866295264624
0.15503185586079332,0.471866295264624
0.15510036308830583,0.471866295264624
0.15516887031581833,0.471866295264624
0.15523737754333083,0.471866295264624
0.1553058847708433,0.4724233983286908
0.15537439199835582,0.4724233983286908
0.15544289922586832,0.4724233983286908
0.15551140645338082,0.4724233983286908
0.15557991368089333,0.4724233983286908
0.15564842090840583,0.4724233983286908
0.15571692813591834,0.4724233983286908
0.15578543536343084,0.4724233983286908
0.15585394259094335,0.47298050139275766
0.15592244981845585,0.47298050139275766
0.15599095704596835,0.47298050139275766
0.15605946427348086,0.47298050139275766
0.15612797150099336,0.47298050139275766
0.15619647872850587,0.47298050139275766
0.15626498595601837,0.47298050139275766
0.15633349318353087,0.47298050139275766
0.15640200041104335,0.4735376044568245
0.15647050763855586,0.4735376044568245
0.15653901486606836,0.4735376044568245
0.15660752209358086,0.4735376044568245
0.15667602932109337,0.4735376044568245
0.15674453654860587,0.4735376044568245
0.15681304377611838,0.4735376044568245
0.15688155100363088,0.4735376044568245
0.15695005823114339,0.4735376044568245
0.1570185654586559,0.4735376044568245
0.1570870726861684,0.4735376044568245
0.1571555799136809,0.4735376044568245
0.1572240871411934,0.4740947075208914
0.1572925943687059,0.4740947075208914
0.1573611015962184,0.4746518105849582
0.15742960882373092,0.4746518105849582
0.15749811605124342,0.4746518105849582
0.1575666232787559,0.4746518105849582
0.1576351305062684,0.4746518105849582
0.1577036377337809,0.4746518105849582
0.1577721449612934,0.4746518105849582
0.1578406521888059,0.4746518105849582
0.15790915941631842,0.4746518105849582
0.15797766664383092,0.47520891364902507
0.15804617387134343,0.47520891364902507
0.15811468109885593,0.47520891364902507
0.15818318832636843,0.47520891364902507
0.15825169555388094,0.47520891364902507
0.15832020278139344,0.47576601671309193
0.15838871000890595,0.4763231197771588
0.15845721723641845,0.4763231197771588
0.15852572446393096,0.4763231197771588
0.15859423169144346,0.4763231197771588
0.15866273891895594,0.4763231197771588
0.15873124614646844,0.4763231197771588
0.15879975337398095,0.4763231197771588
0.15886826060149345,0.4768802228412256
0.15893676782900595,0.4768802228412256
0.15900527505651846,0.4768802228412256
0.15907378228403096,0.4768802228412256
0.15914228951154347,0.4768802228412256
0.15921079673905597,0.4768802228412256
0.15927930396656848,0.4768802228412256
0.15934781119408098,0.4768802228412256
0.15941631842159348,0.4768802228412256
0.159484825649106,0.4768802228412256
0.1595533328766185,0.4768802228412256
0.159621840104131,0.4768802228412256
0.1596903473316435,0.4768802228412256
0.15975885455915598,0.4768802228412256
0.15982736178666848,0.4768802228412256
0.15989586901418099,0.4774373259052925
0.1599643762416935,0.4774373259052925
0.160032883469206,0.4774373259052925
0.1601013906967185,0.4774373259052925
0.160169897924231,0.4774373259052925
0.1602384051517435,0.4774373259052925
0.160306912379256,0.4774373259052925
0.16037541960676852,0.4774373259052925
0.16044392683428102,0.47799442896935934
0.16051243406179352,0.47799442896935934
0.16058094128930603,0.47799442896935934
0.16064944851681853,0.4785515320334262
0.16071795574433104,0.479108635097493
0.16078646297184354,0.479108635097493
0.16085497019935605,0.479108635097493
0.16092347742686852,0.479108635097493
0.16099198465438103,0.4796657381615599
0.16106049188189353,0.4796657381615599
0.16112899910940603,0.4796657381615599
0.16119750633691854,0.4796657381615599
0.16126601356443104,0.4796657381615599
0.16133452079194355,0.4796657381615599
0.16140302801945605,0.48022284122562675
0.16147153524696856,0.48022284122562675
0.16154004247448106,0.4807799442896936
0.16160854970199356,0.4807799442896936
0.16167705692950607,0.4807799442896936
0.16174556415701857,0.4807799442896936
0.16181407138453108,0.4807799442896936
0.16188257861204358,0.4807799442896936
0.16195108583955609,0.4807799442896936
0.16201959306706856,0.4807799442896936
0.16208810029458107,0.4813370473537604
0.16215660752209357,0.4813370473537604
0.16222511474960608,0.4813370473537604
0.16229362197711858,0.4813370473537604
0.16236212920463108,0.4813370473537604
0.1624306364321436,0.4813370473537604
0.1624991436596561,0.4813370473537604
0.1625676508871686,0.4818941504178273
0.1626361581146811,0.4818941504178273
0.1627046653421936,0.4818941504178273
0.1627731725697061,0.48245125348189416
0.1628416797972186,0.48245125348189416
0.16291018702473112,0.48245125348189416
0.16297869425224362,0.48245125348189416
0.16304720147975613,0.48245125348189416
0.16311570870726863,0.48245125348189416
0.1631842159347811,0.48245125348189416
0.1632527231622936,0.48245125348189416
0.16332123038980612,0.48245125348189416
0.16338973761731862,0.483008356545961
0.16345824484483112,0.483008356545961
0.16352675207234363,0.483008356545961
0.16359525929985613,0.483008356545961
0.16366376652736864,0.483008356545961
0.16373227375488114,0.483008356545961
0.16380078098239365,0.483008356545961
0.16386928820990615,0.483008356545961
0.16393779543741865,0.483008356545961
0.16400630266493116,0.483008356545961
0.16407480989244366,0.483008356545961
0.16414331711995617,0.483008356545961
0.16421182434746867,0.483008356545961
0.16428033157498115,0.483008356545961
0.16434883880249365,0.483008356545961
0.16441734603000616,0.483008356545961
0.16448585325751866,0.483008356545961
0.16455436048503116,0.483008356545961
0.16462286771254367,0.483008356545961
0.16469137494005617,0.483008356545961
0.16475988216756868,0.483008356545961
0.16482838939508118,0.483008356545961
0.16489689662259369,0.483008356545961
0.1649654038501062,0.483008356545961
0.1650339110776187,0.483008356545961
0.1651024183051312,0.48356545961002784
0.1651709255326437,0.4841225626740947
0.1652394327601562,0.4841225626740947
0.1653079399876687,0.48467966573816157
0.1653764472151812,0.48467966573816157
0.1654449544426937,0.48467966573816157
0.1655134616702062,0.48467966573816157
0.1655819688977187,0.48467966573816157
0.1656504761252312,0.48523676880222844
0.1657189833527437,0.48523676880222844
0.1657874905802562,0.48523676880222844
0.16585599780776872,0.48579387186629525
0.16592450503528122,0.48579387186629525
0.16599301226279373,0.48579387186629525
0.16606151949030623,0.48579387186629525
0.16613002671781874,0.48579387186629525
0.16619853394533124,0.48579387186629525
0.16626704117284374,0.48579387186629525
0.16633554840035625,0.48579387186629525
0.16640405562786875,0.48579387186629525
0.16647256285538126,0.48579387186629525
0.16654107008289373,0.48579387186629525
0.16660957731040624,0.48579387186629525
0.16667808453791874,0.48579387186629525
0.16674659176543125,0.48579387186629525
0.16681509899294375,0.48579387186629525
0.16688360622045625,0.48579387186629525
0.16695211344796876,0.48579387186629525
0.16702062067548126,0.48579387186629525
0.16708912790299377,0.48579387186629525
0.16715763513050627,0.4863509749303621
0.16722614235801878,0.486908077994429
0.16729464958553128,0.486908077994429
0.16736315681304378,0.486908077994429
0.1674316640405563,0.486908077994429
0.1675001712680688,0.486908077994429
0.1675686784955813,0.486908077994429
0.16763718572309377,0.48746518105849584
0.16770569295060628,0.48746518105849584
0.16777420017811878,0.48746518105849584
0.1678427074056313,0.48746518105849584
0.1679112146331438,0.48802228412256266
0.1679797218606563,0.4885793871866295
0.1680482290881688,0.4885793871866295
0.1681167363156813,0.4885793871866295
0.1681852435431938,0.4885793871866295
0.1682537507707063,0.4885793871866295
0.16832225799821882,0.4885793871866295
0.16839076522573132,0.4885793871866295
0.16845927245324382,0.4885793871866295
0.16852777968075633,0.4885793871866295
0.16859628690826883,0.4885793871866295
0.16866479413578134,0.4891364902506964
0.16873330136329381,0.4891364902506964
0.16880180859080632,0.4891364902506964
0.16887031581831882,0.4891364902506964
0.16893882304583133,0.4891364902506964
0.16900733027334383,0.48969359331476325
0.16907583750085634,0.48969359331476325
0.16914434472836884,0.48969359331476325
0.16921285195588134,0.48969359331476325
0.16928135918339385,0.49025069637883006
0.16934986641090635,0.49025069637883006
0.16941837363841886,0.49025069637883006
0.16948688086593136,0.49025069637883006
0.16955538809344387,0.49025069637883006
0.16962389532095637,0.49025069637883006
0.16969240254846887,0.49025069637883006
0.16976090977598138,0.49080779944289693
0.16982941700349388,0.49080779944289693
0.16989792423100636,0.49080779944289693
0.16996643145851886,0.49080779944289693
0.17003493868603137,0.49080779944289693
0.17010344591354387,0.49080779944289693
0.17017195314105638,0.49080779944289693
0.17024046036856888,0.49080779944289693
0.17030896759608138,0.49080779944289693
0.1703774748235939,0.49080779944289693
0.1704459820511064,0.49080779944289693
0.1705144892786189,0.49080779944289693
0.1705829965061314,0.49080779944289693
0.1706515037336439,0.49080779944289693
0.1707200109611564,0.49080779944289693
0.17078851818866891,0.49080779944289693
0.17085702541618142,0.49080779944289693
0.17092553264369392,0.49080779944289693
0.1709940398712064,0.4913649025069638
0.1710625470987189,0.4913649025069638
0.1711310543262314,0.49192200557103066
0.1711995615537439,0.49192200557103066
0.17126806878125642,0.49192200557103066
0.17133657600876892,0.49192200557103066
0.17140508323628142,0.4924791086350975
0.17147359046379393,0.4924791086350975
0.17154209769130643,0.4924791086350975
0.17161060491881894,0.4924791086350975
0.17167911214633144,0.4924791086350975
0.17174761937384395,0.4924791086350975
0.17181612660135645,0.4924791086350975
0.17188463382886895,0.4924791086350975
0.17195314105638146,0.4924791086350975
0.17202164828389396,0.4924791086350975
0.17209015551140644,0.4924791086350975
0.17215866273891894,0.4924791086350975
0.17222716996643145,0.4924791086350975
0.17229567719394395,0.4924791086350975
0.17236418442145646,0.49303621169916434
0.17243269164896896,0.49303621169916434
0.17250119887648147,0.49303621169916434
0.17256970610399397,0.49303621169916434
0.17263821333150647,0.4935933147632312
0.17270672055901898,0.4935933147632312
0.17277522778653148,0.4935933147632312
0.172843735014044,0.4935933147632312
0.1729122422415565,0.4935933147632312
0.172980749469069,0.49415041782729807
0.1730492566965815,0.49415041782729807
0.173117763924094,0.49415041782729807
0.1731862711516065,0.49415041782729807
0.17325477837911898,0.49415041782729807
0.1733232856066315,0.49415041782729807
0.173391792834144,0.49415041782729807
0.1734603000616565,0.4947075208913649
0.173528807289169,0.49526462395543175
0.1735973145166815,0.49526462395543175
0.173665821744194,0.49526462395543175
0.17373432897170651,0.49526462395543175
0.17380283619921902,0.49526462395543175
0.17387134342673152,0.49526462395543175
0.17393985065424403,0.49526462395543175
0.17400835788175653,0.49526462395543175
0.17407686510926904,0.49526462395543175
0.17414537233678154,0.49526462395543175
0.17421387956429404,0.4958217270194986
0.17428238679180655,0.4958217270194986
0.17435089401931902,0.4958217270194986
0.17441940124683153,0.4958217270194986
0.17448790847434403,0.4963788300835655
0.17455641570185654,0.4963788300835655
0.17462492292936904,0.4969359331476323
0.17469343015688155,0.4969359331476323
0.17476193738439405,0.4969359331476323
0.17483044461190655,0.4969359331476323
0.17489895183941906,0.4969359331476323
0.17496745906693156,0.4969359331476323
0.17503596629444407,0.4969359331476323
0.17510447352195657,0.4969359331476323
0.17517298074946908,0.4969359331476323
0.17524148797698158,0.4969359331476323
0.17530999520449408,0.4969359331476323
0.1753785024320066,0.4969359331476323
0.1754470096595191,0.4969359331476323
0.17551551688703157,0.4969359331476323
0.17558402411454407,0.4969359331476323
0.17565253134205658,0.4969359331476323
0.17572103856956908,0.49749303621169916
0.1757895457970816,0.498050139275766
0.1758580530245941,0.498050139275766
0.1759265602521066,0.498050139275766
0.1759950674796191,0.498050139275766
0.1760635747071316,0.498050139275766
0.1761320819346441,0.4986072423398329
0.1762005891621566,0.4986072423398329
0.17626909638966912,0.4986072423398329
0.17633760361718162,0.4986072423398329
0.17640611084469413,0.4986072423398329
0.17647461807220663,0.4991643454038997
0.17654312529971913,0.49972144846796657
0.1766116325272316,0.49972144846796657
0.17668013975474411,0.49972144846796657
0.17674864698225662,0.49972144846796657
0.17681715420976912,0.49972144846796657
0.17688566143728163,0.49972144846796657
0.17695416866479413,0.49972144846796657
0.17702267589230664,0.49972144846796657
0.17709118311981914,0.49972144846796657
0.17715969034733164,0.49972144846796657
0.17722819757484415,0.49972144846796657
0.17729670480235665,0.49972144846796657
0.17736521202986916,0.49972144846796657
0.17743371925738166,0.49972144846796657
0.17750222648489417,0.49972144846796657
0.17757073371240667,0.49972144846796657
0.17763924093991917,0.5002785515320334
0.17770774816743165,0.5002785515320334
0.17777625539494415,0.5002785515320334
0.17784476262245666,0.5002785515320334
0.17791326984996916,0.5002785515320334
0.17798177707748167,0.5002785515320334
0.17805028430499417,0.5002785515320334
0.17811879153250668,0.5002785515320334
0.17818729876001918,0.5002785515320334
0.17825580598753168,0.5002785515320334
0.1783243132150442,0.5002785515320334
0.1783928204425567,0.5002785515320334
0.1784613276700692,0.5002785515320334
0.1785298348975817,0.5002785515320334
0.1785983421250942,0.5002785515320334
0.1786668493526067,0.5002785515320334
0.17873535658011921,0.5002785515320334
0.17880386380763172,0.5008356545961002
0.1788723710351442,0.5013927576601671
0.1789408782626567,0.5013927576601671
0.1790093854901692,0.5013927576601671
0.1790778927176817,0.5013927576601671
0.1791463999451942,0.5013927576601671
0.17921490717270672,0.5013927576601671
0.17928341440021922,0.5013927576601671
0.17935192162773173,0.5013927576601671
0.17942042885524423,0.5013927576601671
0.17948893608275673,0.5013927576601671
0.17955744331026924,0.5013927576601671
0.17962595053778174,0.5013927576601671
0.17969445776529425,0.5013927576601671
0.17976296499280675,0.501949860724234
0.17983147222031926,0.501949860724234
0.17989997944783176,0.501949860724234
0.17996848667534424,0.501949860724234
0.18003699390285674,0.501949860724234
0.18010550113036924,0.501949860724234
0.18017400835788175,0.5025069637883008
0.18024251558539425,0.5025069637883008
0.18031102281290676,0.5025069637883008
0.18037953004041926,0.5025069637883008
0.18044803726793177,0.5025069637883008
0.18051654449544427,0.5030640668523677
0.18058505172295677,0.5030640668523677
0.18065355895046928,0.5030640668523677
0.18072206617798178,0.5030640668523677
0.1807905734054943,0.5030640668523677
0.1808590806330068,0.5030640668523677
0.1809275878605193,0.5030640668523677
0.1809960950880318,0.5030640668523677
0.18106460231554428,0.5030640668523677
0.18113310954305678,0.5030640668523677
0.18120161677056928,0.5030640668523677
0.1812701239980818,0.5030640668523677
0.1813386312255943,0.5030640668523677
0.1814071384531068,0.5030640668523677
0.1814756456806193,0.5030640668523677
0.1815441529081318,0.5030640668523677
0.1816126601356443,0.5030640668523677
0.18168116736315681,0.5030640668523677
0.18174967459066932,0.5030640668523677
0.18181818181818182,0.5030640668523677
0.18188668904569433,0.5030640668523677
0.18195519627320683,0.5030640668523677
0.18202370350071934,0.5030640668523677
0.18209221072823184,0.5030640668523677
0.18216071795574434,0.5030640668523677
0.18222922518325682,0.5030640668523677
0.18229773241076933,0.5030640668523677
0.18236623963828183,0.5030640668523677
0.18243474686579433,0.5030640668523677
0.18250325409330684,0.5030640668523677
0.18257176132081934,0.5030640668523677
0.18264026854833185,0.5030640668523677
0.18270877577584435,0.5030640668523677
0.18277728300335686,0.5036211699164346
0.18284579023086936,0.5036211699164346
0.18291429745838186,0.5036211699164346
0.18298280468589437,0.5036211699164346
0.18305131191340687,0.5036211699164346
0.18311981914091938,0.5036211699164346
0.18318832636843188,0.5036211699164346
0.18325683359594439,0.5036211699164346
0.18332534082345686,0.5041782729805014
0.18339384805096937,0.5041782729805014
0.18346235527848187,0.5041782729805014
0.18353086250599437,0.5041782729805014
0.18359936973350688,0.5041782729805014
0.18366787696101938,0.5041782729805014
0.1837363841885319,0.5041782729805014
0.1838048914160444,0.5047353760445682
0.1838733986435569,0.5047353760445682
0.1839419058710694,0.5047353760445682
0.1840104130985819,0.5047353760445682
0.1840789203260944,0.5047353760445682
0.1841474275536069,0.5047353760445682
0.18421593478111942,0.5047353760445682
0.18428444200863192,0.5047353760445682
0.18435294923614443,0.5047353760445682
0.1844214564636569,0.5047353760445682
0.1844899636911694,0.5047353760445682
0.1845584709186819,0.5052924791086351
0.18462697814619441,0.5052924791086351
0.18469548537370692,0.5052924791086351
0.18476399260121942,0.5052924791086351
0.18483249982873193,0.5052924791086351
0.18490100705624443,0.5058495821727019
0.18496951428375694,0.5058495821727019
0.18503802151126944,0.5058495821727019
0.18510652873878194,0.5058495821727019
0.18517503596629445,0.5058495821727019
0.18524354319380695,0.5058495821727019
0.18531205042131946,0.5058495821727019
0.18538055764883196,0.5058495821727019
0.18544906487634447,0.5058495821727019
0.18551757210385697,0.5058495821727019
0.18558607933136945,0.5058495821727019
0.18565458655888195,0.5058495821727019
0.18572309378639446,0.5058495821727019
0.18579160101390696,0.5058495821727019
0.18586010824141946,0.5058495821727019
0.18592861546893197,0.5058495821727019
0.18599712269644447,0.5058495821727019
0.18606562992395698,0.5058495821727019
0.18613413715146948,0.5058495821727019
0.18620264437898199,0.5058495821727019
0.1862711516064945,0.5064066852367688
0.186339658834007,0.5064066852367688
0.1864081660615195,0.5064066852367688
0.186476673289032,0.5064066852367688
0.1865451805165445,0.5064066852367688
0.186613687744057,0.5064066852367688
0.1866821949715695,0.5064066852367688
0.186750702199082,0.5064066852367688
0.1868192094265945,0.5064066852367688
0.186887716654107,0.5064066852367688
0.1869562238816195,0.5064066852367688
0.187024731109132,0.5064066852367688
0.1870932383366445,0.5064066852367688
0.18716174556415702,0.5064066852367688
0.18723025279166952,0.5069637883008357
0.18729876001918203,0.5075208913649025
0.18736726724669453,0.5075208913649025
0.18743577447420703,0.5075208913649025
0.18750428170171954,0.5075208913649025
0.18757278892923204,0.5075208913649025
0.18764129615674455,0.5075208913649025
0.18770980338425705,0.5075208913649025
0.18777831061176956,0.5075208913649025
0.18784681783928203,0.5080779944289694
0.18791532506679454,0.5080779944289694
0.18798383229430704,0.5080779944289694
0.18805233952181954,0.5080779944289694
0.18812084674933205,0.5080779944289694
0.18818935397684455,0.5080779944289694
0.18825786120435706,0.5086350974930363
0.18832636843186956,0.5086350974930363
0.18839487565938207,0.5086350974930363
0.18846338288689457,0.5086350974930363
0.18853189011440707,0.5086350974930363
0.18860039734191958,0.5086350974930363
0.18866890456943208,0.5086350974930363
0.1887374117969446,0.5086350974930363
0.1888059190244571,0.5086350974930363
0.1888744262519696,0.5086350974930363
0.18894293347948207,0.5086350974930363
0.18901144070699458,0.5086350974930363
0.18907994793450708,0.5086350974930363
0.18914845516201959,0.509192200557103
0.1892169623895321,0.509192200557103
0.1892854696170446,0.5097493036211699
0.1893539768445571,0.5097493036211699
0.1894224840720696,0.5097493036211699
0.1894909912995821,0.5103064066852367
0.1895594985270946,0.5103064066852367
0.18962800575460712,0.5103064066852367
0.18969651298211962,0.5103064066852367
0.18976502020963212,0.5108635097493036
0.18983352743714463,0.5108635097493036
0.18990203466465713,0.5108635097493036
0.18997054189216964,0.5114206128133705
0.1900390491196821,0.5114206128133705
0.19010755634719462,0.5114206128133705
0.19017606357470712,0.5114206128133705
0.19024457080221963,0.5114206128133705
0.19031307802973213,0.5114206128133705
0.19038158525724463,0.5119777158774373
0.19045009248475714,0.5119777158774373
0.19051859971226964,0.5119777158774373
0.19058710693978215,0.5119777158774373
0.19065561416729465,0.5125348189415042
0.19072412139480716,0.5125348189415042
0.19079262862231966,0.5125348189415042
0.19086113584983216,0.5125348189415042
0.19092964307734467,0.5125348189415042
0.19099815030485717,0.5125348189415042
0.19106665753236968,0.5125348189415042
0.19113516475988218,0.5125348189415042
0.19120367198739466,0.5125348189415042
0.19127217921490716,0.5130919220055711
0.19134068644241967,0.5130919220055711
0.19140919366993217,0.5130919220055711
0.19147770089744467,0.5136490250696378
0.19154620812495718,0.5136490250696378
0.19161471535246968,0.5136490250696378
0.1916832225799822,0.5142061281337047
0.1917517298074947,0.5147632311977716
0.1918202370350072,0.5147632311977716
0.1918887442625197,0.5153203342618384
0.1919572514900322,0.5153203342618384
0.1920257587175447,0.5153203342618384
0.1920942659450572,0.5153203342618384
0.19216277317256972,0.5153203342618384
0.19223128040008222,0.5153203342618384
0.1922997876275947,0.5153203342618384
0.1923682948551072,0.5158774373259053
0.1924368020826197,0.5158774373259053
0.1925053093101322,0.5158774373259053
0.19257381653764472,0.5158774373259053
0.19264232376515722,0.5164345403899722
0.19271083099266972,0.5164345403899722
0.19277933822018223,0.516991643454039
0.19284784544769473,0.516991643454039
0.19291635267520724,0.5175487465181059
0.19298485990271974,0.5175487465181059
0.19305336713023225,0.5175487465181059
0.19312187435774475,0.5175487465181059
0.19319038158525725,0.5175487465181059
0.19325888881276976,0.5175487465181059
0.19332739604028226,0.5175487465181059
0.19339590326779474,0.5175487465181059
0.19346441049530724,0.5175487465181059
0.19353291772281975,0.5175487465181059
0.19360142495033225,0.5181058495821727
0.19366993217784476,0.5181058495821727
0.19373843940535726,0.5181058495821727
0.19380694663286976,0.5186629526462395
0.19387545386038227,0.5192200557103064
0.19394396108789477,0.5192200557103064
0.19401246831540728,0.5192200557103064
0.19408097554291978,0.5192200557103064
0.19414948277043229,0.5192200557103064
0.1942179899979448,0.5192200557103064
0.1942864972254573,0.5192200557103064
0.1943550044529698,0.5192200557103064
0.1944235116804823,0.5192200557103064
0.1944920189079948,0.5192200557103064
0.19456052613550728,0.5192200557103064
0.1946290333630198,0.5197771587743732
0.1946975405905323,0.5197771587743732
0.1947660478180448,0.5197771587743732
0.1948345550455573,0.5197771587743732
0.1949030622730698,0.5197771587743732
0.1949715695005823,0.5203342618384401
0.1950400767280948,0.5203342618384401
0.19510858395560732,0.520891364902507
0.19517709118311982,0.520891364902507
0.19524559841063233,0.520891364902507
0.19531410563814483,0.520891364902507
0.19538261286565733,0.520891364902507
0.19545112009316984,0.520891364902507
0.19551962732068234,0.520891364902507
0.19558813454819485,0.520891364902507
0.19565664177570732,0.520891364902507
0.19572514900321983,0.520891364902507
0.19579365623073233,0.5214484679665738
0.19586216345824484,0.5214484679665738
0.19593067068575734,0.5220055710306407
0.19599917791326985,0.5220055710306407
0.19606768514078235,0.5225626740947075
0.19613619236829485,0.5231197771587743
0.19620469959580736,0.5231197771587743
0.19627320682331986,0.5231197771587743
0.19634171405083237,0.5231197771587743
0.19641022127834487,0.5231197771587743
0.19647872850585738,0.5231197771587743
0.19654723573336988,0.5231197771587743
0.19661574296088238,0.5231197771587743
0.1966842501883949,0.5231197771587743
0.19675275741590736,0.5236768802228412
0.19682126464341987,0.5242339832869081
0.19688977187093237,0.5242339832869081
0.19695827909844488,0.5242339832869081
0.19702678632595738,0.5242339832869081
0.19709529355346989,0.5242339832869081
0.1971638007809824,0.5242339832869081
0.1972323080084949,0.5242339832869081
0.1973008152360074,0.5247910863509749
0.1973693224635199,0.5247910863509749
0.1974378296910324,0.5247910863509749
0.1975063369185449,0.5247910863509749
0.19757484414605742,0.5247910863509749
0.19764335137356992,0.5247910863509749
0.19771185860108242,0.5247910863509749
0.19778036582859493,0.5253481894150418
0.19784887305610743,0.5253481894150418
0.1979173802836199,0.5253481894150418
0.1979858875111324,0.5253481894150418
0.19805439473864492,0.5253481894150418
0.19812290196615742,0.5253481894150418
0.19819140919366993,0.5259052924791087
0.19825991642118243,0.5259052924791087
0.19832842364869493,0.5264623955431755
0.19839693087620744,0.5264623955431755
0.19846543810371994,0.5264623955431755
0.19853394533123245,0.5264623955431755
0.19860245255874495,0.5264623955431755
0.19867095978625746,0.5264623955431755
0.19873946701376996,0.5264623955431755
0.19880797424128246,0.5264623955431755
0.19887648146879497,0.5264623955431755
0.19894498869630747,0.5270194986072423
0.19901349592381995,0.5270194986072423
0.19908200315133245,0.5270194986072423
0.19915051037884496,0.5275766016713092
0.19921901760635746,0.5275766016713092
0.19928752483386997,0.5275766016713092
0.19935603206138247,0.528133704735376
0.19942453928889498,0.5286908077994429
0.19949304651640748,0.5286908077994429
0.19956155374391998,0.5286908077994429
0.1996300609714325,0.5286908077994429
0.199698568198945,0.5286908077994429
0.1997670754264575,0.5286908077994429
0.19983558265397,0.5286908077994429
0.1999040898814825,0.5286908077994429
0.199972597108995,0.5286908077994429
0.2000411043365075,0.5286908077994429
0.20010961156402002,0.5292479108635098
0.2001781187915325,0.5292479108635098
0.200246626019045,0.5292479108635098
0.2003151332465575,0.5292479108635098
0.20038364047407,0.5292479108635098
0.2004521477015825,0.5292479108635098
0.20052065492909502,0.5292479108635098
0.20058916215660752,0.5292479108635098
0.20065766938412002,0.5292479108635098
0.20072617661163253,0.5292479108635098
0.20079468383914503,0.5292479108635098
0.20086319106665754,0.5292479108635098
0.20093169829417004,0.5292479108635098
0.20100020552168255,0.5292479108635098
0.20106871274919505,0.5292479108635098
0.20113721997670755,0.5292479108635098
0.20120572720422006,0.5292479108635098
0.20127423443173253,0.5292479108635098
0.20134274165924504,0.5292479108635098
0.20141124888675754,0.5292479108635098
0.20147975611427005,0.5292479108635098
0.20154826334178255,0.5298050139275766
0.20161677056929506,0.5298050139275766
0.20168527779680756,0.5298050139275766
0.20175378502432006,0.5298050139275766
0.20182229225183257,0.5298050139275766
0.20189079947934507,0.5298050139275766
0.20195930670685758,0.5298050139275766
0.20202781393437008,0.5298050139275766
0.20209632116188259,0.5298050139275766
0.2021648283893951,0.5298050139275766
0.2022333356169076,0.5298050139275766
0.2023018428444201,0.5298050139275766
0.20237035007193258,0.5298050139275766
0.20243885729944508,0.5298050139275766
0.20250736452695758,0.5303621169916435
0.2025758717544701,0.5303621169916435
0.2026443789819826,0.5303621169916435
0.2027128862094951,0.5303621169916435
0.2027813934370076,0.5303621169916435
0.2028499006645201,0.5309192200557104
0.2029184078920326,0.5314763231197771
0.2029869151195451,0.5314763231197771
0.20305542234705762,0.5314763231197771
0.20312392957457012,0.5314763231197771
0.20319243680208263,0.532033426183844
0.20326094402959513,0.532033426183844
0.20332945125710764,0.532033426183844
0.20339795848462014,0.532033426183844
0.20346646571213264,0.532033426183844
0.20353497293964512,0.5325905292479108
0.20360348016715762,0.5325905292479108
0.20367198739467013,0.5325905292479108
0.20374049462218263,0.5325905292479108
0.20380900184969514,0.5325905292479108
0.20387750907720764,0.5325905292479108
0.20394601630472015,0.5325905292479108
0.20401452353223265,0.5325905292479108
0.20408303075974515,0.5331476323119777
0.20415153798725766,0.5331476323119777
0.20422004521477016,0.5331476323119777
0.20428855244228267,0.5331476323119777
0.20435705966979517,0.5331476323119777
0.20442556689730768,0.5331476323119777
0.20449407412482018,0.5331476323119777
0.20456258135233268,0.5331476323119777
0.20463108857984516,0.5331476323119777
0.20469959580735766,0.5331476323119777
0.20476810303487017,0.5331476323119777
0.20483661026238267,0.5331476323119777
0.20490511748989518,0.5331476323119777
0.20497362471740768,0.5331476323119777
0.2050421319449202,0.5337047353760446
0.2051106391724327,0.5337047353760446
0.2051791463999452,0.5337047353760446
0.2052476536274577,0.5337047353760446
0.2053161608549702,0.5337047353760446
0.2053846680824827,0.5337047353760446
0.2054531753099952,0.5337047353760446
0.20552168253750772,0.5342618384401114
0.20559018976502022,0.5342618384401114
0.20565869699253272,0.5342618384401114
0.2057272042200452,0.5342618384401114
0.2057957114475577,0.5342618384401114
0.2058642186750702,0.5348189415041783
0.20593272590258271,0.5348189415041783
0.20600123313009522,0.5348189415041783
0.20606974035760772,0.5353760445682452
0.20613824758512023,0.5353760445682452
0.20620675481263273,0.5353760445682452
0.20627526204014524,0.5353760445682452
0.20634376926765774,0.5353760445682452
0.20641227649517024,0.5353760445682452
0.20648078372268275,0.5353760445682452
0.20654929095019525,0.5359331476323119
0.20661779817770776,0.5359331476323119
0.20668630540522026,0.5359331476323119
0.20675481263273277,0.5364902506963788
0.20682331986024527,0.5364902506963788
0.20689182708775775,0.5364902506963788
0.20696033431527025,0.5364902506963788
0.20702884154278275,0.5364902506963788
0.20709734877029526,0.5364902506963788
0.20716585599780776,0.5364902506963788
0.20723436322532027,0.5370473537604457
0.20730287045283277,0.5376044568245125
0.20737137768034528,0.5376044568245125
0.20743988490785778,0.5376044568245125
0.20750839213537028,0.5381615598885794
0.2075768993628828,0.5381615598885794
0.2076454065903953,0.5381615598885794
0.2077139138179078,0.5381615598885794
0.2077824210454203,0.5381615598885794
0.2078509282729328,0.5381615598885794
0.2079194355004453,0.5381615598885794
0.2079879427279578,0.5381615598885794
0.2080564499554703,0.5381615598885794
0.2081249571829828,0.5381615598885794
0.2081934644104953,0.5381615598885794
0.2082619716380078,0.5381615598885794
0.2083304788655203,0.5381615598885794
0.2083989860930328,0.5381615598885794
0.20846749332054532,0.5387186629526463
0.20853600054805782,0.5387186629526463
0.20860450777557032,0.5387186629526463
0.20867301500308283,0.5387186629526463
0.20874152223059533,0.5392757660167131
0.20881002945810784,0.5392757660167131
0.20887853668562034,0.5392757660167131
0.20894704391313285,0.5392757660167131
0.20901555114064535,0.53983286908078
0.20908405836815783,0.5403899721448467
0.20915256559567033,0.5403899721448467
0.20922107282318284,0.5409470752089136
0.20928958005069534,0.5409470752089136
0.20935808727820784,0.5409470752089136
0.20942659450572035,0.5409470752089136
0.20949510173323285,0.5409470752089136
0.20956360896074536,0.5409470752089136
0.20963211618825786,0.5409470752089136
0.20970062341577037,0.5409470752089136
0.20976913064328287,0.5415041782729805
0.20983763787079537,0.5420612813370473
0.20990614509830788,0.5420612813370473
0.20997465232582038,0.5420612813370473
0.2100431595533329,0.5426183844011142
0.2101116667808454,0.5426183844011142
0.2101801740083579,0.5426183844011142
0.21024868123587037,0.5426183844011142
0.21031718846338288,0.5426183844011142
0.21038569569089538,0.5426183844011142
0.21045420291840788,0.5426183844011142
0.2105227101459204,0.5431754874651811
0.2105912173734329,0.5431754874651811
0.2106597246009454,0.5437325905292479
0.2107282318284579,0.5437325905292479
0.2107967390559704,0.5437325905292479
0.2108652462834829,0.5437325905292479
0.21093375351099541,0.5437325905292479
0.21100226073850792,0.5442896935933148
0.21107076796602042,0.5442896935933148
0.21113927519353293,0.5442896935933148
0.21120778242104543,0.5442896935933148
0.21127628964855794,0.5442896935933148
0.2113447968760704,0.5442896935933148
0.21141330410358292,0.5442896935933148
0.21148181133109542,0.5442896935933148
0.21155031855860792,0.5442896935933148
0.21161882578612043,0.5448467966573816
0.21168733301363293,0.5448467966573816
0.21175584024114544,0.5454038997214484
0.21182434746865794,0.5459610027855153
0.21189285469617045,0.5459610027855153
0.21196136192368295,0.5459610027855153
0.21202986915119545,0.5459610027855153
0.21209837637870796,0.5459610027855153
0.21216688360622046,0.5459610027855153
0.21223539083373297,0.5459610027855153
0.21230389806124547,0.5459610027855153
0.21237240528875798,0.5459610027855153
0.21244091251627048,0.5459610027855153
0.21250941974378296,0.5459610027855153
0.21257792697129546,0.5459610027855153
0.21264643419880797,0.5459610027855153
0.21271494142632047,0.5465181058495822
0.21278344865383297,0.5465181058495822
0.21285195588134548,0.5465181058495822
0.21292046310885798,0.5465181058495822
0.2129889703363705,0.5465181058495822
0.213057477563883,0.5465181058495822
0.2131259847913955,0.5465181058495822
0.213194492018908,0.5465181058495822
0.2132629992464205,0.5465181058495822
0.213331506473933,0.5465181058495822
0.2134000137014455,0.5465181058495822
0.21346852092895802,0.5465181058495822
0.21353702815647052,0.5465181058495822
0.213605535383983,0.547075208913649
0.2136740426114955,0.547075208913649
0.213742549839008,0.547075208913649
0.2138110570665205,0.547075208913649
0.21387956429403301,0.547075208913649
0.21394807152154552,0.547075208913649
0.21401657874905802,0.5476323119777159
0.21408508597657053,0.5476323119777159
0.21415359320408303,0.5476323119777159
0.21422210043159554,0.5476323119777159
0.21429060765910804,0.5476323119777159
0.21435911488662054,0.5476323119777159
0.21442762211413305,0.5476323119777159
0.21449612934164555,0.5476323119777159
0.21456463656915806,0.5476323119777159
0.21463314379667056,0.5476323119777159
0.21470165102418304,0.5481894150417828
0.21477015825169554,0.5487465181058496
0.21483866547920805,0.5493036211699165
0.21490717270672055,0.5493036211699165
0.21497567993423305,0.5493036211699165
0.21504418716174556,0.5493036211699165
0.21511269438925806,0.5493036211699165
0.21518120161677057,0.5498607242339832
0.21524970884428307,0.5498607242339832
0.21531821607179558,0.5498607242339832
0.21538672329930808,0.5504178272980501
0.21545523052682058,0.5504178272980501
0.2155237377543331,0.5504178272980501
0.2155922449818456,0.5504178272980501
0.2156607522093581,0.5504178272980501
0.2157292594368706,0.5504178272980501
0.2157977666643831,0.550974930362117
0.21586627389189558,0.550974930362117
0.2159347811194081,0.550974930362117
0.2160032883469206,0.550974930362117
0.2160717955744331,0.5515320334261838
0.2161403028019456,0.5515320334261838
0.2162088100294581,0.5515320334261838
0.2162773172569706,0.5520891364902507
0.2163458244844831,0.5520891364902507
0.21641433171199562,0.5520891364902507
0.21648283893950812,0.5520891364902507
0.21655134616702063,0.5520891364902507
0.21661985339453313,0.5520891364902507
0.21668836062204563,0.5520891364902507
0.21675686784955814,0.5520891364902507
0.21682537507707064,0.5520891364902507
0.21689388230458315,0.5520891364902507
0.21696238953209562,0.5520891364902507
0.21703089675960813,0.5526462395543176
0.21709940398712063,0.5526462395543176
0.21716791121463314,0.5532033426183844
0.21723641844214564,0.5532033426183844
0.21730492566965814,0.5532033426183844
0.21737343289717065,0.5532033426183844
0.21744194012468315,0.5532033426183844
0.21751044735219566,0.5532033426183844
0.21757895457970816,0.5537604456824513
0.21764746180722067,0.5537604456824513
0.21771596903473317,0.5537604456824513
0.21778447626224567,0.5537604456824513
0.21785298348975818,0.5537604456824513
0.21792149071727068,0.5537604456824513
0.2179899979447832,0.5537604456824513
0.21805850517229566,0.5537604456824513
0.21812701239980817,0.5537604456824513
0.21819551962732067,0.5543175487465181
0.21826402685483318,0.5543175487465181
0.21833253408234568,0.5543175487465181
0.21840104130985818,0.5543175487465181
0.2184695485373707,0.5543175487465181
0.2185380557648832,0.5543175487465181
0.2186065629923957,0.5543175487465181
0.2186750702199082,0.5543175487465181
0.2187435774474207,0.5543175487465181
0.2188120846749332,0.5543175487465181
0.21888059190244571,0.5543175487465181
0.21894909912995822,0.5543175487465181
0.21901760635747072,0.5543175487465181
0.21908611358498323,0.5543175487465181
0.21915462081249573,0.5543175487465181
0.2192231280400082,0.5543175487465181
0.2192916352675207,0.5548746518105849
0.21936014249503322,0.5548746518105849
0.21942864972254572,0.5548746518105849
0.21949715695005823,0.5548746518105849
0.21956566417757073,0.5548746518105849
0.21963417140508323,0.5548746518105849
0.21970267863259574,0.5548746518105849
0.21977118586010824,0.5548746518105849
0.21983969308762075,0.5548746518105849
0.21990820031513325,0.5548746518105849
0.21997670754264576,0.5548746518105849
0.22004521477015826,0.5548746518105849
0.22011372199767076,0.5548746518105849
0.22018222922518327,0.5548746518105849
0.22025073645269577,0.5548746518105849
0.22031924368020825,0.5548746518105849
0.22038775090772075,0.5548746518105849
0.22045625813523326,0.5554317548746518
0.22052476536274576,0.5554317548746518
0.22059327259025827,0.5554317548746518
0.22066177981777077,0.5554317548746518
0.22073028704528327,0.5554317548746518
0.22079879427279578,0.5554317548746518
0.22086730150030828,0.5554317548746518
0.2209358087278208,0.5554317548746518
0.2210043159553333,0.5554317548746518
0.2210728231828458,0.5554317548746518
0.2211413304103583,0.5559888579387187
0.2212098376378708,0.5559888579387187
0.2212783448653833,0.5559888579387187
0.2213468520928958,0.5559888579387187
0.2214153593204083,0.5559888579387187
0.2214838665479208,0.5559888579387187
0.2215523737754333,0.5559888579387187
0.2216208810029458,0.5565459610027855
0.2216893882304583,0.5565459610027855
0.2217578954579708,0.5565459610027855
0.22182640268548331,0.5565459610027855
0.22189490991299582,0.5565459610027855
0.22196341714050832,0.5565459610027855
0.22203192436802083,0.5565459610027855
0.22210043159553333,0.5565459610027855
0.22216893882304584,0.5571030640668524
0.22223744605055834,0.5576601671309193
0.22230595327807084,0.5576601671309193
0.22237446050558335,0.5582172701949861
0.22244296773309585,0.5587743732590529
0.22251147496060836,0.5587743732590529
0.22257998218812083,0.5587743732590529
0.22264848941563334,0.5587743732590529
0.22271699664314584,0.5587743732590529
0.22278550387065835,0.5587743732590529
0.22285401109817085,0.5587743732590529
0.22292251832568336,0.5587743732590529
0.22299102555319586,0.5587743732590529
0.22305953278070836,0.5587743732590529
0.22312804000822087,0.5587743732590529
0.22319654723573337,0.5587743732590529
0.22326505446324588,0.5587743732590529
0.22333356169075838,0.5587743732590529
0.22340206891827089,0.5587743732590529
0.2234705761457834,0.5587743732590529
0.2235390833732959,0.5593314763231197
0.2236075906008084,0.5593314763231197
0.22367609782832087,0.5593314763231197
0.22374460505583338,0.5593314763231197
0.22381311228334588,0.5593314763231197
0.2238816195108584,0.5593314763231197
0.2239501267383709,0.5593314763231197
0.2240186339658834,0.5593314763231197
0.2240871411933959,0.5593314763231197
0.2241556484209084,0.5593314763231197
0.2242241556484209,0.5593314763231197
0.2242926628759334,0.5593314763231197
0.22436117010344592,0.5593314763231197
0.22442967733095842,0.5593314763231197
0.22449818455847093,0.5593314763231197
0.22456669178598343,0.5593314763231197
0.22463519901349593,0.5593314763231197
0.22470370624100844,0.5598885793871866
0.22477221346852094,0.5598885793871866
0.22484072069603342,0.5598885793871866
0.22490922792354592,0.5598885793871866
0.22497773515105843,0.5604456824512535
0.22504624237857093,0.5604456824512535
0.22511474960608344,0.5604456824512535
0.22518325683359594,0.5604456824512535
0.22525176406110844,0.5604456824512535
0.22532027128862095,0.5610027855153203
0.22538877851613345,0.5615598885793872
0.22545728574364596,0.5615598885793872
0.22552579297115846,0.5615598885793872
0.22559430019867097,0.5615598885793872
0.22566280742618347,0.5615598885793872
0.22573131465369597,0.5615598885793872
0.22579982188120848,0.5615598885793872
0.22586832910872098,0.5615598885793872
0.22593683633623346,0.5615598885793872
0.22600534356374596,0.5615598885793872
0.22607385079125847,0.5615598885793872
0.22614235801877097,0.5615598885793872
0.22621086524628348,0.5615598885793872
0.22627937247379598,0.5615598885793872
0.22634787970130849,0.5615598885793872
0.226416386928821,0.5621169916434541
0.2264848941563335,0.5621169916434541
0.226553401383846,0.5621169916434541
0.2266219086113585,0.5621169916434541
0.226690415838871,0.5621169916434541
0.2267589230663835,0.5621169916434541
0.22682743029389602,0.5621169916434541
0.22689593752140852,0.5621169916434541
0.22696444474892102,0.5621169916434541
0.2270329519764335,0.5621169916434541
0.227101459203946,0.5626740947075209
0.2271699664314585,0.5626740947075209
0.227238473658971,0.5626740947075209
0.22730698088648352,0.5632311977715877
0.22737548811399602,0.5632311977715877
0.22744399534150853,0.5632311977715877
0.22751250256902103,0.5632311977715877
0.22758100979653353,0.5632311977715877
0.22764951702404604,0.5632311977715877
0.22771802425155854,0.5632311977715877
0.22778653147907105,0.5637883008356546
0.22785503870658355,0.5637883008356546
0.22792354593409606,0.5637883008356546
0.22799205316160856,0.5643454038997214
0.22806056038912106,0.5643454038997214
0.22812906761663357,0.5649025069637883
0.22819757484414604,0.5649025069637883
0.22826608207165855,0.5649025069637883
0.22833458929917105,0.5649025069637883
0.22840309652668356,0.5649025069637883
0.22847160375419606,0.5649025069637883
0.22854011098170857,0.5649025069637883
0.22860861820922107,0.5649025069637883
0.22867712543673357,0.5649025069637883
0.22874563266424608,0.5649025069637883
0.22881413989175858,0.5649025069637883
0.2288826471192711,0.5649025069637883
0.2289511543467836,0.5649025069637883
0.2290196615742961,0.5649025069637883
0.2290881688018086,0.5654596100278552
0.2291566760293211,0.5654596100278552
0.2292251832568336,0.566016713091922
0.22929369048434609,0.566016713091922
0.2293621977118586,0.566016713091922
0.2294307049393711,0.566016713091922
0.2294992121668836,0.566016713091922
0.2295677193943961,0.5665738161559889
0.2296362266219086,0.5665738161559889
0.2297047338494211,0.5665738161559889
0.22977324107693362,0.5665738161559889
0.22984174830444612,0.5665738161559889
0.22991025553195862,0.5665738161559889
0.22997876275947113,0.5665738161559889
0.23004726998698363,0.5665738161559889
0.23011577721449614,0.5665738161559889
0.23018428444200864,0.5665738161559889
0.23025279166952115,0.5671309192200558
0.23032129889703365,0.5671309192200558
0.23038980612454613,0.5671309192200558
0.23045831335205863,0.5676880222841225
0.23052682057957113,0.5676880222841225
0.23059532780708364,0.5676880222841225
0.23066383503459614,0.5676880222841225
0.23073234226210865,0.5682451253481894
0.23080084948962115,0.5682451253481894
0.23086935671713366,0.5682451253481894
0.23093786394464616,0.5682451253481894
0.23100637117215866,0.5682451253481894
0.23107487839967117,0.5682451253481894
0.23114338562718367,0.5682451253481894
0.23121189285469618,0.5682451253481894
0.23128040008220868,0.5682451253481894
0.23134890730972119,0.5688022284122562
0.2314174145372337,0.5688022284122562
0.2314859217647462,0.5688022284122562
0.23155442899225867,0.5688022284122562
0.23162293621977117,0.5688022284122562
0.23169144344728368,0.5688022284122562
0.23175995067479618,0.5688022284122562
0.2318284579023087,0.5688022284122562
0.2318969651298212,0.5693593314763231
0.2319654723573337,0.5693593314763231
0.2320339795848462,0.5693593314763231
0.2321024868123587,0.5693593314763231
0.2321709940398712,0.5693593314763231
0.2322395012673837,0.5693593314763231
0.23230800849489622,0.5693593314763231
0.23237651572240872,0.5693593314763231
0.23244502294992123,0.56991643454039
0.23251353017743373,0.56991643454039
0.23258203740494623,0.56991643454039
0.2326505446324587,0.56991643454039
0.23271905185997122,0.56991643454039
0.23278755908748372,0.56991643454039
0.23285606631499622,0.5704735376044568
0.23292457354250873,0.5704735376044568
0.23299308077002123,0.5704735376044568
0.23306158799753374,0.5704735376044568
0.23313009522504624,0.5704735376044568
0.23319860245255875,0.5704735376044568
0.23326710968007125,0.5704735376044568
0.23333561690758375,0.5704735376044568
0.23340412413509626,0.5704735376044568
0.23347263136260876,0.5710306406685237
0.23354113859012127,0.5715877437325906
0.23360964581763377,0.5715877437325906
0.23367815304514628,0.5715877437325906
0.23374666027265875,0.5715877437325906
0.23381516750017126,0.5715877437325906
0.23388367472768376,0.5715877437325906
0.23395218195519626,0.5715877437325906
0.23402068918270877,0.5715877437325906
0.23408919641022127,0.5715877437325906
0.23415770363773378,0.5715877437325906
0.23422621086524628,0.5715877437325906
0.23429471809275879,0.5715877437325906
0.2343632253202713,0.5715877437325906
0.2344317325477838,0.5721448467966573
0.2345002397752963,0.5721448467966573
0.2345687470028088,0.5721448467966573
0.2346372542303213,0.5721448467966573
0.2347057614578338,0.5721448467966573
0.23477426868534632,0.5721448467966573
0.23484277591285882,0.5721448467966573
0.2349112831403713,0.5721448467966573
0.2349797903678838,0.5721448467966573
0.2350482975953963,0.5727019498607242
0.2351168048229088,0.5727019498607242
0.2351853120504213,0.5732590529247911
0.23525381927793382,0.5732590529247911
0.23532232650544632,0.5738161559888579
0.23539083373295883,0.5738161559888579
0.23545934096047133,0.5738161559888579
0.23552784818798383,0.5738161559888579
0.23559635541549634,0.5738161559888579
0.23566486264300884,0.5738161559888579
0.23573336987052135,0.5738161559888579
0.23580187709803385,0.5738161559888579
0.23587038432554636,0.5738161559888579
0.23593889155305886,0.5738161559888579
0.23600739878057134,0.5738161559888579
0.23607590600808384,0.5738161559888579
0.23614441323559635,0.5738161559888579
0.23621292046310885,0.5738161559888579
0.23628142769062135,0.5738161559888579
0.23634993491813386,0.5738161559888579
0.23641844214564636,0.5738161559888579
0.23648694937315887,0.5743732590529248
0.23655545660067137,0.5743732590529248
0.23662396382818388,0.5743732590529248
0.23669247105569638,0.5743732590529248
0.23676097828320888,0.5743732590529248
0.2368294855107214,0.5743732590529248
0.2368979927382339,0.5743732590529248
0.2369664999657464,0.5743732590529248
0.2370350071932589,0.5743732590529248
0.2371035144207714,0.5743732590529248
0.23717202164828388,0.5743732590529248
0.23724052887579639,0.5749303621169917
0.2373090361033089,0.5749303621169917
0.2373775433308214,0.5754874651810585
0.2374460505583339,0.5754874651810585
0.2375145577858464,0.5754874651810585
0.2375830650133589,0.5754874651810585
0.2376515722408714,0.5754874651810585
0.23772007946838392,0.5754874651810585
0.23778858669589642,0.5754874651810585
0.23785709392340892,0.5754874651810585
0.23792560115092143,0.5754874651810585
0.23799410837843393,0.5754874651810585
0.23806261560594644,0.5754874651810585
0.23813112283345894,0.5754874651810585
0.23819963006097145,0.5754874651810585
0.23826813728848392,0.5754874651810585
0.23833664451599643,0.5754874651810585
0.23840515174350893,0.5754874651810585
0.23847365897102143,0.5754874651810585
0.23854216619853394,0.5754874651810585
0.23861067342604644,0.5754874651810585
0.23867918065355895,0.5754874651810585
0.23874768788107145,0.5754874651810585
0.23881619510858396,0.5760445682451254
0.23888470233609646,0.5760445682451254
0.23895320956360896,0.5760445682451254
0.23902171679112147,0.5760445682451254
0.23909022401863397,0.5760445682451254
0.23915873124614648,0.5760445682451254
0.23922723847365898,0.5760445682451254
0.2392957457011715,0.5760445682451254
0.23936425292868396,0.5760445682451254
0.23943276015619647,0.5760445682451254
0.23950126738370897,0.5766016713091922
0.23956977461122148,0.5766016713091922
0.23963828183873398,0.5766016713091922
0.23970678906624648,0.577158774373259
0.239775296293759,0.577158774373259
0.2398438035212715,0.577158774373259
0.239912310748784,0.577158774373259
0.2399808179762965,0.577158774373259
0.240049325203809,0.577158774373259
0.2401178324313215,0.577158774373259
0.240186339658834,0.577158774373259
0.24025484688634652,0.577158774373259
0.24032335411385902,0.577158774373259
0.24039186134137153,0.577158774373259
0.24046036856888403,0.577158774373259
0.2405288757963965,0.577158774373259
0.240597383023909,0.577158774373259
0.24066589025142152,0.577158774373259
0.24073439747893402,0.577158774373259
0.24080290470644652,0.577158774373259
0.24087141193395903,0.577158774373259
0.24093991916147153,0.577158774373259
0.24100842638898404,0.5777158774373259
0.24107693361649654,0.5777158774373259
0.24114544084400905,0.5777158774373259
0.24121394807152155,0.5777158774373259
0.24128245529903405,0.5777158774373259
0.24135096252654656,0.5777158774373259
0.24141946975405906,0.5777158774373259
0.24148797698157157,0.5777158774373259
0.24155648420908407,0.5777158774373259
0.24162499143659655,0.5777158774373259
0.24169349866410905,0.5777158774373259
0.24176200589162156,0.5777158774373259
0.24183051311913406,0.5777158774373259
0.24189902034664656,0.5777158774373259
0.24196752757415907,0.5777158774373259
0.24203603480167157,0.5777158774373259
0.24210454202918408,0.5777158774373259
0.24217304925669658,0.5777158774373259
0.2422415564842091,0.5777158774373259
0.2423100637117216,0.5777158774373259
0.2423785709392341,0.5777158774373259
0.2424470781667466,0.5782729805013928
0.2425155853942591,0.5782729805013928
0.2425840926217716,0.5782729805013928
0.2426525998492841,0.5782729805013928
0.2427211070767966,0.5782729805013928
0.2427896143043091,0.5788300835654596
0.2428581215318216,0.5793871866295265
0.2429266287593341,0.5793871866295265
0.2429951359868466,0.5793871866295265
0.2430636432143591,0.5793871866295265
0.24313215044187161,0.5793871866295265
0.24320065766938412,0.5793871866295265
0.24326916489689662,0.5793871866295265
0.24333767212440913,0.5793871866295265
0.24340617935192163,0.5793871866295265
0.24347468657943414,0.5799442896935934
0.24354319380694664,0.5799442896935934
0.24361170103445914,0.5799442896935934
0.24368020826197165,0.5799442896935934
0.24374871548948415,0.5799442896935934
0.24381722271699666,0.5799442896935934
0.24388572994450913,0.5799442896935934
0.24395423717202164,0.5799442896935934
0.24402274439953414,0.5799442896935934
0.24409125162704665,0.5799442896935934
0.24415975885455915,0.5799442896935934
0.24422826608207165,0.5799442896935934
0.24429677330958416,0.5799442896935934
0.24436528053709666,0.5799442896935934
0.24443378776460917,0.5799442896935934
0.24450229499212167,0.5799442896935934
0.24457080221963418,0.5799442896935934
0.24463930944714668,0.5799442896935934
0.24470781667465918,0.5799442896935934
0.2447763239021717,0.5805013927576602
0.2448448311296842,0.5805013927576602
0.2449133383571967,0.5805013927576602
0.24498184558470917,0.5805013927576602
0.24505035281222168,0.5805013927576602
0.24511886003973418,0.5805013927576602
0.2451873672672467,0.5805013927576602
0.2452558744947592,0.5805013927576602
0.2453243817222717,0.5805013927576602
0.2453928889497842,0.5805013927576602
0.2454613961772967,0.5805013927576602
0.2455299034048092,0.5805013927576602
0.2455984106323217,0.5805013927576602
0.24566691785983422,0.5805013927576602
0.24573542508734672,0.5805013927576602
0.24580393231485922,0.581058495821727
0.24587243954237173,0.581058495821727
0.24594094676988423,0.581058495821727
0.24600945399739674,0.5816155988857938
0.24607796122490921,0.5816155988857938
0.24614646845242172,0.5816155988857938
0.24621497567993422,0.5816155988857938
0.24628348290744673,0.5816155988857938
0.24635199013495923,0.5816155988857938
0.24642049736247174,0.5821727019498607
0.24648900458998424,0.5821727019498607
0.24655751181749674,0.5821727019498607
0.24662601904500925,0.5821727019498607
0.24669452627252175,0.5821727019498607
0.24676303350003426,0.5827298050139276
0.24683154072754676,0.5827298050139276
0.24690004795505927,0.5827298050139276
0.24696855518257177,0.5827298050139276
0.24703706241008427,0.5827298050139276
0.24710556963759678,0.5827298050139276
0.24717407686510928,0.5827298050139276
0.24724258409262176,0.5827298050139276
0.24731109132013426,0.5827298050139276
0.24737959854764677,0.5827298050139276
0.24744810577515927,0.5832869080779944
0.24751661300267178,0.5832869080779944
0.24758512023018428,0.5832869080779944
0.24765362745769678,0.5832869080779944
0.2477221346852093,0.5832869080779944
0.2477906419127218,0.5832869080779944
0.2478591491402343,0.5832869080779944
0.2479276563677468,0.5832869080779944
0.2479961635952593,0.5832869080779944
0.2480646708227718,0.5838440111420613
0.24813317805028431,0.5838440111420613
0.24820168527779682,0.5838440111420613
0.24827019250530932,0.5844011142061282
0.2483386997328218,0.5844011142061282
0.2484072069603343,0.5844011142061282
0.2484757141878468,0.5844011142061282
0.2485442214153593,0.5844011142061282
0.24861272864287182,0.5844011142061282
0.24868123587038432,0.5844011142061282
0.24874974309789682,0.5844011142061282
0.24881825032540933,0.5844011142061282
0.24888675755292183,0.5844011142061282
0.24895526478043434,0.584958217270195
0.24902377200794684,0.584958217270195
0.24909227923545935,0.584958217270195
0.24916078646297185,0.584958217270195
0.24922929369048435,0.584958217270195
0.24929780091799686,0.584958217270195
0.24936630814550936,0.584958217270195
0.24943481537302187,0.584958217270195
0.24950332260053434,0.584958217270195
0.24957182982804685,0.584958217270195
0.24964033705555935,0.584958217270195
0.24970884428307186,0.584958217270195
0.24977735151058436,0.584958217270195
0.24984585873809687,0.584958217270195
0.24991436596560937,0.584958217270195
0.24998287319312187,0.584958217270195
0.25005138042063435,0.584958217270195
0.25011988764814685,0.584958217270195
0.25018839487565936,0.584958217270195
0.25025690210317186,0.584958217270195
0.25032540933068437,0.584958217270195
0.25039391655819687,0.584958217270195
0.2504624237857094,0.584958217270195
0.2505309310132219,0.584958217270195
0.2505994382407344,0.584958217270195
0.2506679454682469,0.584958217270195
0.2507364526957594,0.584958217270195
0.2508049599232719,0.584958217270195
0.2508734671507844,0.5855153203342618
0.2509419743782969,0.5855153203342618
0.2510104816058094,0.5855153203342618
0.2510789888333219,0.5860724233983287
0.2511474960608344,0.5860724233983287
0.2512160032883469,0.5860724233983287
0.2512845105158594,0.5860724233983287
0.25135301774337193,0.5860724233983287
0.25142152497088444,0.5860724233983287
0.25149003219839694,0.5860724233983287
0.25155853942590944,0.5860724233983287
0.25162704665342195,0.5860724233983287
0.25169555388093445,0.5860724233983287
0.25176406110844696,0.5860724233983287
0.25183256833595946,0.5860724233983287
0.25190107556347197,0.5860724233983287
0.25196958279098447,0.5860724233983287
0.252038090018497,0.5860724233983287
0.2521065972460095,0.5860724233983287
0.252175104473522,0.5860724233983287
0.25224361170103443,0.5860724233983287
0.25231211892854694,0.5866295264623955
0.25238062615605944,0.5866295264623955
0.25244913338357194,0.5866295264623955
0.25251764061108445,0.5866295264623955
0.25258614783859695,0.5866295264623955
0.25265465506610946,0.5866295264623955
0.25272316229362196,0.5866295264623955
0.25279166952113447,0.5866295264623955
0.25286017674864697,0.5866295264623955
0.2529286839761595,0.5866295264623955
0.252997191203672,0.5866295264623955
0.2530656984311845,0.5866295264623955
0.253134205658697,0.5871866295264624
0.2532027128862095,0.5871866295264624
0.253271220113722,0.5871866295264624
0.2533397273412345,0.5871866295264624
0.253408234568747,0.5871866295264624
0.2534767417962595,0.5871866295264624
0.253545249023772,0.5871866295264624
0.2536137562512845,0.5871866295264624
0.253682263478797,0.5871866295264624
0.2537507707063095,0.5871866295264624
0.25381927793382203,0.5871866295264624
0.25388778516133453,0.5871866295264624
0.25395629238884704,0.5871866295264624
0.25402479961635954,0.5871866295264624
0.25409330684387205,0.5871866295264624
0.25416181407138455,0.5871866295264624
0.25423032129889706,0.5871866295264624
0.25429882852640956,0.5871866295264624
0.25436733575392206,0.5871866295264624
0.25443584298143457,0.5871866295264624
0.254504350208947,0.5877437325905293
0.2545728574364595,0.5883008356545961
0.254641364663972,0.5883008356545961
0.25470987189148453,0.588857938718663
0.25477837911899703,0.588857938718663
0.25484688634650954,0.588857938718663
0.25491539357402204,0.588857938718663
0.25498390080153455,0.588857938718663
0.25505240802904705,0.588857938718663
0.25512091525655956,0.588857938718663
0.25518942248407206,0.588857938718663
0.25525792971158456,0.588857938718663
0.25532643693909707,0.588857938718663
0.25539494416660957,0.588857938718663
0.2554634513941221,0.588857938718663
0.2555319586216346,0.5894150417827299
0.2556004658491471,0.5899721448467966
0.2556689730766596,0.5899721448467966
0.2557374803041721,0.5899721448467966
0.2558059875316846,0.5899721448467966
0.2558744947591971,0.5905292479108635
0.2559430019867096,0.5905292479108635
0.2560115092142221,0.5905292479108635
0.2560800164417346,0.5905292479108635
0.2561485236692471,0.5905292479108635
0.2562170308967596,0.5905292479108635
0.2562855381242721,0.5905292479108635
0.25635404535178463,0.5905292479108635
0.25642255257929714,0.5905292479108635
0.25649105980680964,0.5905292479108635
0.25655956703432214,0.5905292479108635
0.25662807426183465,0.5905292479108635
0.25669658148934715,0.5905292479108635
0.2567650887168596,0.5905292479108635
0.2568335959443721,0.5905292479108635
0.2569021031718846,0.5905292479108635
0.2569706103993971,0.5905292479108635
0.2570391176269096,0.5905292479108635
0.2571076248544221,0.5905292479108635
0.2571761320819346,0.5905292479108635
0.25724463930944713,0.5905292479108635
0.25731314653695964,0.5905292479108635
0.25738165376447214,0.5905292479108635
0.25745016099198464,0.5905292479108635
0.25751866821949715,0.5905292479108635
0.25758717544700965,0.5905292479108635
0.25765568267452216,0.5905292479108635
0.25772418990203466,0.5905292479108635
0.25779269712954717,0.5905292479108635
0.25786120435705967,0.5905292479108635
0.2579297115845722,0.5905292479108635
0.2579982188120847,0.5905292479108635
0.2580667260395972,0.5905292479108635
0.2581352332671097,0.5905292479108635
0.2582037404946222,0.5905292479108635
0.2582722477221347,0.5905292479108635
0.2583407549496472,0.5905292479108635
0.2584092621771597,0.5905292479108635
0.2584777694046722,0.5905292479108635
0.2585462766321847,0.5910863509749303
0.2586147838596972,0.5910863509749303
0.2586832910872097,0.5910863509749303
0.2587517983147222,0.5910863509749303
0.25882030554223473,0.5910863509749303
0.25888881276974723,0.5916434540389972
0.25895731999725974,0.5916434540389972
0.2590258272247722,0.5916434540389972
0.2590943344522847,0.5916434540389972
0.2591628416797972,0.5916434540389972
0.2592313489073097,0.5916434540389972
0.2592998561348222,0.5916434540389972
0.2593683633623347,0.5916434540389972
0.2594368705898472,0.5916434540389972
0.2595053778173597,0.5916434540389972
0.2595738850448722,0.5916434540389972
0.2596423922723847,0.5916434540389972
0.25971089949989723,0.5916434540389972
0.25977940672740973,0.5922005571030641
0.25984791395492224,0.5922005571030641
0.25991642118243474,0.5922005571030641
0.25998492840994725,0.5922005571030641
0.26005343563745975,0.5922005571030641
0.26012194286497226,0.5922005571030641
0.26019045009248476,0.5922005571030641
0.26025895731999726,0.5922005571030641
0.26032746454750977,0.5922005571030641
0.2603959717750223,0.5922005571030641
0.2604644790025348,0.5922005571030641
0.2605329862300473,0.5922005571030641
0.2606014934575598,0.5922005571030641
0.2606700006850723,0.5922005571030641
0.2607385079125848,0.5922005571030641
0.2608070151400973,0.5922005571030641
0.2608755223676098,0.5922005571030641
0.2609440295951223,0.5922005571030641
0.2610125368226348,0.5922005571030641
0.2610810440501473,0.5922005571030641
0.2611495512776598,0.5922005571030641
0.26121805850517227,0.5922005571030641
0.2612865657326848,0.5922005571030641
0.2613550729601973,0.5922005571030641
0.2614235801877098,0.5922005571030641
0.2614920874152223,0.5922005571030641
0.2615605946427348,0.5922005571030641
0.2616291018702473,0.5922005571030641
0.2616976090977598,0.5922005571030641
0.2617661163252723,0.5922005571030641
0.2618346235527848,0.5922005571030641
0.2619031307802973,0.5927576601671309
0.2619716380078098,0.5927576601671309
0.2620401452353223,0.5927576601671309
0.2621086524628348,0.5927576601671309
0.26217715969034733,0.5927576601671309
0.26224566691785983,0.5927576601671309
0.26231417414537234,0.5927576601671309
0.26238268137288484,0.5927576601671309
0.26245118860039734,0.5927576601671309
0.26251969582790985,0.5927576601671309
0.26258820305542235,0.5933147632311978
0.26265671028293486,0.5933147632311978
0.26272521751044736,0.5938718662952647
0.26279372473795987,0.5944289693593314
0.26286223196547237,0.5944289693593314
0.2629307391929849,0.5944289693593314
0.2629992464204974,0.5949860724233983
0.2630677536480099,0.5949860724233983
0.2631362608755224,0.5949860724233983
0.2632047681030349,0.5949860724233983
0.2632732753305474,0.5949860724233983
0.2633417825580599,0.5949860724233983
0.2634102897855724,0.5949860724233983
0.26347879701308485,0.5955431754874652
0.26354730424059736,0.5955431754874652
0.26361581146810986,0.596100278551532
0.26368431869562237,0.596100278551532
0.26375282592313487,0.5966573816155989
0.2638213331506474,0.5966573816155989
0.2638898403781599,0.5966573816155989
0.2639583476056724,0.5966573816155989
0.2640268548331849,0.5966573816155989
0.2640953620606974,0.5966573816155989
0.2641638692882099,0.5966573816155989
0.2642323765157224,0.5966573816155989
0.2643008837432349,0.5966573816155989
0.2643693909707474,0.5972144846796658
0.2644378981982599,0.5972144846796658
0.2645064054257724,0.5972144846796658
0.2645749126532849,0.5972144846796658
0.2646434198807974,0.5977715877437326
0.26471192710830993,0.5977715877437326
0.26478043433582243,0.5977715877437326
0.26484894156333494,0.5977715877437326
0.26491744879084744,0.5983286908077995
0.26498595601835995,0.5983286908077995
0.26505446324587245,0.5983286908077995
0.26512297047338496,0.5983286908077995
0.26519147770089746,0.5983286908077995
0.26525998492840996,0.5983286908077995
0.26532849215592247,0.5983286908077995
0.265396999383435,0.5983286908077995
0.2654655066109475,0.5988857938718662
0.26553401383846,0.5988857938718662
0.2656025210659725,0.5988857938718662
0.265671028293485,0.5988857938718662
0.26573953552099744,0.5988857938718662
0.26580804274850994,0.5994428969359331
0.26587654997602245,0.5994428969359331
0.26594505720353495,0.5994428969359331
0.26601356443104746,0.5994428969359331
0.26608207165855996,0.5994428969359331
0.26615057888607246,0.5994428969359331
0.26621908611358497,0.5994428969359331
0.2662875933410975,0.5994428969359331
0.26635610056861,0.5994428969359331
0.2664246077961225,0.5994428969359331
0.266493115023635,0.5994428969359331
0.2665616222511475,0.6
0.26663012947866,0.6
0.2666986367061725,0.6
0.266767143933685,0.6
0.2668356511611975,0.6
0.26690415838871,0.6
0.2669726656162225,0.6
0.267041172843735,0.6
0.2671096800712475,0.6
0.26717818729876003,0.6
0.26724669452627253,0.6
0.26731520175378504,0.6005571030640668
0.26738370898129754,0.6005571030640668
0.26745221620881005,0.6005571030640668
0.26752072343632255,0.6005571030640668
0.26758923066383505,0.6005571030640668
0.26765773789134756,0.6005571030640668
0.26772624511886006,0.6011142061281337
0.26779475234637257,0.6011142061281337
0.26786325957388507,0.6011142061281337
0.2679317668013976,0.6011142061281337
0.26800027402891,0.6011142061281337
0.26806878125642253,0.6011142061281337
0.26813728848393503,0.6011142061281337
0.26820579571144754,0.6011142061281337
0.26827430293896004,0.6011142061281337
0.26834281016647255,0.6011142061281337
0.26841131739398505,0.6011142061281337
0.26847982462149755,0.6011142061281337
0.26854833184901006,0.6011142061281337
0.26861683907652256,0.6011142061281337
0.26868534630403507,0.6011142061281337
0.26875385353154757,0.6011142061281337
0.2688223607590601,0.6011142061281337
0.2688908679865726,0.6011142061281337
0.2689593752140851,0.6011142061281337
0.2690278824415976,0.6011142061281337
0.2690963896691101,0.6016713091922006
0.2691648968966226,0.6016713091922006
0.2692334041241351,0.6016713091922006
0.2693019113516476,0.6016713091922006
0.2693704185791601,0.6016713091922006
0.2694389258066726,0.6016713091922006
0.2695074330341851,0.6016713091922006
0.2695759402616976,0.6016713091922006
0.2696444474892101,0.6016713091922006
0.26971295471672263,0.6016713091922006
0.26978146194423513,0.6022284122562674
0.26984996917174764,0.6022284122562674
0.26991847639926014,0.6027855153203343
0.26998698362677265,0.6027855153203343
0.27005549085428515,0.6027855153203343
0.27012399808179766,0.6027855153203343
0.2701925053093101,0.6027855153203343
0.2702610125368226,0.6027855153203343
0.2703295197643351,0.6027855153203343
0.2703980269918476,0.6027855153203343
0.2704665342193601,0.6027855153203343
0.2705350414468726,0.6027855153203343
0.27060354867438513,0.6033426183844011
0.27067205590189763,0.6033426183844011
0.27074056312941014,0.6033426183844011
0.27080907035692264,0.6033426183844011
0.27087757758443515,0.6033426183844011
0.27094608481194765,0.6033426183844011
0.27101459203946016,0.6033426183844011
0.27108309926697266,0.6033426183844011
0.27115160649448516,0.6033426183844011
0.27122011372199767,0.6033426183844011
0.2712886209495102,0.6033426183844011
0.2713571281770227,0.6033426183844011
0.2714256354045352,0.6033426183844011
0.2714941426320477,0.6033426183844011
0.2715626498595602,0.6033426183844011
0.2716311570870727,0.6033426183844011
0.2716996643145852,0.6033426183844011
0.2717681715420977,0.6038997214484679
0.2718366787696102,0.6038997214484679
0.2719051859971227,0.6038997214484679
0.2719736932246352,0.6038997214484679
0.2720422004521477,0.6038997214484679
0.2721107076796602,0.6038997214484679
0.27217921490717273,0.6038997214484679
0.27224772213468523,0.6038997214484679
0.27231622936219774,0.6044568245125348
0.27238473658971024,0.6044568245125348
0.2724532438172227,0.6044568245125348
0.2725217510447352,0.6044568245125348
0.2725902582722477,0.6044568245125348
0.2726587654997602,0.6044568245125348
0.2727272727272727,0.6044568245125348
0.2727957799547852,0.6044568245125348
0.2728642871822977,0.6044568245125348
0.2729327944098102,0.6044568245125348
0.2730013016373227,0.6044568245125348
0.27306980886483523,0.6050139275766017
0.27313831609234773,0.6055710306406685
0.27320682331986024,0.6055710306406685
0.27327533054737274,0.6055710306406685
0.27334383777488525,0.6055710306406685
0.27341234500239775,0.6055710306406685
0.27348085222991025,0.6061281337047354
0.27354935945742276,0.6061281337047354
0.27361786668493526,0.6061281337047354
0.27368637391244777,0.6061281337047354
0.27375488113996027,0.6061281337047354
0.2738233883674728,0.6061281337047354
0.2738918955949853,0.6061281337047354
0.2739604028224978,0.6061281337047354
0.2740289100500103,0.6061281337047354
0.2740974172775228,0.6061281337047354
0.2741659245050353,0.6061281337047354
0.2742344317325478,0.6061281337047354
0.2743029389600603,0.6061281337047354
0.2743714461875728,0.6061281337047354
0.2744399534150853,0.6061281337047354
0.2745084606425978,0.6066852367688023
0.2745769678701103,0.6066852367688023
0.2746454750976228,0.6066852367688023
0.2747139823251353,0.6066852367688023
0.2747824895526478,0.6066852367688023
0.2748509967801603,0.6066852367688023
0.2749195040076728,0.6066852367688023
0.2749880112351853,0.6066852367688023
0.2750565184626978,0.6072423398328691
0.2751250256902103,0.6072423398328691
0.2751935329177228,0.6077994428969359
0.2752620401452353,0.6077994428969359
0.2753305473727478,0.6077994428969359
0.2753990546002603,0.6077994428969359
0.2754675618277728,0.6077994428969359
0.2755360690552853,0.6077994428969359
0.27560457628279783,0.6077994428969359
0.27567308351031033,0.6077994428969359
0.27574159073782284,0.6083565459610027
0.27581009796533534,0.6083565459610027
0.27587860519284785,0.6089136490250696
0.27594711242036035,0.6089136490250696
0.27601561964787286,0.6089136490250696
0.27608412687538536,0.6089136490250696
0.27615263410289786,0.6089136490250696
0.27622114133041037,0.6094707520891365
0.2762896485579229,0.6094707520891365
0.2763581557854354,0.6094707520891365
0.2764266630129479,0.6094707520891365
0.2764951702404604,0.6094707520891365
0.2765636774679729,0.6094707520891365
0.2766321846954854,0.6094707520891365
0.2767006919229979,0.6094707520891365
0.2767691991505104,0.6094707520891365
0.2768377063780229,0.6094707520891365
0.27690621360553536,0.6094707520891365
0.27697472083304786,0.6094707520891365
0.27704322806056036,0.6094707520891365
0.27711173528807287,0.6094707520891365
0.2771802425155854,0.6100278551532033
0.2772487497430979,0.6100278551532033
0.2773172569706104,0.6105849582172702
0.2773857641981229,0.6105849582172702
0.2774542714256354,0.6111420612813371
0.2775227786531479,0.6111420612813371
0.2775912858806604,0.6111420612813371
0.2776597931081729,0.6111420612813371
0.2777283003356854,0.6111420612813371
0.2777968075631979,0.6111420612813371
0.2778653147907104,0.611699164345404
0.2779338220182229,0.611699164345404
0.2780023292457354,0.611699164345404
0.27807083647324793,0.611699164345404
0.27813934370076043,0.611699164345404
0.27820785092827294,0.611699164345404
0.27827635815578544,0.6122562674094707
0.27834486538329795,0.6122562674094707
0.27841337261081045,0.6122562674094707
0.27848187983832295,0.6122562674094707
0.27855038706583546,0.6122562674094707
0.27861889429334796,0.6122562674094707
0.27868740152086047,0.6122562674094707
0.27875590874837297,0.6122562674094707
0.2788244159758855,0.6122562674094707
0.278892923203398,0.6122562674094707
0.2789614304309105,0.6122562674094707
0.279029937658423,0.6122562674094707
0.2790984448859355,0.6122562674094707
0.27916695211344794,0.6122562674094707
0.27923545934096045,0.6122562674094707
0.27930396656847295,0.6122562674094707
0.27937247379598545,0.6122562674094707
0.27944098102349796,0.6122562674094707
0.27950948825101046,0.6122562674094707
0.27957799547852297,0.6122562674094707
0.27964650270603547,0.6122562674094707
0.279715009933548,0.6122562674094707
0.2797835171610605,0.6122562674094707
0.279852024388573,0.6122562674094707
0.2799205316160855,0.6122562674094707
0.279989038843598,0.6122562674094707
0.2800575460711105,0.6122562674094707
0.280126053298623,0.6122562674094707
0.2801945605261355,0.6122562674094707
0.280263067753648,0.6122562674094707
0.2803315749811605,0.6122562674094707
0.280400082208673,0.6122562674094707
0.2804685894361855,0.6122562674094707
0.280537096663698,0.6122562674094707
0.28060560389121053,0.6122562674094707
0.28067411111872304,0.6122562674094707
0.28074261834623554,0.6122562674094707
0.28081112557374804,0.6122562674094707
0.28087963280126055,0.6122562674094707
0.28094814002877305,0.6122562674094707
0.28101664725628556,0.6122562674094707
0.28108515448379806,0.6122562674094707
0.28115366171131057,0.6122562674094707
0.28122216893882307,0.6122562674094707
0.2812906761663356,0.6122562674094707
0.2813591833938481,0.6122562674094707
0.2814276906213605,0.6122562674094707
0.28149619784887303,0.6122562674094707
0.28156470507638554,0.6122562674094707
0.28163321230389804,0.6122562674094707
0.28170171953141054,0.6122562674094707
0.28177022675892305,0.6122562674094707
0.28183873398643555,0.6122562674094707
0.28190724121394806,0.6122562674094707
0.28197574844146056,0.6122562674094707
0.28204425566897307,0.6122562674094707
0.28211276289648557,0.6122562674094707
0.2821812701239981,0.6122562674094707
0.2822497773515106,0.6122562674094707
0.2823182845790231,0.6122562674094707
0.2823867918065356,0.6122562674094707
0.2824552990340481,0.6122562674094707
0.2825238062615606,0.6122562674094707
0.2825923134890731,0.6122562674094707
0.2826608207165856,0.6122562674094707
0.2827293279440981,0.6122562674094707
0.2827978351716106,0.6122562674094707
0.2828663423991231,0.6122562674094707
0.2829348496266356,0.6122562674094707
0.2830033568541481,0.6122562674094707
0.28307186408166063,0.6122562674094707
0.28314037130917313,0.6122562674094707
0.28320887853668564,0.6122562674094707
0.28327738576419814,0.6128133704735376
0.28334589299171065,0.6128133704735376
0.28341440021922315,0.6128133704735376
0.28348290744673565,0.6128133704735376
0.28355141467424816,0.6128133704735376
0.28361992190176066,0.6128133704735376
0.2836884291292731,0.6128133704735376
0.2837569363567856,0.6133704735376044
0.2838254435842981,0.6133704735376044
0.2838939508118106,0.6133704735376044
0.28396245803932313,0.6133704735376044
0.28403096526683563,0.6133704735376044
0.28409947249434814,0.6133704735376044
0.28416797972186064,0.6133704735376044
0.28423648694937315,0.6133704735376044
0.28430499417688565,0.6133704735376044
0.28437350140439815,0.6133704735376044
0.28444200863191066,0.6133704735376044
0.28451051585942316,0.6139275766016713
0.28457902308693567,0.6139275766016713
0.28464753031444817,0.6139275766016713
0.2847160375419607,0.6139275766016713
0.2847845447694732,0.6139275766016713
0.2848530519969857,0.6139275766016713
0.2849215592244982,0.6139275766016713
0.2849900664520107,0.6139275766016713
0.2850585736795232,0.6144846796657382
0.2851270809070357,0.6144846796657382
0.2851955881345482,0.6144846796657382
0.2852640953620607,0.6144846796657382
0.2853326025895732,0.6144846796657382
0.2854011098170857,0.6144846796657382
0.2854696170445982,0.6144846796657382
0.2855381242721107,0.6144846796657382
0.28560663149962323,0.6144846796657382
0.28567513872713574,0.6144846796657382
0.28574364595464824,0.615041782729805
0.28581215318216074,0.615041782729805
0.2858806604096732,0.615041782729805
0.2859491676371857,0.615041782729805
0.2860176748646982,0.6155988857938719
0.2860861820922107,0.6155988857938719
0.2861546893197232,0.6155988857938719
0.2862231965472357,0.6155988857938719
0.2862917037747482,0.6155988857938719
0.2863602110022607,0.6155988857938719
0.2864287182297732,0.6155988857938719
0.28649722545728573,0.6155988857938719
0.28656573268479824,0.6161559888579388
0.28663423991231074,0.6161559888579388
0.28670274713982324,0.6161559888579388
0.28677125436733575,0.6161559888579388
0.28683976159484825,0.6161559888579388
0.28690826882236076,0.6161559888579388
0.28697677604987326,0.6161559888579388
0.28704528327738577,0.6161559888579388
0.28711379050489827,0.6161559888579388
0.2871822977324108,0.6161559888579388
0.2872508049599233,0.6161559888579388
0.2873193121874358,0.6161559888579388
0.2873878194149483,0.6161559888579388
0.2874563266424608,0.6167130919220055
0.2875248338699733,0.6167130919220055
0.2875933410974858,0.6167130919220055
0.2876618483249983,0.6167130919220055
0.2877303555525108,0.6167130919220055
0.2877988627800233,0.6167130919220055
0.2878673700075358,0.6167130919220055
0.2879358772350483,0.6167130919220055
0.2880043844625608,0.6167130919220055
0.28807289169007333,0.6167130919220055
0.2881413989175858,0.6167130919220055
0.2882099061450983,0.6167130919220055
0.2882784133726108,0.6172701949860724
0.2883469206001233,0.6172701949860724
0.2884154278276358,0.6178272980501393
0.2884839350551483,0.6178272980501393
0.2885524422826608,0.6183844011142061
0.2886209495101733,0.6183844011142061
0.2886894567376858,0.6183844011142061
0.2887579639651983,0.618941504178273
0.2888264711927108,0.618941504178273
0.2888949784202233,0.618941504178273
0.28896348564773583,0.618941504178273
0.28903199287524833,0.618941504178273
0.28910050010276084,0.618941504178273
0.28916900733027334,0.618941504178273
0.28923751455778585,0.618941504178273
0.28930602178529835,0.618941504178273
0.28937452901281085,0.6194986072423398
0.28944303624032336,0.6200557103064067
0.28951154346783586,0.6206128133704736
0.28958005069534837,0.6206128133704736
0.28964855792286087,0.6211699164345403
0.2897170651503734,0.6211699164345403
0.2897855723778859,0.6211699164345403
0.2898540796053984,0.6211699164345403
0.2899225868329109,0.6211699164345403
0.2899910940604234,0.6211699164345403
0.2900596012879359,0.6211699164345403
0.2901281085154484,0.6217270194986072
0.2901966157429609,0.6217270194986072
0.2902651229704734,0.6217270194986072
0.2903336301979859,0.6217270194986072
0.29040213742549836,0.6217270194986072
0.29047064465301087,0.6217270194986072
0.29053915188052337,0.6217270194986072
0.2906076591080359,0.6217270194986072
0.2906761663355484,0.6217270194986072
0.2907446735630609,0.6217270194986072
0.2908131807905734,0.6222841225626741
0.2908816880180859,0.6222841225626741
0.2909501952455984,0.6222841225626741
0.2910187024731109,0.6222841225626741
0.2910872097006234,0.6228412256267409
0.2911557169281359,0.6228412256267409
0.2912242241556484,0.6228412256267409
0.2912927313831609,0.6228412256267409
0.2913612386106734,0.6228412256267409
0.2914297458381859,0.6233983286908078
0.29149825306569843,0.6233983286908078
0.29156676029321094,0.6233983286908078
0.29163526752072344,0.6239554317548747
0.29170377474823594,0.6239554317548747
0.29177228197574845,0.6239554317548747
0.29184078920326095,0.6239554317548747
0.29190929643077346,0.6239554317548747
0.29197780365828596,0.6239554317548747
0.29204631088579847,0.6239554317548747
0.29211481811331097,0.6239554317548747
0.2921833253408235,0.6239554317548747
0.292251832568336,0.6239554317548747
0.2923203397958485,0.6239554317548747
0.292388847023361,0.6239554317548747
0.2924573542508735,0.6239554317548747
0.292525861478386,0.6239554317548747
0.2925943687058985,0.6239554317548747
0.29266287593341095,0.6239554317548747
0.29273138316092345,0.6239554317548747
0.29279989038843596,0.6239554317548747
0.29286839761594846,0.6239554317548747
0.29293690484346097,0.6239554317548747
0.29300541207097347,0.6239554317548747
0.293073919298486,0.6239554317548747
0.2931424265259985,0.6239554317548747
0.293210933753511,0.6239554317548747
0.2932794409810235,0.6245125348189415
0.293347948208536,0.6245125348189415
0.2934164554360485,0.6245125348189415
0.293484962663561,0.6245125348189415
0.2935534698910735,0.6250696378830084
0.293621977118586,0.6250696378830084
0.2936904843460985,0.6250696378830084
0.293758991573611,0.6250696378830084
0.2938274988011235,0.6250696378830084
0.293896006028636,0.6250696378830084
0.29396451325614853,0.6256267409470752
0.29403302048366103,0.6256267409470752
0.29410152771117354,0.6256267409470752
0.29417003493868604,0.626183844011142
0.29423854216619855,0.626183844011142
0.29430704939371105,0.626183844011142
0.29437555662122356,0.626183844011142
0.29444406384873606,0.626183844011142
0.29451257107624856,0.626183844011142
0.29458107830376107,0.626183844011142
0.2946495855312736,0.626183844011142
0.2947180927587861,0.626183844011142
0.2947865999862986,0.626183844011142
0.29485510721381103,0.626183844011142
0.29492361444132353,0.626183844011142
0.29499212166883604,0.626183844011142
0.29506062889634854,0.626183844011142
0.29512913612386105,0.626183844011142
0.29519764335137355,0.626183844011142
0.29526615057888606,0.626183844011142
0.29533465780639856,0.626183844011142
0.29540316503391106,0.626183844011142
0.29547167226142357,0.626183844011142
0.2955401794889361,0.626183844011142
0.2956086867164486,0.626183844011142
0.2956771939439611,0.626183844011142
0.2957457011714736,0.626183844011142
0.2958142083989861,0.626183844011142
0.2958827156264986,0.626183844011142
0.2959512228540111,0.626183844011142
0.2960197300815236,0.626183844011142
0.2960882373090361,0.6267409470752089
0.2961567445365486,0.6267409470752089
0.2962252517640611,0.6267409470752089
0.2962937589915736,0.6267409470752089
0.2963622662190861,0.6272980501392758
0.2964307734465986,0.6272980501392758
0.29649928067411113,0.6272980501392758
0.29656778790162364,0.6272980501392758
0.29663629512913614,0.6272980501392758
0.29670480235664864,0.6272980501392758
0.29677330958416115,0.6272980501392758
0.29684181681167365,0.6272980501392758
0.29691032403918616,0.6272980501392758
0.29697883126669866,0.6272980501392758
0.29704733849421117,0.6272980501392758
0.2971158457217236,0.6272980501392758
0.2971843529492361,0.6272980501392758
0.2972528601767486,0.6272980501392758
0.2973213674042611,0.6278551532033426
0.29738987463177363,0.6284122562674095
0.29745838185928614,0.6284122562674095
0.29752688908679864,0.6284122562674095
0.29759539631431114,0.6284122562674095
0.29766390354182365,0.6284122562674095
0.29773241076933615,0.6289693593314764
0.29780091799684866,0.6295264623955432
0.29786942522436116,0.6295264623955432
0.29793793245187367,0.6295264623955432
0.29800643967938617,0.6295264623955432
0.2980749469068987,0.6295264623955432
0.2981434541344112,0.6295264623955432
0.2982119613619237,0.63008356545961
0.2982804685894362,0.63008356545961
0.2983489758169487,0.63008356545961
0.2984174830444612,0.63008356545961
0.2984859902719737,0.63008356545961
0.2985544974994862,0.63008356545961
0.2986230047269987,0.63008356545961
0.2986915119545112,0.63008356545961
0.2987600191820237,0.63008356545961
0.2988285264095362,0.63008356545961
0.2988970336370487,0.63008356545961
0.29896554086456123,0.63008356545961
0.29903404809207373,0.63008356545961
0.29910255531958624,0.63008356545961
0.29917106254709874,0.63008356545961
0.29923956977461125,0.63008356545961
0.29930807700212375,0.63008356545961
0.2993765842296362,0.63008356545961
0.2994450914571487,0.63008356545961
0.2995135986846612,0.63008356545961
0.2995821059121737,0.63008356545961
0.2996506131396862,0.6306406685236768
0.2997191203671987,0.6306406685236768
0.2997876275947112,0.6306406685236768
0.29985613482222373,0.6306406685236768
0.29992464204973623,0.6306406685236768
0.29999314927724874,0.6306406685236768
0.30006165650476124,0.6311977715877437
0.30013016373227375,0.6311977715877437
0.30019867095978625,0.6311977715877437
0.30026717818729876,0.6311977715877437
0.30033568541481126,0.6311977715877437
0.30040419264232376,0.6311977715877437
0.30047269986983627,0.6311977715877437
0.3005412070973488,0.6311977715877437
0.3006097143248613,0.6311977715877437
0.3006782215523738,0.6311977715877437
0.3007467287798863,0.6311977715877437
0.3008152360073988,0.6311977715877437
0.3008837432349113,0.6317548746518106
0.3009522504624238,0.6317548746518106
0.3010207576899363,0.6323119777158774
0.3010892649174488,0.6328690807799443
0.3011577721449613,0.6328690807799443
0.3012262793724738,0.6328690807799443
0.3012947865999863,0.6328690807799443
0.3013632938274988,0.6328690807799443
0.30143180105501133,0.6328690807799443
0.30150030828252383,0.6334261838440112
0.30156881551003634,0.633983286908078
0.3016373227375488,0.633983286908078
0.3017058299650613,0.633983286908078
0.3017743371925738,0.633983286908078
0.3018428444200863,0.633983286908078
0.3019113516475988,0.633983286908078
0.3019798588751113,0.633983286908078
0.3020483661026238,0.633983286908078
0.3021168733301363,0.633983286908078
0.3021853805576488,0.633983286908078
0.3022538877851613,0.633983286908078
0.30232239501267383,0.633983286908078
0.30239090224018633,0.633983286908078
0.30245940946769884,0.633983286908078
0.30252791669521134,0.633983286908078
0.30259642392272385,0.6345403899721448
0.30266493115023635,0.6345403899721448
0.30273343837774885,0.6350974930362117
0.30280194560526136,0.6350974930362117
0.30287045283277386,0.6350974930362117
0.30293896006028637,0.6350974930362117
0.30300746728779887,0.6350974930362117
0.3030759745153114,0.6350974930362117
0.3031444817428239,0.6350974930362117
0.3032129889703364,0.6350974930362117
0.3032814961978489,0.6350974930362117
0.3033500034253614,0.6350974930362117
0.3034185106528739,0.6350974930362117
0.3034870178803864,0.6350974930362117
0.3035555251078989,0.6350974930362117
0.3036240323354114,0.6350974930362117
0.3036925395629239,0.6356545961002785
0.3037610467904364,0.6356545961002785
0.30382955401794887,0.6356545961002785
0.30389806124546137,0.6356545961002785
0.3039665684729739,0.6362116991643454
0.3040350757004864,0.6362116991643454
0.3041035829279989,0.6362116991643454
0.3041720901555114,0.6362116991643454
0.3042405973830239,0.6362116991643454
0.3043091046105364,0.6362116991643454
0.3043776118380489,0.6362116991643454
0.3044461190655614,0.6362116991643454
0.3045146262930739,0.6367688022284123
0.3045831335205864,0.6367688022284123
0.3046516407480989,0.6367688022284123
0.3047201479756114,0.6367688022284123
0.3047886552031239,0.6367688022284123
0.30485716243063643,0.6367688022284123
0.30492566965814893,0.6373259052924791
0.30499417688566144,0.6373259052924791
0.30506268411317394,0.6373259052924791
0.30513119134068645,0.6373259052924791
0.30519969856819895,0.6373259052924791
0.30526820579571146,0.6373259052924791
0.30533671302322396,0.6373259052924791
0.30540522025073646,0.6373259052924791
0.30547372747824897,0.6373259052924791
0.3055422347057615,0.6373259052924791
0.305610741933274,0.6373259052924791
0.3056792491607865,0.637883008356546
0.305747756388299,0.637883008356546
0.3058162636158115,0.637883008356546
0.305884770843324,0.6384401114206129
0.3059532780708365,0.6384401114206129
0.306021785298349,0.6384401114206129
0.30609029252586145,0.6384401114206129
0.30615879975337396,0.6384401114206129
0.30622730698088646,0.6384401114206129
0.30629581420839896,0.6384401114206129
0.30636432143591147,0.6384401114206129
0.306432828663424,0.6384401114206129
0.3065013358909365,0.6384401114206129
0.306569843118449,0.6384401114206129
0.3066383503459615,0.6384401114206129
0.306706857573474,0.6384401114206129
0.3067753648009865,0.6384401114206129
0.306843872028499,0.6384401114206129
0.3069123792560115,0.6384401114206129
0.306980886483524,0.6384401114206129
0.3070493937110365,0.6384401114206129
0.307117900938549,0.6384401114206129
0.3071864081660615,0.6384401114206129
0.307254915393574,0.6384401114206129
0.30732342262108653,0.6389972144846797
0.30739192984859903,0.6389972144846797
0.30746043707611154,0.6389972144846797
0.30752894430362404,0.6389972144846797
0.30759745153113655,0.6389972144846797
0.30766595875864905,0.6389972144846797
0.30773446598616155,0.6395543175487465
0.30780297321367406,0.6395543175487465
0.30787148044118656,0.6395543175487465
0.30793998766869907,0.6395543175487465
0.30800849489621157,0.6395543175487465
0.3080770021237241,0.6401114206128133
0.3081455093512366,0.6401114206128133
0.3082140165787491,0.6401114206128133
0.3082825238062616,0.6401114206128133
0.30835103103377404,0.6401114206128133
0.30841953826128654,0.6401114206128133
0.30848804548879905,0.6406685236768802
0.30855655271631155,0.6406685236768802
0.30862505994382405,0.6406685236768802
0.30869356717133656,0.6406685236768802
0.30876207439884906,0.6406685236768802
0.30883058162636157,0.6406685236768802
0.30889908885387407,0.6412256267409471
0.3089675960813866,0.6412256267409471
0.3090361033088991,0.6412256267409471
0.3091046105364116,0.6412256267409471
0.3091731177639241,0.6417827298050139
0.3092416249914366,0.6417827298050139
0.3093101322189491,0.6417827298050139
0.3093786394464616,0.6417827298050139
0.3094471466739741,0.6417827298050139
0.3095156539014866,0.6417827298050139
0.3095841611289991,0.6417827298050139
0.3096526683565116,0.6417827298050139
0.3097211755840241,0.6417827298050139
0.3097896828115366,0.6417827298050139
0.30985819003904913,0.6417827298050139
0.30992669726656163,0.6417827298050139
0.30999520449407414,0.6417827298050139
0.31006371172158664,0.6423398328690808
0.31013221894909915,0.6423398328690808
0.31020072617661165,0.6423398328690808
0.31026923340412416,0.6423398328690808
0.31033774063163666,0.6428969359331477
0.31040624785914916,0.6428969359331477
0.31047475508666167,0.6428969359331477
0.3105432623141741,0.6428969359331477
0.3106117695416866,0.6428969359331477
0.3106802767691991,0.6428969359331477
0.31074878399671163,0.6428969359331477
0.31081729122422413,0.6428969359331477
0.31088579845173664,0.6428969359331477
0.31095430567924914,0.6428969359331477
0.31102281290676165,0.6428969359331477
0.31109132013427415,0.6434540389972145
0.31115982736178666,0.6434540389972145
0.31122833458929916,0.6434540389972145
0.31129684181681166,0.6434540389972145
0.31136534904432417,0.6434540389972145
0.3114338562718367,0.6434540389972145
0.3115023634993492,0.6434540389972145
0.3115708707268617,0.6434540389972145
0.3116393779543742,0.6434540389972145
0.3117078851818867,0.6434540389972145
0.3117763924093992,0.6434540389972145
0.3118448996369117,0.6434540389972145
0.3119134068644242,0.6434540389972145
0.3119819140919367,0.6434540389972145
0.3120504213194492,0.6434540389972145
0.3121189285469617,0.6434540389972145
0.3121874357744742,0.6434540389972145
0.3122559430019867,0.6434540389972145
0.31232445022949923,0.6434540389972145
0.31239295745701173,0.6434540389972145
0.31246146468452424,0.6434540389972145
0.31252997191203674,0.6434540389972145
0.31259847913954925,0.6434540389972145
0.31266698636706175,0.6434540389972145
0.31273549359457425,0.6440111420612813
0.3128040008220867,0.6440111420612813
0.3128725080495992,0.6445682451253482
0.3129410152771117,0.6445682451253482
0.3130095225046242,0.6445682451253482
0.3130780297321367,0.6445682451253482
0.3131465369596492,0.6445682451253482
0.31321504418716173,0.6445682451253482
0.31328355141467423,0.6445682451253482
0.31335205864218674,0.6445682451253482
0.31342056586969924,0.6445682451253482
0.31348907309721175,0.6445682451253482
0.31355758032472425,0.6445682451253482
0.31362608755223675,0.6445682451253482
0.31369459477974926,0.6445682451253482
0.31376310200726176,0.645125348189415
0.31383160923477427,0.645125348189415
0.31390011646228677,0.645125348189415
0.3139686236897993,0.645125348189415
0.3140371309173118,0.645125348189415
0.3141056381448243,0.645125348189415
0.3141741453723368,0.645125348189415
0.3142426525998493,0.645125348189415
0.3143111598273618,0.645125348189415
0.3143796670548743,0.6456824512534819
0.3144481742823868,0.6456824512534819
0.3145166815098993,0.6456824512534819
0.3145851887374118,0.6456824512534819
0.3146536959649243,0.6456824512534819
0.3147222031924368,0.6462395543175488
0.3147907104199493,0.6462395543175488
0.31485921764746183,0.6462395543175488
0.31492772487497434,0.6462395543175488
0.31499623210248684,0.6462395543175488
0.3150647393299993,0.6462395543175488
0.3151332465575118,0.6462395543175488
0.3152017537850243,0.6462395543175488
0.3152702610125368,0.6462395543175488
0.3153387682400493,0.6462395543175488
0.3154072754675618,0.6462395543175488
0.3154757826950743,0.6462395543175488
0.3155442899225868,0.6462395543175488
0.3156127971500993,0.6462395543175488
0.3156813043776118,0.6462395543175488
0.31574981160512433,0.6462395543175488
0.31581831883263684,0.6462395543175488
0.31588682606014934,0.6462395543175488
0.31595533328766184,0.6462395543175488
0.31602384051517435,0.6462395543175488
0.31609234774268685,0.6462395543175488
0.31616085497019936,0.6462395543175488
0.31622936219771186,0.6462395543175488
0.31629786942522436,0.6462395543175488
0.31636637665273687,0.6462395543175488
0.3164348838802494,0.6462395543175488
0.3165033911077619,0.6462395543175488
0.3165718983352744,0.6462395543175488
0.3166404055627869,0.6462395543175488
0.3167089127902994,0.6462395543175488
0.3167774200178119,0.6462395543175488
0.3168459272453244,0.6462395543175488
0.3169144344728369,0.6462395543175488
0.3169829417003494,0.6462395543175488
0.3170514489278619,0.6462395543175488
0.3171199561553744,0.6462395543175488
0.3171884633828869,0.6462395543175488
0.3172569706103994,0.6467966573816156
0.3173254778379119,0.6467966573816156
0.3173939850654244,0.6467966573816156
0.3174624922929369,0.6467966573816156
0.3175309995204494,0.6473537604456825
0.3175995067479619,0.6473537604456825
0.3176680139754744,0.6473537604456825
0.3177365212029869,0.6473537604456825
0.3178050284304994,0.6473537604456825
0.3178735356580119,0.6473537604456825
0.3179420428855244,0.6473537604456825
0.3180105501130369,0.6473537604456825
0.3180790573405494,0.6473537604456825
0.3181475645680619,0.6473537604456825
0.31821607179557443,0.6473537604456825
0.31828457902308693,0.6473537604456825
0.31835308625059944,0.6473537604456825
0.31842159347811194,0.6473537604456825
0.31849010070562445,0.6473537604456825
0.31855860793313695,0.6473537604456825
0.31862711516064945,0.6473537604456825
0.31869562238816196,0.6473537604456825
0.31876412961567446,0.6473537604456825
0.31883263684318697,0.6473537604456825
0.31890114407069947,0.6473537604456825
0.318969651298212,0.6479108635097494
0.3190381585257245,0.6484679665738161
0.319106665753237,0.6484679665738161
0.3191751729807495,0.6484679665738161
0.319243680208262,0.6484679665738161
0.3193121874357745,0.6484679665738161
0.319380694663287,0.6484679665738161
0.3194492018907995,0.6484679665738161
0.31951770911831195,0.6484679665738161
0.31958621634582446,0.6484679665738161
0.31965472357333696,0.6484679665738161
0.31972323080084947,0.6484679665738161
0.31979173802836197,0.6484679665738161
0.3198602452558745,0.6484679665738161
0.319928752483387,0.6484679665738161
0.3199972597108995,0.6484679665738161
0.320065766938412,0.649025069637883
0.3201342741659245,0.649025069637883
0.320202781393437,0.649025069637883
0.3202712886209495,0.649025069637883
0.320339795848462,0.649025069637883
0.3204083030759745,0.649025069637883
0.320476810303487,0.649025069637883
0.3205453175309995,0.649025069637883
0.320613824758512,0.649025069637883
0.3206823319860245,0.649025069637883
0.32075083921353703,0.649025069637883
0.32081934644104954,0.649025069637883
0.32088785366856204,0.649025069637883
0.32095636089607454,0.649025069637883
0.32102486812358705,0.6495821727019498
0.32109337535109955,0.6495821727019498
0.32116188257861206,0.6495821727019498
0.32123038980612456,0.6495821727019498
0.32129889703363707,0.6495821727019498
0.32136740426114957,0.6495821727019498
0.3214359114886621,0.6495821727019498
0.3215044187161746,0.6501392757660167
0.3215729259436871,0.6506963788300836
0.3216414331711996,0.6506963788300836
0.3217099403987121,0.6506963788300836
0.32177844762622454,0.6512534818941504
0.32184695485373704,0.6512534818941504
0.32191546208124955,0.6518105849582173
0.32198396930876205,0.6518105849582173
0.32205247653627456,0.6518105849582173
0.32212098376378706,0.6518105849582173
0.32218949099129957,0.6518105849582173
0.32225799821881207,0.6518105849582173
0.3223265054463246,0.6518105849582173
0.3223950126738371,0.6518105849582173
0.3224635199013496,0.6518105849582173
0.3225320271288621,0.6518105849582173
0.3226005343563746,0.6518105849582173
0.3226690415838871,0.6518105849582173
0.3227375488113996,0.6518105849582173
0.3228060560389121,0.6518105849582173
0.3228745632664246,0.6518105849582173
0.3229430704939371,0.6518105849582173
0.3230115777214496,0.6518105849582173
0.3230800849489621,0.6518105849582173
0.3231485921764746,0.6518105849582173
0.32321709940398713,0.6518105849582173
0.32328560663149963,0.6518105849582173
0.32335411385901214,0.6518105849582173
0.32342262108652464,0.6518105849582173
0.32349112831403715,0.6518105849582173
0.32355963554154965,0.6518105849582173
0.32362814276906215,0.6518105849582173
0.32369664999657466,0.6518105849582173
0.32376515722408716,0.6523676880222842
0.32383366445159967,0.6523676880222842
0.32390217167911217,0.6523676880222842
0.3239706789066247,0.6523676880222842
0.3240391861341371,0.6523676880222842
0.32410769336164963,0.6523676880222842
0.32417620058916213,0.6523676880222842
0.32424470781667464,0.6523676880222842
0.32431321504418714,0.6523676880222842
0.32438172227169965,0.6523676880222842
0.32445022949921215,0.6529247910863509
0.32451873672672465,0.6529247910863509
0.32458724395423716,0.6529247910863509
0.32465575118174966,0.6529247910863509
0.32472425840926217,0.6529247910863509
0.32479276563677467,0.6529247910863509
0.3248612728642872,0.6529247910863509
0.3249297800917997,0.6529247910863509
0.3249982873193122,0.6529247910863509
0.3250667945468247,0.6534818941504178
0.3251353017743372,0.6534818941504178
0.3252038090018497,0.6534818941504178
0.3252723162293622,0.6534818941504178
0.3253408234568747,0.6534818941504178
0.3254093306843872,0.6534818941504178
0.3254778379118997,0.6534818941504178
0.3255463451394122,0.6534818941504178
0.3256148523669247,0.6534818941504178
0.3256833595944372,0.6534818941504178
0.32575186682194973,0.6534818941504178
0.32582037404946224,0.6534818941504178
0.32588888127697474,0.6534818941504178
0.32595738850448724,0.6534818941504178
0.32602589573199975,0.6540389972144847
0.32609440295951225,0.6540389972144847
0.32616291018702476,0.6540389972144847
0.32623141741453726,0.6540389972144847
0.3262999246420497,0.6540389972144847
0.3263684318695622,0.6540389972144847
0.3264369390970747,0.6545961002785515
0.3265054463245872,0.6545961002785515
0.3265739535520997,0.6545961002785515
0.32664246077961223,0.6545961002785515
0.32671096800712474,0.6545961002785515
0.32677947523463724,0.6545961002785515
0.32684798246214974,0.6545961002785515
0.32691648968966225,0.6545961002785515
0.32698499691717475,0.6545961002785515
0.32705350414468726,0.6545961002785515
0.32712201137219976,0.6551532033426184
0.32719051859971227,0.6551532033426184
0.32725902582722477,0.6551532033426184
0.3273275330547373,0.6551532033426184
0.3273960402822498,0.6557103064066853
0.3274645475097623,0.6557103064066853
0.3275330547372748,0.6557103064066853
0.3276015619647873,0.6557103064066853
0.3276700691922998,0.6557103064066853
0.3277385764198123,0.6557103064066853
0.3278070836473248,0.6557103064066853
0.3278755908748373,0.6557103064066853
0.3279440981023498,0.6557103064066853
0.3280126053298623,0.6557103064066853
0.3280811125573748,0.6557103064066853
0.3281496197848873,0.6557103064066853
0.32821812701239983,0.6557103064066853
0.32828663423991233,0.6557103064066853
0.32835514146742484,0.6557103064066853
0.32842364869493734,0.6557103064066853
0.3284921559224498,0.6562674094707521
0.3285606631499623,0.6562674094707521
0.3286291703774748,0.6562674094707521
0.3286976776049873,0.6562674094707521
0.3287661848324998,0.6562674094707521
0.3288346920600123,0.6562674094707521
0.3289031992875248,0.6562674094707521
0.3289717065150373,0.6562674094707521
0.3290402137425498,0.6562674094707521
0.32910872097006233,0.6562674094707521
0.32917722819757483,0.6562674094707521
0.32924573542508734,0.6562674094707521
0.32931424265259984,0.6562674094707521
0.32938274988011235,0.6562674094707521
0.32945125710762485,0.6562674094707521
0.32951976433513736,0.6562674094707521
0.32958827156264986,0.6562674094707521
0.32965677879016236,0.6562674094707521
0.32972528601767487,0.656824512534819
0.32979379324518737,0.656824512534819
0.3298623004726999,0.656824512534819
0.3299308077002124,0.656824512534819
0.3299993149277249,0.6573816155988857
0.3300678221552374,0.6573816155988857
0.3301363293827499,0.6573816155988857
0.3302048366102624,0.6573816155988857
0.3302733438377749,0.6579387186629526
0.3303418510652874,0.6584958217270195
0.3304103582927999,0.6590529247910863
0.3304788655203124,0.6590529247910863
0.3305473727478249,0.6596100278551532
0.3306158799753374,0.6596100278551532
0.3306843872028499,0.6596100278551532
0.3307528944303624,0.6596100278551532
0.3308214016578749,0.6596100278551532
0.3308899088853874,0.6596100278551532
0.3309584161128999,0.6596100278551532
0.3310269233404124,0.6596100278551532
0.3310954305679249,0.6596100278551532
0.3311639377954374,0.6596100278551532
0.3312324450229499,0.6596100278551532
0.3313009522504624,0.6596100278551532
0.3313694594779749,0.6601671309192201
0.3314379667054874,0.6601671309192201
0.3315064739329999,0.6601671309192201
0.3315749811605124,0.6601671309192201
0.33164348838802493,0.6601671309192201
0.33171199561553744,0.6601671309192201
0.33178050284304994,0.660724233983287
0.33184901007056244,0.660724233983287
0.33191751729807495,0.660724233983287
0.33198602452558745,0.660724233983287
0.33205453175309996,0.660724233983287
0.33212303898061246,0.660724233983287
0.33219154620812497,0.660724233983287
0.33226005343563747,0.660724233983287
0.33232856066315,0.660724233983287
0.3323970678906625,0.660724233983287
0.332465575118175,0.660724233983287
0.3325340823456875,0.660724233983287
0.3326025895732,0.660724233983287
0.3326710968007125,0.6612813370473538
0.332739604028225,0.6612813370473538
0.3328081112557375,0.6612813370473538
0.33287661848325,0.6618384401114206
0.3329451257107625,0.6618384401114206
0.33301363293827496,0.6618384401114206
0.33308214016578747,0.6618384401114206
0.33315064739329997,0.6618384401114206
0.3332191546208125,0.6618384401114206
0.333287661848325,0.6618384401114206
0.3333561690758375,0.6618384401114206
0.33342467630335,0.6618384401114206
0.3334931835308625,0.6623955431754874
0.333561690758375,0.6623955431754874
0.3336301979858875,0.6623955431754874
0.3336987052134,0.6623955431754874
0.3337672124409125,0.6629526462395543
0.333835719668425,0.6629526462395543
0.3339042268959375,0.6629526462395543
0.33397273412345,0.6629526462395543
0.3340412413509625,0.6629526462395543
0.33410974857847503,0.6629526462395543
0.33417825580598753,0.6629526462395543
0.33424676303350004,0.6629526462395543
0.33431527026101254,0.6629526462395543
0.33438377748852505,0.6629526462395543
0.33445228471603755,0.6629526462395543
0.33452079194355006,0.6629526462395543
0.33458929917106256,0.6629526462395543
0.33465780639857506,0.6629526462395543
0.33472631362608757,0.6629526462395543
0.3347948208536001,0.6629526462395543
0.3348633280811126,0.6629526462395543
0.3349318353086251,0.6629526462395543
0.3350003425361376,0.6629526462395543
0.3350688497636501,0.6629526462395543
0.3351373569911626,0.6629526462395543
0.33520586421867504,0.6629526462395543
0.33527437144618755,0.6629526462395543
0.33534287867370005,0.6629526462395543
0.33541138590121256,0.6629526462395543
0.33547989312872506,0.6635097493036212
0.33554840035623756,0.6635097493036212
0.33561690758375007,0.664066852367688
0.3356854148112626,0.664066852367688
0.3357539220387751,0.664066852367688
0.3358224292662876,0.664066852367688
0.3358909364938001,0.664066852367688
0.3359594437213126,0.664066852367688
0.3360279509488251,0.664066852367688
0.3360964581763376,0.6646239554317549
0.3361649654038501,0.6646239554317549
0.3362334726313626,0.6646239554317549
0.3363019798588751,0.6651810584958218
0.3363704870863876,0.6651810584958218
0.3364389943139001,0.6651810584958218
0.3365075015414126,0.6651810584958218
0.33657600876892513,0.6651810584958218
0.33664451599643763,0.6651810584958218
0.33671302322395014,0.6651810584958218
0.33678153045146264,0.6651810584958218
0.33685003767897514,0.6651810584958218
0.33691854490648765,0.6651810584958218
0.33698705213400015,0.6651810584958218
0.33705555936151266,0.6651810584958218
0.33712406658902516,0.6651810584958218
0.33719257381653767,0.6651810584958218
0.33726108104405017,0.6657381615598886
0.3373295882715627,0.6657381615598886
0.3373980954990752,0.6657381615598886
0.33746660272658763,0.6657381615598886
0.33753510995410013,0.6657381615598886
0.33760361718161264,0.6657381615598886
0.33767212440912514,0.6657381615598886
0.33774063163663764,0.6657381615598886
0.33780913886415015,0.6657381615598886
0.33787764609166265,0.6662952646239554
0.33794615331917516,0.6662952646239554
0.33801466054668766,0.6662952646239554
0.33808316777420017,0.6662952646239554
0.33815167500171267,0.6662952646239554
0.3382201822292252,0.6662952646239554
0.3382886894567377,0.6662952646239554
0.3383571966842502,0.6662952646239554
0.3384257039117627,0.6662952646239554
0.3384942111392752,0.6662952646239554
0.3385627183667877,0.6662952646239554
0.3386312255943002,0.6662952646239554
0.3386997328218127,0.6662952646239554
0.3387682400493252,0.6662952646239554
0.3388367472768377,0.6662952646239554
0.3389052545043502,0.6662952646239554
0.3389737617318627,0.6662952646239554
0.3390422689593752,0.6668523676880223
0.33911077618688773,0.6668523676880223
0.33917928341440023,0.6668523676880223
0.33924779064191274,0.6668523676880223
0.33931629786942524,0.6668523676880223
0.33938480509693775,0.6668523676880223
0.33945331232445025,0.6674094707520891
0.33952181955196276,0.6674094707520891
0.33959032677947526,0.6674094707520891
0.33965883400698776,0.6674094707520891
0.3397273412345002,0.6674094707520891
0.3397958484620127,0.6674094707520891
0.3398643556895252,0.6674094707520891
0.3399328629170377,0.6674094707520891
0.34000137014455023,0.667966573816156
0.34006987737206273,0.667966573816156
0.34013838459957524,0.667966573816156
0.34020689182708774,0.667966573816156
0.34027539905460025,0.667966573816156
0.34034390628211275,0.667966573816156
0.34041241350962526,0.667966573816156
0.34048092073713776,0.667966573816156
0.34054942796465026,0.667966573816156
0.34061793519216277,0.667966573816156
0.3406864424196753,0.667966573816156
0.3407549496471878,0.667966573816156
0.3408234568747003,0.667966573816156
0.3408919641022128,0.667966573816156
0.3409604713297253,0.667966573816156
0.3410289785572378,0.667966573816156
0.3410974857847503,0.667966573816156
0.3411659930122628,0.667966573816156
0.3412345002397753,0.667966573816156
0.3413030074672878,0.667966573816156
0.3413715146948003,0.667966573816156
0.3414400219223128,0.667966573816156
0.3415085291498253,0.667966573816156
0.34157703637733783,0.667966573816156
0.34164554360485033,0.667966573816156
0.34171405083236284,0.667966573816156
0.34178255805987534,0.667966573816156
0.34185106528738785,0.667966573816156
0.34191957251490035,0.667966573816156
0.3419880797424128,0.667966573816156
0.3420565869699253,0.667966573816156
0.3421250941974378,0.667966573816156
0.3421936014249503,0.667966573816156
0.3422621086524628,0.667966573816156
0.3423306158799753,0.667966573816156
0.3423991231074878,0.667966573816156
0.34246763033500033,0.667966573816156
0.34253613756251283,0.667966573816156
0.34260464479002534,0.667966573816156
0.34267315201753784,0.667966573816156
0.34274165924505035,0.667966573816156
0.34281016647256285,0.667966573816156
0.34287867370007535,0.6685236768802229
0.34294718092758786,0.6690807799442897
0.34301568815510036,0.6690807799442897
0.34308419538261287,0.6690807799442897
0.34315270261012537,0.6690807799442897
0.3432212098376379,0.6696378830083566
0.3432897170651504,0.6696378830083566
0.3433582242926629,0.6696378830083566
0.3434267315201754,0.6696378830083566
0.3434952387476879,0.6696378830083566
0.3435637459752004,0.6696378830083566
0.3436322532027129,0.6696378830083566
0.3437007604302254,0.6696378830083566
0.3437692676577379,0.6696378830083566
0.3438377748852504,0.6696378830083566
0.3439062821127629,0.6696378830083566
0.3439747893402754,0.6696378830083566
0.3440432965677879,0.6696378830083566
0.34411180379530043,0.6696378830083566
0.3441803110228129,0.6696378830083566
0.3442488182503254,0.6696378830083566
0.3443173254778379,0.6696378830083566
0.3443858327053504,0.6696378830083566
0.3444543399328629,0.6701949860724234
0.3445228471603754,0.6701949860724234
0.3445913543878879,0.6701949860724234
0.3446598616154004,0.6701949860724234
0.3447283688429129,0.6707520891364902
0.3447968760704254,0.6707520891364902
0.3448653832979379,0.6707520891364902
0.3449338905254504,0.6707520891364902
0.34500239775296293,0.6707520891364902
0.34507090498047543,0.6713091922005571
0.34513941220798794,0.6713091922005571
0.34520791943550044,0.6713091922005571
0.34527642666301295,0.6713091922005571
0.34534493389052545,0.6713091922005571
0.34541344111803796,0.6713091922005571
0.34548194834555046,0.6713091922005571
0.34555045557306296,0.6713091922005571
0.34561896280057547,0.6713091922005571
0.345687470028088,0.6713091922005571
0.3457559772556005,0.6713091922005571
0.345824484483113,0.6713091922005571
0.3458929917106255,0.6713091922005571
0.345961498938138,0.6713091922005571
0.3460300061656505,0.6713091922005571
0.346098513393163,0.6713091922005571
0.3461670206206755,0.6718662952646239
0.346235527848188,0.6718662952646239
0.3463040350757005,0.6718662952646239
0.346372542303213,0.6718662952646239
0.34644104953072546,0.6718662952646239
0.34650955675823797,0.6718662952646239
0.3465780639857505,0.6718662952646239
0.346646571213263,0.6718662952646239
0.3467150784407755,0.6718662952646239
0.346783585668288,0.6718662952646239
0.3468520928958005,0.6718662952646239
0.346920600123313,0.6718662952646239
0.3469891073508255,0.6724233983286908
0.347057614578338,0.6724233983286908
0.3471261218058505,0.6724233983286908
0.347194629033363,0.6724233983286908
0.3472631362608755,0.6724233983286908
0.347331643488388,0.6724233983286908
0.3474001507159005,0.6724233983286908
0.34746865794341303,0.6724233983286908
0.34753716517092553,0.6724233983286908
0.34760567239843804,0.6724233983286908
0.34767417962595054,0.6724233983286908
0.34774268685346305,0.6724233983286908
0.34781119408097555,0.6724233983286908
0.34787970130848805,0.6724233983286908
0.34794820853600056,0.6724233983286908
0.34801671576351306,0.6724233983286908
0.34808522299102557,0.6729805013927577
0.34815373021853807,0.6729805013927577
0.3482222374460506,0.6729805013927577
0.3482907446735631,0.6729805013927577
0.3483592519010756,0.6729805013927577
0.3484277591285881,0.6729805013927577
0.3484962663561006,0.6729805013927577
0.3485647735836131,0.6729805013927577
0.3486332808111256,0.6729805013927577
0.34870178803863805,0.6729805013927577
0.34877029526615055,0.6729805013927577
0.34883880249366306,0.6729805013927577
0.34890730972117556,0.6729805013927577
0.34897581694868807,0.6729805013927577
0.34904432417620057,0.6729805013927577
0.3491128314037131,0.6729805013927577
0.3491813386312256,0.6729805013927577
0.3492498458587381,0.6729805013927577
0.3493183530862506,0.6729805013927577
0.3493868603137631,0.6729805013927577
0.3494553675412756,0.6729805013927577
0.3495238747687881,0.6729805013927577
0.3495923819963006,0.6729805013927577
0.3496608892238131,0.6729805013927577
0.3497293964513256,0.6729805013927577
0.3497979036788381,0.6729805013927577
0.3498664109063506,0.6729805013927577
0.3499349181338631,0.6729805013927577
0.35000342536137563,0.6729805013927577
0.35007193258888814,0.6735376044568245
0.35014043981640064,0.6735376044568245
0.35020894704391314,0.6735376044568245
0.35027745427142565,0.6735376044568245
0.35034596149893815,0.6735376044568245
0.35041446872645066,0.6735376044568245
0.35048297595396316,0.6740947075208914
0.35055148318147566,0.6740947075208914
0.35061999040898817,0.6740947075208914
0.3506884976365007,0.6740947075208914
0.3507570048640132,0.6740947075208914
0.3508255120915257,0.6740947075208914
0.3508940193190382,0.6746518105849583
0.35096252654655063,0.6746518105849583
0.35103103377406314,0.6746518105849583
0.35109954100157564,0.6746518105849583
0.35116804822908815,0.675208913649025
0.35123655545660065,0.675208913649025
0.35130506268411316,0.675208913649025
0.35137356991162566,0.675208913649025
0.35144207713913816,0.675208913649025
0.35151058436665067,0.675208913649025
0.3515790915941632,0.675208913649025
0.3516475988216757,0.6757660167130919
0.3517161060491882,0.6757660167130919
0.3517846132767007,0.6757660167130919
0.3518531205042132,0.6757660167130919
0.3519216277317257,0.6763231197771588
0.3519901349592382,0.6768802228412256
0.3520586421867507,0.6768802228412256
0.3521271494142632,0.6768802228412256
0.3521956566417757,0.6768802228412256
0.3522641638692882,0.6768802228412256
0.3523326710968007,0.6768802228412256
0.3524011783243132,0.6768802228412256
0.35246968555182573,0.6774373259052925
0.35253819277933823,0.6774373259052925
0.35260670000685074,0.6774373259052925
0.35267520723436324,0.6774373259052925
0.35274371446187575,0.6774373259052925
0.35281222168938825,0.6774373259052925
0.35288072891690075,0.6774373259052925
0.35294923614441326,0.6779944289693594
0.35301774337192576,0.6785515320334262
0.35308625059943827,0.6785515320334262
0.3531547578269507,0.6785515320334262
0.3532232650544632,0.6785515320334262
0.3532917722819757,0.6785515320334262
0.35336027950948823,0.6785515320334262
0.35342878673700073,0.6785515320334262
0.35349729396451324,0.6785515320334262
0.35356580119202574,0.6785515320334262
0.35363430841953825,0.6785515320334262
0.35370281564705075,0.6785515320334262
0.35377132287456325,0.6785515320334262
0.35383983010207576,0.6785515320334262
0.35390833732958826,0.6785515320334262
0.35397684455710077,0.6785515320334262
0.35404535178461327,0.6785515320334262
0.3541138590121258,0.6785515320334262
0.3541823662396383,0.6785515320334262
0.3542508734671508,0.6785515320334262
0.3543193806946633,0.6785515320334262
0.3543878879221758,0.6785515320334262
0.3544563951496883,0.6785515320334262
0.3545249023772008,0.6785515320334262
0.3545934096047133,0.6785515320334262
0.3546619168322258,0.6785515320334262
0.3547304240597383,0.6785515320334262
0.3547989312872508,0.6785515320334262
0.3548674385147633,0.6785515320334262
0.3549359457422758,0.6785515320334262
0.35500445296978833,0.6785515320334262
0.35507296019730084,0.6785515320334262
0.35514146742481334,0.6785515320334262
0.35520997465232584,0.6785515320334262
0.35527848187983835,0.6785515320334262
0.35534698910735085,0.6785515320334262
0.3554154963348633,0.6785515320334262
0.3554840035623758,0.6785515320334262
0.3555525107898883,0.6785515320334262
0.3556210180174008,0.6785515320334262
0.3556895252449133,0.6785515320334262
0.3557580324724258,0.6785515320334262
0.3558265396999383,0.6785515320334262
0.35589504692745083,0.6785515320334262
0.35596355415496334,0.6791086350974931
0.35603206138247584,0.6791086350974931
0.35610056860998834,0.6791086350974931
0.35616907583750085,0.6791086350974931
0.35623758306501335,0.6791086350974931
0.35630609029252586,0.6796657381615598
0.35637459752003836,0.6802228412256267
0.35644310474755087,0.6802228412256267
0.35651161197506337,0.6802228412256267
0.3565801192025759,0.6802228412256267
0.3566486264300884,0.6802228412256267
0.3567171336576009,0.6802228412256267
0.3567856408851134,0.6802228412256267
0.3568541481126259,0.6802228412256267
0.3569226553401384,0.6807799442896936
0.3569911625676509,0.6807799442896936
0.3570596697951634,0.6807799442896936
0.3571281770226759,0.6807799442896936
0.3571966842501884,0.6807799442896936
0.3572651914777009,0.6807799442896936
0.3573336987052134,0.6807799442896936
0.3574022059327259,0.6807799442896936
0.35747071316023843,0.6813370473537604
0.35753922038775093,0.6813370473537604
0.35760772761526344,0.6813370473537604
0.3576762348427759,0.6813370473537604
0.3577447420702884,0.6813370473537604
0.3578132492978009,0.6813370473537604
0.3578817565253134,0.6813370473537604
0.3579502637528259,0.6813370473537604
0.3580187709803384,0.6818941504178273
0.3580872782078509,0.6818941504178273
0.3581557854353634,0.6824512534818942
0.3582242926628759,0.6824512534818942
0.3582927998903884,0.6824512534818942
0.35836130711790093,0.683008356545961
0.35842981434541343,0.683008356545961
0.35849832157292594,0.683008356545961
0.35856682880043844,0.683008356545961
0.35863533602795095,0.683008356545961
0.35870384325546345,0.683008356545961
0.35877235048297595,0.683008356545961
0.35884085771048846,0.683008356545961
0.35890936493800096,0.683008356545961
0.35897787216551347,0.6835654596100279
0.35904637939302597,0.6835654596100279
0.3591148866205385,0.6835654596100279
0.359183393848051,0.6841225626740947
0.3592519010755635,0.6841225626740947
0.359320408303076,0.6841225626740947
0.3593889155305885,0.6841225626740947
0.359457422758101,0.6841225626740947
0.3595259299856135,0.6841225626740947
0.359594437213126,0.6841225626740947
0.3596629444406385,0.6841225626740947
0.359731451668151,0.6841225626740947
0.3597999588956635,0.6841225626740947
0.35986846612317597,0.6841225626740947
0.35993697335068847,0.6841225626740947
0.360005480578201,0.6841225626740947
0.3600739878057135,0.6841225626740947
0.360142495033226,0.6841225626740947
0.3602110022607385,0.6841225626740947
0.360279509488251,0.6841225626740947
0.3603480167157635,0.6841225626740947
0.360416523943276,0.6846796657381615
0.3604850311707885,0.6846796657381615
0.360553538398301,0.6846796657381615
0.3606220456258135,0.6846796657381615
0.360690552853326,0.6846796657381615
0.3607590600808385,0.6846796657381615
0.360827567308351,0.6846796657381615
0.36089607453586353,0.6846796657381615
0.36096458176337604,0.6846796657381615
0.36103308899088854,0.6846796657381615
0.36110159621840104,0.6846796657381615
0.36117010344591355,0.6846796657381615
0.36123861067342605,0.6846796657381615
0.36130711790093856,0.6846796657381615
0.36137562512845106,0.6846796657381615
0.36144413235596357,0.6846796657381615
0.36151263958347607,0.6846796657381615
0.3615811468109886,0.6846796657381615
0.3616496540385011,0.6846796657381615
0.3617181612660136,0.6846796657381615
0.3617866684935261,0.6846796657381615
0.3618551757210386,0.6846796657381615
0.3619236829485511,0.6846796657381615
0.3619921901760636,0.6846796657381615
0.3620606974035761,0.6846796657381615
0.36212920463108855,0.6846796657381615
0.36219771185860106,0.6846796657381615
0.36226621908611356,0.6846796657381615
0.36233472631362607,0.6846796657381615
0.36240323354113857,0.6846796657381615
0.3624717407686511,0.6846796657381615
0.3625402479961636,0.6846796657381615
0.3626087552236761,0.6846796657381615
0.3626772624511886,0.6846796657381615
0.3627457696787011,0.6846796657381615
0.3628142769062136,0.6852367688022284
0.3628827841337261,0.6852367688022284
0.3629512913612386,0.6852367688022284
0.3630197985887511,0.6852367688022284
0.3630883058162636,0.6852367688022284
0.3631568130437761,0.6852367688022284
0.3632253202712886,0.6857938718662953
0.3632938274988011,0.6863509749303621
0.36336233472631363,0.6863509749303621
0.36343084195382613,0.6863509749303621
0.36349934918133864,0.6863509749303621
0.36356785640885114,0.6863509749303621
0.36363636363636365,0.6863509749303621
0.36370487086387615,0.6863509749303621
0.36377337809138865,0.6863509749303621
0.36384188531890116,0.686908077994429
0.36391039254641366,0.686908077994429
0.36397889977392617,0.686908077994429
0.36404740700143867,0.686908077994429
0.3641159142289512,0.686908077994429
0.3641844214564637,0.686908077994429
0.3642529286839762,0.686908077994429
0.3643214359114887,0.686908077994429
0.36438994313900114,0.686908077994429
0.36445845036651364,0.686908077994429
0.36452695759402615,0.686908077994429
0.36459546482153865,0.6874651810584959
0.36466397204905115,0.6874651810584959
0.36473247927656366,0.6880222841225627
0.36480098650407616,0.6880222841225627
0.36486949373158867,0.6880222841225627
0.36493800095910117,0.6880222841225627
0.3650065081866137,0.6880222841225627
0.3650750154141262,0.6880222841225627
0.3651435226416387,0.6880222841225627
0.3652120298691512,0.6880222841225627
0.3652805370966637,0.6880222841225627
0.3653490443241762,0.6880222841225627
0.3654175515516887,0.6880222841225627
0.3654860587792012,0.6885793871866295
0.3655545660067137,0.6885793871866295
0.3656230732342262,0.6891364902506963
0.3656915804617387,0.6896935933147632
0.3657600876892512,0.6896935933147632
0.3658285949167637,0.6902506963788301
0.36589710214427623,0.6902506963788301
0.36596560937178874,0.6902506963788301
0.36603411659930124,0.6902506963788301
0.36610262382681374,0.6902506963788301
0.36617113105432625,0.6902506963788301
0.36623963828183875,0.6902506963788301
0.36630814550935126,0.6908077994428969
0.36637665273686376,0.6908077994428969
0.36644515996437627,0.6908077994428969
0.36651366719188877,0.6908077994428969
0.3665821744194013,0.6908077994428969
0.3666506816469137,0.6908077994428969
0.3667191888744262,0.6908077994428969
0.36678769610193873,0.6908077994428969
0.36685620332945124,0.6908077994428969
0.36692471055696374,0.6908077994428969
0.36699321778447624,0.6908077994428969
0.36706172501198875,0.6908077994428969
0.36713023223950125,0.6908077994428969
0.36719873946701376,0.6908077994428969
0.36726724669452626,0.6913649025069638
0.36733575392203877,0.6913649025069638
0.36740426114955127,0.6913649025069638
0.3674727683770638,0.6913649025069638
0.3675412756045763,0.6913649025069638
0.3676097828320888,0.6913649025069638
0.3676782900596013,0.6913649025069638
0.3677467972871138,0.6913649025069638
0.3678153045146263,0.6913649025069638
0.3678838117421388,0.6913649025069638
0.3679523189696513,0.6913649025069638
0.3680208261971638,0.6913649025069638
0.3680893334246763,0.6919220055710307
0.3681578406521888,0.6919220055710307
0.3682263478797013,0.6919220055710307
0.3682948551072138,0.6919220055710307
0.36836336233472633,0.6919220055710307
0.36843186956223883,0.6919220055710307
0.36850037678975134,0.6919220055710307
0.36856888401726384,0.6919220055710307
0.36863739124477635,0.6919220055710307
0.36870589847228885,0.6919220055710307
0.36877440569980136,0.6919220055710307
0.3688429129273138,0.6919220055710307
0.3689114201548263,0.6919220055710307
0.3689799273823388,0.6919220055710307
0.3690484346098513,0.6924791086350975
0.3691169418373638,0.6924791086350975
0.3691854490648763,0.6924791086350975
0.36925395629238883,0.6924791086350975
0.36932246351990133,0.6924791086350975
0.36939097074741384,0.6930362116991643
0.36945947797492634,0.6935933147632312
0.36952798520243885,0.6935933147632312
0.36959649242995135,0.6935933147632312
0.36966499965746386,0.6935933147632312
0.36973350688497636,0.6935933147632312
0.36980201411248886,0.6935933147632312
0.36987052134000137,0.6935933147632312
0.3699390285675139,0.6935933147632312
0.3700075357950264,0.694150417827298
0.3700760430225389,0.694150417827298
0.3701445502500514,0.694150417827298
0.3702130574775639,0.694150417827298
0.3702815647050764,0.694150417827298
0.3703500719325889,0.6947075208913649
0.3704185791601014,0.6947075208913649
0.3704870863876139,0.6947075208913649
0.3705555936151264,0.6947075208913649
0.3706241008426389,0.6947075208913649
0.3706926080701514,0.6947075208913649
0.3707611152976639,0.6947075208913649
0.37082962252517643,0.6947075208913649
0.37089812975268893,0.6947075208913649
0.37096663698020144,0.6947075208913649
0.37103514420771394,0.6947075208913649
0.3711036514352264,0.6952646239554318
0.3711721586627389,0.6952646239554318
0.3712406658902514,0.6952646239554318
0.3713091731177639,0.6952646239554318
0.3713776803452764,0.6952646239554318
0.3714461875727889,0.6952646239554318
0.3715146948003014,0.6952646239554318
0.3715832020278139,0.6952646239554318
0.3716517092553264,0.6952646239554318
0.3717202164828389,0.6952646239554318
0.37178872371035143,0.6958217270194986
0.37185723093786394,0.6958217270194986
0.37192573816537644,0.6958217270194986
0.37199424539288894,0.6958217270194986
0.37206275262040145,0.6963788300835655
0.37213125984791395,0.6963788300835655
0.37219976707542646,0.6963788300835655
0.37226827430293896,0.6963788300835655
0.37233678153045147,0.6963788300835655
0.37240528875796397,0.6969359331476324
0.3724737959854765,0.6974930362116991
0.372542303212989,0.6974930362116991
0.3726108104405015,0.6974930362116991
0.372679317668014,0.698050139275766
0.3727478248955265,0.698050139275766
0.372816332123039,0.698050139275766
0.3728848393505515,0.6986072423398328
0.372953346578064,0.6991643454038997
0.3730218538055765,0.6991643454038997
0.373090361033089,0.6991643454038997
0.3731588682606015,0.6991643454038997
0.373227375488114,0.6991643454038997
0.3732958827156265,0.6991643454038997
0.373364389943139,0.6991643454038997
0.3734328971706515,0.6991643454038997
0.373501404398164,0.6991643454038997
0.3735699116256765,0.6991643454038997
0.373638418853189,0.6991643454038997
0.3737069260807015,0.6991643454038997
0.373775433308214,0.6991643454038997
0.3738439405357265,0.6991643454038997
0.373912447763239,0.6991643454038997
0.3739809549907515,0.6991643454038997
0.374049462218264,0.6991643454038997
0.3741179694457765,0.6991643454038997
0.374186476673289,0.6991643454038997
0.37425498390080153,0.6991643454038997
0.37432349112831403,0.6997214484679666
0.37439199835582654,0.7002785515320334
0.37446050558333904,0.7002785515320334
0.37452901281085155,0.7002785515320334
0.37459752003836405,0.7002785515320334
0.37466602726587656,0.7002785515320334
0.37473453449338906,0.7002785515320334
0.37480304172090156,0.7008356545961003
0.37487154894841407,0.7008356545961003
0.3749400561759266,0.7008356545961003
0.3750085634034391,0.7008356545961003
0.3750770706309516,0.7008356545961003
0.3751455778584641,0.7008356545961003
0.3752140850859766,0.7008356545961003
0.3752825923134891,0.7008356545961003
0.3753510995410016,0.7008356545961003
0.3754196067685141,0.7008356545961003
0.3754881139960266,0.7008356545961003
0.3755566212235391,0.7008356545961003
0.37562512845105156,0.7008356545961003
0.37569363567856406,0.7008356545961003
0.37576214290607657,0.7008356545961003
0.3758306501335891,0.7008356545961003
0.3758991573611016,0.7008356545961003
0.3759676645886141,0.7008356545961003
0.3760361718161266,0.7008356545961003
0.3761046790436391,0.7008356545961003
0.3761731862711516,0.7008356545961003
0.3762416934986641,0.7008356545961003
0.3763102007261766,0.7008356545961003
0.3763787079536891,0.7008356545961003
0.3764472151812016,0.7008356545961003
0.3765157224087141,0.7008356545961003
0.3765842296362266,0.7008356545961003
0.3766527368637391,0.7008356545961003
0.37672124409125163,0.7008356545961003
0.37678975131876413,0.7008356545961003
0.37685825854627664,0.7008356545961003
0.37692676577378914,0.7008356545961003
0.37699527300130165,0.7008356545961003
0.37706378022881415,0.7008356545961003
0.37713228745632665,0.7008356545961003
0.37720079468383916,0.7013927576601672
0.37726930191135166,0.7013927576601672
0.37733780913886417,0.7013927576601672
0.37740631636637667,0.7013927576601672
0.3774748235938892,0.7013927576601672
0.3775433308214017,0.7019498607242339
0.3776118380489142,0.7019498607242339
0.3776803452764267,0.7019498607242339
0.3777488525039392,0.7019498607242339
0.37781735973145164,0.7019498607242339
0.37788586695896415,0.7019498607242339
0.37795437418647665,0.7025069637883008
0.37802288141398915,0.7025069637883008
0.37809138864150166,0.7025069637883008
0.37815989586901416,0.7025069637883008
0.37822840309652667,0.7025069637883008
0.37829691032403917,0.7025069637883008
0.3783654175515517,0.7025069637883008
0.3784339247790642,0.7025069637883008
0.3785024320065767,0.7025069637883008
0.3785709392340892,0.7025069637883008
0.3786394464616017,0.7030640668523677
0.3787079536891142,0.7030640668523677
0.3787764609166267,0.7030640668523677
0.3788449681441392,0.7030640668523677
0.3789134753716517,0.7030640668523677
0.3789819825991642,0.7030640668523677
0.3790504898266767,0.7030640668523677
0.3791189970541892,0.7030640668523677
0.3791875042817017,0.7030640668523677
0.37925601150921423,0.7030640668523677
0.37932451873672673,0.7036211699164345
0.37939302596423924,0.7036211699164345
0.37946153319175174,0.7036211699164345
0.37953004041926425,0.7036211699164345
0.37959854764677675,0.7036211699164345
0.37966705487428926,0.7041782729805014
0.37973556210180176,0.7047353760445683
0.37980406932931426,0.7047353760445683
0.37987257655682677,0.7047353760445683
0.3799410837843393,0.7047353760445683
0.3800095910118518,0.7047353760445683
0.3800780982393642,0.7047353760445683
0.38014660546687673,0.7047353760445683
0.38021511269438923,0.7047353760445683
0.38028361992190174,0.7052924791086351
0.38035212714941424,0.7052924791086351
0.38042063437692675,0.7052924791086351
0.38048914160443925,0.7052924791086351
0.38055764883195176,0.7052924791086351
0.38062615605946426,0.7052924791086351
0.38069466328697676,0.7052924791086351
0.38076317051448927,0.7052924791086351
0.3808316777420018,0.7052924791086351
0.3809001849695143,0.7052924791086351
0.3809686921970268,0.7052924791086351
0.3810371994245393,0.7052924791086351
0.3811057066520518,0.7052924791086351
0.3811742138795643,0.705849582172702
0.3812427211070768,0.705849582172702
0.3813112283345893,0.705849582172702
0.3813797355621018,0.705849582172702
0.3814482427896143,0.7064066852367687
0.3815167500171268,0.7064066852367687
0.3815852572446393,0.7064066852367687
0.3816537644721518,0.7064066852367687
0.38172227169966433,0.7064066852367687
0.38179077892717683,0.7064066852367687
0.38185928615468934,0.7064066852367687
0.38192779338220184,0.7064066852367687
0.38199630060971435,0.7064066852367687
0.38206480783722685,0.7064066852367687
0.38213331506473935,0.7064066852367687
0.38220182229225186,0.7064066852367687
0.38227032951976436,0.7064066852367687
0.3823388367472768,0.7064066852367687
0.3824073439747893,0.7064066852367687
0.3824758512023018,0.7064066852367687
0.3825443584298143,0.7064066852367687
0.38261286565732683,0.7064066852367687
0.38268137288483933,0.7064066852367687
0.38274988011235184,0.7064066852367687
0.38281838733986434,0.7064066852367687
0.38288689456737685,0.7064066852367687
0.38295540179488935,0.7064066852367687
0.38302390902240185,0.7064066852367687
0.38309241624991436,0.7064066852367687
0.38316092347742686,0.7069637883008356
0.38322943070493937,0.7069637883008356
0.38329793793245187,0.7069637883008356
0.3833664451599644,0.7069637883008356
0.3834349523874769,0.7069637883008356
0.3835034596149894,0.7075208913649025
0.3835719668425019,0.7075208913649025
0.3836404740700144,0.7075208913649025
0.3837089812975269,0.7075208913649025
0.3837774885250394,0.7075208913649025
0.3838459957525519,0.7075208913649025
0.3839145029800644,0.7075208913649025
0.3839830102075769,0.7075208913649025
0.3840515174350894,0.7075208913649025
0.3841200246626019,0.7075208913649025
0.3841885318901144,0.7075208913649025
0.38425703911762693,0.7075208913649025
0.38432554634513943,0.7075208913649025
0.38439405357265194,0.7075208913649025
0.38446256080016444,0.7075208913649025
0.3845310680276769,0.7080779944289693
0.3845995752551894,0.7080779944289693
0.3846680824827019,0.7080779944289693
0.3847365897102144,0.7080779944289693
0.3848050969377269,0.7080779944289693
0.3848736041652394,0.7080779944289693
0.3849421113927519,0.7080779944289693
0.3850106186202644,0.7080779944289693
0.3850791258477769,0.7080779944289693
0.38514763307528943,0.7080779944289693
0.38521614030280193,0.7080779944289693
0.38528464753031444,0.7080779944289693
0.38535315475782694,0.7080779944289693
0.38542166198533945,0.7080779944289693
0.38549016921285195,0.7080779944289693
0.38555867644036446,0.7086350974930362
0.38562718366787696,0.7086350974930362
0.38569569089538946,0.7086350974930362
0.38576419812290197,0.7086350974930362
0.3858327053504145,0.7086350974930362
0.385901212577927,0.7086350974930362
0.3859697198054395,0.7086350974930362
0.386038227032952,0.7086350974930362
0.3861067342604645,0.7091922005571031
0.386175241487977,0.7091922005571031
0.3862437487154895,0.7091922005571031
0.386312255943002,0.7091922005571031
0.3863807631705145,0.7091922005571031
0.386449270398027,0.7091922005571031
0.3865177776255395,0.7091922005571031
0.386586284853052,0.7091922005571031
0.3866547920805645,0.7091922005571031
0.38672329930807703,0.7091922005571031
0.3867918065355895,0.7091922005571031
0.386860313763102,0.7091922005571031
0.3869288209906145,0.7091922005571031
0.386997328218127,0.7091922005571031
0.3870658354456395,0.7091922005571031
0.387134342673152,0.7091922005571031
0.3872028499006645,0.70974930362117
0.387271357128177,0.70974930362117
0.3873398643556895,0.70974930362117
0.387408371583202,0.70974930362117
0.3874768788107145,0.70974930362117
0.387545386038227,0.70974930362117
0.38761389326573953,0.70974930362117
0.38768240049325203,0.70974930362117
0.38775090772076454,0.70974930362117
0.38781941494827704,0.70974930362117
0.38788792217578955,0.70974930362117
0.38795642940330205,0.70974930362117
0.38802493663081455,0.70974930362117
0.38809344385832706,0.70974930362117
0.38816195108583956,0.70974930362117
0.38823045831335207,0.70974930362117
0.38829896554086457,0.70974930362117
0.3883674727683771,0.70974930362117
0.3884359799958896,0.70974930362117
0.3885044872234021,0.70974930362117
0.3885729944509146,0.70974930362117
0.3886415016784271,0.70974930362117
0.3887100089059396,0.70974930362117
0.3887785161334521,0.70974930362117
0.3888470233609646,0.70974930362117
0.3889155305884771,0.70974930362117
0.3889840378159896,0.70974930362117
0.38905254504350206,0.70974930362117
0.38912105227101457,0.7103064066852368
0.38918955949852707,0.7103064066852368
0.3892580667260396,0.7103064066852368
0.3893265739535521,0.7103064066852368
0.3893950811810646,0.7103064066852368
0.3894635884085771,0.7103064066852368
0.3895320956360896,0.7103064066852368
0.3896006028636021,0.7103064066852368
0.3896691100911146,0.7103064066852368
0.3897376173186271,0.7103064066852368
0.3898061245461396,0.7103064066852368
0.3898746317736521,0.7103064066852368
0.3899431390011646,0.7103064066852368
0.3900116462286771,0.7103064066852368
0.3900801534561896,0.7103064066852368
0.39014866068370213,0.7103064066852368
0.39021716791121464,0.7103064066852368
0.39028567513872714,0.7103064066852368
0.39035418236623964,0.7103064066852368
0.39042268959375215,0.7103064066852368
0.39049119682126465,0.7103064066852368
0.39055970404877716,0.7103064066852368
0.39062821127628966,0.7103064066852368
0.39069671850380217,0.7103064066852368
0.39076522573131467,0.7103064066852368
0.3908337329588272,0.7103064066852368
0.3909022401863397,0.7103064066852368
0.3909707474138522,0.7103064066852368
0.3910392546413647,0.7103064066852368
0.3911077618688772,0.7103064066852368
0.3911762690963897,0.7103064066852368
0.3912447763239022,0.7103064066852368
0.39131328355141465,0.7103064066852368
0.39138179077892715,0.7103064066852368
0.39145029800643966,0.7103064066852368
0.39151880523395216,0.7103064066852368
0.39158731246146466,0.7103064066852368
0.39165581968897717,0.7103064066852368
0.3917243269164897,0.7103064066852368
0.3917928341440022,0.7103064066852368
0.3918613413715147,0.7108635097493036
0.3919298485990272,0.7114206128133704
0.3919983558265397,0.7119777158774373
0.3920668630540522,0.7119777158774373
0.3921353702815647,0.7119777158774373
0.3922038775090772,0.7119777158774373
0.3922723847365897,0.7119777158774373
0.3923408919641022,0.7119777158774373
0.3924093991916147,0.7125348189415042
0.3924779064191272,0.7125348189415042
0.3925464136466397,0.7125348189415042
0.39261492087415223,0.7125348189415042
0.39268342810166473,0.7125348189415042
0.39275193532917724,0.7125348189415042
0.39282044255668974,0.7125348189415042
0.39288894978420225,0.7125348189415042
0.39295745701171475,0.7125348189415042
0.39302596423922725,0.7125348189415042
0.39309447146673976,0.7125348189415042
0.39316297869425226,0.7125348189415042
0.39323148592176477,0.7125348189415042
0.39329999314927727,0.7125348189415042
0.3933685003767898,0.713091922005571
0.3934370076043023,0.713091922005571
0.39350551483181473,0.713091922005571
0.39357402205932723,0.713091922005571
0.39364252928683974,0.713091922005571
0.39371103651435224,0.713091922005571
0.39377954374186475,0.7136490250696379
0.39384805096937725,0.7136490250696379
0.39391655819688975,0.7136490250696379
0.39398506542440226,0.7136490250696379
0.39405357265191476,0.7136490250696379
0.39412207987942727,0.7136490250696379
0.39419058710693977,0.7136490250696379
0.3942590943344523,0.7136490250696379
0.3943276015619648,0.7136490250696379
0.3943961087894773,0.7136490250696379
0.3944646160169898,0.7136490250696379
0.3945331232445023,0.7136490250696379
0.3946016304720148,0.7136490250696379
0.3946701376995273,0.7136490250696379
0.3947386449270398,0.7136490250696379
0.3948071521545523,0.7136490250696379
0.3948756593820648,0.7136490250696379
0.3949441666095773,0.7136490250696379
0.3950126738370898,0.7136490250696379
0.3950811810646023,0.7136490250696379
0.39514968829211483,0.7142061281337048
0.39521819551962734,0.7142061281337048
0.39528670274713984,0.7142061281337048
0.39535520997465234,0.7142061281337048
0.39542371720216485,0.7142061281337048
0.39549222442967735,0.7142061281337048
0.39556073165718986,0.7142061281337048
0.39562923888470236,0.7147632311977716
0.39569774611221487,0.7147632311977716
0.3957662533397273,0.7147632311977716
0.3958347605672398,0.7147632311977716
0.3959032677947523,0.7147632311977716
0.3959717750222648,0.7153203342618384
0.39604028224977733,0.7153203342618384
0.39610878947728984,0.7153203342618384
0.39617729670480234,0.7153203342618384
0.39624580393231484,0.7153203342618384
0.39631431115982735,0.7153203342618384
0.39638281838733985,0.7153203342618384
0.39645132561485236,0.7153203342618384
0.39651983284236486,0.7153203342618384
0.39658834006987737,0.7153203342618384
0.39665684729738987,0.7153203342618384
0.3967253545249024,0.7153203342618384
0.3967938617524149,0.7153203342618384
0.3968623689799274,0.7153203342618384
0.3969308762074399,0.7153203342618384
0.3969993834349524,0.7153203342618384
0.3970678906624649,0.7153203342618384
0.3971363978899774,0.7153203342618384
0.3972049051174899,0.7153203342618384
0.3972734123450024,0.7153203342618384
0.3973419195725149,0.7153203342618384
0.3974104268000274,0.7153203342618384
0.3974789340275399,0.7153203342618384
0.3975474412550524,0.7153203342618384
0.39761594848256493,0.7153203342618384
0.39768445571007743,0.7153203342618384
0.39775296293758994,0.7158774373259053
0.39782147016510244,0.7158774373259053
0.39788997739261495,0.7158774373259053
0.39795848462012745,0.7158774373259053
0.3980269918476399,0.7158774373259053
0.3980954990751524,0.7158774373259053
0.3981640063026649,0.7158774373259053
0.3982325135301774,0.7164345403899721
0.3983010207576899,0.7164345403899721
0.3983695279852024,0.7164345403899721
0.3984380352127149,0.716991643454039
0.39850654244022743,0.716991643454039
0.39857504966773993,0.716991643454039
0.39864355689525244,0.716991643454039
0.39871206412276494,0.716991643454039
0.39878057135027745,0.716991643454039
0.39884907857778995,0.7175487465181059
0.39891758580530245,0.7175487465181059
0.39898609303281496,0.7175487465181059
0.39905460026032746,0.7175487465181059
0.39912310748783997,0.7175487465181059
0.39919161471535247,0.7175487465181059
0.399260121942865,0.7175487465181059
0.3993286291703775,0.7175487465181059
0.39939713639789,0.7175487465181059
0.3994656436254025,0.7175487465181059
0.399534150852915,0.7175487465181059
0.3996026580804275,0.7175487465181059
0.39967116530794,0.7175487465181059
0.3997396725354525,0.7175487465181059
0.399808179762965,0.7175487465181059
0.3998766869904775,0.7181058495821727
0.39994519421799,0.7181058495821727
0.4000137014455025,0.7181058495821727
0.400082208673015,0.7181058495821727
0.40015071590052753,0.7181058495821727
0.40021922312804004,0.7181058495821727
0.4002877303555525,0.7181058495821727
0.400356237583065,0.7181058495821727
0.4004247448105775,0.7181058495821727
0.40049325203809,0.7186629526462396
0.4005617592656025,0.7186629526462396
0.400630266493115,0.7186629526462396
0.4006987737206275,0.7186629526462396
0.40076728094814,0.7186629526462396
0.4008357881756525,0.7186629526462396
0.400904295403165,0.7186629526462396
0.4009728026306775,0.7186629526462396
0.40104130985819003,0.7186629526462396
0.40110981708570254,0.7186629526462396
0.40117832431321504,0.7186629526462396
0.40124683154072754,0.7186629526462396
0.40131533876824005,0.7186629526462396
0.40138384599575255,0.7186629526462396
0.40145235322326506,0.7186629526462396
0.40152086045077756,0.7186629526462396
0.40158936767829007,0.7186629526462396
0.40165787490580257,0.7186629526462396
0.4017263821333151,0.7186629526462396
0.4017948893608276,0.7186629526462396
0.4018633965883401,0.7186629526462396
0.4019319038158526,0.7186629526462396
0.4020004110433651,0.7186629526462396
0.4020689182708776,0.7186629526462396
0.4021374254983901,0.7186629526462396
0.4022059327259026,0.7192200557103064
0.4022744399534151,0.7192200557103064
0.4023429471809276,0.7192200557103064
0.4024114544084401,0.7192200557103064
0.40247996163595257,0.7192200557103064
0.40254846886346507,0.7192200557103064
0.4026169760909776,0.7192200557103064
0.4026854833184901,0.7192200557103064
0.4027539905460026,0.7192200557103064
0.4028224977735151,0.7192200557103064
0.4028910050010276,0.7192200557103064
0.4029595122285401,0.7192200557103064
0.4030280194560526,0.7192200557103064
0.4030965266835651,0.7192200557103064
0.4031650339110776,0.7192200557103064
0.4032335411385901,0.7192200557103064
0.4033020483661026,0.7192200557103064
0.4033705555936151,0.7192200557103064
0.4034390628211276,0.7192200557103064
0.40350757004864013,0.7192200557103064
0.40357607727615263,0.7192200557103064
0.40364458450366514,0.7197771587743732
0.40371309173117764,0.7197771587743732
0.40378159895869015,0.7197771587743732
0.40385010618620265,0.7197771587743732
0.40391861341371516,0.7197771587743732
0.40398712064122766,0.7197771587743732
0.40405562786874016,0.7197771587743732
0.40412413509625267,0.7197771587743732
0.40419264232376517,0.7197771587743732
0.4042611495512777,0.7197771587743732
0.4043296567787902,0.7197771587743732
0.4043981640063027,0.7197771587743732
0.4044666712338152,0.7197771587743732
0.4045351784613277,0.7203342618384401
0.4046036856888402,0.7203342618384401
0.4046721929163527,0.7203342618384401
0.40474070014386515,0.7208913649025069
0.40480920737137766,0.7208913649025069
0.40487771459889016,0.7208913649025069
0.40494622182640266,0.7208913649025069
0.40501472905391517,0.7208913649025069
0.40508323628142767,0.7208913649025069
0.4051517435089402,0.7208913649025069
0.4052202507364527,0.7208913649025069
0.4052887579639652,0.7214484679665738
0.4053572651914777,0.7214484679665738
0.4054257724189902,0.7214484679665738
0.4054942796465027,0.7220055710306407
0.4055627868740152,0.7220055710306407
0.4056312941015277,0.7220055710306407
0.4056998013290402,0.7220055710306407
0.4057683085565527,0.7220055710306407
0.4058368157840652,0.7220055710306407
0.4059053230115777,0.7220055710306407
0.4059738302390902,0.7220055710306407
0.40604233746660273,0.7225626740947075
0.40611084469411524,0.7225626740947075
0.40617935192162774,0.7231197771587744
0.40624785914914024,0.7231197771587744
0.40631636637665275,0.7231197771587744
0.40638487360416525,0.7231197771587744
0.40645338083167776,0.7231197771587744
0.40652188805919026,0.7236768802228413
0.40659039528670277,0.724233983286908
0.40665890251421527,0.724233983286908
0.4067274097417278,0.7247910863509749
0.4067959169692403,0.7247910863509749
0.4068644241967528,0.7247910863509749
0.4069329314242653,0.7247910863509749
0.40700143865177774,0.7247910863509749
0.40706994587929024,0.7247910863509749
0.40713845310680274,0.7247910863509749
0.40720696033431525,0.7247910863509749
0.40727546756182775,0.7247910863509749
0.40734397478934026,0.7247910863509749
0.40741248201685276,0.7247910863509749
0.40748098924436527,0.7247910863509749
0.40754949647187777,0.7247910863509749
0.4076180036993903,0.7247910863509749
0.4076865109269028,0.7247910863509749
0.4077550181544153,0.7247910863509749
0.4078235253819278,0.7247910863509749
0.4078920326094403,0.7247910863509749
0.4079605398369528,0.7253481894150418
0.4080290470644653,0.7253481894150418
0.4080975542919778,0.7253481894150418
0.4081660615194903,0.7253481894150418
0.4082345687470028,0.7253481894150418
0.4083030759745153,0.7253481894150418
0.4083715832020278,0.7253481894150418
0.4084400904295403,0.7253481894150418
0.40850859765705283,0.7253481894150418
0.40857710488456533,0.7253481894150418
0.40864561211207784,0.7259052924791086
0.40871411933959034,0.7259052924791086
0.40878262656710285,0.7259052924791086
0.40885113379461535,0.7259052924791086
0.40891964102212786,0.7259052924791086
0.40898814824964036,0.7259052924791086
0.40905665547715286,0.7259052924791086
0.40912516270466537,0.7259052924791086
0.4091936699321778,0.7259052924791086
0.4092621771596903,0.7259052924791086
0.4093306843872028,0.7259052924791086
0.40939919161471533,0.7259052924791086
0.40946769884222783,0.7259052924791086
0.40953620606974034,0.7259052924791086
0.40960471329725284,0.7259052924791086
0.40967322052476535,0.7259052924791086
0.40974172775227785,0.7259052924791086
0.40981023497979036,0.7259052924791086
0.40987874220730286,0.7259052924791086
0.40994724943481536,0.7259052924791086
0.41001575666232787,0.7259052924791086
0.4100842638898404,0.7259052924791086
0.4101527711173529,0.7259052924791086
0.4102212783448654,0.7259052924791086
0.4102897855723779,0.7264623955431755
0.4103582927998904,0.7264623955431755
0.4104268000274029,0.7264623955431755
0.4104953072549154,0.7264623955431755
0.4105638144824279,0.7264623955431755
0.4106323217099404,0.7264623955431755
0.4107008289374529,0.7264623955431755
0.4107693361649654,0.7264623955431755
0.4108378433924779,0.7264623955431755
0.4109063506199904,0.7264623955431755
0.41097485784750293,0.7264623955431755
0.41104336507501543,0.7264623955431755
0.41111187230252794,0.7264623955431755
0.41118037953004044,0.7264623955431755
0.41124888675755294,0.7264623955431755
0.41131739398506545,0.7264623955431755
0.41138590121257795,0.7264623955431755
0.4114544084400904,0.7264623955431755
0.4115229156676029,0.7264623955431755
0.4115914228951154,0.7264623955431755
0.4116599301226279,0.7264623955431755
0.4117284373501404,0.7264623955431755
0.4117969445776529,0.7264623955431755
0.41186545180516543,0.7264623955431755
0.41193395903267793,0.7264623955431755
0.41200246626019044,0.7264623955431755
0.41207097348770294,0.7264623955431755
0.41213948071521544,0.7264623955431755
0.41220798794272795,0.7264623955431755
0.41227649517024045,0.7264623955431755
0.41234500239775296,0.7264623955431755
0.41241350962526546,0.7264623955431755
0.41248201685277797,0.7264623955431755
0.41255052408029047,0.7264623955431755
0.412619031307803,0.7264623955431755
0.4126875385353155,0.7270194986072424
0.412756045762828,0.7270194986072424
0.4128245529903405,0.7275766016713092
0.412893060217853,0.7275766016713092
0.4129615674453655,0.7275766016713092
0.413030074672878,0.7275766016713092
0.4130985819003905,0.7275766016713092
0.413167089127903,0.7275766016713092
0.4132355963554155,0.7275766016713092
0.413304103582928,0.7275766016713092
0.4133726108104405,0.7275766016713092
0.413441118037953,0.7275766016713092
0.41350962526546553,0.7275766016713092
0.41357813249297803,0.7275766016713092
0.41364663972049054,0.7281337047353761
0.413715146948003,0.7281337047353761
0.4137836541755155,0.7281337047353761
0.413852161403028,0.728690807799443
0.4139206686305405,0.728690807799443
0.413989175858053,0.728690807799443
0.4140576830855655,0.728690807799443
0.414126190313078,0.728690807799443
0.4141946975405905,0.7292479108635097
0.414263204768103,0.7292479108635097
0.4143317119956155,0.7292479108635097
0.41440021922312803,0.7292479108635097
0.41446872645064053,0.7292479108635097
0.41453723367815304,0.7292479108635097
0.41460574090566554,0.7292479108635097
0.41467424813317805,0.7298050139275766
0.41474275536069055,0.7298050139275766
0.41481126258820306,0.7298050139275766
0.41487976981571556,0.7298050139275766
0.41494827704322806,0.7298050139275766
0.41501678427074057,0.7298050139275766
0.4150852914982531,0.7303621169916434
0.4151537987257656,0.7303621169916434
0.4152223059532781,0.7303621169916434
0.4152908131807906,0.7303621169916434
0.4153593204083031,0.7303621169916434
0.4154278276358156,0.7303621169916434
0.4154963348633281,0.7303621169916434
0.4155648420908406,0.7309192200557103
0.4156333493183531,0.7314763231197772
0.4157018565458656,0.7314763231197772
0.4157703637733781,0.7314763231197772
0.4158388710008906,0.7314763231197772
0.4159073782284031,0.7314763231197772
0.4159758854559156,0.7314763231197772
0.4160443926834281,0.7314763231197772
0.4161128999109406,0.7314763231197772
0.4161814071384531,0.7314763231197772
0.4162499143659656,0.7314763231197772
0.4163184215934781,0.7314763231197772
0.4163869288209906,0.7314763231197772
0.4164554360485031,0.7314763231197772
0.4165239432760156,0.7314763231197772
0.4165924505035281,0.7314763231197772
0.4166609577310406,0.7314763231197772
0.4167294649585531,0.7314763231197772
0.4167979721860656,0.7314763231197772
0.41686647941357813,0.7314763231197772
0.41693498664109063,0.7314763231197772
0.41700349386860314,0.7314763231197772
0.41707200109611564,0.7314763231197772
0.41714050832362815,0.732033426183844
0.41720901555114065,0.732033426183844
0.41727752277865315,0.732033426183844
0.41734603000616566,0.7325905292479109
0.41741453723367816,0.7325905292479109
0.41748304446119067,0.7331476323119778
0.41755155168870317,0.7331476323119778
0.4176200589162157,0.7331476323119778
0.4176885661437282,0.7331476323119778
0.4177570733712407,0.7331476323119778
0.4178255805987532,0.7331476323119778
0.4178940878262657,0.7331476323119778
0.4179625950537782,0.7331476323119778
0.4180311022812907,0.7331476323119778
0.4180996095088032,0.7331476323119778
0.41816811673631565,0.7331476323119778
0.41823662396382816,0.7331476323119778
0.41830513119134066,0.7331476323119778
0.41837363841885317,0.7331476323119778
0.41844214564636567,0.7331476323119778
0.4185106528738782,0.7331476323119778
0.4185791601013907,0.7331476323119778
0.4186476673289032,0.7337047353760445
0.4187161745564157,0.7337047353760445
0.4187846817839282,0.7342618384401114
0.4188531890114407,0.7342618384401114
0.4189216962389532,0.7342618384401114
0.4189902034664657,0.7342618384401114
0.4190587106939782,0.7342618384401114
0.4191272179214907,0.7342618384401114
0.4191957251490032,0.7348189415041783
0.4192642323765157,0.7348189415041783
0.4193327396040282,0.7348189415041783
0.41940124683154073,0.7348189415041783
0.41946975405905323,0.7348189415041783
0.41953826128656574,0.7348189415041783
0.41960676851407824,0.7348189415041783
0.41967527574159075,0.7353760445682451
0.41974378296910325,0.7353760445682451
0.41981229019661576,0.7353760445682451
0.41988079742412826,0.7353760445682451
0.41994930465164076,0.7353760445682451
0.42001781187915327,0.7353760445682451
0.4200863191066658,0.7353760445682451
0.4201548263341783,0.7353760445682451
0.4202233335616908,0.7353760445682451
0.4202918407892033,0.7353760445682451
0.4203603480167158,0.735933147632312
0.42042885524422824,0.7364902506963789
0.42049736247174074,0.7364902506963789
0.42056586969925325,0.7364902506963789
0.42063437692676575,0.7370473537604457
0.42070288415427826,0.7370473537604457
0.42077139138179076,0.7370473537604457
0.42083989860930326,0.7370473537604457
0.42090840583681577,0.7370473537604457
0.4209769130643283,0.7370473537604457
0.4210454202918408,0.7370473537604457
0.4211139275193533,0.7370473537604457
0.4211824347468658,0.7370473537604457
0.4212509419743783,0.7370473537604457
0.4213194492018908,0.7370473537604457
0.4213879564294033,0.7370473537604457
0.4214564636569158,0.7370473537604457
0.4215249708844283,0.7370473537604457
0.4215934781119408,0.7370473537604457
0.4216619853394533,0.7370473537604457
0.4217304925669658,0.7370473537604457
0.4217989997944783,0.7370473537604457
0.42186750702199083,0.7370473537604457
0.42193601424950333,0.7370473537604457
0.42200452147701584,0.7370473537604457
0.42207302870452834,0.7370473537604457
0.42214153593204085,0.7370473537604457
0.42221004315955335,0.7370473537604457
0.42227855038706585,0.7370473537604457
0.42234705761457836,0.7376044568245126
0.42241556484209086,0.7376044568245126
0.42248407206960337,0.7376044568245126
0.42255257929711587,0.7376044568245126
0.4226210865246284,0.7376044568245126
0.4226895937521408,0.7376044568245126
0.42275810097965333,0.7376044568245126
0.42282660820716583,0.7376044568245126
0.42289511543467834,0.7376044568245126
0.42296362266219084,0.7376044568245126
0.42303212988970335,0.7381615598885793
0.42310063711721585,0.7381615598885793
0.42316914434472835,0.7387186629526462
0.42323765157224086,0.7387186629526462
0.42330615879975336,0.7387186629526462
0.42337466602726587,0.7387186629526462
0.42344317325477837,0.7387186629526462
0.4235116804822909,0.7387186629526462
0.4235801877098034,0.7387186629526462
0.4236486949373159,0.7387186629526462
0.4237172021648284,0.7387186629526462
0.4237857093923409,0.7387186629526462
0.4238542166198534,0.7387186629526462
0.4239227238473659,0.7387186629526462
0.4239912310748784,0.7387186629526462
0.4240597383023909,0.7392757660167131
0.4241282455299034,0.7398328690807799
0.4241967527574159,0.7398328690807799
0.4242652599849284,0.7398328690807799
0.4243337672124409,0.7398328690807799
0.42440227443995343,0.7398328690807799
0.42447078166746594,0.7398328690807799
0.42453928889497844,0.7398328690807799
0.42460779612249094,0.7398328690807799
0.42467630335000345,0.7398328690807799
0.42474481057751595,0.7398328690807799
0.42481331780502846,0.7398328690807799
0.42488182503254096,0.7398328690807799
0.4249503322600534,0.7398328690807799
0.4250188394875659,0.7398328690807799
0.4250873467150784,0.7398328690807799
0.4251558539425909,0.7398328690807799
0.4252243611701034,0.7398328690807799
0.42529286839761593,0.7398328690807799
0.42536137562512844,0.7398328690807799
0.42542988285264094,0.7398328690807799
0.42549839008015344,0.7398328690807799
0.42556689730766595,0.7398328690807799
0.42563540453517845,0.7398328690807799
0.42570391176269096,0.7398328690807799
0.42577241899020346,0.7398328690807799
0.42584092621771596,0.7398328690807799
0.42590943344522847,0.7398328690807799
0.425977940672741,0.7398328690807799
0.4260464479002535,0.7398328690807799
0.426114955127766,0.7398328690807799
0.4261834623552785,0.7398328690807799
0.426251969582791,0.7398328690807799
0.4263204768103035,0.7398328690807799
0.426388984037816,0.7398328690807799
0.4264574912653285,0.7403899721448468
0.426525998492841,0.7403899721448468
0.4265945057203535,0.7403899721448468
0.426663012947866,0.7403899721448468
0.4267315201753785,0.7403899721448468
0.426800027402891,0.7403899721448468
0.42686853463040353,0.7403899721448468
0.42693704185791603,0.7403899721448468
0.42700554908542854,0.7403899721448468
0.42707405631294104,0.7403899721448468
0.4271425635404535,0.7403899721448468
0.427211070767966,0.7403899721448468
0.4272795779954785,0.7403899721448468
0.427348085222991,0.7403899721448468
0.4274165924505035,0.7403899721448468
0.427485099678016,0.7403899721448468
0.4275536069055285,0.7403899721448468
0.427622114133041,0.7403899721448468
0.4276906213605535,0.7403899721448468
0.42775912858806603,0.7403899721448468
0.42782763581557853,0.7403899721448468
0.42789614304309104,0.7403899721448468
0.42796465027060354,0.7403899721448468
0.42803315749811605,0.7409470752089137
0.42810166472562855,0.7409470752089137
0.42817017195314105,0.7409470752089137
0.42823867918065356,0.7409470752089137
0.42830718640816606,0.7409470752089137
0.42837569363567857,0.7409470752089137
0.42844420086319107,0.7409470752089137
0.4285127080907036,0.7409470752089137
0.4285812153182161,0.7409470752089137
0.4286497225457286,0.7409470752089137
0.4287182297732411,0.7409470752089137
0.4287867370007536,0.7415041782729805
0.4288552442282661,0.7415041782729805
0.4289237514557786,0.7415041782729805
0.4289922586832911,0.7415041782729805
0.4290607659108036,0.7415041782729805
0.4291292731383161,0.7415041782729805
0.4291977803658286,0.7415041782729805
0.4292662875933411,0.7415041782729805
0.4293347948208536,0.7415041782729805
0.4294033020483661,0.7415041782729805
0.4294718092758786,0.7415041782729805
0.4295403165033911,0.7420612813370474
0.4296088237309036,0.7420612813370474
0.4296773309584161,0.7420612813370474
0.4297458381859286,0.7420612813370474
0.4298143454134411,0.7420612813370474
0.4298828526409536,0.7420612813370474
0.4299513598684661,0.7420612813370474
0.4300198670959786,0.7420612813370474
0.4300883743234911,0.7420612813370474
0.4301568815510036,0.7420612813370474
0.4302253887785161,0.7426183844011142
0.43029389600602863,0.7426183844011142
0.43036240323354114,0.7426183844011142
0.43043091046105364,0.7426183844011142
0.43049941768856614,0.7426183844011142
0.43056792491607865,0.7426183844011142
0.43063643214359115,0.7426183844011142
0.43070493937110366,0.7426183844011142
0.43077344659861616,0.7426183844011142
0.43084195382612867,0.7426183844011142
0.43091046105364117,0.7426183844011142
0.4309789682811537,0.7426183844011142
0.4310474755086662,0.7426183844011142
0.4311159827361787,0.743175487465181
0.4311844899636912,0.743175487465181
0.4312529971912037,0.7437325905292479
0.4313215044187162,0.7437325905292479
0.4313900116462287,0.7437325905292479
0.4314585188737412,0.7437325905292479
0.4315270261012537,0.7437325905292479
0.4315955333287662,0.7437325905292479
0.43166404055627866,0.7437325905292479
0.43173254778379117,0.7437325905292479
0.43180105501130367,0.7437325905292479
0.4318695622388162,0.7442896935933148
0.4319380694663287,0.7442896935933148
0.4320065766938412,0.7442896935933148
0.4320750839213537,0.7442896935933148
0.4321435911488662,0.7442896935933148
0.4322120983763787,0.7442896935933148
0.4322806056038912,0.7442896935933148
0.4323491128314037,0.7442896935933148
0.4324176200589162,0.7442896935933148
0.4324861272864287,0.7442896935933148
0.4325546345139412,0.7442896935933148
0.4326231417414537,0.7442896935933148
0.4326916489689662,0.7442896935933148
0.43276015619647873,0.7442896935933148
0.43282866342399123,0.7442896935933148
0.43289717065150374,0.7442896935933148
0.43296567787901624,0.7448467966573816
0.43303418510652875,0.7448467966573816
0.43310269233404125,0.7448467966573816
0.43317119956155375,0.7454038997214485
0.43323970678906626,0.7454038997214485
0.43330821401657876,0.7454038997214485
0.43337672124409127,0.7454038997214485
0.43344522847160377,0.7454038997214485
0.4335137356991163,0.7454038997214485
0.4335822429266288,0.7454038997214485
0.4336507501541413,0.7454038997214485
0.4337192573816538,0.7459610027855154
0.4337877646091663,0.7465181058495822
0.4338562718366788,0.7465181058495822
0.43392477906419125,0.747075208913649
0.43399328629170375,0.747075208913649
0.43406179351921625,0.747075208913649
0.43413030074672876,0.747075208913649
0.43419880797424126,0.747075208913649
0.43426731520175377,0.747075208913649
0.43433582242926627,0.747075208913649
0.4344043296567788,0.747075208913649
0.4344728368842913,0.747075208913649
0.4345413441118038,0.747075208913649
0.4346098513393163,0.747075208913649
0.4346783585668288,0.747075208913649
0.4347468657943413,0.747075208913649
0.4348153730218538,0.747075208913649
0.4348838802493663,0.747075208913649
0.4349523874768788,0.747075208913649
0.4350208947043913,0.747075208913649
0.4350894019319038,0.747075208913649
0.4351579091594163,0.747075208913649
0.4352264163869288,0.747075208913649
0.43529492361444133,0.747075208913649
0.43536343084195384,0.747075208913649
0.43543193806946634,0.747075208913649
0.43550044529697884,0.747075208913649
0.43556895252449135,0.747075208913649
0.43563745975200385,0.747075208913649
0.43570596697951636,0.747075208913649
0.43577447420702886,0.747075208913649
0.43584298143454137,0.747075208913649
0.43591148866205387,0.747075208913649
0.4359799958895664,0.747075208913649
0.4360485031170789,0.747075208913649
0.4361170103445913,0.747075208913649
0.43618551757210383,0.747075208913649
0.43625402479961634,0.747075208913649
0.43632253202712884,0.747075208913649
0.43639103925464134,0.747075208913649
0.43645954648215385,0.747075208913649
0.43652805370966635,0.747075208913649
0.43659656093717886,0.747075208913649
0.43666506816469136,0.747075208913649
0.43673357539220387,0.747075208913649
0.43680208261971637,0.747075208913649
0.4368705898472289,0.747075208913649
0.4369390970747414,0.747075208913649
0.4370076043022539,0.747075208913649
0.4370761115297664,0.747075208913649
0.4371446187572789,0.747075208913649
0.4372131259847914,0.747075208913649
0.4372816332123039,0.747075208913649
0.4373501404398164,0.747075208913649
0.4374186476673289,0.7476323119777158
0.4374871548948414,0.7476323119777158
0.4375556621223539,0.7476323119777158
0.4376241693498664,0.7476323119777158
0.4376926765773789,0.7476323119777158
0.43776118380489143,0.7476323119777158
0.43782969103240393,0.7476323119777158
0.43789819825991644,0.7476323119777158
0.43796670548742894,0.7476323119777158
0.43803521271494145,0.7476323119777158
0.43810371994245395,0.7476323119777158
0.43817222716996646,0.7476323119777158
0.43824073439747896,0.7481894150417827
0.43830924162499146,0.7481894150417827
0.4383777488525039,0.7481894150417827
0.4384462560800164,0.7481894150417827
0.4385147633075289,0.7481894150417827
0.4385832705350414,0.7481894150417827
0.43865177776255393,0.7481894150417827
0.43872028499006643,0.7481894150417827
0.43878879221757894,0.7487465181058496
0.43885729944509144,0.7487465181058496
0.43892580667260395,0.7493036211699164
0.43899431390011645,0.7493036211699164
0.43906282112762895,0.7493036211699164
0.43913132835514146,0.7498607242339833
0.43919983558265396,0.7498607242339833
0.43926834281016647,0.7498607242339833
0.43933685003767897,0.7498607242339833
0.4394053572651915,0.7498607242339833
0.439473864492704,0.7498607242339833
0.4395423717202165,0.7498607242339833
0.439610878947729,0.7498607242339833
0.4396793861752415,0.7498607242339833
0.439747893402754,0.7498607242339833
0.4398164006302665,0.7498607242339833
0.439884907857779,0.7498607242339833
0.4399534150852915,0.7498607242339833
0.440021922312804,0.7498607242339833
0.4400904295403165,0.7498607242339833
0.440158936767829,0.7498607242339833
0.4402274439953415,0.7498607242339833
0.44029595122285403,0.7498607242339833
0.44036445845036654,0.7498607242339833
0.44043296567787904,0.7498607242339833
0.44050147290539154,0.7498607242339833
0.44056998013290405,0.7498607242339833
0.4406384873604165,0.7498607242339833
0.440706994587929,0.7504178272980502
0.4407755018154415,0.7504178272980502
0.440844009042954,0.7504178272980502
0.4409125162704665,0.7504178272980502
0.440981023497979,0.7504178272980502
0.4410495307254915,0.7504178272980502
0.441118037953004,0.7504178272980502
0.44118654518051653,0.7504178272980502
0.44125505240802904,0.7504178272980502
0.44132355963554154,0.7504178272980502
0.44139206686305404,0.7504178272980502
0.44146057409056655,0.7504178272980502
0.44152908131807905,0.7504178272980502
0.44159758854559156,0.7504178272980502
0.44166609577310406,0.7504178272980502
0.44173460300061657,0.7504178272980502
0.44180311022812907,0.7504178272980502
0.4418716174556416,0.7504178272980502
0.4419401246831541,0.7504178272980502
0.4420086319106666,0.7504178272980502
0.4420771391381791,0.7504178272980502
0.4421456463656916,0.7504178272980502
0.4422141535932041,0.7504178272980502
0.4422826608207166,0.7504178272980502
0.4423511680482291,0.7504178272980502
0.4424196752757416,0.7504178272980502
0.4424881825032541,0.7504178272980502
0.4425566897307666,0.7504178272980502
0.4426251969582791,0.7504178272980502
0.4426937041857916,0.7504178272980502
0.44276221141330413,0.7504178272980502
0.4428307186408166,0.7504178272980502
0.4428992258683291,0.7504178272980502
0.4429677330958416,0.7504178272980502
0.4430362403233541,0.750974930362117
0.4431047475508666,0.750974930362117
0.4431732547783791,0.750974930362117
0.4432417620058916,0.750974930362117
0.4433102692334041,0.750974930362117
0.4433787764609166,0.750974930362117
0.4434472836884291,0.750974930362117
0.4435157909159416,0.750974930362117
0.4435842981434541,0.750974930362117
0.44365280537096663,0.750974930362117
0.44372131259847913,0.750974930362117
0.44378981982599164,0.750974930362117
0.44385832705350414,0.7515320334261838
0.44392683428101665,0.7515320334261838
0.44399534150852915,0.7515320334261838
0.44406384873604166,0.7515320334261838
0.44413235596355416,0.7515320334261838
0.44420086319106666,0.7515320334261838
0.44426937041857917,0.7515320334261838
0.4443378776460917,0.7515320334261838
0.4444063848736042,0.7520891364902507
0.4444748921011167,0.7526462395543175
0.4445433993286292,0.7526462395543175
0.4446119065561417,0.7526462395543175
0.4446804137836542,0.7532033426183844
0.4447489210111667,0.7532033426183844
0.4448174282386792,0.7532033426183844
0.4448859354661917,0.7537604456824513
0.4449544426937042,0.7537604456824513
0.4450229499212167,0.7537604456824513
0.44509145714872916,0.7537604456824513
0.44515996437624167,0.7537604456824513
0.4452284716037542,0.7537604456824513
0.4452969788312667,0.7537604456824513
0.4453654860587792,0.7537604456824513
0.4454339932862917,0.7537604456824513
0.4455025005138042,0.7537604456824513
0.4455710077413167,0.7537604456824513
0.4456395149688292,0.7543175487465181
0.4457080221963417,0.7543175487465181
0.4457765294238542,0.7543175487465181
0.4458450366513667,0.7543175487465181
0.4459135438788792,0.754874651810585
0.4459820511063917,0.754874651810585
0.4460505583339042,0.754874651810585
0.4461190655614167,0.754874651810585
0.44618757278892923,0.754874651810585
0.44625608001644174,0.754874651810585
0.44632458724395424,0.754874651810585
0.44639309447146674,0.754874651810585
0.44646160169897925,0.754874651810585
0.44653010892649175,0.754874651810585
0.44659861615400426,0.754874651810585
0.44666712338151676,0.754874651810585
0.44673563060902927,0.7554317548746519
0.44680413783654177,0.7554317548746519
0.4468726450640543,0.7554317548746519
0.4469411522915668,0.7554317548746519
0.4470096595190793,0.7554317548746519
0.4470781667465918,0.7554317548746519
0.4471466739741043,0.7554317548746519
0.4472151812016168,0.7554317548746519
0.4472836884291293,0.7554317548746519
0.44735219565664175,0.7554317548746519
0.44742070288415425,0.7554317548746519
0.44748921011166676,0.7554317548746519
0.44755771733917926,0.7554317548746519
0.44762622456669177,0.7554317548746519
0.44769473179420427,0.7554317548746519
0.4477632390217168,0.7554317548746519
0.4478317462492293,0.7559888579387186
0.4479002534767418,0.7559888579387186
0.4479687607042543,0.7559888579387186
0.4480372679317668,0.7565459610027855
0.4481057751592793,0.7565459610027855
0.4481742823867918,0.7565459610027855
0.4482427896143043,0.7565459610027855
0.4483112968418168,0.7571030640668523
0.4483798040693293,0.7571030640668523
0.4484483112968418,0.7571030640668523
0.4485168185243543,0.7571030640668523
0.4485853257518668,0.7571030640668523
0.44865383297937933,0.7571030640668523
0.44872234020689183,0.7571030640668523
0.44879084743440434,0.7571030640668523
0.44885935466191684,0.7571030640668523
0.44892786188942935,0.7571030640668523
0.44899636911694185,0.7571030640668523
0.44906487634445436,0.7571030640668523
0.44913338357196686,0.7571030640668523
0.44920189079947936,0.7571030640668523
0.44927039802699187,0.7571030640668523
0.4493389052545044,0.7571030640668523
0.4494074124820169,0.7571030640668523
0.4494759197095294,0.7571030640668523
0.4495444269370419,0.7571030640668523
0.44961293416455433,0.7571030640668523
0.44968144139206684,0.7571030640668523
0.44974994861957934,0.7571030640668523
0.44981845584709185,0.7571030640668523
0.44988696307460435,0.7571030640668523
0.44995547030211686,0.7571030640668523
0.45002397752962936,0.7571030640668523
0.45009248475714186,0.7571030640668523
0.45016099198465437,0.7576601671309192
0.4502294992121669,0.7576601671309192
0.4502980064396794,0.7576601671309192
0.4503665136671919,0.7576601671309192
0.4504350208947044,0.7576601671309192
0.4505035281222169,0.7576601671309192
0.4505720353497294,0.7582172701949861
0.4506405425772419,0.7582172701949861
0.4507090498047544,0.7582172701949861
0.4507775570322669,0.7582172701949861
0.4508460642597794,0.7582172701949861
0.4509145714872919,0.7582172701949861
0.4509830787148044,0.7582172701949861
0.4510515859423169,0.7582172701949861
0.45112009316982943,0.7582172701949861
0.45118860039734193,0.758774373259053
0.45125710762485444,0.758774373259053
0.45132561485236694,0.758774373259053
0.45139412207987945,0.758774373259053
0.45146262930739195,0.758774373259053
0.45153113653490445,0.758774373259053
0.45159964376241696,0.758774373259053
0.45166815098992946,0.7593314763231198
0.45173665821744197,0.7593314763231198
0.4518051654449544,0.7593314763231198
0.4518736726724669,0.7593314763231198
0.4519421798999794,0.7593314763231198
0.45201068712749193,0.7593314763231198
0.45207919435500443,0.7593314763231198
0.45214770158251694,0.7593314763231198
0.45221620881002944,0.7593314763231198
0.45228471603754195,0.7593314763231198
0.45235322326505445,0.7598885793871867
0.45242173049256695,0.7604456824512534
0.45249023772007946,0.7604456824512534
0.45255874494759196,0.7604456824512534
0.45262725217510447,0.7604456824512534
0.45269575940261697,0.7604456824512534
0.4527642666301295,0.7604456824512534
0.452832773857642,0.7604456824512534
0.4529012810851545,0.7604456824512534
0.452969788312667,0.7604456824512534
0.4530382955401795,0.7604456824512534
0.453106802767692,0.7604456824512534
0.4531753099952045,0.7604456824512534
0.453243817222717,0.7604456824512534
0.4533123244502295,0.7604456824512534
0.453380831677742,0.7604456824512534
0.4534493389052545,0.7604456824512534
0.453517846132767,0.7604456824512534
0.4535863533602795,0.7604456824512534
0.45365486058779203,0.7604456824512534
0.45372336781530453,0.7604456824512534
0.45379187504281704,0.7604456824512534
0.45386038227032954,0.7604456824512534
0.45392888949784205,0.7604456824512534
0.45399739672535455,0.7604456824512534
0.454065903952867,0.7604456824512534
0.4541344111803795,0.7604456824512534
0.454202918407892,0.7604456824512534
0.4542714256354045,0.7610027855153203
0.454339932862917,0.7610027855153203
0.4544084400904295,0.7610027855153203
0.454476947317942,0.7610027855153203
0.45454545454545453,0.7610027855153203
0.45461396177296703,0.7610027855153203
0.45468246900047954,0.7610027855153203
0.45475097622799204,0.7610027855153203
0.45481948345550455,0.7610027855153203
0.45488799068301705,0.7610027855153203
0.45495649791052956,0.7610027855153203
0.45502500513804206,0.7610027855153203
0.45509351236555456,0.7610027855153203
0.45516201959306707,0.7610027855153203
0.4552305268205796,0.7610027855153203
0.4552990340480921,0.7610027855153203
0.4553675412756046,0.7610027855153203
0.4554360485031171,0.7610027855153203
0.4555045557306296,0.7610027855153203
0.4555730629581421,0.7610027855153203
0.4556415701856546,0.7610027855153203
0.4557100774131671,0.7610027855153203
0.4557785846406796,0.7610027855153203
0.4558470918681921,0.7610027855153203
0.4559155990957046,0.7610027855153203
0.4559841063232171,0.7610027855153203
0.4560526135507296,0.7610027855153203
0.45612112077824213,0.7610027855153203
0.45618962800575463,0.7610027855153203
0.45625813523326714,0.7610027855153203
0.4563266424607796,0.7610027855153203
0.4563951496882921,0.7610027855153203
0.4564636569158046,0.7610027855153203
0.4565321641433171,0.7610027855153203
0.4566006713708296,0.7610027855153203
0.4566691785983421,0.7610027855153203
0.4567376858258546,0.7610027855153203
0.4568061930533671,0.7615598885793872
0.4568747002808796,0.7615598885793872
0.4569432075083921,0.7615598885793872
0.45701171473590463,0.7615598885793872
0.45708022196341713,0.7615598885793872
0.45714872919092964,0.7615598885793872
0.45721723641844214,0.7615598885793872
0.45728574364595465,0.7615598885793872
0.45735425087346715,0.7615598885793872
0.45742275810097965,0.7615598885793872
0.45749126532849216,0.7615598885793872
0.45755977255600466,0.7615598885793872
0.45762827978351717,0.7615598885793872
0.45769678701102967,0.7615598885793872
0.4577652942385422,0.7615598885793872
0.4578338014660547,0.7615598885793872
0.4579023086935672,0.7615598885793872
0.4579708159210797,0.7615598885793872
0.4580393231485922,0.7615598885793872
0.4581078303761047,0.7615598885793872
0.4581763376036172,0.7615598885793872
0.4582448448311297,0.7615598885793872
0.4583133520586422,0.7615598885793872
0.4583818592861547,0.762116991643454
0.4584503665136672,0.762116991643454
0.4585188737411797,0.762116991643454
0.45858738096869217,0.7626740947075209
0.4586558881962047,0.7626740947075209
0.4587243954237172,0.7626740947075209
0.4587929026512297,0.7626740947075209
0.4588614098787422,0.7626740947075209
0.4589299171062547,0.7626740947075209
0.4589984243337672,0.7626740947075209
0.4590669315612797,0.7632311977715878
0.4591354387887922,0.7632311977715878
0.4592039460163047,0.7632311977715878
0.4592724532438172,0.7632311977715878
0.4593409604713297,0.7637883008356546
0.4594094676988422,0.7637883008356546
0.4594779749263547,0.7637883008356546
0.45954648215386723,0.7637883008356546
0.45961498938137973,0.7637883008356546
0.45968349660889224,0.7637883008356546
0.45975200383640474,0.7637883008356546
0.45982051106391725,0.7637883008356546
0.45988901829142975,0.7637883008356546
0.45995752551894226,0.7643454038997215
0.46002603274645476,0.7643454038997215
0.46009453997396726,0.7643454038997215
0.46016304720147977,0.7643454038997215
0.4602315544289923,0.7643454038997215
0.4603000616565048,0.7649025069637883
0.4603685688840173,0.7654596100278551
0.4604370761115298,0.7654596100278551
0.4605055833390423,0.7654596100278551
0.4605740905665548,0.7654596100278551
0.4606425977940673,0.7654596100278551
0.4607111050215798,0.7654596100278551
0.46077961224909225,0.7654596100278551
0.46084811947660476,0.7654596100278551
0.46091662670411726,0.7654596100278551
0.46098513393162976,0.7654596100278551
0.46105364115914227,0.7654596100278551
0.4611221483866548,0.7654596100278551
0.4611906556141673,0.7654596100278551
0.4612591628416798,0.766016713091922
0.4613276700691923,0.766016713091922
0.4613961772967048,0.766016713091922
0.4614646845242173,0.766016713091922
0.4615331917517298,0.766016713091922
0.4616016989792423,0.766016713091922
0.4616702062067548,0.766016713091922
0.4617387134342673,0.766016713091922
0.4618072206617798,0.766016713091922
0.4618757278892923,0.766016713091922
0.4619442351168048,0.766016713091922
0.46201274234431733,0.766016713091922
0.46208124957182983,0.766016713091922
0.46214975679934234,0.766016713091922
0.46221826402685484,0.766016713091922
0.46228677125436735,0.766016713091922
0.46235527848187985,0.7665738161559889
0.46242378570939235,0.7665738161559889
0.46249229293690486,0.7665738161559889
0.46256080016441736,0.7671309192200557
0.46262930739192987,0.7671309192200557
0.46269781461944237,0.7671309192200557
0.4627663218469549,0.7671309192200557
0.4628348290744674,0.7671309192200557
0.4629033363019799,0.7671309192200557
0.4629718435294924,0.7671309192200557
0.46304035075700484,0.7671309192200557
0.46310885798451734,0.7671309192200557
0.46317736521202985,0.7671309192200557
0.46324587243954235,0.7671309192200557
0.46331437966705485,0.7671309192200557
0.46338288689456736,0.7671309192200557
0.46345139412207986,0.7671309192200557
0.46351990134959237,0.7671309192200557
0.46358840857710487,0.7671309192200557
0.4636569158046174,0.7676880222841226
0.4637254230321299,0.7676880222841226
0.4637939302596424,0.7676880222841226
0.4638624374871549,0.7676880222841226
0.4639309447146674,0.7676880222841226
0.4639994519421799,0.7676880222841226
0.4640679591696924,0.7682451253481895
0.4641364663972049,0.7682451253481895
0.4642049736247174,0.7682451253481895
0.4642734808522299,0.7682451253481895
0.4643419880797424,0.7682451253481895
0.4644104953072549,0.7682451253481895
0.4644790025347674,0.7682451253481895
0.46454750976227993,0.7682451253481895
0.46461601698979244,0.7682451253481895
0.46468452421730494,0.7682451253481895
0.46475303144481744,0.7682451253481895
0.46482153867232995,0.7682451253481895
0.46489004589984245,0.7682451253481895
0.46495855312735496,0.7682451253481895
0.46502706035486746,0.7682451253481895
0.46509556758237997,0.7682451253481895
0.46516407480989247,0.7682451253481895
0.465232582037405,0.7682451253481895
0.4653010892649174,0.7682451253481895
0.4653695964924299,0.7682451253481895
0.46543810371994243,0.7682451253481895
0.46550661094745494,0.7682451253481895
0.46557511817496744,0.7682451253481895
0.46564362540247994,0.7682451253481895
0.46571213262999245,0.7682451253481895
0.46578063985750495,0.7682451253481895
0.46584914708501746,0.7682451253481895
0.46591765431252996,0.7682451253481895
0.46598616154004247,0.7688022284122563
0.46605466876755497,0.7688022284122563
0.4661231759950675,0.7688022284122563
0.46619168322258,0.7688022284122563
0.4662601904500925,0.7688022284122563
0.466328697677605,0.7688022284122563
0.4663972049051175,0.7688022284122563
0.46646571213263,0.7688022284122563
0.4665342193601425,0.7688022284122563
0.466602726587655,0.7688022284122563
0.4666712338151675,0.7688022284122563
0.46673974104268,0.7688022284122563
0.4668082482701925,0.7688022284122563
0.466876755497705,0.7688022284122563
0.4669452627252175,0.7688022284122563
0.46701376995273003,0.7688022284122563
0.46708227718024253,0.7688022284122563
0.46715078440775504,0.7688022284122563
0.46721929163526754,0.7688022284122563
0.46728779886278005,0.7688022284122563
0.46735630609029255,0.7688022284122563
0.46742481331780505,0.7688022284122563
0.4674933205453175,0.7688022284122563
0.46756182777283,0.7693593314763231
0.4676303350003425,0.7693593314763231
0.467698842227855,0.7693593314763231
0.4677673494553675,0.7693593314763231
0.46783585668288,0.7699164345403899
0.46790436391039253,0.7699164345403899
0.46797287113790503,0.7699164345403899
0.46804137836541754,0.7699164345403899
0.46810988559293004,0.7699164345403899
0.46817839282044255,0.7699164345403899
0.46824690004795505,0.7699164345403899
0.46831540727546755,0.7699164345403899
0.46838391450298006,0.7699164345403899
0.46845242173049256,0.7699164345403899
0.46852092895800507,0.7699164345403899
0.46858943618551757,0.7699164345403899
0.4686579434130301,0.7699164345403899
0.4687264506405426,0.7699164345403899
0.4687949578680551,0.7699164345403899
0.4688634650955676,0.7699164345403899
0.4689319723230801,0.7699164345403899
0.4690004795505926,0.7699164345403899
0.4690689867781051,0.7699164345403899
0.4691374940056176,0.7699164345403899
0.4692060012331301,0.7699164345403899
0.4692745084606426,0.7699164345403899
0.4693430156881551,0.7704735376044568
0.4694115229156676,0.7704735376044568
0.4694800301431801,0.7704735376044568
0.46954853737069263,0.7704735376044568
0.46961704459820514,0.7704735376044568
0.46968555182571764,0.7704735376044568
0.4697540590532301,0.7704735376044568
0.4698225662807426,0.7704735376044568
0.4698910735082551,0.7704735376044568
0.4699595807357676,0.7704735376044568
0.4700280879632801,0.7704735376044568
0.4700965951907926,0.7704735376044568
0.4701651024183051,0.7704735376044568
0.4702336096458176,0.7704735376044568
0.4703021168733301,0.7704735376044568
0.4703706241008426,0.7704735376044568
0.47043913132835513,0.7704735376044568
0.47050763855586764,0.7704735376044568
0.47057614578338014,0.7704735376044568
0.47064465301089264,0.7704735376044568
0.47071316023840515,0.7710306406685237
0.47078166746591765,0.7710306406685237
0.47085017469343016,0.7710306406685237
0.47091868192094266,0.7715877437325905
0.47098718914845517,0.7715877437325905
0.47105569637596767,0.7715877437325905
0.4711242036034802,0.7715877437325905
0.4711927108309927,0.7715877437325905
0.4712612180585052,0.7715877437325905
0.4713297252860177,0.7715877437325905
0.4713982325135302,0.7715877437325905
0.4714667397410427,0.7715877437325905
0.4715352469685552,0.7715877437325905
0.4716037541960677,0.7715877437325905
0.4716722614235802,0.7715877437325905
0.4717407686510927,0.7715877437325905
0.4718092758786052,0.7715877437325905
0.4718777831061177,0.7715877437325905
0.4719462903336302,0.7715877437325905
0.4720147975611427,0.7715877437325905
0.4720833047886552,0.7715877437325905
0.4721518120161677,0.7715877437325905
0.4722203192436802,0.7721448467966574
0.4722888264711927,0.7721448467966574
0.4723573336987052,0.7727019498607243
0.4724258409262177,0.7727019498607243
0.4724943481537302,0.7727019498607243
0.4725628553812427,0.7727019498607243
0.4726313626087552,0.7727019498607243
0.4726998698362677,0.7727019498607243
0.4727683770637802,0.7727019498607243
0.4728368842912927,0.7727019498607243
0.47290539151880523,0.7727019498607243
0.47297389874631773,0.7727019498607243
0.47304240597383024,0.7727019498607243
0.47311091320134274,0.7727019498607243
0.47317942042885525,0.7727019498607243
0.47324792765636775,0.7727019498607243
0.47331643488388025,0.7727019498607243
0.47338494211139276,0.7727019498607243
0.47345344933890526,0.7727019498607243
0.47352195656641777,0.7727019498607243
0.47359046379393027,0.7732590529247911
0.4736589710214428,0.7732590529247911
0.4737274782489553,0.7732590529247911
0.4737959854764678,0.7732590529247911
0.4738644927039803,0.7732590529247911
0.4739329999314928,0.7732590529247911
0.4740015071590053,0.7732590529247911
0.4740700143865178,0.7732590529247911
0.4741385216140303,0.7732590529247911
0.4742070288415428,0.7732590529247911
0.47427553606905526,0.7732590529247911
0.47434404329656776,0.7732590529247911
0.47441255052408027,0.7732590529247911
0.47448105775159277,0.7738161559888579
0.4745495649791053,0.7738161559888579
0.4746180722066178,0.7738161559888579
0.4746865794341303,0.7738161559888579
0.4747550866616428,0.7738161559888579
0.4748235938891553,0.7738161559888579
0.4748921011166678,0.7738161559888579
0.4749606083441803,0.7738161559888579
0.4750291155716928,0.7738161559888579
0.4750976227992053,0.7738161559888579
0.4751661300267178,0.7738161559888579
0.4752346372542303,0.7738161559888579
0.4753031444817428,0.7738161559888579
0.4753716517092553,0.7738161559888579
0.47544015893676783,0.7738161559888579
0.47550866616428034,0.7738161559888579
0.47557717339179284,0.7738161559888579
0.47564568061930534,0.7738161559888579
0.47571418784681785,0.7738161559888579
0.47578269507433035,0.7738161559888579
0.47585120230184286,0.7738161559888579
0.47591970952935536,0.7738161559888579
0.47598821675686787,0.7738161559888579
0.47605672398438037,0.7738161559888579
0.4761252312118929,0.7743732590529248
0.4761937384394054,0.7743732590529248
0.4762622456669179,0.7743732590529248
0.4763307528944304,0.7743732590529248
0.4763992601219429,0.7743732590529248
0.47646776734945534,0.7743732590529248
0.47653627457696784,0.7743732590529248
0.47660478180448035,0.7743732590529248
0.47667328903199285,0.7743732590529248
0.47674179625950536,0.7743732590529248
0.47681030348701786,0.7749303621169916
0.47687881071453037,0.7749303621169916
0.47694731794204287,0.7749303621169916
0.4770158251695554,0.7749303621169916
0.4770843323970679,0.7749303621169916
0.4771528396245804,0.7749303621169916
0.4772213468520929,0.7749303621169916
0.4772898540796054,0.7754874651810585
0.4773583613071179,0.7754874651810585
0.4774268685346304,0.7754874651810585
0.4774953757621429,0.7760445682451254
0.4775638829896554,0.7760445682451254
0.4776323902171679,0.7760445682451254
0.4777008974446804,0.7760445682451254
0.4777694046721929,0.7760445682451254
0.4778379118997054,0.7760445682451254
0.47790641912721793,0.7760445682451254
0.47797492635473043,0.7760445682451254
0.47804343358224294,0.7760445682451254
0.47811194080975544,0.7766016713091922
0.47818044803726795,0.7766016713091922
0.47824895526478045,0.7771587743732591
0.47831746249229296,0.7771587743732591
0.47838596971980546,0.7771587743732591
0.47845447694731796,0.7771587743732591
0.47852298417483047,0.7771587743732591
0.478591491402343,0.777715877437326
0.4786599986298555,0.777715877437326
0.4787285058573679,0.777715877437326
0.47879701308488043,0.777715877437326
0.47886552031239293,0.7782729805013927
0.47893402753990544,0.7782729805013927
0.47900253476741794,0.7782729805013927
0.47907104199493045,0.7782729805013927
0.47913954922244295,0.7782729805013927
0.47920805644995546,0.7782729805013927
0.47927656367746796,0.7782729805013927
0.47934507090498046,0.7782729805013927
0.47941357813249297,0.7782729805013927
0.47948208536000547,0.7782729805013927
0.479550592587518,0.7782729805013927
0.4796190998150305,0.7782729805013927
0.479687607042543,0.7782729805013927
0.4797561142700555,0.7788300835654596
0.479824621497568,0.7788300835654596
0.4798931287250805,0.7788300835654596
0.479961635952593,0.7788300835654596
0.4800301431801055,0.7788300835654596
0.480098650407618,0.7788300835654596
0.4801671576351305,0.7788300835654596
0.480235664862643,0.7788300835654596
0.4803041720901555,0.7788300835654596
0.480372679317668,0.7788300835654596
0.48044118654518053,0.7788300835654596
0.48050969377269304,0.7788300835654596
0.48057820100020554,0.7788300835654596
0.48064670822771804,0.7788300835654596
0.48071521545523055,0.7788300835654596
0.48078372268274305,0.7788300835654596
0.48085222991025556,0.7788300835654596
0.48092073713776806,0.7788300835654596
0.4809892443652805,0.7788300835654596
0.481057751592793,0.7788300835654596
0.4811262588203055,0.7788300835654596
0.481194766047818,0.7788300835654596
0.4812632732753305,0.7793871866295264
0.48133178050284303,0.7793871866295264
0.48140028773035554,0.7793871866295264
0.48146879495786804,0.7793871866295264
0.48153730218538054,0.7793871866295264
0.48160580941289305,0.7793871866295264
0.48167431664040555,0.7793871866295264
0.48174282386791806,0.7793871866295264
0.48181133109543056,0.7793871866295264
0.48187983832294307,0.7793871866295264
0.48194834555045557,0.7793871866295264
0.4820168527779681,0.7793871866295264
0.4820853600054806,0.7793871866295264
0.4821538672329931,0.7799442896935933
0.4822223744605056,0.7799442896935933
0.4822908816880181,0.7799442896935933
0.4823593889155306,0.7799442896935933
0.4824278961430431,0.7799442896935933
0.4824964033705556,0.7799442896935933
0.4825649105980681,0.7799442896935933
0.4826334178255806,0.7799442896935933
0.4827019250530931,0.7799442896935933
0.4827704322806056,0.7799442896935933
0.4828389395081181,0.7805013927576602
0.48290744673563063,0.7805013927576602
0.48297595396314313,0.7805013927576602
0.48304446119065564,0.7805013927576602
0.48311296841816814,0.7805013927576602
0.48318147564568065,0.7805013927576602
0.4832499828731931,0.7805013927576602
0.4833184901007056,0.7805013927576602
0.4833869973282181,0.7805013927576602
0.4834555045557306,0.781058495821727
0.4835240117832431,0.781058495821727
0.4835925190107556,0.781058495821727
0.4836610262382681,0.781058495821727
0.4837295334657806,0.781058495821727
0.48379804069329313,0.781058495821727
0.48386654792080563,0.781058495821727
0.48393505514831814,0.781058495821727
0.48400356237583064,0.781058495821727
0.48407206960334315,0.781058495821727
0.48414057683085565,0.781058495821727
0.48420908405836816,0.781058495821727
0.48427759128588066,0.781058495821727
0.48434609851339316,0.781058495821727
0.48441460574090567,0.781058495821727
0.4844831129684182,0.781058495821727
0.4845516201959307,0.781058495821727
0.4846201274234432,0.781058495821727
0.4846886346509557,0.781058495821727
0.4847571418784682,0.781058495821727
0.4848256491059807,0.781058495821727
0.4848941563334932,0.781058495821727
0.4849626635610057,0.781058495821727
0.4850311707885182,0.781058495821727
0.4850996780160307,0.781058495821727
0.4851681852435432,0.781058495821727
0.4852366924710557,0.781058495821727
0.4853051996985682,0.781058495821727
0.48537370692608073,0.781058495821727
0.4854422141535932,0.781058495821727
0.4855107213811057,0.781058495821727
0.4855792286086182,0.781058495821727
0.4856477358361307,0.781058495821727
0.4857162430636432,0.781058495821727
0.4857847502911557,0.781058495821727
0.4858532575186682,0.781058495821727
0.4859217647461807,0.781058495821727
0.4859902719736932,0.781058495821727
0.4860587792012057,0.781058495821727
0.4861272864287182,0.781058495821727
0.4861957936562307,0.7816155988857939
0.48626430088374323,0.7816155988857939
0.48633280811125573,0.7816155988857939
0.48640131533876824,0.7816155988857939
0.48646982256628074,0.7816155988857939
0.48653832979379324,0.7821727019498608
0.48660683702130575,0.7821727019498608
0.48667534424881825,0.7821727019498608
0.48674385147633076,0.7821727019498608
0.48681235870384326,0.7821727019498608
0.48688086593135577,0.7821727019498608
0.48694937315886827,0.7821727019498608
0.4870178803863808,0.7821727019498608
0.4870863876138933,0.7821727019498608
0.4871548948414058,0.7821727019498608
0.4872234020689183,0.7821727019498608
0.4872919092964308,0.7821727019498608
0.4873604165239433,0.7821727019498608
0.4874289237514558,0.7821727019498608
0.4874974309789683,0.7821727019498608
0.4875659382064808,0.7821727019498608
0.4876344454339933,0.7821727019498608
0.48770295266150576,0.7821727019498608
0.48777145988901827,0.7821727019498608
0.48783996711653077,0.7821727019498608
0.4879084743440433,0.7821727019498608
0.4879769815715558,0.7821727019498608
0.4880454887990683,0.7827298050139275
0.4881139960265808,0.7827298050139275
0.4881825032540933,0.7827298050139275
0.4882510104816058,0.7827298050139275
0.4883195177091183,0.7832869080779944
0.4883880249366308,0.7832869080779944
0.4884565321641433,0.7832869080779944
0.4885250393916558,0.7832869080779944
0.4885935466191683,0.7832869080779944
0.4886620538466808,0.7832869080779944
0.4887305610741933,0.7832869080779944
0.48879906830170583,0.7838440111420613
0.48886757552921833,0.7838440111420613
0.48893608275673084,0.7838440111420613
0.48900458998424334,0.7844011142061281
0.48907309721175585,0.7844011142061281
0.48914160443926835,0.7844011142061281
0.48921011166678086,0.7844011142061281
0.48927861889429336,0.7844011142061281
0.48934712612180586,0.7844011142061281
0.48941563334931837,0.7844011142061281
0.4894841405768309,0.7844011142061281
0.4895526478043434,0.7844011142061281
0.4896211550318559,0.7844011142061281
0.4896896622593684,0.7844011142061281
0.4897581694868809,0.7844011142061281
0.4898266767143934,0.7844011142061281
0.4898951839419059,0.7844011142061281
0.48996369116941835,0.7844011142061281
0.49003219839693085,0.7844011142061281
0.49010070562444336,0.7844011142061281
0.49016921285195586,0.784958217270195
0.49023772007946836,0.7855153203342619
0.49030622730698087,0.7855153203342619
0.4903747345344934,0.7855153203342619
0.4904432417620059,0.7855153203342619
0.4905117489895184,0.7855153203342619
0.4905802562170309,0.7855153203342619
0.4906487634445434,0.7855153203342619
0.4907172706720559,0.7855153203342619
0.4907857778995684,0.7860724233983287
0.4908542851270809,0.7860724233983287
0.4909227923545934,0.7860724233983287
0.4909912995821059,0.7860724233983287
0.4910598068096184,0.7860724233983287
0.4911283140371309,0.7860724233983287
0.4911968212646434,0.7860724233983287
0.49126532849215593,0.7860724233983287
0.49133383571966843,0.7860724233983287
0.49140234294718094,0.7860724233983287
0.49147085017469344,0.7860724233983287
0.49153935740220595,0.7860724233983287
0.49160786462971845,0.7860724233983287
0.49167637185723095,0.7860724233983287
0.49174487908474346,0.7860724233983287
0.49181338631225596,0.7860724233983287
0.49188189353976847,0.7860724233983287
0.49195040076728097,0.7860724233983287
0.4920189079947935,0.7860724233983287
0.492087415222306,0.7866295264623956
0.49215592244981843,0.7871866295264623
0.49222442967733093,0.7871866295264623
0.49229293690484344,0.7871866295264623
0.49236144413235594,0.7871866295264623
0.49242995135986845,0.7871866295264623
0.49249845858738095,0.7871866295264623
0.49256696581489345,0.7871866295264623
0.49263547304240596,0.7871866295264623
0.49270398026991846,0.7871866295264623
0.49277248749743097,0.7871866295264623
0.49284099472494347,0.7871866295264623
0.492909501952456,0.7871866295264623
0.4929780091799685,0.7871866295264623
0.493046516407481,0.7871866295264623
0.4931150236349935,0.7871866295264623
0.493183530862506,0.7871866295264623
0.4932520380900185,0.7877437325905292
0.493320545317531,0.7877437325905292
0.4933890525450435,0.7877437325905292
0.493457559772556,0.7877437325905292
0.4935260670000685,0.7877437325905292
0.493594574227581,0.7877437325905292
0.4936630814550935,0.7877437325905292
0.493731588682606,0.7877437325905292
0.49380009591011853,0.7877437325905292
0.49386860313763103,0.7877437325905292
0.49393711036514354,0.7877437325905292
0.49400561759265604,0.7877437325905292
0.49407412482016855,0.7877437325905292
0.49414263204768105,0.7877437325905292
0.49421113927519356,0.7877437325905292
0.49427964650270606,0.7877437325905292
0.49434815373021856,0.7877437325905292
0.494416660957731,0.7877437325905292
0.4944851681852435,0.7877437325905292
0.494553675412756,0.7877437325905292
0.4946221826402685,0.7883008356545961
0.49469068986778103,0.7883008356545961
0.49475919709529353,0.7883008356545961
0.49482770432280604,0.7883008356545961
0.49489621155031854,0.7883008356545961
0.49496471877783105,0.7888579387186629
0.49503322600534355,0.7888579387186629
0.49510173323285606,0.7888579387186629
0.49517024046036856,0.7894150417827298
0.49523874768788106,0.7894150417827298
0.49530725491539357,0.7894150417827298
0.4953757621429061,0.7894150417827298
0.4954442693704186,0.7894150417827298
0.4955127765979311,0.7894150417827298
0.4955812838254436,0.7894150417827298
0.4956497910529561,0.7894150417827298
0.4957182982804686,0.7894150417827298
0.4957868055079811,0.7894150417827298
0.4958553127354936,0.7899721448467967
0.4959238199630061,0.7905292479108635
0.4959923271905186,0.7905292479108635
0.4960608344180311,0.7905292479108635
0.4961293416455436,0.7905292479108635
0.4961978488730561,0.7905292479108635
0.49626635610056863,0.7905292479108635
0.49633486332808113,0.7905292479108635
0.49640337055559364,0.7905292479108635
0.49647187778310614,0.7910863509749304
0.49654038501061865,0.7910863509749304
0.49660889223813115,0.7910863509749304
0.4966773994656436,0.7910863509749304
0.4967459066931561,0.7916434540389972
0.4968144139206686,0.7916434540389972
0.4968829211481811,0.7916434540389972
0.4969514283756936,0.7916434540389972
0.4970199356032061,0.7916434540389972
0.4970884428307186,0.7916434540389972
0.49715695005823113,0.7916434540389972
0.49722545728574363,0.7916434540389972
0.49729396451325614,0.7916434540389972
0.49736247174076864,0.7916434540389972
0.49743097896828115,0.7916434540389972
0.49749948619579365,0.7916434540389972
0.49756799342330615,0.7916434540389972
0.49763650065081866,0.7916434540389972
0.49770500787833116,0.7916434540389972
0.49777351510584367,0.7916434540389972
0.49784202233335617,0.7916434540389972
0.4979105295608687,0.7916434540389972
0.4979790367883812,0.7916434540389972
0.4980475440158937,0.7916434540389972
0.4981160512434062,0.7916434540389972
0.4981845584709187,0.7916434540389972
0.4982530656984312,0.7916434540389972
0.4983215729259437,0.7916434540389972
0.4983900801534562,0.7916434540389972
0.4984585873809687,0.7916434540389972
0.4985270946084812,0.7916434540389972
0.4985956018359937,0.7916434540389972
0.4986641090635062,0.7916434540389972
0.4987326162910187,0.7916434540389972
0.49880112351853123,0.7916434540389972
0.49886963074604374,0.7916434540389972
0.4989381379735562,0.7916434540389972
0.4990066452010687,0.7916434540389972
0.4990751524285812,0.7916434540389972
0.4991436596560937,0.7916434540389972
0.4992121668836062,0.7916434540389972
0.4992806741111187,0.7916434540389972
0.4993491813386312,0.7916434540389972
0.4994176885661437,0.7916434540389972
0.4994861957936562,0.7916434540389972
0.4995547030211687,0.7916434540389972
0.4996232102486812,0.792200557103064
0.49969171747619373,0.792200557103064
0.49976022470370624,0.792200557103064
0.49982873193121874,0.792200557103064
0.49989723915873124,0.792200557103064
0.49996574638624375,0.792200557103064
0.5000342536137562,0.792200557103064
0.5001027608412687,0.792200557103064
0.5001712680687812,0.7927576601671309
0.5002397752962937,0.7927576601671309
0.5003082825238062,0.7927576601671309
0.5003767897513187,0.7927576601671309
0.5004452969788312,0.7927576601671309
0.5005138042063437,0.7927576601671309
0.5005823114338562,0.7927576601671309
0.5006508186613687,0.7927576601671309
0.5007193258888812,0.7927576601671309
0.5007878331163937,0.7933147632311978
0.5008563403439062,0.7933147632311978
0.5009248475714188,0.7933147632311978
0.5009933547989313,0.7933147632311978
0.5010618620264438,0.7933147632311978
0.5011303692539563,0.7933147632311978
0.5011988764814688,0.7933147632311978
0.5012673837089813,0.7933147632311978
0.5013358909364938,0.7933147632311978
0.5014043981640063,0.7933147632311978
0.5014729053915188,0.7938718662952646
0.5015414126190313,0.7938718662952646
0.5016099198465438,0.7938718662952646
0.5016784270740563,0.7938718662952646
0.5017469343015688,0.7938718662952646
0.5018154415290813,0.7944289693593315
0.5018839487565938,0.7944289693593315
0.5019524559841063,0.7944289693593315
0.5020209632116188,0.7944289693593315
0.5020894704391313,0.7944289693593315
0.5021579776666438,0.7944289693593315
0.5022264848941563,0.7944289693593315
0.5022949921216688,0.7944289693593315
0.5023634993491813,0.7944289693593315
0.5024320065766938,0.7944289693593315
0.5025005138042064,0.7944289693593315
0.5025690210317189,0.7944289693593315
0.5026375282592314,0.7944289693593315
0.5027060354867439,0.7944289693593315
0.5027745427142564,0.7944289693593315
0.5028430499417689,0.7949860724233984
0.5029115571692814,0.7949860724233984
0.5029800643967939,0.7949860724233984
0.5030485716243064,0.7949860724233984
0.5031170788518189,0.7949860724233984
0.5031855860793314,0.7949860724233984
0.5032540933068439,0.7949860724233984
0.5033226005343564,0.7949860724233984
0.5033911077618689,0.7949860724233984
0.5034596149893814,0.7949860724233984
0.5035281222168939,0.7949860724233984
0.5035966294444064,0.7949860724233984
0.5036651366719189,0.7949860724233984
0.5037336438994314,0.7949860724233984
0.5038021511269439,0.7949860724233984
0.5038706583544564,0.7949860724233984
0.5039391655819689,0.7949860724233984
0.5040076728094814,0.7955431754874652
0.504076180036994,0.7955431754874652
0.5041446872645065,0.7955431754874652
0.504213194492019,0.7955431754874652
0.5042817017195315,0.7955431754874652
0.504350208947044,0.7955431754874652
0.5044187161745565,0.7955431754874652
0.5044872234020689,0.7955431754874652
0.5045557306295814,0.7955431754874652
0.5046242378570939,0.7955431754874652
0.5046927450846064,0.7955431754874652
0.5047612523121189,0.7955431754874652
0.5048297595396314,0.7955431754874652
0.5048982667671439,0.7955431754874652
0.5049667739946564,0.7955431754874652
0.5050352812221689,0.7955431754874652
0.5051037884496814,0.796100278551532
0.5051722956771939,0.796100278551532
0.5052408029047064,0.796100278551532
0.5053093101322189,0.796100278551532
0.5053778173597314,0.796100278551532
0.5054463245872439,0.796100278551532
0.5055148318147564,0.796100278551532
0.5055833390422689,0.796100278551532
0.5056518462697814,0.796100278551532
0.5057203534972939,0.796100278551532
0.5057888607248064,0.796100278551532
0.505857367952319,0.796100278551532
0.5059258751798315,0.796100278551532
0.505994382407344,0.796100278551532
0.5060628896348565,0.796100278551532
0.506131396862369,0.7966573816155988
0.5061999040898815,0.7966573816155988
0.506268411317394,0.7972144846796657
0.5063369185449065,0.7972144846796657
0.506405425772419,0.7972144846796657
0.5064739329999315,0.7972144846796657
0.506542440227444,0.7972144846796657
0.5066109474549565,0.7972144846796657
0.506679454682469,0.7972144846796657
0.5067479619099815,0.7972144846796657
0.506816469137494,0.7972144846796657
0.5068849763650065,0.7977715877437326
0.506953483592519,0.7977715877437326
0.5070219908200315,0.7977715877437326
0.507090498047544,0.7977715877437326
0.5071590052750565,0.7977715877437326
0.507227512502569,0.7977715877437326
0.5072960197300815,0.7977715877437326
0.507364526957594,0.7977715877437326
0.5074330341851065,0.7983286908077994
0.507501541412619,0.7983286908077994
0.5075700486401316,0.7983286908077994
0.5076385558676441,0.7983286908077994
0.5077070630951566,0.7983286908077994
0.5077755703226691,0.7988857938718663
0.5078440775501816,0.7988857938718663
0.5079125847776941,0.7988857938718663
0.5079810920052066,0.7988857938718663
0.5080495992327191,0.7988857938718663
0.5081181064602316,0.7988857938718663
0.5081866136877441,0.7988857938718663
0.5082551209152566,0.7988857938718663
0.5083236281427691,0.7988857938718663
0.5083921353702816,0.7988857938718663
0.5084606425977941,0.7988857938718663
0.5085291498253066,0.7988857938718663
0.5085976570528191,0.7988857938718663
0.5086661642803316,0.7988857938718663
0.5087346715078441,0.7994428969359332
0.5088031787353566,0.7994428969359332
0.5088716859628691,0.7994428969359332
0.5089401931903816,0.8
0.509008700417894,0.8005571030640668
0.5090772076454065,0.8005571030640668
0.509145714872919,0.8005571030640668
0.5092142221004315,0.8005571030640668
0.509282729327944,0.8011142061281337
0.5093512365554566,0.8011142061281337
0.5094197437829691,0.8011142061281337
0.5094882510104816,0.8011142061281337
0.5095567582379941,0.8011142061281337
0.5096252654655066,0.8011142061281337
0.5096937726930191,0.8011142061281337
0.5097622799205316,0.8011142061281337
0.5098307871480441,0.8011142061281337
0.5098992943755566,0.8011142061281337
0.5099678016030691,0.8011142061281337
0.5100363088305816,0.8011142061281337
0.5101048160580941,0.8011142061281337
0.5101733232856066,0.8011142061281337
0.5102418305131191,0.8016713091922005
0.5103103377406316,0.8016713091922005
0.5103788449681441,0.8016713091922005
0.5104473521956566,0.8016713091922005
0.5105158594231691,0.8022284122562674
0.5105843666506816,0.8022284122562674
0.5106528738781941,0.8022284122562674
0.5107213811057066,0.8022284122562674
0.5107898883332191,0.8022284122562674
0.5108583955607316,0.8022284122562674
0.5109269027882442,0.8022284122562674
0.5109954100157567,0.8022284122562674
0.5110639172432692,0.8022284122562674
0.5111324244707817,0.8022284122562674
0.5112009316982942,0.8022284122562674
0.5112694389258067,0.8022284122562674
0.5113379461533192,0.8022284122562674
0.5114064533808317,0.8027855153203343
0.5114749606083442,0.8027855153203343
0.5115434678358567,0.8027855153203343
0.5116119750633692,0.8027855153203343
0.5116804822908817,0.8027855153203343
0.5117489895183942,0.8033426183844011
0.5118174967459067,0.8033426183844011
0.5118860039734192,0.8033426183844011
0.5119545112009317,0.8033426183844011
0.5120230184284442,0.8033426183844011
0.5120915256559567,0.8033426183844011
0.5121600328834692,0.8033426183844011
0.5122285401109817,0.8033426183844011
0.5122970473384942,0.8033426183844011
0.5123655545660067,0.8033426183844011
0.5124340617935192,0.8033426183844011
0.5125025690210318,0.8033426183844011
0.5125710762485443,0.8033426183844011
0.5126395834760568,0.8033426183844011
0.5127080907035693,0.8033426183844011
0.5127765979310818,0.8033426183844011
0.5128451051585943,0.8033426183844011
0.5129136123861068,0.8033426183844011
0.5129821196136193,0.803899721448468
0.5130506268411318,0.803899721448468
0.5131191340686443,0.803899721448468
0.5131876412961568,0.8044568245125349
0.5132561485236693,0.8044568245125349
0.5133246557511818,0.8044568245125349
0.5133931629786943,0.8044568245125349
0.5134616702062067,0.8044568245125349
0.5135301774337192,0.8044568245125349
0.5135986846612317,0.8044568245125349
0.5136671918887442,0.8044568245125349
0.5137356991162567,0.8050139275766016
0.5138042063437692,0.8050139275766016
0.5138727135712817,0.8050139275766016
0.5139412207987942,0.8050139275766016
0.5140097280263067,0.8050139275766016
0.5140782352538192,0.8050139275766016
0.5141467424813317,0.8050139275766016
0.5142152497088442,0.8050139275766016
0.5142837569363568,0.8050139275766016
0.5143522641638693,0.8050139275766016
0.5144207713913818,0.8050139275766016
0.5144892786188943,0.8050139275766016
0.5145577858464068,0.8050139275766016
0.5146262930739193,0.8050139275766016
0.5146948003014318,0.8050139275766016
0.5147633075289443,0.8050139275766016
0.5148318147564568,0.8050139275766016
0.5149003219839693,0.8050139275766016
0.5149688292114818,0.8050139275766016
0.5150373364389943,0.8055710306406685
0.5151058436665068,0.8055710306406685
0.5151743508940193,0.8055710306406685
0.5152428581215318,0.8055710306406685
0.5153113653490443,0.8055710306406685
0.5153798725765568,0.8055710306406685
0.5154483798040693,0.8061281337047354
0.5155168870315818,0.8061281337047354
0.5155853942590943,0.8061281337047354
0.5156539014866068,0.8061281337047354
0.5157224087141193,0.8061281337047354
0.5157909159416318,0.8061281337047354
0.5158594231691443,0.8061281337047354
0.5159279303966569,0.8061281337047354
0.5159964376241694,0.8061281337047354
0.5160649448516819,0.8061281337047354
0.5161334520791944,0.8061281337047354
0.5162019593067069,0.8061281337047354
0.5162704665342194,0.8061281337047354
0.5163389737617319,0.8061281337047354
0.5164074809892444,0.8061281337047354
0.5164759882167569,0.8061281337047354
0.5165444954442694,0.8061281337047354
0.5166130026717819,0.8061281337047354
0.5166815098992944,0.8061281337047354
0.5167500171268069,0.8061281337047354
0.5168185243543194,0.8061281337047354
0.5168870315818319,0.8061281337047354
0.5169555388093444,0.8061281337047354
0.5170240460368569,0.8061281337047354
0.5170925532643694,0.8061281337047354
0.5171610604918819,0.8061281337047354
0.5172295677193944,0.8061281337047354
0.5172980749469069,0.8061281337047354
0.5173665821744194,0.8061281337047354
0.517435089401932,0.8061281337047354
0.5175035966294445,0.8066852367688022
0.517572103856957,0.8066852367688022
0.5176406110844695,0.8066852367688022
0.517709118311982,0.8066852367688022
0.5177776255394945,0.8066852367688022
0.517846132767007,0.8066852367688022
0.5179146399945195,0.8066852367688022
0.5179831472220319,0.8066852367688022
0.5180516544495444,0.8066852367688022
0.5181201616770569,0.8066852367688022
0.5181886689045694,0.8066852367688022
0.5182571761320819,0.8072423398328691
0.5183256833595944,0.8072423398328691
0.5183941905871069,0.8072423398328691
0.5184626978146194,0.8072423398328691
0.5185312050421319,0.8072423398328691
0.5185997122696444,0.8072423398328691
0.5186682194971569,0.8072423398328691
0.5187367267246694,0.8072423398328691
0.5188052339521819,0.8072423398328691
0.5188737411796944,0.807799442896936
0.5189422484072069,0.807799442896936
0.5190107556347194,0.807799442896936
0.5190792628622319,0.807799442896936
0.5191477700897444,0.807799442896936
0.519216277317257,0.807799442896936
0.5192847845447695,0.807799442896936
0.519353291772282,0.807799442896936
0.5194217989997945,0.807799442896936
0.519490306227307,0.807799442896936
0.5195588134548195,0.807799442896936
0.519627320682332,0.807799442896936
0.5196958279098445,0.807799442896936
0.519764335137357,0.8083565459610028
0.5198328423648695,0.8083565459610028
0.519901349592382,0.8083565459610028
0.5199698568198945,0.8083565459610028
0.520038364047407,0.8083565459610028
0.5201068712749195,0.8083565459610028
0.520175378502432,0.8083565459610028
0.5202438857299445,0.8083565459610028
0.520312392957457,0.8083565459610028
0.5203809001849695,0.8083565459610028
0.520449407412482,0.8083565459610028
0.5205179146399945,0.8083565459610028
0.520586421867507,0.8083565459610028
0.5206549290950195,0.8083565459610028
0.520723436322532,0.8083565459610028
0.5207919435500445,0.8083565459610028
0.520860450777557,0.8083565459610028
0.5209289580050696,0.8083565459610028
0.5209974652325821,0.8083565459610028
0.5210659724600946,0.8083565459610028
0.5211344796876071,0.8083565459610028
0.5212029869151196,0.8083565459610028
0.5212714941426321,0.8083565459610028
0.5213400013701446,0.8083565459610028
0.5214085085976571,0.8083565459610028
0.5214770158251696,0.8083565459610028
0.5215455230526821,0.8083565459610028
0.5216140302801946,0.8083565459610028
0.5216825375077071,0.8083565459610028
0.5217510447352196,0.8083565459610028
0.5218195519627321,0.8083565459610028
0.5218880591902446,0.8083565459610028
0.5219565664177571,0.8083565459610028
0.5220250736452696,0.8083565459610028
0.5220935808727821,0.8083565459610028
0.5221620881002946,0.8083565459610028
0.5222305953278071,0.8083565459610028
0.5222991025553196,0.8083565459610028
0.5223676097828321,0.8083565459610028
0.5224361170103445,0.8083565459610028
0.522504624237857,0.8083565459610028
0.5225731314653695,0.8083565459610028
0.522641638692882,0.8083565459610028
0.5227101459203946,0.8083565459610028
0.5227786531479071,0.8083565459610028
0.5228471603754196,0.8083565459610028
0.5229156676029321,0.8089136490250697
0.5229841748304446,0.8089136490250697
0.5230526820579571,0.8089136490250697
0.5231211892854696,0.8089136490250697
0.5231896965129821,0.8089136490250697
0.5232582037404946,0.8094707520891364
0.5233267109680071,0.8094707520891364
0.5233952181955196,0.8094707520891364
0.5234637254230321,0.8094707520891364
0.5235322326505446,0.8094707520891364
0.5236007398780571,0.8094707520891364
0.5236692471055696,0.8094707520891364
0.5237377543330821,0.8094707520891364
0.5238062615605946,0.8094707520891364
0.5238747687881071,0.8094707520891364
0.5239432760156196,0.8094707520891364
0.5240117832431321,0.8094707520891364
0.5240802904706446,0.8094707520891364
0.5241487976981571,0.8094707520891364
0.5242173049256696,0.8094707520891364
0.5242858121531822,0.8094707520891364
0.5243543193806947,0.8094707520891364
0.5244228266082072,0.8094707520891364
0.5244913338357197,0.8094707520891364
0.5245598410632322,0.8094707520891364
0.5246283482907447,0.8094707520891364
0.5246968555182572,0.8094707520891364
0.5247653627457697,0.8094707520891364
0.5248338699732822,0.8100278551532033
0.5249023772007947,0.8100278551532033
0.5249708844283072,0.8100278551532033
0.5250393916558197,0.8100278551532033
0.5251078988833322,0.8100278551532033
0.5251764061108447,0.8100278551532033
0.5252449133383572,0.8100278551532033
0.5253134205658697,0.8100278551532033
0.5253819277933822,0.8100278551532033
0.5254504350208947,0.8100278551532033
0.5255189422484072,0.8100278551532033
0.5255874494759197,0.8100278551532033
0.5256559567034322,0.8100278551532033
0.5257244639309447,0.8105849582172702
0.5257929711584572,0.8105849582172702
0.5258614783859697,0.8105849582172702
0.5259299856134823,0.8105849582172702
0.5259984928409948,0.8105849582172702
0.5260670000685073,0.8105849582172702
0.5261355072960198,0.8105849582172702
0.5262040145235323,0.8105849582172702
0.5262725217510448,0.8105849582172702
0.5263410289785573,0.8105849582172702
0.5264095362060698,0.8105849582172702
0.5264780434335823,0.8105849582172702
0.5265465506610948,0.8105849582172702
0.5266150578886073,0.8105849582172702
0.5266835651161198,0.8105849582172702
0.5267520723436323,0.8105849582172702
0.5268205795711448,0.8105849582172702
0.5268890867986573,0.8105849582172702
0.5269575940261697,0.8105849582172702
0.5270261012536822,0.811142061281337
0.5270946084811947,0.811142061281337
0.5271631157087072,0.811142061281337
0.5272316229362197,0.811142061281337
0.5273001301637322,0.811142061281337
0.5273686373912447,0.8116991643454039
0.5274371446187572,0.8116991643454039
0.5275056518462697,0.8116991643454039
0.5275741590737822,0.8116991643454039
0.5276426663012947,0.8116991643454039
0.5277111735288073,0.8116991643454039
0.5277796807563198,0.8116991643454039
0.5278481879838323,0.8116991643454039
0.5279166952113448,0.8116991643454039
0.5279852024388573,0.8116991643454039
0.5280537096663698,0.8116991643454039
0.5281222168938823,0.8116991643454039
0.5281907241213948,0.8116991643454039
0.5282592313489073,0.8116991643454039
0.5283277385764198,0.8116991643454039
0.5283962458039323,0.8116991643454039
0.5284647530314448,0.8116991643454039
0.5285332602589573,0.8116991643454039
0.5286017674864698,0.8116991643454039
0.5286702747139823,0.8116991643454039
0.5287387819414948,0.8116991643454039
0.5288072891690073,0.8116991643454039
0.5288757963965198,0.8116991643454039
0.5289443036240323,0.8116991643454039
0.5290128108515448,0.8116991643454039
0.5290813180790573,0.8116991643454039
0.5291498253065698,0.8116991643454039
0.5292183325340823,0.8122562674094708
0.5292868397615949,0.8128133704735376
0.5293553469891074,0.8128133704735376
0.5294238542166199,0.8128133704735376
0.5294923614441324,0.8128133704735376
0.5295608686716449,0.8128133704735376
0.5296293758991574,0.8128133704735376
0.5296978831266699,0.8128133704735376
0.5297663903541824,0.8128133704735376
0.5298348975816949,0.8128133704735376
0.5299034048092074,0.8128133704735376
0.5299719120367199,0.8128133704735376
0.5300404192642324,0.8128133704735376
0.5301089264917449,0.8128133704735376
0.5301774337192574,0.8133704735376045
0.5302459409467699,0.8133704735376045
0.5303144481742824,0.8133704735376045
0.5303829554017949,0.8133704735376045
0.5304514626293074,0.8133704735376045
0.5305199698568199,0.8133704735376045
0.5305884770843324,0.8133704735376045
0.5306569843118449,0.8133704735376045
0.5307254915393574,0.8133704735376045
0.53079399876687,0.8133704735376045
0.5308625059943824,0.8133704735376045
0.530931013221895,0.8139275766016713
0.5309995204494075,0.8139275766016713
0.53106802767692,0.8139275766016713
0.5311365349044325,0.8139275766016713
0.531205042131945,0.8139275766016713
0.5312735493594575,0.8139275766016713
0.53134205658697,0.8139275766016713
0.5314105638144824,0.8139275766016713
0.5314790710419949,0.8139275766016713
0.5315475782695074,0.8139275766016713
0.5316160854970199,0.8139275766016713
0.5316845927245324,0.8139275766016713
0.5317530999520449,0.8139275766016713
0.5318216071795574,0.8139275766016713
0.5318901144070699,0.8139275766016713
0.5319586216345824,0.8139275766016713
0.5320271288620949,0.8139275766016713
0.5320956360896074,0.8144846796657381
0.5321641433171199,0.815041782729805
0.5322326505446324,0.815041782729805
0.5323011577721449,0.815041782729805
0.5323696649996574,0.815041782729805
0.5324381722271699,0.815041782729805
0.5325066794546824,0.815041782729805
0.532575186682195,0.815041782729805
0.5326436939097074,0.815041782729805
0.53271220113722,0.815041782729805
0.5327807083647325,0.815041782729805
0.532849215592245,0.815041782729805
0.5329177228197575,0.815041782729805
0.53298623004727,0.815041782729805
0.5330547372747825,0.815041782729805
0.533123244502295,0.815041782729805
0.5331917517298075,0.815041782729805
0.53326025895732,0.815041782729805
0.5333287661848325,0.815041782729805
0.533397273412345,0.815041782729805
0.5334657806398575,0.815041782729805
0.53353428786737,0.815041782729805
0.5336027950948825,0.815041782729805
0.533671302322395,0.815041782729805
0.5337398095499075,0.815041782729805
0.53380831677742,0.815041782729805
0.5338768240049325,0.815041782729805
0.533945331232445,0.815041782729805
0.5340138384599575,0.815041782729805
0.53408234568747,0.815041782729805
0.5341508529149825,0.815041782729805
0.534219360142495,0.815041782729805
0.5342878673700076,0.815041782729805
0.5343563745975201,0.815041782729805
0.5344248818250326,0.815041782729805
0.5344933890525451,0.815041782729805
0.5345618962800576,0.815041782729805
0.5346304035075701,0.8155988857938719
0.5346989107350826,0.8155988857938719
0.5347674179625951,0.8155988857938719
0.5348359251901076,0.8155988857938719
0.5349044324176201,0.8155988857938719
0.5349729396451326,0.8155988857938719
0.5350414468726451,0.8155988857938719
0.5351099541001576,0.8155988857938719
0.5351784613276701,0.8155988857938719
0.5352469685551826,0.8155988857938719
0.5353154757826951,0.8155988857938719
0.5353839830102076,0.8155988857938719
0.5354524902377201,0.8161559888579387
0.5355209974652326,0.8161559888579387
0.5355895046927451,0.8161559888579387
0.5356580119202576,0.8161559888579387
0.5357265191477701,0.8161559888579387
0.5357950263752826,0.8161559888579387
0.5358635336027952,0.8161559888579387
0.5359320408303075,0.8161559888579387
0.53600054805782,0.8161559888579387
0.5360690552853326,0.8161559888579387
0.5361375625128451,0.8161559888579387
0.5362060697403576,0.8161559888579387
0.5362745769678701,0.8161559888579387
0.5363430841953826,0.8161559888579387
0.5364115914228951,0.8161559888579387
0.5364800986504076,0.8161559888579387
0.5365486058779201,0.8161559888579387
0.5366171131054326,0.8161559888579387
0.5366856203329451,0.8167130919220056
0.5367541275604576,0.8167130919220056
0.5368226347879701,0.8167130919220056
0.5368911420154826,0.8167130919220056
0.5369596492429951,0.8167130919220056
0.5370281564705076,0.8167130919220056
0.5370966636980201,0.8167130919220056
0.5371651709255326,0.8167130919220056
0.5372336781530451,0.8167130919220056
0.5373021853805576,0.8167130919220056
0.5373706926080701,0.8167130919220056
0.5374391998355826,0.8167130919220056
0.5375077070630951,0.8167130919220056
0.5375762142906076,0.8167130919220056
0.5376447215181201,0.8167130919220056
0.5377132287456327,0.8172701949860725
0.5377817359731452,0.8172701949860725
0.5378502432006577,0.8172701949860725
0.5379187504281702,0.8172701949860725
0.5379872576556827,0.8172701949860725
0.5380557648831952,0.8172701949860725
0.5381242721107077,0.8172701949860725
0.5381927793382202,0.8172701949860725
0.5382612865657327,0.8178272980501393
0.5383297937932452,0.8183844011142062
0.5383983010207577,0.8183844011142062
0.5384668082482702,0.8189415041782729
0.5385353154757827,0.8189415041782729
0.5386038227032952,0.8189415041782729
0.5386723299308077,0.8189415041782729
0.5387408371583202,0.8189415041782729
0.5388093443858327,0.8194986072423398
0.5388778516133452,0.8194986072423398
0.5389463588408577,0.8194986072423398
0.5390148660683702,0.8194986072423398
0.5390833732958827,0.8194986072423398
0.5391518805233952,0.8194986072423398
0.5392203877509077,0.8194986072423398
0.5392888949784203,0.8200557103064067
0.5393574022059328,0.8200557103064067
0.5394259094334453,0.8200557103064067
0.5394944166609578,0.8200557103064067
0.5395629238884703,0.8200557103064067
0.5396314311159828,0.8200557103064067
0.5396999383434953,0.8200557103064067
0.5397684455710078,0.8206128133704735
0.5398369527985203,0.8211699164345404
0.5399054600260328,0.8211699164345404
0.5399739672535453,0.8211699164345404
0.5400424744810578,0.8211699164345404
0.5401109817085703,0.8211699164345404
0.5401794889360828,0.8211699164345404
0.5402479961635953,0.8211699164345404
0.5403165033911078,0.8211699164345404
0.5403850106186202,0.8211699164345404
0.5404535178461327,0.8211699164345404
0.5405220250736452,0.8211699164345404
0.5405905323011577,0.8211699164345404
0.5406590395286702,0.8211699164345404
0.5407275467561827,0.8211699164345404
0.5407960539836952,0.8211699164345404
0.5408645612112077,0.8211699164345404
0.5409330684387202,0.8211699164345404
0.5410015756662327,0.8211699164345404
0.5410700828937453,0.8211699164345404
0.5411385901212578,0.8217270194986073
0.5412070973487703,0.8222841225626741
0.5412756045762828,0.8222841225626741
0.5413441118037953,0.8222841225626741
0.5414126190313078,0.822841225626741
0.5414811262588203,0.822841225626741
0.5415496334863328,0.822841225626741
0.5416181407138453,0.822841225626741
0.5416866479413578,0.822841225626741
0.5417551551688703,0.822841225626741
0.5418236623963828,0.822841225626741
0.5418921696238953,0.822841225626741
0.5419606768514078,0.822841225626741
0.5420291840789203,0.822841225626741
0.5420976913064328,0.822841225626741
0.5421661985339453,0.822841225626741
0.5422347057614578,0.822841225626741
0.5423032129889703,0.822841225626741
0.5423717202164828,0.8233983286908078
0.5424402274439953,0.8233983286908078
0.5425087346715078,0.8233983286908078
0.5425772418990203,0.8233983286908078
0.5426457491265329,0.8233983286908078
0.5427142563540454,0.8233983286908078
0.5427827635815579,0.8233983286908078
0.5428512708090704,0.8233983286908078
0.5429197780365829,0.8233983286908078
0.5429882852640954,0.8233983286908078
0.5430567924916079,0.8233983286908078
0.5431252997191204,0.8233983286908078
0.5431938069466329,0.8233983286908078
0.5432623141741454,0.8233983286908078
0.5433308214016579,0.8233983286908078
0.5433993286291704,0.8233983286908078
0.5434678358566829,0.8233983286908078
0.5435363430841954,0.8233983286908078
0.5436048503117079,0.8239554317548746
0.5436733575392204,0.8239554317548746
0.5437418647667329,0.8239554317548746
0.5438103719942454,0.8239554317548746
0.5438788792217579,0.8239554317548746
0.5439473864492704,0.8239554317548746
0.5440158936767829,0.8239554317548746
0.5440844009042954,0.8239554317548746
0.5441529081318079,0.8239554317548746
0.5442214153593204,0.8239554317548746
0.544289922586833,0.8239554317548746
0.5443584298143455,0.8245125348189415
0.544426937041858,0.8245125348189415
0.5444954442693705,0.8245125348189415
0.544563951496883,0.8245125348189415
0.5446324587243955,0.8245125348189415
0.544700965951908,0.8245125348189415
0.5447694731794205,0.8245125348189415
0.544837980406933,0.8245125348189415
0.5449064876344454,0.8245125348189415
0.5449749948619579,0.8245125348189415
0.5450435020894704,0.8245125348189415
0.5451120093169829,0.8245125348189415
0.5451805165444954,0.8245125348189415
0.5452490237720079,0.8245125348189415
0.5453175309995204,0.8245125348189415
0.5453860382270329,0.8245125348189415
0.5454545454545454,0.8250696378830084
0.5455230526820579,0.8250696378830084
0.5455915599095704,0.8250696378830084
0.5456600671370829,0.8256267409470752
0.5457285743645954,0.8256267409470752
0.5457970815921079,0.8256267409470752
0.5458655888196204,0.8256267409470752
0.5459340960471329,0.8256267409470752
0.5460026032746454,0.8256267409470752
0.546071110502158,0.8256267409470752
0.5461396177296705,0.8256267409470752
0.546208124957183,0.8256267409470752
0.5462766321846955,0.8256267409470752
0.546345139412208,0.8256267409470752
0.5464136466397205,0.8256267409470752
0.546482153867233,0.8256267409470752
0.5465506610947455,0.8256267409470752
0.546619168322258,0.8256267409470752
0.5466876755497705,0.8256267409470752
0.546756182777283,0.8256267409470752
0.5468246900047955,0.8256267409470752
0.546893197232308,0.8256267409470752
0.5469617044598205,0.8256267409470752
0.547030211687333,0.8256267409470752
0.5470987189148455,0.8256267409470752
0.547167226142358,0.8256267409470752
0.5472357333698705,0.8256267409470752
0.547304240597383,0.8256267409470752
0.5473727478248955,0.8256267409470752
0.547441255052408,0.8256267409470752
0.5475097622799205,0.8256267409470752
0.547578269507433,0.8256267409470752
0.5476467767349456,0.8256267409470752
0.547715283962458,0.8256267409470752
0.5477837911899706,0.8256267409470752
0.5478522984174831,0.8261838440111421
0.5479208056449956,0.8261838440111421
0.5479893128725081,0.8261838440111421
0.5480578201000206,0.8261838440111421
0.5481263273275331,0.8261838440111421
0.5481948345550456,0.8261838440111421
0.5482633417825581,0.8261838440111421
0.5483318490100706,0.826740947075209
0.5484003562375831,0.826740947075209
0.5484688634650956,0.826740947075209
0.5485373706926081,0.826740947075209
0.5486058779201206,0.826740947075209
0.5486743851476331,0.826740947075209
0.5487428923751456,0.826740947075209
0.5488113996026581,0.826740947075209
0.5488799068301706,0.826740947075209
0.5489484140576831,0.826740947075209
0.5490169212851956,0.826740947075209
0.5490854285127081,0.826740947075209
0.5491539357402206,0.826740947075209
0.5492224429677331,0.826740947075209
0.5492909501952457,0.826740947075209
0.549359457422758,0.826740947075209
0.5494279646502706,0.826740947075209
0.549496471877783,0.826740947075209
0.5495649791052956,0.826740947075209
0.5496334863328081,0.826740947075209
0.5497019935603206,0.826740947075209
0.5497705007878331,0.826740947075209
0.5498390080153456,0.826740947075209
0.5499075152428581,0.826740947075209
0.5499760224703706,0.826740947075209
0.5500445296978831,0.8272980501392758
0.5501130369253956,0.8272980501392758
0.5501815441529081,0.8272980501392758
0.5502500513804206,0.8272980501392758
0.5503185586079331,0.8272980501392758
0.5503870658354456,0.8272980501392758
0.5504555730629581,0.8272980501392758
0.5505240802904706,0.8272980501392758
0.5505925875179831,0.8272980501392758
0.5506610947454956,0.8272980501392758
0.5507296019730081,0.8272980501392758
0.5507981092005206,0.8278551532033426
0.5508666164280331,0.8278551532033426
0.5509351236555456,0.8278551532033426
0.5510036308830581,0.8284122562674094
0.5510721381105707,0.8284122562674094
0.5511406453380832,0.8284122562674094
0.5512091525655957,0.8284122562674094
0.5512776597931082,0.8284122562674094
0.5513461670206207,0.8284122562674094
0.5514146742481332,0.8284122562674094
0.5514831814756457,0.8284122562674094
0.5515516887031582,0.8289693593314763
0.5516201959306707,0.8289693593314763
0.5516887031581832,0.8289693593314763
0.5517572103856957,0.8289693593314763
0.5518257176132082,0.8289693593314763
0.5518942248407207,0.8289693593314763
0.5519627320682332,0.8289693593314763
0.5520312392957457,0.8289693593314763
0.5520997465232582,0.8289693593314763
0.5521682537507707,0.8289693593314763
0.5522367609782832,0.8289693593314763
0.5523052682057957,0.8289693593314763
0.5523737754333082,0.8289693593314763
0.5524422826608207,0.8289693593314763
0.5525107898883332,0.8289693593314763
0.5525792971158457,0.8295264623955432
0.5526478043433583,0.8295264623955432
0.5527163115708708,0.8295264623955432
0.5527848187983833,0.8295264623955432
0.5528533260258958,0.83008356545961
0.5529218332534083,0.83008356545961
0.5529903404809208,0.83008356545961
0.5530588477084333,0.83008356545961
0.5531273549359458,0.83008356545961
0.5531958621634583,0.83008356545961
0.5532643693909708,0.8306406685236769
0.5533328766184833,0.8306406685236769
0.5534013838459958,0.8306406685236769
0.5534698910735083,0.8306406685236769
0.5535383983010208,0.8306406685236769
0.5536069055285333,0.8306406685236769
0.5536754127560458,0.8306406685236769
0.5537439199835583,0.8306406685236769
0.5538124272110707,0.8306406685236769
0.5538809344385832,0.8306406685236769
0.5539494416660957,0.8306406685236769
0.5540179488936082,0.8306406685236769
0.5540864561211207,0.8306406685236769
0.5541549633486332,0.8306406685236769
0.5542234705761457,0.8306406685236769
0.5542919778036582,0.8306406685236769
0.5543604850311707,0.8306406685236769
0.5544289922586833,0.8306406685236769
0.5544974994861958,0.8306406685236769
0.5545660067137083,0.8306406685236769
0.5546345139412208,0.8306406685236769
0.5547030211687333,0.8306406685236769
0.5547715283962458,0.8306406685236769
0.5548400356237583,0.8306406685236769
0.5549085428512708,0.8306406685236769
0.5549770500787833,0.8306406685236769
0.5550455573062958,0.8311977715877438
0.5551140645338083,0.8311977715877438
0.5551825717613208,0.8311977715877438
0.5552510789888333,0.8311977715877438
0.5553195862163458,0.8311977715877438
0.5553880934438583,0.8311977715877438
0.5554566006713708,0.8311977715877438
0.5555251078988833,0.8317548746518106
0.5555936151263958,0.8317548746518106
0.5556621223539083,0.8317548746518106
0.5557306295814208,0.8317548746518106
0.5557991368089333,0.8317548746518106
0.5558676440364458,0.8317548746518106
0.5559361512639583,0.8317548746518106
0.5560046584914708,0.8317548746518106
0.5560731657189834,0.8317548746518106
0.5561416729464959,0.8317548746518106
0.5562101801740084,0.8317548746518106
0.5562786874015209,0.8317548746518106
0.5563471946290334,0.8317548746518106
0.5564157018565459,0.8317548746518106
0.5564842090840584,0.8317548746518106
0.5565527163115709,0.8317548746518106
0.5566212235390834,0.8317548746518106
0.5566897307665959,0.8317548746518106
0.5567582379941084,0.8317548746518106
0.5568267452216209,0.8317548746518106
0.5568952524491334,0.8317548746518106
0.5569637596766459,0.8317548746518106
0.5570322669041584,0.8317548746518106
0.5571007741316709,0.8317548746518106
0.5571692813591834,0.8317548746518106
0.5572377885866959,0.8317548746518106
0.5573062958142084,0.8317548746518106
0.5573748030417209,0.8317548746518106
0.5574433102692334,0.8317548746518106
0.5575118174967459,0.8317548746518106
0.5575803247242584,0.8317548746518106
0.557648831951771,0.8317548746518106
0.5577173391792835,0.8317548746518106
0.557785846406796,0.8323119777158774
0.5578543536343085,0.8323119777158774
0.557922860861821,0.8328690807799443
0.5579913680893335,0.8328690807799443
0.558059875316846,0.8328690807799443
0.5581283825443585,0.8328690807799443
0.558196889771871,0.8328690807799443
0.5582653969993835,0.8328690807799443
0.5583339042268959,0.8328690807799443
0.5584024114544084,0.8328690807799443
0.5584709186819209,0.8328690807799443
0.5585394259094334,0.8328690807799443
0.5586079331369459,0.8328690807799443
0.5586764403644584,0.8328690807799443
0.5587449475919709,0.8328690807799443
0.5588134548194834,0.8328690807799443
0.5588819620469959,0.8328690807799443
0.5589504692745084,0.8328690807799443
0.5590189765020209,0.8328690807799443
0.5590874837295334,0.8328690807799443
0.5591559909570459,0.8328690807799443
0.5592244981845584,0.8328690807799443
0.5592930054120709,0.8328690807799443
0.5593615126395834,0.8328690807799443
0.559430019867096,0.8328690807799443
0.5594985270946085,0.8328690807799443
0.559567034322121,0.8328690807799443
0.5596355415496335,0.8328690807799443
0.559704048777146,0.8328690807799443
0.5597725560046585,0.8334261838440111
0.559841063232171,0.8334261838440111
0.5599095704596835,0.8334261838440111
0.559978077687196,0.8334261838440111
0.5600465849147085,0.8334261838440111
0.560115092142221,0.8334261838440111
0.5601835993697335,0.8334261838440111
0.560252106597246,0.8334261838440111
0.5603206138247585,0.8334261838440111
0.560389121052271,0.8334261838440111
0.5604576282797835,0.8334261838440111
0.560526135507296,0.8334261838440111
0.5605946427348085,0.8334261838440111
0.560663149962321,0.8334261838440111
0.5607316571898335,0.8334261838440111
0.560800164417346,0.833983286908078
0.5608686716448585,0.833983286908078
0.560937178872371,0.833983286908078
0.5610056860998835,0.8345403899721449
0.561074193327396,0.8345403899721449
0.5611427005549086,0.8345403899721449
0.5612112077824211,0.8345403899721449
0.5612797150099336,0.8345403899721449
0.5613482222374461,0.8345403899721449
0.5614167294649586,0.8345403899721449
0.5614852366924711,0.8345403899721449
0.5615537439199836,0.8345403899721449
0.5616222511474961,0.8345403899721449
0.5616907583750086,0.8345403899721449
0.5617592656025211,0.8350974930362117
0.5618277728300336,0.8350974930362117
0.5618962800575461,0.8350974930362117
0.5619647872850586,0.8350974930362117
0.5620332945125711,0.8350974930362117
0.5621018017400836,0.8356545961002786
0.5621703089675961,0.8356545961002786
0.5622388161951086,0.8356545961002786
0.5623073234226211,0.8362116991643455
0.5623758306501336,0.8362116991643455
0.5624443378776461,0.8362116991643455
0.5625128451051586,0.8362116991643455
0.5625813523326711,0.8362116991643455
0.5626498595601837,0.8362116991643455
0.5627183667876962,0.8367688022284122
0.5627868740152085,0.8367688022284122
0.562855381242721,0.8367688022284122
0.5629238884702336,0.8367688022284122
0.5629923956977461,0.8367688022284122
0.5630609029252586,0.8367688022284122
0.5631294101527711,0.8367688022284122
0.5631979173802836,0.8367688022284122
0.5632664246077961,0.8367688022284122
0.5633349318353086,0.8367688022284122
0.5634034390628211,0.8367688022284122
0.5634719462903336,0.8367688022284122
0.5635404535178461,0.8367688022284122
0.5636089607453586,0.8367688022284122
0.5636774679728711,0.8367688022284122
0.5637459752003836,0.8367688022284122
0.5638144824278961,0.8373259052924791
0.5638829896554086,0.8373259052924791
0.5639514968829211,0.8373259052924791
0.5640200041104336,0.8373259052924791
0.5640885113379461,0.8373259052924791
0.5641570185654586,0.8373259052924791
0.5642255257929711,0.8373259052924791
0.5642940330204836,0.8373259052924791
0.5643625402479961,0.8373259052924791
0.5644310474755087,0.8373259052924791
0.5644995547030212,0.8373259052924791
0.5645680619305337,0.8373259052924791
0.5646365691580462,0.8373259052924791
0.5647050763855587,0.8373259052924791
0.5647735836130712,0.8373259052924791
0.5648420908405837,0.8373259052924791
0.5649105980680962,0.8373259052924791
0.5649791052956087,0.8373259052924791
0.5650476125231212,0.8373259052924791
0.5651161197506337,0.8373259052924791
0.5651846269781462,0.8373259052924791
0.5652531342056587,0.8373259052924791
0.5653216414331712,0.8373259052924791
0.5653901486606837,0.8373259052924791
0.5654586558881962,0.8373259052924791
0.5655271631157087,0.8373259052924791
0.5655956703432212,0.8373259052924791
0.5656641775707337,0.8373259052924791
0.5657326847982462,0.8373259052924791
0.5658011920257587,0.8373259052924791
0.5658696992532712,0.8373259052924791
0.5659382064807837,0.8373259052924791
0.5660067137082962,0.8373259052924791
0.5660752209358088,0.8373259052924791
0.5661437281633213,0.8373259052924791
0.5662122353908338,0.8373259052924791
0.5662807426183463,0.8373259052924791
0.5663492498458588,0.8373259052924791
0.5664177570733713,0.8373259052924791
0.5664862643008838,0.8373259052924791
0.5665547715283963,0.8373259052924791
0.5666232787559088,0.8373259052924791
0.5666917859834213,0.8378830083565459
0.5667602932109338,0.8378830083565459
0.5668288004384463,0.8378830083565459
0.5668973076659588,0.8378830083565459
0.5669658148934713,0.8378830083565459
0.5670343221209838,0.8378830083565459
0.5671028293484963,0.8378830083565459
0.5671713365760088,0.8378830083565459
0.5672398438035213,0.8378830083565459
0.5673083510310337,0.8378830083565459
0.5673768582585462,0.8378830083565459
0.5674453654860587,0.8378830083565459
0.5675138727135712,0.8378830083565459
0.5675823799410837,0.8378830083565459
0.5676508871685962,0.8378830083565459
0.5677193943961087,0.8378830083565459
0.5677879016236212,0.8378830083565459
0.5678564088511338,0.8378830083565459
0.5679249160786463,0.8378830083565459
0.5679934233061588,0.8378830083565459
0.5680619305336713,0.8378830083565459
0.5681304377611838,0.8378830083565459
0.5681989449886963,0.8378830083565459
0.5682674522162088,0.8384401114206128
0.5683359594437213,0.8384401114206128
0.5684044666712338,0.8384401114206128
0.5684729738987463,0.8384401114206128
0.5685414811262588,0.8384401114206128
0.5686099883537713,0.8384401114206128
0.5686784955812838,0.8384401114206128
0.5687470028087963,0.8384401114206128
0.5688155100363088,0.8384401114206128
0.5688840172638213,0.8384401114206128
0.5689525244913338,0.8384401114206128
0.5690210317188463,0.8384401114206128
0.5690895389463588,0.8384401114206128
0.5691580461738713,0.8384401114206128
0.5692265534013838,0.8384401114206128
0.5692950606288963,0.8384401114206128
0.5693635678564088,0.8384401114206128
0.5694320750839214,0.8384401114206128
0.5695005823114339,0.8384401114206128
0.5695690895389464,0.8384401114206128
0.5696375967664589,0.8384401114206128
0.5697061039939714,0.8384401114206128
0.5697746112214839,0.8384401114206128
0.5698431184489964,0.8384401114206128
0.5699116256765089,0.8384401114206128
0.5699801329040214,0.8384401114206128
0.5700486401315339,0.8384401114206128
0.5701171473590464,0.8384401114206128
0.5701856545865589,0.8384401114206128
0.5702541618140714,0.8384401114206128
0.5703226690415839,0.8384401114206128
0.5703911762690964,0.8384401114206128
0.5704596834966089,0.8384401114206128
0.5705281907241214,0.8384401114206128
0.5705966979516339,0.8384401114206128
0.5706652051791464,0.8384401114206128
0.5707337124066589,0.8384401114206128
0.5708022196341714,0.8384401114206128
0.5708707268616839,0.8384401114206128
0.5709392340891964,0.8384401114206128
0.571007741316709,0.8389972144846797
0.5710762485442215,0.8395543175487465
0.571144755771734,0.8395543175487465
0.5712132629992465,0.8395543175487465
0.571281770226759,0.8395543175487465
0.5713502774542715,0.8401114206128134
0.571418784681784,0.8401114206128134
0.5714872919092965,0.8401114206128134
0.571555799136809,0.8401114206128134
0.5716243063643215,0.8401114206128134
0.571692813591834,0.8401114206128134
0.5717613208193464,0.8406685236768803
0.5718298280468589,0.8406685236768803
0.5718983352743714,0.841225626740947
0.5719668425018839,0.841225626740947
0.5720353497293964,0.841225626740947
0.5721038569569089,0.841225626740947
0.5721723641844214,0.841225626740947
0.5722408714119339,0.841225626740947
0.5723093786394464,0.841225626740947
0.5723778858669589,0.841225626740947
0.5724463930944714,0.841225626740947
0.5725149003219839,0.841225626740947
0.5725834075494964,0.841225626740947
0.5726519147770089,0.841225626740947
0.5727204220045214,0.841225626740947
0.572788929232034,0.841225626740947
0.5728574364595465,0.841225626740947
0.572925943687059,0.841225626740947
0.5729944509145715,0.841225626740947
0.573062958142084,0.841225626740947
0.5731314653695965,0.841225626740947
0.573199972597109,0.8417827298050139
0.5732684798246215,0.8417827298050139
0.573336987052134,0.8417827298050139
0.5734054942796465,0.8417827298050139
0.573474001507159,0.8417827298050139
0.5735425087346715,0.8417827298050139
0.573611015962184,0.8423398328690808
0.5736795231896965,0.8423398328690808
0.573748030417209,0.8423398328690808
0.5738165376447215,0.8423398328690808
0.573885044872234,0.8423398328690808
0.5739535520997465,0.8423398328690808
0.574022059327259,0.8423398328690808
0.5740905665547715,0.8428969359331476
0.574159073782284,0.8428969359331476
0.5742275810097965,0.8428969359331476
0.574296088237309,0.8428969359331476
0.5743645954648215,0.8428969359331476
0.574433102692334,0.8434540389972145
0.5745016099198466,0.8434540389972145
0.5745701171473591,0.8434540389972145
0.5746386243748716,0.8434540389972145
0.5747071316023841,0.8434540389972145
0.5747756388298966,0.8434540389972145
0.5748441460574091,0.8434540389972145
0.5749126532849216,0.8434540389972145
0.5749811605124341,0.8434540389972145
0.5750496677399466,0.8434540389972145
0.5751181749674591,0.8434540389972145
0.5751866821949716,0.8434540389972145
0.5752551894224841,0.8434540389972145
0.5753236966499966,0.8434540389972145
0.5753922038775091,0.8434540389972145
0.5754607111050216,0.8434540389972145
0.5755292183325341,0.8434540389972145
0.5755977255600466,0.8440111420612814
0.5756662327875591,0.8440111420612814
0.5757347400150716,0.8440111420612814
0.5758032472425841,0.8440111420612814
0.5758717544700966,0.8440111420612814
0.5759402616976091,0.8440111420612814
0.5760087689251217,0.8440111420612814
0.5760772761526342,0.8445682451253482
0.5761457833801467,0.8445682451253482
0.5762142906076592,0.8445682451253482
0.5762827978351716,0.8451253481894151
0.5763513050626841,0.8451253481894151
0.5764198122901966,0.8451253481894151
0.5764883195177091,0.8451253481894151
0.5765568267452216,0.8451253481894151
0.5766253339727341,0.8451253481894151
0.5766938412002466,0.8451253481894151
0.5767623484277591,0.8451253481894151
0.5768308556552716,0.8451253481894151
0.5768993628827841,0.8451253481894151
0.5769678701102966,0.8451253481894151
0.5770363773378091,0.8451253481894151
0.5771048845653216,0.8451253481894151
0.5771733917928341,0.8451253481894151
0.5772418990203466,0.8451253481894151
0.5773104062478591,0.8451253481894151
0.5773789134753716,0.8451253481894151
0.5774474207028841,0.8451253481894151
0.5775159279303966,0.8456824512534818
0.5775844351579091,0.8456824512534818
0.5776529423854216,0.8456824512534818
0.5777214496129341,0.8462395543175487
0.5777899568404467,0.8462395543175487
0.5778584640679592,0.8467966573816156
0.5779269712954717,0.8467966573816156
0.5779954785229842,0.8467966573816156
0.5780639857504967,0.8467966573816156
0.5781324929780092,0.8473537604456824
0.5782010002055217,0.8473537604456824
0.5782695074330342,0.8473537604456824
0.5783380146605467,0.8473537604456824
0.5784065218880592,0.8473537604456824
0.5784750291155717,0.8473537604456824
0.5785435363430842,0.8473537604456824
0.5786120435705967,0.8473537604456824
0.5786805507981092,0.8473537604456824
0.5787490580256217,0.8473537604456824
0.5788175652531342,0.8473537604456824
0.5788860724806467,0.8473537604456824
0.5789545797081592,0.8473537604456824
0.5790230869356717,0.8473537604456824
0.5790915941631842,0.8473537604456824
0.5791601013906967,0.8473537604456824
0.5792286086182092,0.8473537604456824
0.5792971158457217,0.8473537604456824
0.5793656230732342,0.8473537604456824
0.5794341303007468,0.8473537604456824
0.5795026375282593,0.8473537604456824
0.5795711447557718,0.8473537604456824
0.5796396519832843,0.8473537604456824
0.5797081592107968,0.8473537604456824
0.5797766664383093,0.8473537604456824
0.5798451736658218,0.8479108635097493
0.5799136808933343,0.8479108635097493
0.5799821881208468,0.8479108635097493
0.5800506953483593,0.8479108635097493
0.5801192025758718,0.8479108635097493
0.5801877098033843,0.8479108635097493
0.5802562170308968,0.8479108635097493
0.5803247242584093,0.8479108635097493
0.5803932314859218,0.8479108635097493
0.5804617387134343,0.8479108635097493
0.5805302459409468,0.8479108635097493
0.5805987531684593,0.8479108635097493
0.5806672603959718,0.8479108635097493
0.5807357676234842,0.8479108635097493
0.5808042748509967,0.8479108635097493
0.5808727820785092,0.8479108635097493
0.5809412893060217,0.8479108635097493
0.5810097965335342,0.8479108635097493
0.5810783037610467,0.8479108635097493
0.5811468109885592,0.8479108635097493
0.5812153182160718,0.8479108635097493
0.5812838254435843,0.8479108635097493
0.5813523326710968,0.8479108635097493
0.5814208398986093,0.8479108635097493
0.5814893471261218,0.8479108635097493
0.5815578543536343,0.8479108635097493
0.5816263615811468,0.8479108635097493
0.5816948688086593,0.8479108635097493
0.5817633760361718,0.8479108635097493
0.5818318832636843,0.8479108635097493
0.5819003904911968,0.8479108635097493
0.5819688977187093,0.8479108635097493
0.5820374049462218,0.8479108635097493
0.5821059121737343,0.8479108635097493
0.5821744194012468,0.8479108635097493
0.5822429266287593,0.8479108635097493
0.5823114338562718,0.8479108635097493
0.5823799410837843,0.8479108635097493
0.5824484483112968,0.8479108635097493
0.5825169555388093,0.8479108635097493
0.5825854627663218,0.8479108635097493
0.5826539699938343,0.8479108635097493
0.5827224772213468,0.8479108635097493
0.5827909844488594,0.8479108635097493
0.5828594916763719,0.8484679665738162
0.5829279989038844,0.8484679665738162
0.5829965061313969,0.8484679665738162
0.5830650133589094,0.8484679665738162
0.5831335205864219,0.8484679665738162
0.5832020278139344,0.8484679665738162
0.5832705350414469,0.8484679665738162
0.5833390422689594,0.8484679665738162
0.5834075494964719,0.8484679665738162
0.5834760567239844,0.8484679665738162
0.5835445639514969,0.8484679665738162
0.5836130711790094,0.8484679665738162
0.5836815784065219,0.8484679665738162
0.5837500856340344,0.8484679665738162
0.5838185928615469,0.8484679665738162
0.5838871000890594,0.8484679665738162
0.5839556073165719,0.8484679665738162
0.5840241145440844,0.8484679665738162
0.5840926217715969,0.8484679665738162
0.5841611289991094,0.8484679665738162
0.5842296362266219,0.8484679665738162
0.5842981434541344,0.8484679665738162
0.584366650681647,0.8484679665738162
0.5844351579091595,0.849025069637883
0.584503665136672,0.849025069637883
0.5845721723641845,0.849025069637883
0.584640679591697,0.849025069637883
0.5847091868192095,0.849025069637883
0.584777694046722,0.849025069637883
0.5848462012742345,0.849025069637883
0.584914708501747,0.849025069637883
0.5849832157292595,0.849025069637883
0.585051722956772,0.8495821727019499
0.5851202301842845,0.8495821727019499
0.585188737411797,0.8495821727019499
0.5852572446393094,0.8495821727019499
0.5853257518668219,0.8495821727019499
0.5853942590943344,0.8495821727019499
0.5854627663218469,0.8495821727019499
0.5855312735493594,0.8495821727019499
0.5855997807768719,0.8495821727019499
0.5856682880043844,0.8495821727019499
0.5857367952318969,0.8495821727019499
0.5858053024594094,0.8495821727019499
0.5858738096869219,0.8495821727019499
0.5859423169144344,0.8495821727019499
0.5860108241419469,0.8495821727019499
0.5860793313694594,0.8495821727019499
0.586147838596972,0.8495821727019499
0.5862163458244845,0.8495821727019499
0.586284853051997,0.8495821727019499
0.5863533602795095,0.8495821727019499
0.586421867507022,0.8495821727019499
0.5864903747345345,0.8495821727019499
0.586558881962047,0.8495821727019499
0.5866273891895595,0.8495821727019499
0.586695896417072,0.8495821727019499
0.5867644036445845,0.8495821727019499
0.586832910872097,0.8495821727019499
0.5869014180996095,0.8495821727019499
0.586969925327122,0.8495821727019499
0.5870384325546345,0.8495821727019499
0.587106939782147,0.8495821727019499
0.5871754470096595,0.8495821727019499
0.587243954237172,0.8495821727019499
0.5873124614646845,0.8495821727019499
0.587380968692197,0.8495821727019499
0.5874494759197095,0.8495821727019499
0.587517983147222,0.8495821727019499
0.5875864903747345,0.8495821727019499
0.587654997602247,0.8495821727019499
0.5877235048297595,0.8495821727019499
0.587792012057272,0.8501392757660167
0.5878605192847846,0.8501392757660167
0.5879290265122971,0.8501392757660167
0.5879975337398096,0.8501392757660167
0.5880660409673221,0.8501392757660167
0.5881345481948346,0.8501392757660167
0.5882030554223471,0.8501392757660167
0.5882715626498596,0.8501392757660167
0.5883400698773721,0.8501392757660167
0.5884085771048846,0.8501392757660167
0.5884770843323971,0.8506963788300835
0.5885455915599096,0.8506963788300835
0.5886140987874221,0.8506963788300835
0.5886826060149346,0.8506963788300835
0.5887511132424471,0.8512534818941504
0.5888196204699596,0.8512534818941504
0.5888881276974721,0.8512534818941504
0.5889566349249846,0.8512534818941504
0.5890251421524971,0.8512534818941504
0.5890936493800096,0.8512534818941504
0.5891621566075221,0.8512534818941504
0.5892306638350346,0.8512534818941504
0.5892991710625471,0.8512534818941504
0.5893676782900596,0.8512534818941504
0.5894361855175722,0.8512534818941504
0.5895046927450847,0.8512534818941504
0.5895731999725972,0.8512534818941504
0.5896417072001097,0.8512534818941504
0.5897102144276221,0.8512534818941504
0.5897787216551346,0.8512534818941504
0.5898472288826471,0.8518105849582173
0.5899157361101596,0.8518105849582173
0.5899842433376721,0.8518105849582173
0.5900527505651846,0.8518105849582173
0.5901212577926971,0.8518105849582173
0.5901897650202096,0.8518105849582173
0.5902582722477221,0.8518105849582173
0.5903267794752346,0.8518105849582173
0.5903952867027471,0.8518105849582173
0.5904637939302596,0.8518105849582173
0.5905323011577721,0.8518105849582173
0.5906008083852846,0.8518105849582173
0.5906693156127971,0.8518105849582173
0.5907378228403096,0.8518105849582173
0.5908063300678221,0.8518105849582173
0.5908748372953346,0.8523676880222841
0.5909433445228471,0.852924791086351
0.5910118517503596,0.8534818941504179
0.5910803589778721,0.8534818941504179
0.5911488662053846,0.8534818941504179
0.5912173734328972,0.8534818941504179
0.5912858806604097,0.8534818941504179
0.5913543878879222,0.8534818941504179
0.5914228951154347,0.8534818941504179
0.5914914023429472,0.8534818941504179
0.5915599095704597,0.8534818941504179
0.5916284167979722,0.8540389972144847
0.5916969240254847,0.8540389972144847
0.5917654312529972,0.8540389972144847
0.5918339384805097,0.8540389972144847
0.5919024457080222,0.8540389972144847
0.5919709529355347,0.8540389972144847
0.5920394601630472,0.8540389972144847
0.5921079673905597,0.8540389972144847
0.5921764746180722,0.8540389972144847
0.5922449818455847,0.8545961002785515
0.5923134890730972,0.8545961002785515
0.5923819963006097,0.8545961002785515
0.5924505035281222,0.8545961002785515
0.5925190107556347,0.8545961002785515
0.5925875179831472,0.8551532033426184
0.5926560252106597,0.8551532033426184
0.5927245324381722,0.8551532033426184
0.5927930396656848,0.8551532033426184
0.5928615468931973,0.8551532033426184
0.5929300541207098,0.8551532033426184
0.5929985613482223,0.8551532033426184
0.5930670685757348,0.8551532033426184
0.5931355758032473,0.8551532033426184
0.5932040830307598,0.8551532033426184
0.5932725902582723,0.8557103064066852
0.5933410974857848,0.8562674094707521
0.5934096047132973,0.8562674094707521
0.5934781119408098,0.8562674094707521
0.5935466191683223,0.8562674094707521
0.5936151263958348,0.8562674094707521
0.5936836336233473,0.8562674094707521
0.5937521408508598,0.8562674094707521
0.5938206480783723,0.8562674094707521
0.5938891553058848,0.8562674094707521
0.5939576625333973,0.8562674094707521
0.5940261697609098,0.8562674094707521
0.5940946769884223,0.8562674094707521
0.5941631842159348,0.8562674094707521
0.5942316914434472,0.8562674094707521
0.5943001986709597,0.8562674094707521
0.5943687058984722,0.8562674094707521
0.5944372131259847,0.8562674094707521
0.5945057203534972,0.8562674094707521
0.5945742275810098,0.8562674094707521
0.5946427348085223,0.856824512534819
0.5947112420360348,0.856824512534819
0.5947797492635473,0.856824512534819
0.5948482564910598,0.856824512534819
0.5949167637185723,0.856824512534819
0.5949852709460848,0.8573816155988858
0.5950537781735973,0.8573816155988858
0.5951222854011098,0.8573816155988858
0.5951907926286223,0.8573816155988858
0.5952592998561348,0.8573816155988858
0.5953278070836473,0.8573816155988858
0.5953963143111598,0.8573816155988858
0.5954648215386723,0.8573816155988858
0.5955333287661848,0.8573816155988858
0.5956018359936973,0.8573816155988858
0.5956703432212098,0.8573816155988858
0.5957388504487223,0.8573816155988858
0.5958073576762348,0.8579387186629527
0.5958758649037473,0.8579387186629527
0.5959443721312598,0.8579387186629527
0.5960128793587723,0.8579387186629527
0.5960813865862848,0.8579387186629527
0.5961498938137973,0.8579387186629527
0.5962184010413099,0.8579387186629527
0.5962869082688224,0.8579387186629527
0.5963554154963349,0.8579387186629527
0.5964239227238474,0.8579387186629527
0.5964924299513599,0.8579387186629527
0.5965609371788724,0.8579387186629527
0.5966294444063849,0.8579387186629527
0.5966979516338974,0.8579387186629527
0.5967664588614099,0.8579387186629527
0.5968349660889224,0.8579387186629527
0.5969034733164349,0.8579387186629527
0.5969719805439474,0.8579387186629527
0.5970404877714599,0.8579387186629527
0.5971089949989724,0.8579387186629527
0.5971775022264849,0.8579387186629527
0.5972460094539974,0.8579387186629527
0.5973145166815099,0.8579387186629527
0.5973830239090224,0.8579387186629527
0.5974515311365349,0.8579387186629527
0.5975200383640474,0.8579387186629527
0.5975885455915599,0.8579387186629527
0.5976570528190724,0.8579387186629527
0.597725560046585,0.8579387186629527
0.5977940672740975,0.8579387186629527
0.59786257450161,0.8579387186629527
0.5979310817291225,0.8579387186629527
0.597999588956635,0.8579387186629527
0.5980680961841475,0.8579387186629527
0.59813660341166,0.8579387186629527
0.5982051106391725,0.8579387186629527
0.598273617866685,0.8579387186629527
0.5983421250941975,0.8584958217270195
0.59841063232171,0.8584958217270195
0.5984791395492225,0.8584958217270195
0.598547646776735,0.8590529247910863
0.5986161540042475,0.8590529247910863
0.5986846612317599,0.8590529247910863
0.5987531684592724,0.8590529247910863
0.5988216756867849,0.8590529247910863
0.5988901829142974,0.8590529247910863
0.5989586901418099,0.8590529247910863
0.5990271973693224,0.8596100278551532
0.5990957045968349,0.8596100278551532
0.5991642118243474,0.8596100278551532
0.5992327190518599,0.86016713091922
0.5993012262793724,0.86016713091922
0.5993697335068849,0.8607242339832869
0.5994382407343974,0.8607242339832869
0.59950674796191,0.8607242339832869
0.5995752551894225,0.8607242339832869
0.599643762416935,0.8607242339832869
0.5997122696444475,0.8607242339832869
0.59978077687196,0.8607242339832869
0.5998492840994725,0.8607242339832869
0.599917791326985,0.8607242339832869
0.5999862985544975,0.8607242339832869
0.60005480578201,0.8612813370473538
0.6001233130095225,0.8618384401114206
0.600191820237035,0.8618384401114206
0.6002603274645475,0.8618384401114206
0.60032883469206,0.8618384401114206
0.6003973419195725,0.8623955431754875
0.600465849147085,0.8623955431754875
0.6005343563745975,0.8623955431754875
0.60060286360211,0.8623955431754875
0.6006713708296225,0.8623955431754875
0.600739878057135,0.8623955431754875
0.6008083852846475,0.8629526462395544
0.60087689251216,0.8629526462395544
0.6009453997396725,0.8629526462395544
0.601013906967185,0.8629526462395544
0.6010824141946975,0.8629526462395544
0.60115092142221,0.8629526462395544
0.6012194286497226,0.8629526462395544
0.6012879358772351,0.8635097493036211
0.6013564431047476,0.8635097493036211
0.6014249503322601,0.8635097493036211
0.6014934575597726,0.8635097493036211
0.6015619647872851,0.864066852367688
0.6016304720147976,0.864066852367688
0.6016989792423101,0.864066852367688
0.6017674864698226,0.864066852367688
0.6018359936973351,0.864066852367688
0.6019045009248476,0.864066852367688
0.6019730081523601,0.864066852367688
0.6020415153798726,0.864066852367688
0.6021100226073851,0.864066852367688
0.6021785298348976,0.8646239554317549
0.6022470370624101,0.8646239554317549
0.6023155442899226,0.8646239554317549
0.6023840515174351,0.8646239554317549
0.6024525587449476,0.8646239554317549
0.6025210659724601,0.8646239554317549
0.6025895731999726,0.8646239554317549
0.6026580804274851,0.8646239554317549
0.6027265876549976,0.8646239554317549
0.6027950948825102,0.8646239554317549
0.6028636021100227,0.8646239554317549
0.6029321093375352,0.8646239554317549
0.6030006165650477,0.8646239554317549
0.6030691237925602,0.8646239554317549
0.6031376310200727,0.8646239554317549
0.6032061382475851,0.8646239554317549
0.6032746454750976,0.8646239554317549
0.6033431527026101,0.8646239554317549
0.6034116599301226,0.8646239554317549
0.6034801671576351,0.8646239554317549
0.6035486743851476,0.8646239554317549
0.6036171816126601,0.8646239554317549
0.6036856888401726,0.8646239554317549
0.6037541960676851,0.8646239554317549
0.6038227032951976,0.8646239554317549
0.6038912105227101,0.8646239554317549
0.6039597177502226,0.8646239554317549
0.6040282249777351,0.8646239554317549
0.6040967322052476,0.8646239554317549
0.6041652394327601,0.8651810584958217
0.6042337466602726,0.8651810584958217
0.6043022538877851,0.8651810584958217
0.6043707611152976,0.8651810584958217
0.6044392683428101,0.8651810584958217
0.6045077755703226,0.8651810584958217
0.6045762827978352,0.8651810584958217
0.6046447900253477,0.8651810584958217
0.6047132972528602,0.8651810584958217
0.6047818044803727,0.8651810584958217
0.6048503117078852,0.8651810584958217
0.6049188189353977,0.8651810584958217
0.6049873261629102,0.8651810584958217
0.6050558333904227,0.8651810584958217
0.6051243406179352,0.8651810584958217
0.6051928478454477,0.8651810584958217
0.6052613550729602,0.8651810584958217
0.6053298623004727,0.8651810584958217
0.6053983695279852,0.8651810584958217
0.6054668767554977,0.8657381615598886
0.6055353839830102,0.8657381615598886
0.6056038912105227,0.8657381615598886
0.6056723984380352,0.8657381615598886
0.6057409056655477,0.8657381615598886
0.6058094128930602,0.8657381615598886
0.6058779201205727,0.8657381615598886
0.6059464273480852,0.8657381615598886
0.6060149345755977,0.8657381615598886
0.6060834418031102,0.8657381615598886
0.6061519490306227,0.8657381615598886
0.6062204562581353,0.8657381615598886
0.6062889634856478,0.8657381615598886
0.6063574707131603,0.8657381615598886
0.6064259779406728,0.8657381615598886
0.6064944851681853,0.8657381615598886
0.6065629923956978,0.8657381615598886
0.6066314996232103,0.8657381615598886
0.6067000068507228,0.8657381615598886
0.6067685140782353,0.8657381615598886
0.6068370213057478,0.8657381615598886
0.6069055285332603,0.8657381615598886
0.6069740357607728,0.8657381615598886
0.6070425429882853,0.8657381615598886
0.6071110502157978,0.8657381615598886
0.6071795574433103,0.8657381615598886
0.6072480646708228,0.8657381615598886
0.6073165718983353,0.8657381615598886
0.6073850791258478,0.8657381615598886
0.6074535863533603,0.8657381615598886
0.6075220935808728,0.8657381615598886
0.6075906008083853,0.8657381615598886
0.6076591080358977,0.8657381615598886
0.6077276152634102,0.8657381615598886
0.6077961224909227,0.8657381615598886
0.6078646297184352,0.8657381615598886
0.6079331369459477,0.8657381615598886
0.6080016441734603,0.8657381615598886
0.6080701514009728,0.8657381615598886
0.6081386586284853,0.8657381615598886
0.6082071658559978,0.8657381615598886
0.6082756730835103,0.8657381615598886
0.6083441803110228,0.8657381615598886
0.6084126875385353,0.8662952646239555
0.6084811947660478,0.8662952646239555
0.6085497019935603,0.8662952646239555
0.6086182092210728,0.8662952646239555
0.6086867164485853,0.8662952646239555
0.6087552236760978,0.8662952646239555
0.6088237309036103,0.8662952646239555
0.6088922381311228,0.8662952646239555
0.6089607453586353,0.8668523676880223
0.6090292525861478,0.8668523676880223
0.6090977598136603,0.8668523676880223
0.6091662670411728,0.8668523676880223
0.6092347742686853,0.8668523676880223
0.6093032814961978,0.8668523676880223
0.6093717887237103,0.8668523676880223
0.6094402959512228,0.8668523676880223
0.6095088031787353,0.8668523676880223
0.6095773104062479,0.8668523676880223
0.6096458176337604,0.8668523676880223
0.6097143248612729,0.8668523676880223
0.6097828320887854,0.8668523676880223
0.6098513393162979,0.8668523676880223
0.6099198465438104,0.8668523676880223
0.6099883537713229,0.8668523676880223
0.6100568609988354,0.8668523676880223
0.6101253682263479,0.8668523676880223
0.6101938754538604,0.8668523676880223
0.6102623826813729,0.8668523676880223
0.6103308899088854,0.8668523676880223
0.6103993971363979,0.8668523676880223
0.6104679043639104,0.8668523676880223
0.6105364115914229,0.8668523676880223
0.6106049188189354,0.8668523676880223
0.6106734260464479,0.8668523676880223
0.6107419332739604,0.8668523676880223
0.6108104405014729,0.8668523676880223
0.6108789477289854,0.8674094707520892
0.6109474549564979,0.8679665738161559
0.6110159621840104,0.8679665738161559
0.611084469411523,0.8679665738161559
0.6111529766390355,0.8679665738161559
0.611221483866548,0.8679665738161559
0.6112899910940605,0.8679665738161559
0.611358498321573,0.8679665738161559
0.6114270055490855,0.8679665738161559
0.611495512776598,0.8679665738161559
0.6115640200041105,0.8679665738161559
0.611632527231623,0.8679665738161559
0.6117010344591355,0.8679665738161559
0.611769541686648,0.8679665738161559
0.6118380489141605,0.8679665738161559
0.611906556141673,0.8679665738161559
0.6119750633691855,0.8679665738161559
0.612043570596698,0.8679665738161559
0.6121120778242104,0.8679665738161559
0.6121805850517229,0.8679665738161559
0.6122490922792354,0.8679665738161559
0.6123175995067479,0.8679665738161559
0.6123861067342604,0.8679665738161559
0.6124546139617729,0.8679665738161559
0.6125231211892854,0.8679665738161559
0.6125916284167979,0.8679665738161559
0.6126601356443104,0.8679665738161559
0.6127286428718229,0.8679665738161559
0.6127971500993354,0.8679665738161559
0.612865657326848,0.8679665738161559
0.6129341645543604,0.8679665738161559
0.613002671781873,0.8685236768802228
0.6130711790093855,0.8685236768802228
0.613139686236898,0.8685236768802228
0.6132081934644105,0.8685236768802228
0.613276700691923,0.8685236768802228
0.6133452079194355,0.8685236768802228
0.613413715146948,0.8685236768802228
0.6134822223744605,0.8685236768802228
0.613550729601973,0.8690807799442897
0.6136192368294855,0.8690807799442897
0.613687744056998,0.8690807799442897
0.6137562512845105,0.8690807799442897
0.613824758512023,0.8690807799442897
0.6138932657395355,0.8690807799442897
0.613961772967048,0.8690807799442897
0.6140302801945605,0.8690807799442897
0.614098787422073,0.8690807799442897
0.6141672946495855,0.8690807799442897
0.614235801877098,0.8690807799442897
0.6143043091046105,0.8690807799442897
0.614372816332123,0.8690807799442897
0.6144413235596355,0.8690807799442897
0.614509830787148,0.8696378830083565
0.6145783380146606,0.8696378830083565
0.6146468452421731,0.8696378830083565
0.6147153524696856,0.8696378830083565
0.6147838596971981,0.8696378830083565
0.6148523669247106,0.8696378830083565
0.6149208741522231,0.8701949860724234
0.6149893813797356,0.8701949860724234
0.6150578886072481,0.8701949860724234
0.6151263958347606,0.8701949860724234
0.6151949030622731,0.8701949860724234
0.6152634102897856,0.8701949860724234
0.6153319175172981,0.8701949860724234
0.6154004247448106,0.8701949860724234
0.6154689319723231,0.8701949860724234
0.6155374391998356,0.8701949860724234
0.6156059464273481,0.8701949860724234
0.6156744536548606,0.8701949860724234
0.6157429608823731,0.8701949860724234
0.6158114681098856,0.8701949860724234
0.6158799753373981,0.8701949860724234
0.6159484825649106,0.8701949860724234
0.6160169897924231,0.8701949860724234
0.6160854970199356,0.8701949860724234
0.6161540042474482,0.8701949860724234
0.6162225114749607,0.8701949860724234
0.6162910187024732,0.8701949860724234
0.6163595259299857,0.8701949860724234
0.6164280331574982,0.8701949860724234
0.6164965403850107,0.8701949860724234
0.6165650476125232,0.8701949860724234
0.6166335548400356,0.8701949860724234
0.6167020620675481,0.8701949860724234
0.6167705692950606,0.8701949860724234
0.6168390765225731,0.8701949860724234
0.6169075837500856,0.8707520891364903
0.6169760909775981,0.8707520891364903
0.6170445982051106,0.8707520891364903
0.6171131054326231,0.8707520891364903
0.6171816126601356,0.8707520891364903
0.6172501198876481,0.8707520891364903
0.6173186271151606,0.8707520891364903
0.6173871343426731,0.8707520891364903
0.6174556415701856,0.8707520891364903
0.6175241487976981,0.8713091922005571
0.6175926560252106,0.8713091922005571
0.6176611632527231,0.8713091922005571
0.6177296704802356,0.8713091922005571
0.6177981777077481,0.8713091922005571
0.6178666849352606,0.8713091922005571
0.6179351921627732,0.8713091922005571
0.6180036993902857,0.8713091922005571
0.6180722066177982,0.8713091922005571
0.6181407138453107,0.8713091922005571
0.6182092210728232,0.8713091922005571
0.6182777283003357,0.8713091922005571
0.6183462355278482,0.8713091922005571
0.6184147427553607,0.8713091922005571
0.6184832499828732,0.8713091922005571
0.6185517572103857,0.8713091922005571
0.6186202644378982,0.8713091922005571
0.6186887716654107,0.8713091922005571
0.6187572788929232,0.8713091922005571
0.6188257861204357,0.8713091922005571
0.6188942933479482,0.871866295264624
0.6189628005754607,0.871866295264624
0.6190313078029732,0.871866295264624
0.6190998150304857,0.871866295264624
0.6191683222579982,0.871866295264624
0.6192368294855107,0.871866295264624
0.6193053367130232,0.871866295264624
0.6193738439405357,0.8724233983286908
0.6194423511680482,0.8724233983286908
0.6195108583955607,0.8724233983286908
0.6195793656230733,0.8724233983286908
0.6196478728505858,0.8724233983286908
0.6197163800780983,0.8724233983286908
0.6197848873056108,0.8724233983286908
0.6198533945331233,0.8724233983286908
0.6199219017606358,0.8724233983286908
0.6199904089881483,0.8724233983286908
0.6200589162156608,0.8724233983286908
0.6201274234431733,0.8724233983286908
0.6201959306706858,0.8724233983286908
0.6202644378981983,0.8724233983286908
0.6203329451257108,0.8724233983286908
0.6204014523532233,0.8729805013927576
0.6204699595807358,0.8729805013927576
0.6205384668082483,0.8729805013927576
0.6206069740357608,0.8735376044568245
0.6206754812632733,0.8735376044568245
0.6207439884907858,0.8735376044568245
0.6208124957182983,0.8740947075208914
0.6208810029458108,0.8740947075208914
0.6209495101733233,0.8740947075208914
0.6210180174008358,0.8740947075208914
0.6210865246283482,0.8740947075208914
0.6211550318558607,0.8740947075208914
0.6212235390833732,0.8746518105849582
0.6212920463108857,0.8752089136490251
0.6213605535383983,0.875766016713092
0.6214290607659108,0.875766016713092
0.6214975679934233,0.875766016713092
0.6215660752209358,0.8763231197771588
0.6216345824484483,0.8763231197771588
0.6217030896759608,0.8763231197771588
0.6217715969034733,0.8763231197771588
0.6218401041309858,0.8763231197771588
0.6219086113584983,0.8763231197771588
0.6219771185860108,0.8768802228412256
0.6220456258135233,0.8768802228412256
0.6221141330410358,0.8768802228412256
0.6221826402685483,0.8768802228412256
0.6222511474960608,0.8768802228412256
0.6223196547235733,0.8768802228412256
0.6223881619510858,0.8768802228412256
0.6224566691785983,0.8768802228412256
0.6225251764061108,0.8768802228412256
0.6225936836336233,0.8768802228412256
0.6226621908611358,0.8768802228412256
0.6227306980886483,0.8768802228412256
0.6227992053161608,0.8774373259052924
0.6228677125436733,0.8774373259052924
0.6229362197711859,0.8774373259052924
0.6230047269986984,0.8774373259052924
0.6230732342262109,0.8774373259052924
0.6231417414537234,0.8774373259052924
0.6232102486812359,0.8774373259052924
0.6232787559087484,0.8774373259052924
0.6233472631362609,0.8774373259052924
0.6234157703637734,0.8774373259052924
0.6234842775912859,0.8779944289693593
0.6235527848187984,0.8779944289693593
0.6236212920463109,0.8779944289693593
0.6236897992738234,0.8779944289693593
0.6237583065013359,0.8779944289693593
0.6238268137288484,0.8779944289693593
0.6238953209563609,0.8779944289693593
0.6239638281838734,0.8779944289693593
0.6240323354113859,0.8779944289693593
0.6241008426388984,0.8779944289693593
0.6241693498664109,0.8779944289693593
0.6242378570939234,0.8785515320334262
0.6243063643214359,0.8785515320334262
0.6243748715489484,0.8785515320334262
0.6244433787764609,0.8785515320334262
0.6245118860039734,0.8785515320334262
0.624580393231486,0.8785515320334262
0.6246489004589985,0.8785515320334262
0.624717407686511,0.8785515320334262
0.6247859149140235,0.8785515320334262
0.624854422141536,0.8785515320334262
0.6249229293690485,0.8785515320334262
0.624991436596561,0.8785515320334262
0.6250599438240735,0.8785515320334262
0.625128451051586,0.8785515320334262
0.6251969582790985,0.8785515320334262
0.625265465506611,0.8785515320334262
0.6253339727341235,0.8785515320334262
0.625402479961636,0.8785515320334262
0.6254709871891485,0.8785515320334262
0.625539494416661,0.8785515320334262
0.6256080016441734,0.8785515320334262
0.6256765088716859,0.8785515320334262
0.6257450160991984,0.8785515320334262
0.6258135233267109,0.8785515320334262
0.6258820305542234,0.8785515320334262
0.6259505377817359,0.8785515320334262
0.6260190450092484,0.879108635097493
0.6260875522367609,0.879108635097493
0.6261560594642734,0.879108635097493
0.6262245666917859,0.879108635097493
0.6262930739192984,0.879108635097493
0.626361581146811,0.879108635097493
0.6264300883743235,0.879108635097493
0.626498595601836,0.879108635097493
0.6265671028293485,0.879108635097493
0.626635610056861,0.879108635097493
0.6267041172843735,0.879108635097493
0.626772624511886,0.879108635097493
0.6268411317393985,0.879108635097493
0.626909638966911,0.879108635097493
0.6269781461944235,0.879108635097493
0.627046653421936,0.879108635097493
0.6271151606494485,0.879108635097493
0.627183667876961,0.879108635097493
0.6272521751044735,0.879108635097493
0.627320682331986,0.879108635097493
0.6273891895594985,0.879108635097493
0.627457696787011,0.879108635097493
0.6275262040145235,0.879108635097493
0.627594711242036,0.879108635097493
0.6276632184695485,0.879108635097493
0.627731725697061,0.879108635097493
0.6278002329245735,0.879108635097493
0.627868740152086,0.879108635097493
0.6279372473795986,0.879108635097493
0.628005754607111,0.879108635097493
0.6280742618346236,0.879108635097493
0.6281427690621361,0.879108635097493
0.6282112762896486,0.879108635097493
0.6282797835171611,0.879108635097493
0.6283482907446736,0.879108635097493
0.6284167979721861,0.879108635097493
0.6284853051996986,0.879108635097493
0.6285538124272111,0.879108635097493
0.6286223196547236,0.879108635097493
0.6286908268822361,0.879108635097493
0.6287593341097486,0.879108635097493
0.6288278413372611,0.879108635097493
0.6288963485647736,0.879108635097493
0.6289648557922861,0.879108635097493
0.6290333630197986,0.8796657381615599
0.6291018702473111,0.8796657381615599
0.6291703774748236,0.8796657381615599
0.6292388847023361,0.8796657381615599
0.6293073919298486,0.8796657381615599
0.6293758991573611,0.8796657381615599
0.6294444063848736,0.8796657381615599
0.6295129136123861,0.8796657381615599
0.6295814208398987,0.8796657381615599
0.6296499280674112,0.8796657381615599
0.6297184352949237,0.8796657381615599
0.6297869425224362,0.8796657381615599
0.6298554497499487,0.8796657381615599
0.6299239569774612,0.8796657381615599
0.6299924642049737,0.8796657381615599
0.6300609714324861,0.8796657381615599
0.6301294786599986,0.8796657381615599
0.6301979858875111,0.8796657381615599
0.6302664931150236,0.8796657381615599
0.6303350003425361,0.8796657381615599
0.6304035075700486,0.8802228412256268
0.6304720147975611,0.8802228412256268
0.6305405220250736,0.8802228412256268
0.6306090292525861,0.8802228412256268
0.6306775364800986,0.8802228412256268
0.6307460437076111,0.8802228412256268
0.6308145509351236,0.8802228412256268
0.6308830581626361,0.8802228412256268
0.6309515653901486,0.8802228412256268
0.6310200726176611,0.8802228412256268
0.6310885798451736,0.8802228412256268
0.6311570870726861,0.8802228412256268
0.6312255943001986,0.8802228412256268
0.6312941015277111,0.8802228412256268
0.6313626087552237,0.8802228412256268
0.6314311159827362,0.8802228412256268
0.6314996232102487,0.8802228412256268
0.6315681304377612,0.8802228412256268
0.6316366376652737,0.8802228412256268
0.6317051448927862,0.8802228412256268
0.6317736521202987,0.8802228412256268
0.6318421593478112,0.8802228412256268
0.6319106665753237,0.8802228412256268
0.6319791738028362,0.8802228412256268
0.6320476810303487,0.8802228412256268
0.6321161882578612,0.8807799442896936
0.6321846954853737,0.8807799442896936
0.6322532027128862,0.8807799442896936
0.6323217099403987,0.8807799442896936
0.6323902171679112,0.8807799442896936
0.6324587243954237,0.8807799442896936
0.6325272316229362,0.8807799442896936
0.6325957388504487,0.8807799442896936
0.6326642460779612,0.8807799442896936
0.6327327533054737,0.8807799442896936
0.6328012605329862,0.8807799442896936
0.6328697677604987,0.8807799442896936
0.6329382749880113,0.8813370473537604
0.6330067822155238,0.8818941504178273
0.6330752894430363,0.8818941504178273
0.6331437966705488,0.8818941504178273
0.6332123038980613,0.8818941504178273
0.6332808111255738,0.8818941504178273
0.6333493183530863,0.8818941504178273
0.6334178255805988,0.8818941504178273
0.6334863328081113,0.8818941504178273
0.6335548400356238,0.8818941504178273
0.6336233472631363,0.8818941504178273
0.6336918544906488,0.8824512534818941
0.6337603617181613,0.8824512534818941
0.6338288689456738,0.8824512534818941
0.6338973761731863,0.8824512534818941
0.6339658834006988,0.8824512534818941
0.6340343906282113,0.8824512534818941
0.6341028978557238,0.8824512534818941
0.6341714050832363,0.8824512534818941
0.6342399123107488,0.8824512534818941
0.6343084195382613,0.8824512534818941
0.6343769267657738,0.8824512534818941
0.6344454339932863,0.8824512534818941
0.6345139412207988,0.8824512534818941
0.6345824484483112,0.8824512534818941
0.6346509556758237,0.8824512534818941
0.6347194629033363,0.8824512534818941
0.6347879701308488,0.8824512534818941
0.6348564773583613,0.8824512534818941
0.6349249845858738,0.8824512534818941
0.6349934918133863,0.8824512534818941
0.6350619990408988,0.8824512534818941
0.6351305062684113,0.8824512534818941
0.6351990134959238,0.8824512534818941
0.6352675207234363,0.8824512534818941
0.6353360279509488,0.8824512534818941
0.6354045351784613,0.8824512534818941
0.6354730424059738,0.8824512534818941
0.6355415496334863,0.8824512534818941
0.6356100568609988,0.8824512534818941
0.6356785640885113,0.8824512534818941
0.6357470713160238,0.8824512534818941
0.6358155785435363,0.8824512534818941
0.6358840857710488,0.8824512534818941
0.6359525929985613,0.8824512534818941
0.6360211002260738,0.8824512534818941
0.6360896074535863,0.8824512534818941
0.6361581146810988,0.8824512534818941
0.6362266219086113,0.883008356545961
0.6362951291361238,0.883008356545961
0.6363636363636364,0.883008356545961
0.6364321435911489,0.883008356545961
0.6365006508186614,0.883008356545961
0.6365691580461739,0.883008356545961
0.6366376652736864,0.883008356545961
0.6367061725011989,0.883008356545961
0.6367746797287114,0.883008356545961
0.6368431869562239,0.883008356545961
0.6369116941837364,0.883008356545961
0.6369802014112489,0.883008356545961
0.6370487086387614,0.883008356545961
0.6371172158662739,0.883008356545961
0.6371857230937864,0.883008356545961
0.6372542303212989,0.883008356545961
0.6373227375488114,0.883008356545961
0.6373912447763239,0.883008356545961
0.6374597520038364,0.883008356545961
0.6375282592313489,0.883008356545961
0.6375967664588614,0.883008356545961
0.6376652736863739,0.883008356545961
0.6377337809138864,0.883008356545961
0.6378022881413989,0.883008356545961
0.6378707953689114,0.883008356545961
0.637939302596424,0.883008356545961
0.6380078098239365,0.883008356545961
0.638076317051449,0.883008356545961
0.6381448242789615,0.8835654596100279
0.638213331506474,0.8835654596100279
0.6382818387339865,0.8835654596100279
0.638350345961499,0.8835654596100279
0.6384188531890115,0.8835654596100279
0.638487360416524,0.8835654596100279
0.6385558676440365,0.8835654596100279
0.638624374871549,0.8835654596100279
0.6386928820990615,0.8835654596100279
0.638761389326574,0.8835654596100279
0.6388298965540865,0.8835654596100279
0.638898403781599,0.8835654596100279
0.6389669110091115,0.8835654596100279
0.6390354182366239,0.8835654596100279
0.6391039254641364,0.8835654596100279
0.6391724326916489,0.8835654596100279
0.6392409399191614,0.8835654596100279
0.6393094471466739,0.8841225626740947
0.6393779543741864,0.8841225626740947
0.6394464616016989,0.8841225626740947
0.6395149688292114,0.8841225626740947
0.6395834760567239,0.8841225626740947
0.6396519832842364,0.8841225626740947
0.639720490511749,0.8841225626740947
0.6397889977392615,0.8841225626740947
0.639857504966774,0.8841225626740947
0.6399260121942865,0.8841225626740947
0.639994519421799,0.8841225626740947
0.6400630266493115,0.8841225626740947
0.640131533876824,0.8841225626740947
0.6402000411043365,0.8846796657381616
0.640268548331849,0.8846796657381616
0.6403370555593615,0.8846796657381616
0.640405562786874,0.8846796657381616
0.6404740700143865,0.8846796657381616
0.640542577241899,0.8846796657381616
0.6406110844694115,0.8846796657381616
0.640679591696924,0.8846796657381616
0.6407480989244365,0.8846796657381616
0.640816606151949,0.8846796657381616
0.6408851133794615,0.8846796657381616
0.640953620606974,0.8846796657381616
0.6410221278344865,0.8852367688022285
0.641090635061999,0.8852367688022285
0.6411591422895115,0.8852367688022285
0.641227649517024,0.8852367688022285
0.6412961567445365,0.8852367688022285
0.641364663972049,0.8852367688022285
0.6414331711995616,0.8852367688022285
0.6415016784270741,0.8852367688022285
0.6415701856545866,0.8852367688022285
0.6416386928820991,0.8852367688022285
0.6417072001096116,0.8852367688022285
0.6417757073371241,0.8852367688022285
0.6418442145646366,0.8852367688022285
0.6419127217921491,0.8852367688022285
0.6419812290196616,0.8857938718662952
0.6420497362471741,0.8857938718662952
0.6421182434746866,0.8857938718662952
0.6421867507021991,0.8857938718662952
0.6422552579297116,0.8857938718662952
0.6423237651572241,0.8857938718662952
0.6423922723847366,0.8857938718662952
0.6424607796122491,0.8857938718662952
0.6425292868397616,0.8857938718662952
0.6425977940672741,0.8857938718662952
0.6426663012947866,0.8857938718662952
0.6427348085222991,0.8857938718662952
0.6428033157498116,0.8863509749303621
0.6428718229773241,0.8863509749303621
0.6429403302048367,0.8863509749303621
0.6430088374323492,0.8863509749303621
0.6430773446598617,0.8863509749303621
0.6431458518873742,0.8863509749303621
0.6432143591148867,0.886908077994429
0.6432828663423992,0.886908077994429
0.6433513735699117,0.886908077994429
0.6434198807974242,0.886908077994429
0.6434883880249367,0.886908077994429
0.6435568952524491,0.886908077994429
0.6436254024799616,0.886908077994429
0.6436939097074741,0.886908077994429
0.6437624169349866,0.886908077994429
0.6438309241624991,0.886908077994429
0.6438994313900116,0.886908077994429
0.6439679386175241,0.886908077994429
0.6440364458450366,0.886908077994429
0.6441049530725491,0.886908077994429
0.6441734603000616,0.886908077994429
0.6442419675275741,0.886908077994429
0.6443104747550866,0.886908077994429
0.6443789819825991,0.886908077994429
0.6444474892101116,0.886908077994429
0.6445159964376241,0.886908077994429
0.6445845036651366,0.886908077994429
0.6446530108926491,0.886908077994429
0.6447215181201617,0.886908077994429
0.6447900253476742,0.8874651810584958
0.6448585325751867,0.8874651810584958
0.6449270398026992,0.8874651810584958
0.6449955470302117,0.8874651810584958
0.6450640542577242,0.8874651810584958
0.6451325614852367,0.8874651810584958
0.6452010687127492,0.8874651810584958
0.6452695759402617,0.8874651810584958
0.6453380831677742,0.8874651810584958
0.6454065903952867,0.8874651810584958
0.6454750976227992,0.8874651810584958
0.6455436048503117,0.8874651810584958
0.6456121120778242,0.8874651810584958
0.6456806193053367,0.8874651810584958
0.6457491265328492,0.8874651810584958
0.6458176337603617,0.8874651810584958
0.6458861409878742,0.8874651810584958
0.6459546482153867,0.8880222841225627
0.6460231554428992,0.8880222841225627
0.6460916626704117,0.8880222841225627
0.6461601698979242,0.8880222841225627
0.6462286771254367,0.8880222841225627
0.6462971843529492,0.8880222841225627
0.6463656915804618,0.8880222841225627
0.6464341988079743,0.8880222841225627
0.6465027060354868,0.8880222841225627
0.6465712132629993,0.8880222841225627
0.6466397204905118,0.8880222841225627
0.6467082277180243,0.8880222841225627
0.6467767349455368,0.8885793871866295
0.6468452421730493,0.8885793871866295
0.6469137494005618,0.8885793871866295
0.6469822566280743,0.8885793871866295
0.6470507638555868,0.8885793871866295
0.6471192710830993,0.8885793871866295
0.6471877783106118,0.8885793871866295
0.6472562855381243,0.8885793871866295
0.6473247927656368,0.8885793871866295
0.6473932999931493,0.8885793871866295
0.6474618072206618,0.8885793871866295
0.6475303144481743,0.8885793871866295
0.6475988216756868,0.8885793871866295
0.6476673289031993,0.8885793871866295
0.6477358361307118,0.8885793871866295
0.6478043433582243,0.8885793871866295
0.6478728505857368,0.8891364902506964
0.6479413578132494,0.8891364902506964
0.6480098650407617,0.8896935933147633
0.6480783722682742,0.8896935933147633
0.6481468794957868,0.8896935933147633
0.6482153867232993,0.8896935933147633
0.6482838939508118,0.89025069637883
0.6483524011783243,0.89025069637883
0.6484209084058368,0.8908077994428969
0.6484894156333493,0.8908077994428969
0.6485579228608618,0.8908077994428969
0.6486264300883743,0.8908077994428969
0.6486949373158868,0.8908077994428969
0.6487634445433993,0.8913649025069638
0.6488319517709118,0.8913649025069638
0.6489004589984243,0.8913649025069638
0.6489689662259368,0.8913649025069638
0.6490374734534493,0.8913649025069638
0.6491059806809618,0.8913649025069638
0.6491744879084743,0.8913649025069638
0.6492429951359868,0.8913649025069638
0.6493115023634993,0.8913649025069638
0.6493800095910118,0.8913649025069638
0.6494485168185243,0.8913649025069638
0.6495170240460368,0.8913649025069638
0.6495855312735493,0.8913649025069638
0.6496540385010618,0.8913649025069638
0.6497225457285744,0.8913649025069638
0.6497910529560869,0.8919220055710306
0.6498595601835994,0.8919220055710306
0.6499280674111119,0.8919220055710306
0.6499965746386244,0.8919220055710306
0.6500650818661369,0.8919220055710306
0.6501335890936494,0.8919220055710306
0.6502020963211619,0.8919220055710306
0.6502706035486744,0.8919220055710306
0.6503391107761869,0.8919220055710306
0.6504076180036994,0.8924791086350975
0.6504761252312119,0.8924791086350975
0.6505446324587244,0.8924791086350975
0.6506131396862369,0.8924791086350975
0.6506816469137494,0.8924791086350975
0.6507501541412619,0.8924791086350975
0.6508186613687744,0.8924791086350975
0.6508871685962869,0.8924791086350975
0.6509556758237994,0.8924791086350975
0.6510241830513119,0.8924791086350975
0.6510926902788244,0.8924791086350975
0.6511611975063369,0.8924791086350975
0.6512297047338494,0.8924791086350975
0.651298211961362,0.8924791086350975
0.6513667191888745,0.8924791086350975
0.651435226416387,0.8924791086350975
0.6515037336438995,0.8924791086350975
0.651572240871412,0.8924791086350975
0.6516407480989245,0.8924791086350975
0.651709255326437,0.8924791086350975
0.6517777625539495,0.8930362116991644
0.651846269781462,0.8935933147632312
0.6519147770089745,0.8935933147632312
0.651983284236487,0.8935933147632312
0.6520517914639995,0.8935933147632312
0.652120298691512,0.8935933147632312
0.6521888059190245,0.8935933147632312
0.652257313146537,0.8941504178272981
0.6523258203740495,0.8941504178272981
0.652394327601562,0.8941504178272981
0.6524628348290745,0.8941504178272981
0.6525313420565869,0.8941504178272981
0.6525998492840994,0.8941504178272981
0.6526683565116119,0.8941504178272981
0.6527368637391244,0.8941504178272981
0.6528053709666369,0.8941504178272981
0.6528738781941494,0.8941504178272981
0.6529423854216619,0.8941504178272981
0.6530108926491744,0.8941504178272981
0.653079399876687,0.8941504178272981
0.6531479071041995,0.8941504178272981
0.653216414331712,0.8941504178272981
0.6532849215592245,0.8941504178272981
0.653353428786737,0.8941504178272981
0.6534219360142495,0.8941504178272981
0.653490443241762,0.8941504178272981
0.6535589504692745,0.8941504178272981
0.653627457696787,0.8941504178272981
0.6536959649242995,0.8941504178272981
0.653764472151812,0.8941504178272981
0.6538329793793245,0.8941504178272981
0.653901486606837,0.8941504178272981
0.6539699938343495,0.8941504178272981
0.654038501061862,0.8941504178272981
0.6541070082893745,0.8941504178272981
0.654175515516887,0.8941504178272981
0.6542440227443995,0.8941504178272981
0.654312529971912,0.8941504178272981
0.6543810371994245,0.8941504178272981
0.654449544426937,0.8941504178272981
0.6545180516544495,0.8941504178272981
0.654586558881962,0.8941504178272981
0.6546550661094745,0.8941504178272981
0.654723573336987,0.8941504178272981
0.6547920805644996,0.8941504178272981
0.6548605877920121,0.8941504178272981
0.6549290950195246,0.8941504178272981
0.6549976022470371,0.8941504178272981
0.6550661094745496,0.8941504178272981
0.6551346167020621,0.8941504178272981
0.6552031239295746,0.8941504178272981
0.6552716311570871,0.8941504178272981
0.6553401383845996,0.8941504178272981
0.6554086456121121,0.8941504178272981
0.6554771528396246,0.8941504178272981
0.6555456600671371,0.8947075208913648
0.6556141672946496,0.8947075208913648
0.6556826745221621,0.8947075208913648
0.6557511817496746,0.8947075208913648
0.6558196889771871,0.8947075208913648
0.6558881962046996,0.8947075208913648
0.6559567034322121,0.8952646239554317
0.6560252106597246,0.8952646239554317
0.6560937178872371,0.8952646239554317
0.6561622251147496,0.8952646239554317
0.6562307323422621,0.8952646239554317
0.6562992395697747,0.8952646239554317
0.6563677467972872,0.8952646239554317
0.6564362540247997,0.8952646239554317
0.6565047612523122,0.8952646239554317
0.6565732684798247,0.8958217270194986
0.6566417757073372,0.8958217270194986
0.6567102829348497,0.8958217270194986
0.6567787901623622,0.8958217270194986
0.6568472973898747,0.8958217270194986
0.6569158046173872,0.8958217270194986
0.6569843118448996,0.8958217270194986
0.6570528190724121,0.8958217270194986
0.6571213262999246,0.8958217270194986
0.6571898335274371,0.8958217270194986
0.6572583407549496,0.8958217270194986
0.6573268479824621,0.8958217270194986
0.6573953552099746,0.8958217270194986
0.6574638624374871,0.8958217270194986
0.6575323696649996,0.8958217270194986
0.6576008768925121,0.8958217270194986
0.6576693841200246,0.8958217270194986
0.6577378913475371,0.8958217270194986
0.6578063985750496,0.8958217270194986
0.6578749058025621,0.8958217270194986
0.6579434130300746,0.8958217270194986
0.6580119202575871,0.8958217270194986
0.6580804274850997,0.8958217270194986
0.6581489347126122,0.8958217270194986
0.6582174419401247,0.8958217270194986
0.6582859491676372,0.8958217270194986
0.6583544563951497,0.8963788300835654
0.6584229636226622,0.8963788300835654
0.6584914708501747,0.8963788300835654
0.6585599780776872,0.8963788300835654
0.6586284853051997,0.8963788300835654
0.6586969925327122,0.8963788300835654
0.6587654997602247,0.8963788300835654
0.6588340069877372,0.8963788300835654
0.6589025142152497,0.8963788300835654
0.6589710214427622,0.8963788300835654
0.6590395286702747,0.8963788300835654
0.6591080358977872,0.8963788300835654
0.6591765431252997,0.8963788300835654
0.6592450503528122,0.8963788300835654
0.6593135575803247,0.8963788300835654
0.6593820648078372,0.8963788300835654
0.6594505720353497,0.8963788300835654
0.6595190792628622,0.8963788300835654
0.6595875864903747,0.8963788300835654
0.6596560937178872,0.8963788300835654
0.6597246009453998,0.8963788300835654
0.6597931081729123,0.8963788300835654
0.6598616154004248,0.8963788300835654
0.6599301226279373,0.8963788300835654
0.6599986298554498,0.8963788300835654
0.6600671370829623,0.8963788300835654
0.6601356443104748,0.8963788300835654
0.6602041515379873,0.8963788300835654
0.6602726587654998,0.8963788300835654
0.6603411659930123,0.8963788300835654
0.6604096732205248,0.8963788300835654
0.6604781804480373,0.8963788300835654
0.6605466876755498,0.8963788300835654
0.6606151949030623,0.8963788300835654
0.6606837021305748,0.8963788300835654
0.6607522093580873,0.8963788300835654
0.6608207165855998,0.8963788300835654
0.6608892238131123,0.8963788300835654
0.6609577310406248,0.8963788300835654
0.6610262382681373,0.8969359331476323
0.6610947454956498,0.8969359331476323
0.6611632527231623,0.8969359331476323
0.6612317599506748,0.8969359331476323
0.6613002671781874,0.8969359331476323
0.6613687744056999,0.8969359331476323
0.6614372816332122,0.8969359331476323
0.6615057888607248,0.8969359331476323
0.6615742960882373,0.8969359331476323
0.6616428033157498,0.8969359331476323
0.6617113105432623,0.8969359331476323
0.6617798177707748,0.8969359331476323
0.6618483249982873,0.8969359331476323
0.6619168322257998,0.8969359331476323
0.6619853394533123,0.8969359331476323
0.6620538466808248,0.8969359331476323
0.6621223539083373,0.8969359331476323
0.6621908611358498,0.8969359331476323
0.6622593683633623,0.8974930362116992
0.6623278755908748,0.8974930362116992
0.6623963828183873,0.8974930362116992
0.6624648900458998,0.8974930362116992
0.6625333972734123,0.8974930362116992
0.6626019045009248,0.8974930362116992
0.6626704117284373,0.8974930362116992
0.6627389189559498,0.8974930362116992
0.6628074261834623,0.8974930362116992
0.6628759334109748,0.8974930362116992
0.6629444406384873,0.8974930362116992
0.6630129478659998,0.8974930362116992
0.6630814550935124,0.8974930362116992
0.6631499623210249,0.8974930362116992
0.6632184695485374,0.8974930362116992
0.6632869767760499,0.8974930362116992
0.6633554840035624,0.8974930362116992
0.6634239912310749,0.8974930362116992
0.6634924984585874,0.8974930362116992
0.6635610056860999,0.8974930362116992
0.6636295129136124,0.8974930362116992
0.6636980201411249,0.8974930362116992
0.6637665273686374,0.8974930362116992
0.6638350345961499,0.8974930362116992
0.6639035418236624,0.8974930362116992
0.6639720490511749,0.8974930362116992
0.6640405562786874,0.8974930362116992
0.6641090635061999,0.8974930362116992
0.6641775707337124,0.8974930362116992
0.6642460779612249,0.8974930362116992
0.6643145851887374,0.8974930362116992
0.6643830924162499,0.8974930362116992
0.6644515996437624,0.8974930362116992
0.6645201068712749,0.8974930362116992
0.6645886140987874,0.8974930362116992
0.6646571213263,0.8974930362116992
0.6647256285538125,0.8974930362116992
0.664794135781325,0.8974930362116992
0.6648626430088375,0.8974930362116992
0.66493115023635,0.8974930362116992
0.6649996574638625,0.8974930362116992
0.665068164691375,0.8974930362116992
0.6651366719188875,0.8974930362116992
0.6652051791464,0.898050139275766
0.6652736863739125,0.898050139275766
0.665342193601425,0.898050139275766
0.6654107008289375,0.898050139275766
0.66547920805645,0.898050139275766
0.6655477152839625,0.898050139275766
0.665616222511475,0.898050139275766
0.6656847297389875,0.898050139275766
0.6657532369665,0.898050139275766
0.6658217441940125,0.898050139275766
0.665890251421525,0.898050139275766
0.6659587586490374,0.898050139275766
0.6660272658765499,0.898050139275766
0.6660957731040624,0.898050139275766
0.6661642803315749,0.898050139275766
0.6662327875590874,0.898050139275766
0.6663012947865999,0.898050139275766
0.6663698020141124,0.898050139275766
0.666438309241625,0.898050139275766
0.6665068164691375,0.898050139275766
0.66657532369665,0.898050139275766
0.6666438309241625,0.898050139275766
0.666712338151675,0.898050139275766
0.6667808453791875,0.898050139275766
0.6668493526067,0.8986072423398329
0.6669178598342125,0.8986072423398329
0.666986367061725,0.8986072423398329
0.6670548742892375,0.8986072423398329
0.66712338151675,0.8986072423398329
0.6671918887442625,0.8986072423398329
0.667260395971775,0.8986072423398329
0.6673289031992875,0.8986072423398329
0.6673974104268,0.8986072423398329
0.6674659176543125,0.8986072423398329
0.667534424881825,0.8986072423398329
0.6676029321093375,0.8986072423398329
0.66767143933685,0.8986072423398329
0.6677399465643625,0.8986072423398329
0.667808453791875,0.8986072423398329
0.6678769610193875,0.8986072423398329
0.6679454682469,0.8986072423398329
0.6680139754744125,0.8986072423398329
0.668082482701925,0.8986072423398329
0.6681509899294376,0.8986072423398329
0.6682194971569501,0.8986072423398329
0.6682880043844626,0.8986072423398329
0.6683565116119751,0.8986072423398329
0.6684250188394876,0.8986072423398329
0.6684935260670001,0.8986072423398329
0.6685620332945126,0.8986072423398329
0.6686305405220251,0.8986072423398329
0.6686990477495376,0.8986072423398329
0.6687675549770501,0.8986072423398329
0.6688360622045626,0.8986072423398329
0.6689045694320751,0.8986072423398329
0.6689730766595876,0.8986072423398329
0.6690415838871001,0.8986072423398329
0.6691100911146126,0.8986072423398329
0.6691785983421251,0.8986072423398329
0.6692471055696376,0.8986072423398329
0.6693156127971501,0.8986072423398329
0.6693841200246626,0.8986072423398329
0.6694526272521751,0.8986072423398329
0.6695211344796876,0.8986072423398329
0.6695896417072001,0.8986072423398329
0.6696581489347126,0.8986072423398329
0.6697266561622252,0.8986072423398329
0.6697951633897377,0.8986072423398329
0.6698636706172502,0.8986072423398329
0.6699321778447627,0.8991643454038997
0.6700006850722752,0.8991643454038997
0.6700691922997877,0.8997214484679665
0.6701376995273002,0.8997214484679665
0.6702062067548127,0.8997214484679665
0.6702747139823252,0.8997214484679665
0.6703432212098377,0.8997214484679665
0.6704117284373501,0.8997214484679665
0.6704802356648626,0.8997214484679665
0.6705487428923751,0.8997214484679665
0.6706172501198876,0.8997214484679665
0.6706857573474001,0.8997214484679665
0.6707542645749126,0.8997214484679665
0.6708227718024251,0.8997214484679665
0.6708912790299376,0.8997214484679665
0.6709597862574501,0.8997214484679665
0.6710282934849626,0.8997214484679665
0.6710968007124751,0.8997214484679665
0.6711653079399876,0.8997214484679665
0.6712338151675001,0.8997214484679665
0.6713023223950126,0.8997214484679665
0.6713708296225251,0.8997214484679665
0.6714393368500376,0.9002785515320334
0.6715078440775502,0.9002785515320334
0.6715763513050627,0.9002785515320334
0.6716448585325752,0.9002785515320334
0.6717133657600877,0.9002785515320334
0.6717818729876002,0.9002785515320334
0.6718503802151127,0.9002785515320334
0.6719188874426252,0.9008356545961003
0.6719873946701377,0.9008356545961003
0.6720559018976502,0.9008356545961003
0.6721244091251627,0.9008356545961003
0.6721929163526752,0.9008356545961003
0.6722614235801877,0.9008356545961003
0.6723299308077002,0.9008356545961003
0.6723984380352127,0.9008356545961003
0.6724669452627252,0.9008356545961003
0.6725354524902377,0.9008356545961003
0.6726039597177502,0.9008356545961003
0.6726724669452627,0.9008356545961003
0.6727409741727752,0.9008356545961003
0.6728094814002877,0.9008356545961003
0.6728779886278002,0.9008356545961003
0.6729464958553127,0.9008356545961003
0.6730150030828252,0.9008356545961003
0.6730835103103378,0.9008356545961003
0.6731520175378503,0.9008356545961003
0.6732205247653628,0.9008356545961003
0.6732890319928753,0.9008356545961003
0.6733575392203878,0.9008356545961003
0.6734260464479003,0.9008356545961003
0.6734945536754128,0.9008356545961003
0.6735630609029253,0.9008356545961003
0.6736315681304378,0.9008356545961003
0.6737000753579503,0.9008356545961003
0.6737685825854628,0.9008356545961003
0.6738370898129753,0.9008356545961003
0.6739055970404878,0.9008356545961003
0.6739741042680003,0.9008356545961003
0.6740426114955128,0.9008356545961003
0.6741111187230253,0.9013927576601671
0.6741796259505378,0.9013927576601671
0.6742481331780503,0.9013927576601671
0.6743166404055628,0.9013927576601671
0.6743851476330753,0.9013927576601671
0.6744536548605878,0.901949860724234
0.6745221620881003,0.901949860724234
0.6745906693156128,0.901949860724234
0.6746591765431253,0.901949860724234
0.6747276837706379,0.901949860724234
0.6747961909981504,0.901949860724234
0.6748646982256629,0.901949860724234
0.6749332054531753,0.901949860724234
0.6750017126806878,0.901949860724234
0.6750702199082003,0.901949860724234
0.6751387271357128,0.901949860724234
0.6752072343632253,0.901949860724234
0.6752757415907378,0.901949860724234
0.6753442488182503,0.901949860724234
0.6754127560457628,0.901949860724234
0.6754812632732753,0.901949860724234
0.6755497705007878,0.901949860724234
0.6756182777283003,0.901949860724234
0.6756867849558128,0.901949860724234
0.6757552921833253,0.901949860724234
0.6758237994108378,0.901949860724234
0.6758923066383503,0.9025069637883009
0.6759608138658628,0.9025069637883009
0.6760293210933753,0.9025069637883009
0.6760978283208878,0.9025069637883009
0.6761663355484003,0.9025069637883009
0.6762348427759128,0.9025069637883009
0.6763033500034253,0.9025069637883009
0.6763718572309378,0.9025069637883009
0.6764403644584503,0.9025069637883009
0.6765088716859629,0.9025069637883009
0.6765773789134754,0.9030640668523677
0.6766458861409879,0.9030640668523677
0.6767143933685004,0.9030640668523677
0.6767829005960129,0.9030640668523677
0.6768514078235254,0.9030640668523677
0.6769199150510379,0.9030640668523677
0.6769884222785504,0.9036211699164345
0.6770569295060629,0.9036211699164345
0.6771254367335754,0.9036211699164345
0.6771939439610879,0.9036211699164345
0.6772624511886004,0.9036211699164345
0.6773309584161129,0.9036211699164345
0.6773994656436254,0.9041782729805014
0.6774679728711379,0.9041782729805014
0.6775364800986504,0.9041782729805014
0.6776049873261629,0.9041782729805014
0.6776734945536754,0.9041782729805014
0.6777420017811879,0.9041782729805014
0.6778105090087004,0.9041782729805014
0.6778790162362129,0.9041782729805014
0.6779475234637254,0.9041782729805014
0.678016030691238,0.9047353760445682
0.6780845379187505,0.9052924791086351
0.678153045146263,0.9052924791086351
0.6782215523737755,0.9052924791086351
0.678290059601288,0.9052924791086351
0.6783585668288005,0.9052924791086351
0.678427074056313,0.9052924791086351
0.6784955812838255,0.9052924791086351
0.678564088511338,0.9052924791086351
0.6786325957388505,0.9052924791086351
0.678701102966363,0.9052924791086351
0.6787696101938755,0.9052924791086351
0.678838117421388,0.9052924791086351
0.6789066246489005,0.9052924791086351
0.678975131876413,0.9052924791086351
0.6790436391039255,0.9052924791086351
0.679112146331438,0.9052924791086351
0.6791806535589505,0.9052924791086351
0.679249160786463,0.9052924791086351
0.6793176680139755,0.9052924791086351
0.6793861752414879,0.9052924791086351
0.6794546824690004,0.9052924791086351
0.6795231896965129,0.9052924791086351
0.6795916969240254,0.9052924791086351
0.6796602041515379,0.9052924791086351
0.6797287113790504,0.9052924791086351
0.679797218606563,0.9052924791086351
0.6798657258340755,0.9052924791086351
0.679934233061588,0.9052924791086351
0.6800027402891005,0.9052924791086351
0.680071247516613,0.9052924791086351
0.6801397547441255,0.9052924791086351
0.680208261971638,0.9052924791086351
0.6802767691991505,0.9052924791086351
0.680345276426663,0.905849582172702
0.6804137836541755,0.905849582172702
0.680482290881688,0.905849582172702
0.6805507981092005,0.905849582172702
0.680619305336713,0.905849582172702
0.6806878125642255,0.905849582172702
0.680756319791738,0.905849582172702
0.6808248270192505,0.905849582172702
0.680893334246763,0.905849582172702
0.6809618414742755,0.905849582172702
0.681030348701788,0.905849582172702
0.6810988559293005,0.905849582172702
0.681167363156813,0.905849582172702
0.6812358703843255,0.9064066852367688
0.681304377611838,0.9064066852367688
0.6813728848393505,0.9064066852367688
0.681441392066863,0.9064066852367688
0.6815098992943756,0.9064066852367688
0.6815784065218881,0.9064066852367688
0.6816469137494006,0.9064066852367688
0.6817154209769131,0.9064066852367688
0.6817839282044256,0.9064066852367688
0.6818524354319381,0.9064066852367688
0.6819209426594506,0.9064066852367688
0.6819894498869631,0.9064066852367688
0.6820579571144756,0.9064066852367688
0.6821264643419881,0.9064066852367688
0.6821949715695006,0.9064066852367688
0.6822634787970131,0.9064066852367688
0.6823319860245256,0.9064066852367688
0.6824004932520381,0.9064066852367688
0.6824690004795506,0.9064066852367688
0.6825375077070631,0.9064066852367688
0.6826060149345756,0.9064066852367688
0.6826745221620881,0.9064066852367688
0.6827430293896006,0.9064066852367688
0.6828115366171131,0.9064066852367688
0.6828800438446256,0.9064066852367688
0.6829485510721381,0.9064066852367688
0.6830170582996506,0.9064066852367688
0.6830855655271632,0.9064066852367688
0.6831540727546757,0.9064066852367688
0.6832225799821882,0.9064066852367688
0.6832910872097007,0.9064066852367688
0.6833595944372132,0.9064066852367688
0.6834281016647257,0.9064066852367688
0.6834966088922382,0.9064066852367688
0.6835651161197507,0.9064066852367688
0.6836336233472632,0.9064066852367688
0.6837021305747757,0.9069637883008357
0.6837706378022882,0.9069637883008357
0.6838391450298007,0.9069637883008357
0.6839076522573131,0.9069637883008357
0.6839761594848256,0.9075208913649025
0.6840446667123381,0.9075208913649025
0.6841131739398506,0.9075208913649025
0.6841816811673631,0.9075208913649025
0.6842501883948756,0.9075208913649025
0.6843186956223881,0.9075208913649025
0.6843872028499006,0.9075208913649025
0.6844557100774131,0.9075208913649025
0.6845242173049256,0.9075208913649025
0.6845927245324381,0.9075208913649025
0.6846612317599506,0.9075208913649025
0.6847297389874631,0.9080779944289693
0.6847982462149756,0.9080779944289693
0.6848667534424882,0.9080779944289693
0.6849352606700007,0.9080779944289693
0.6850037678975132,0.9080779944289693
0.6850722751250257,0.9086350974930362
0.6851407823525382,0.9086350974930362
0.6852092895800507,0.9086350974930362
0.6852777968075632,0.9086350974930362
0.6853463040350757,0.9086350974930362
0.6854148112625882,0.9086350974930362
0.6854833184901007,0.9086350974930362
0.6855518257176132,0.9086350974930362
0.6856203329451257,0.9086350974930362
0.6856888401726382,0.9086350974930362
0.6857573474001507,0.9086350974930362
0.6858258546276632,0.9086350974930362
0.6858943618551757,0.9086350974930362
0.6859628690826882,0.9086350974930362
0.6860313763102007,0.9086350974930362
0.6860998835377132,0.9086350974930362
0.6861683907652257,0.9086350974930362
0.6862368979927382,0.9086350974930362
0.6863054052202507,0.9086350974930362
0.6863739124477632,0.9086350974930362
0.6864424196752758,0.9086350974930362
0.6865109269027883,0.9086350974930362
0.6865794341303008,0.9086350974930362
0.6866479413578133,0.9086350974930362
0.6867164485853258,0.9086350974930362
0.6867849558128383,0.9086350974930362
0.6868534630403508,0.9086350974930362
0.6869219702678633,0.9086350974930362
0.6869904774953758,0.9086350974930362
0.6870589847228883,0.9086350974930362
0.6871274919504008,0.9086350974930362
0.6871959991779133,0.9086350974930362
0.6872645064054258,0.9086350974930362
0.6873330136329383,0.9086350974930362
0.6874015208604508,0.9086350974930362
0.6874700280879633,0.9086350974930362
0.6875385353154758,0.9086350974930362
0.6876070425429883,0.9086350974930362
0.6876755497705008,0.9086350974930362
0.6877440569980133,0.9086350974930362
0.6878125642255258,0.9086350974930362
0.6878810714530383,0.9086350974930362
0.6879495786805508,0.909192200557103
0.6880180859080633,0.909192200557103
0.6880865931355759,0.909192200557103
0.6881551003630884,0.909192200557103
0.6882236075906009,0.909192200557103
0.6882921148181134,0.909192200557103
0.6883606220456258,0.909192200557103
0.6884291292731383,0.909192200557103
0.6884976365006508,0.909192200557103
0.6885661437281633,0.909192200557103
0.6886346509556758,0.909192200557103
0.6887031581831883,0.909192200557103
0.6887716654107008,0.909192200557103
0.6888401726382133,0.909192200557103
0.6889086798657258,0.909192200557103
0.6889771870932383,0.909192200557103
0.6890456943207508,0.909192200557103
0.6891142015482633,0.909192200557103
0.6891827087757758,0.909192200557103
0.6892512160032883,0.909192200557103
0.6893197232308008,0.909192200557103
0.6893882304583133,0.909192200557103
0.6894567376858258,0.909192200557103
0.6895252449133383,0.909192200557103
0.6895937521408508,0.909192200557103
0.6896622593683633,0.909192200557103
0.6897307665958758,0.909192200557103
0.6897992738233883,0.909192200557103
0.6898677810509009,0.909192200557103
0.6899362882784134,0.9097493036211699
0.6900047955059259,0.9097493036211699
0.6900733027334384,0.9097493036211699
0.6901418099609509,0.9097493036211699
0.6902103171884634,0.9097493036211699
0.6902788244159759,0.9097493036211699
0.6903473316434884,0.9097493036211699
0.6904158388710009,0.9097493036211699
0.6904843460985134,0.9097493036211699
0.6905528533260259,0.9097493036211699
0.6906213605535384,0.9097493036211699
0.6906898677810509,0.9097493036211699
0.6907583750085634,0.9097493036211699
0.6908268822360759,0.9097493036211699
0.6908953894635884,0.9097493036211699
0.6909638966911009,0.9097493036211699
0.6910324039186134,0.9097493036211699
0.6911009111461259,0.9097493036211699
0.6911694183736384,0.9097493036211699
0.6912379256011509,0.9097493036211699
0.6913064328286634,0.9097493036211699
0.691374940056176,0.9097493036211699
0.6914434472836885,0.9097493036211699
0.691511954511201,0.9097493036211699
0.6915804617387135,0.9097493036211699
0.691648968966226,0.9097493036211699
0.6917174761937385,0.9097493036211699
0.691785983421251,0.9097493036211699
0.6918544906487635,0.9097493036211699
0.691922997876276,0.9097493036211699
0.6919915051037885,0.9097493036211699
0.692060012331301,0.9097493036211699
0.6921285195588135,0.9097493036211699
0.692197026786326,0.9097493036211699
0.6922655340138385,0.9097493036211699
0.692334041241351,0.9097493036211699
0.6924025484688635,0.9097493036211699
0.692471055696376,0.9097493036211699
0.6925395629238885,0.9097493036211699
0.692608070151401,0.9097493036211699
0.6926765773789135,0.9097493036211699
0.692745084606426,0.9097493036211699
0.6928135918339385,0.9097493036211699
0.6928820990614509,0.9097493036211699
0.6929506062889634,0.9097493036211699
0.6930191135164759,0.9097493036211699
0.6930876207439884,0.9097493036211699
0.693156127971501,0.9097493036211699
0.6932246351990135,0.9097493036211699
0.693293142426526,0.9097493036211699
0.6933616496540385,0.9097493036211699
0.693430156881551,0.9097493036211699
0.6934986641090635,0.9097493036211699
0.693567171336576,0.9097493036211699
0.6936356785640885,0.9097493036211699
0.693704185791601,0.9097493036211699
0.6937726930191135,0.9097493036211699
0.693841200246626,0.9097493036211699
0.6939097074741385,0.9097493036211699
0.693978214701651,0.9097493036211699
0.6940467219291635,0.9097493036211699
0.694115229156676,0.9097493036211699
0.6941837363841885,0.9097493036211699
0.694252243611701,0.9097493036211699
0.6943207508392135,0.9097493036211699
0.694389258066726,0.9097493036211699
0.6944577652942385,0.9097493036211699
0.694526272521751,0.9097493036211699
0.6945947797492635,0.9097493036211699
0.694663286976776,0.9097493036211699
0.6947317942042885,0.9097493036211699
0.694800301431801,0.9097493036211699
0.6948688086593136,0.9097493036211699
0.6949373158868261,0.9097493036211699
0.6950058231143386,0.9097493036211699
0.6950743303418511,0.9097493036211699
0.6951428375693636,0.9097493036211699
0.6952113447968761,0.9097493036211699
0.6952798520243886,0.9103064066852368
0.6953483592519011,0.9103064066852368
0.6954168664794136,0.9103064066852368
0.6954853737069261,0.9103064066852368
0.6955538809344386,0.9103064066852368
0.6956223881619511,0.9103064066852368
0.6956908953894636,0.9103064066852368
0.6957594026169761,0.9103064066852368
0.6958279098444886,0.9103064066852368
0.6958964170720011,0.9103064066852368
0.6959649242995136,0.9103064066852368
0.6960334315270261,0.9103064066852368
0.6961019387545386,0.9103064066852368
0.6961704459820511,0.9103064066852368
0.6962389532095636,0.9103064066852368
0.6963074604370761,0.9103064066852368
0.6963759676645886,0.9103064066852368
0.6964444748921012,0.9103064066852368
0.6965129821196137,0.9103064066852368
0.6965814893471262,0.9103064066852368
0.6966499965746387,0.9103064066852368
0.6967185038021512,0.9103064066852368
0.6967870110296637,0.9103064066852368
0.6968555182571762,0.9103064066852368
0.6969240254846887,0.9103064066852368
0.6969925327122012,0.9103064066852368
0.6970610399397137,0.9103064066852368
0.6971295471672262,0.9103064066852368
0.6971980543947387,0.9103064066852368
0.6972665616222512,0.9103064066852368
0.6973350688497636,0.9103064066852368
0.6974035760772761,0.9103064066852368
0.6974720833047886,0.9103064066852368
0.6975405905323011,0.9103064066852368
0.6976090977598136,0.9103064066852368
0.6976776049873261,0.9103064066852368
0.6977461122148386,0.9103064066852368
0.6978146194423511,0.9103064066852368
0.6978831266698636,0.9103064066852368
0.6979516338973761,0.9103064066852368
0.6980201411248886,0.9103064066852368
0.6980886483524011,0.9103064066852368
0.6981571555799136,0.9103064066852368
0.6982256628074262,0.9103064066852368
0.6982941700349387,0.9103064066852368
0.6983626772624512,0.9103064066852368
0.6984311844899637,0.9103064066852368
0.6984996917174762,0.9103064066852368
0.6985681989449887,0.9103064066852368
0.6986367061725012,0.9103064066852368
0.6987052134000137,0.9103064066852368
0.6987737206275262,0.9103064066852368
0.6988422278550387,0.9108635097493036
0.6989107350825512,0.9108635097493036
0.6989792423100637,0.9108635097493036
0.6990477495375762,0.9108635097493036
0.6991162567650887,0.9108635097493036
0.6991847639926012,0.9114206128133705
0.6992532712201137,0.9119777158774374
0.6993217784476262,0.9119777158774374
0.6993902856751387,0.9119777158774374
0.6994587929026512,0.9119777158774374
0.6995273001301637,0.9119777158774374
0.6995958073576762,0.9119777158774374
0.6996643145851887,0.9119777158774374
0.6997328218127012,0.9119777158774374
0.6998013290402137,0.9119777158774374
0.6998698362677263,0.9119777158774374
0.6999383434952388,0.9119777158774374
0.7000068507227513,0.9119777158774374
0.7000753579502638,0.9119777158774374
0.7001438651777763,0.9119777158774374
0.7002123724052888,0.9119777158774374
0.7002808796328013,0.9119777158774374
0.7003493868603138,0.9119777158774374
0.7004178940878263,0.9119777158774374
0.7004864013153388,0.9119777158774374
0.7005549085428513,0.9119777158774374
0.7006234157703638,0.9119777158774374
0.7006919229978763,0.9119777158774374
0.7007604302253888,0.9119777158774374
0.7008289374529013,0.9125348189415042
0.7008974446804138,0.9125348189415042
0.7009659519079263,0.9125348189415042
0.7010344591354388,0.9125348189415042
0.7011029663629513,0.9125348189415042
0.7011714735904638,0.9125348189415042
0.7012399808179763,0.9125348189415042
0.7013084880454888,0.9125348189415042
0.7013769952730013,0.9125348189415042
0.7014455025005139,0.9125348189415042
0.7015140097280264,0.9125348189415042
0.7015825169555389,0.9125348189415042
0.7016510241830514,0.9125348189415042
0.7017195314105639,0.9125348189415042
0.7017880386380764,0.9125348189415042
0.7018565458655888,0.9125348189415042
0.7019250530931013,0.9125348189415042
0.7019935603206138,0.9125348189415042
0.7020620675481263,0.9125348189415042
0.7021305747756388,0.9125348189415042
0.7021990820031513,0.9125348189415042
0.7022675892306638,0.9125348189415042
0.7023360964581763,0.9125348189415042
0.7024046036856888,0.9125348189415042
0.7024731109132013,0.9125348189415042
0.7025416181407138,0.9125348189415042
0.7026101253682263,0.9125348189415042
0.7026786325957388,0.9125348189415042
0.7027471398232513,0.9125348189415042
0.7028156470507638,0.9125348189415042
0.7028841542782763,0.9125348189415042
0.7029526615057888,0.9125348189415042
0.7030211687333013,0.9125348189415042
0.7030896759608138,0.9125348189415042
0.7031581831883263,0.9125348189415042
0.7032266904158389,0.9125348189415042
0.7032951976433514,0.9125348189415042
0.7033637048708639,0.9125348189415042
0.7034322120983764,0.913091922005571
0.7035007193258889,0.913091922005571
0.7035692265534014,0.913091922005571
0.7036377337809139,0.913091922005571
0.7037062410084264,0.913091922005571
0.7037747482359389,0.913091922005571
0.7038432554634514,0.913091922005571
0.7039117626909639,0.913091922005571
0.7039802699184764,0.913091922005571
0.7040487771459889,0.913091922005571
0.7041172843735014,0.913091922005571
0.7041857916010139,0.913091922005571
0.7042542988285264,0.913091922005571
0.7043228060560389,0.913091922005571
0.7043913132835514,0.913091922005571
0.7044598205110639,0.913091922005571
0.7045283277385764,0.913091922005571
0.7045968349660889,0.913091922005571
0.7046653421936014,0.913091922005571
0.704733849421114,0.913091922005571
0.7048023566486264,0.913091922005571
0.704870863876139,0.913091922005571
0.7049393711036515,0.913091922005571
0.705007878331164,0.913091922005571
0.7050763855586765,0.913091922005571
0.705144892786189,0.913091922005571
0.7052134000137015,0.913091922005571
0.705281907241214,0.913091922005571
0.7053504144687265,0.913091922005571
0.705418921696239,0.913091922005571
0.7054874289237515,0.913091922005571
0.705555936151264,0.913091922005571
0.7056244433787765,0.913091922005571
0.705692950606289,0.913091922005571
0.7057614578338015,0.9136490250696379
0.705829965061314,0.9136490250696379
0.7058984722888265,0.9136490250696379
0.705966979516339,0.9136490250696379
0.7060354867438515,0.9136490250696379
0.706103993971364,0.9136490250696379
0.7061725011988765,0.9136490250696379
0.706241008426389,0.9136490250696379
0.7063095156539014,0.9136490250696379
0.7063780228814139,0.9136490250696379
0.7064465301089264,0.9136490250696379
0.706515037336439,0.9136490250696379
0.7065835445639514,0.9136490250696379
0.706652051791464,0.9136490250696379
0.7067205590189765,0.9136490250696379
0.706789066246489,0.9136490250696379
0.7068575734740015,0.9136490250696379
0.706926080701514,0.9136490250696379
0.7069945879290265,0.9136490250696379
0.707063095156539,0.9136490250696379
0.7071316023840515,0.9136490250696379
0.707200109611564,0.9136490250696379
0.7072686168390765,0.9136490250696379
0.707337124066589,0.9136490250696379
0.7074056312941015,0.9142061281337047
0.707474138521614,0.9142061281337047
0.7075426457491265,0.9142061281337047
0.707611152976639,0.9142061281337047
0.7076796602041515,0.9142061281337047
0.707748167431664,0.9142061281337047
0.7078166746591765,0.9142061281337047
0.707885181886689,0.9142061281337047
0.7079536891142015,0.9142061281337047
0.708022196341714,0.9142061281337047
0.7080907035692265,0.9142061281337047
0.708159210796739,0.9142061281337047
0.7082277180242516,0.9142061281337047
0.7082962252517641,0.9142061281337047
0.7083647324792766,0.9142061281337047
0.7084332397067891,0.9142061281337047
0.7085017469343016,0.9142061281337047
0.7085702541618141,0.9142061281337047
0.7086387613893266,0.9142061281337047
0.7087072686168391,0.9142061281337047
0.7087757758443516,0.9142061281337047
0.7088442830718641,0.9142061281337047
0.7089127902993766,0.9142061281337047
0.7089812975268891,0.9142061281337047
0.7090498047544016,0.9142061281337047
0.7091183119819141,0.9142061281337047
0.7091868192094266,0.9142061281337047
0.7092553264369391,0.9142061281337047
0.7093238336644516,0.9142061281337047
0.7093923408919641,0.9142061281337047
0.7094608481194766,0.9142061281337047
0.7095293553469891,0.9142061281337047
0.7095978625745016,0.9142061281337047
0.7096663698020141,0.9142061281337047
0.7097348770295266,0.9142061281337047
0.7098033842570391,0.9147632311977716
0.7098718914845517,0.9153203342618385
0.7099403987120642,0.9153203342618385
0.7100089059395767,0.9153203342618385
0.7100774131670892,0.9153203342618385
0.7101459203946017,0.9153203342618385
0.7102144276221142,0.9153203342618385
0.7102829348496267,0.9153203342618385
0.7103514420771392,0.9153203342618385
0.7104199493046517,0.9153203342618385
0.7104884565321642,0.9153203342618385
0.7105569637596767,0.9153203342618385
0.7106254709871892,0.9153203342618385
0.7106939782147017,0.9153203342618385
0.7107624854422141,0.9153203342618385
0.7108309926697266,0.9153203342618385
0.7108994998972391,0.9153203342618385
0.7109680071247516,0.9153203342618385
0.7110365143522641,0.9153203342618385
0.7111050215797766,0.9153203342618385
0.7111735288072891,0.9153203342618385
0.7112420360348016,0.9158774373259053
0.7113105432623141,0.9158774373259053
0.7113790504898266,0.9158774373259053
0.7114475577173391,0.9158774373259053
0.7115160649448516,0.9158774373259053
0.7115845721723641,0.9158774373259053
0.7116530793998767,0.9158774373259053
0.7117215866273892,0.9158774373259053
0.7117900938549017,0.9158774373259053
0.7118586010824142,0.9158774373259053
0.7119271083099267,0.9158774373259053
0.7119956155374392,0.9158774373259053
0.7120641227649517,0.9158774373259053
0.7121326299924642,0.9158774373259053
0.7122011372199767,0.9158774373259053
0.7122696444474892,0.9158774373259053
0.7123381516750017,0.9158774373259053
0.7124066589025142,0.9158774373259053
0.7124751661300267,0.9158774373259053
0.7125436733575392,0.9158774373259053
0.7126121805850517,0.9158774373259053
0.7126806878125642,0.9158774373259053
0.7127491950400767,0.9158774373259053
0.7128177022675892,0.9158774373259053
0.7128862094951017,0.9158774373259053
0.7129547167226142,0.9158774373259053
0.7130232239501267,0.9158774373259053
0.7130917311776392,0.9158774373259053
0.7131602384051517,0.9158774373259053
0.7132287456326643,0.9158774373259053
0.7132972528601768,0.9158774373259053
0.7133657600876893,0.9158774373259053
0.7134342673152018,0.9158774373259053
0.7135027745427143,0.9158774373259053
0.7135712817702268,0.9158774373259053
0.7136397889977393,0.9158774373259053
0.7137082962252518,0.9158774373259053
0.7137768034527643,0.9158774373259053
0.7138453106802768,0.9158774373259053
0.7139138179077893,0.9158774373259053
0.7139823251353018,0.9158774373259053
0.7140508323628143,0.9158774373259053
0.7141193395903268,0.9158774373259053
0.7141878468178393,0.9158774373259053
0.7142563540453518,0.9158774373259053
0.7143248612728643,0.9158774373259053
0.7143933685003768,0.9158774373259053
0.7144618757278893,0.9158774373259053
0.7145303829554018,0.9158774373259053
0.7145988901829143,0.9158774373259053
0.7146673974104268,0.9158774373259053
0.7147359046379393,0.9158774373259053
0.7148044118654518,0.9158774373259053
0.7148729190929644,0.9158774373259053
0.7149414263204769,0.9158774373259053
0.7150099335479894,0.9158774373259053
0.7150784407755019,0.9158774373259053
0.7151469480030144,0.9158774373259053
0.7152154552305269,0.9158774373259053
0.7152839624580393,0.9158774373259053
0.7153524696855518,0.9158774373259053
0.7154209769130643,0.9158774373259053
0.7154894841405768,0.9158774373259053
0.7155579913680893,0.9158774373259053
0.7156264985956018,0.9158774373259053
0.7156950058231143,0.9158774373259053
0.7157635130506268,0.9158774373259053
0.7158320202781393,0.9158774373259053
0.7159005275056518,0.9158774373259053
0.7159690347331643,0.9158774373259053
0.7160375419606768,0.9158774373259053
0.7161060491881893,0.9158774373259053
0.7161745564157018,0.9158774373259053
0.7162430636432143,0.9158774373259053
0.7163115708707268,0.9158774373259053
0.7163800780982393,0.9158774373259053
0.7164485853257518,0.9158774373259053
0.7165170925532643,0.9158774373259053
0.7165855997807768,0.9158774373259053
0.7166541070082894,0.9158774373259053
0.7167226142358019,0.9158774373259053
0.7167911214633144,0.9164345403899722
0.7168596286908269,0.916991643454039
0.7169281359183394,0.916991643454039
0.7169966431458519,0.916991643454039
0.7170651503733644,0.916991643454039
0.7171336576008769,0.916991643454039
0.7172021648283894,0.9175487465181058
0.7172706720559019,0.9175487465181058
0.7173391792834144,0.9175487465181058
0.7174076865109269,0.9175487465181058
0.7174761937384394,0.9175487465181058
0.7175447009659519,0.9175487465181058
0.7176132081934644,0.9175487465181058
0.7176817154209769,0.9175487465181058
0.7177502226484894,0.9175487465181058
0.7178187298760019,0.9175487465181058
0.7178872371035144,0.9175487465181058
0.7179557443310269,0.9175487465181058
0.7180242515585394,0.9175487465181058
0.7180927587860519,0.9175487465181058
0.7181612660135644,0.9181058495821727
0.718229773241077,0.9181058495821727
0.7182982804685895,0.9186629526462395
0.718366787696102,0.9186629526462395
0.7184352949236145,0.9186629526462395
0.718503802151127,0.9186629526462395
0.7185723093786395,0.9186629526462395
0.718640816606152,0.9186629526462395
0.7187093238336645,0.9192200557103064
0.718777831061177,0.9192200557103064
0.7188463382886895,0.9192200557103064
0.718914845516202,0.9192200557103064
0.7189833527437145,0.9192200557103064
0.719051859971227,0.9192200557103064
0.7191203671987395,0.9192200557103064
0.719188874426252,0.9192200557103064
0.7192573816537645,0.9192200557103064
0.719325888881277,0.9192200557103064
0.7193943961087895,0.9192200557103064
0.719462903336302,0.9192200557103064
0.7195314105638145,0.9197771587743733
0.719599917791327,0.9197771587743733
0.7196684250188395,0.9197771587743733
0.7197369322463519,0.9197771587743733
0.7198054394738644,0.9197771587743733
0.7198739467013769,0.9197771587743733
0.7199424539288894,0.9197771587743733
0.720010961156402,0.9197771587743733
0.7200794683839145,0.9197771587743733
0.720147975611427,0.9197771587743733
0.7202164828389395,0.9197771587743733
0.720284990066452,0.9197771587743733
0.7203534972939645,0.9197771587743733
0.720422004521477,0.9197771587743733
0.7204905117489895,0.9197771587743733
0.720559018976502,0.9197771587743733
0.7206275262040145,0.9197771587743733
0.720696033431527,0.9197771587743733
0.7207645406590395,0.9197771587743733
0.720833047886552,0.9197771587743733
0.7209015551140645,0.9197771587743733
0.720970062341577,0.9197771587743733
0.7210385695690895,0.9197771587743733
0.721107076796602,0.9197771587743733
0.7211755840241145,0.9197771587743733
0.721244091251627,0.9197771587743733
0.7213125984791395,0.9197771587743733
0.721381105706652,0.9197771587743733
0.7214496129341645,0.9197771587743733
0.721518120161677,0.9197771587743733
0.7215866273891895,0.9197771587743733
0.721655134616702,0.9197771587743733
0.7217236418442146,0.9197771587743733
0.7217921490717271,0.9197771587743733
0.7218606562992396,0.9197771587743733
0.7219291635267521,0.9197771587743733
0.7219976707542646,0.9197771587743733
0.7220661779817771,0.9197771587743733
0.7221346852092896,0.9197771587743733
0.7222031924368021,0.9197771587743733
0.7222716996643146,0.9197771587743733
0.7223402068918271,0.9197771587743733
0.7224087141193396,0.9197771587743733
0.7224772213468521,0.9197771587743733
0.7225457285743646,0.9197771587743733
0.7226142358018771,0.9197771587743733
0.7226827430293896,0.9197771587743733
0.7227512502569021,0.9197771587743733
0.7228197574844146,0.9197771587743733
0.7228882647119271,0.9197771587743733
0.7229567719394396,0.9203342618384401
0.7230252791669521,0.9203342618384401
0.7230937863944646,0.9203342618384401
0.7231622936219771,0.9203342618384401
0.7232308008494897,0.9203342618384401
0.7232993080770022,0.9203342618384401
0.7233678153045147,0.9203342618384401
0.7234363225320272,0.9203342618384401
0.7235048297595397,0.9203342618384401
0.7235733369870522,0.9203342618384401
0.7236418442145647,0.9203342618384401
0.7237103514420772,0.9203342618384401
0.7237788586695897,0.9203342618384401
0.7238473658971022,0.9203342618384401
0.7239158731246147,0.9203342618384401
0.7239843803521272,0.9203342618384401
0.7240528875796397,0.9203342618384401
0.7241213948071522,0.9203342618384401
0.7241899020346647,0.9203342618384401
0.7242584092621771,0.9203342618384401
0.7243269164896896,0.9203342618384401
0.7243954237172021,0.9203342618384401
0.7244639309447146,0.9203342618384401
0.7245324381722271,0.9203342618384401
0.7246009453997396,0.9203342618384401
0.7246694526272521,0.920891364902507
0.7247379598547646,0.920891364902507
0.7248064670822771,0.920891364902507
0.7248749743097896,0.920891364902507
0.7249434815373021,0.920891364902507
0.7250119887648147,0.920891364902507
0.7250804959923272,0.920891364902507
0.7251490032198397,0.920891364902507
0.7252175104473522,0.920891364902507
0.7252860176748647,0.920891364902507
0.7253545249023772,0.920891364902507
0.7254230321298897,0.920891364902507
0.7254915393574022,0.920891364902507
0.7255600465849147,0.920891364902507
0.7256285538124272,0.920891364902507
0.7256970610399397,0.920891364902507
0.7257655682674522,0.920891364902507
0.7258340754949647,0.920891364902507
0.7259025827224772,0.920891364902507
0.7259710899499897,0.920891364902507
0.7260395971775022,0.920891364902507
0.7261081044050147,0.9214484679665739
0.7261766116325272,0.9214484679665739
0.7262451188600397,0.9214484679665739
0.7263136260875522,0.9214484679665739
0.7263821333150647,0.9214484679665739
0.7264506405425772,0.9214484679665739
0.7265191477700897,0.9214484679665739
0.7265876549976023,0.9214484679665739
0.7266561622251148,0.9214484679665739
0.7267246694526273,0.9214484679665739
0.7267931766801398,0.9214484679665739
0.7268616839076523,0.9214484679665739
0.7269301911351648,0.9214484679665739
0.7269986983626773,0.9214484679665739
0.7270672055901898,0.9214484679665739
0.7271357128177023,0.9214484679665739
0.7272042200452148,0.9214484679665739
0.7272727272727273,0.9214484679665739
0.7273412345002398,0.9214484679665739
0.7274097417277523,0.9214484679665739
0.7274782489552648,0.9214484679665739
0.7275467561827773,0.9214484679665739
0.7276152634102898,0.9214484679665739
0.7276837706378023,0.9214484679665739
0.7277522778653148,0.9214484679665739
0.7278207850928273,0.9214484679665739
0.7278892923203398,0.9214484679665739
0.7279577995478523,0.9214484679665739
0.7280263067753648,0.9214484679665739
0.7280948140028773,0.9214484679665739
0.7281633212303898,0.9214484679665739
0.7282318284579024,0.9214484679665739
0.7283003356854149,0.9214484679665739
0.7283688429129274,0.9214484679665739
0.7284373501404399,0.9214484679665739
0.7285058573679524,0.9214484679665739
0.7285743645954649,0.9220055710306406
0.7286428718229774,0.9225626740947075
0.7287113790504898,0.9225626740947075
0.7287798862780023,0.9225626740947075
0.7288483935055148,0.9225626740947075
0.7289169007330273,0.9225626740947075
0.7289854079605398,0.9225626740947075
0.7290539151880523,0.9225626740947075
0.7291224224155648,0.9225626740947075
0.7291909296430773,0.9225626740947075
0.7292594368705898,0.9225626740947075
0.7293279440981023,0.9225626740947075
0.7293964513256148,0.9225626740947075
0.7294649585531273,0.9225626740947075
0.7295334657806398,0.9225626740947075
0.7296019730081523,0.9225626740947075
0.7296704802356648,0.9231197771587744
0.7297389874631773,0.9231197771587744
0.7298074946906898,0.9231197771587744
0.7298760019182023,0.9231197771587744
0.7299445091457148,0.9231197771587744
0.7300130163732274,0.9231197771587744
0.7300815236007399,0.9231197771587744
0.7301500308282524,0.9231197771587744
0.7302185380557649,0.9231197771587744
0.7302870452832774,0.9231197771587744
0.7303555525107899,0.9231197771587744
0.7304240597383024,0.9231197771587744
0.7304925669658149,0.9231197771587744
0.7305610741933274,0.9231197771587744
0.7306295814208399,0.9231197771587744
0.7306980886483524,0.9231197771587744
0.7307665958758649,0.9231197771587744
0.7308351031033774,0.9231197771587744
0.7309036103308899,0.9231197771587744
0.7309721175584024,0.9231197771587744
0.7310406247859149,0.9231197771587744
0.7311091320134274,0.9231197771587744
0.7311776392409399,0.9236768802228412
0.7312461464684524,0.9236768802228412
0.7313146536959649,0.9236768802228412
0.7313831609234774,0.9236768802228412
0.7314516681509899,0.9242339832869081
0.7315201753785024,0.9242339832869081
0.731588682606015,0.9242339832869081
0.7316571898335275,0.9242339832869081
0.73172569706104,0.9242339832869081
0.7317942042885525,0.9242339832869081
0.731862711516065,0.9242339832869081
0.7319312187435775,0.9242339832869081
0.73199972597109,0.9242339832869081
0.7320682331986025,0.924791086350975
0.732136740426115,0.924791086350975
0.7322052476536275,0.924791086350975
0.73227375488114,0.924791086350975
0.7323422621086525,0.924791086350975
0.732410769336165,0.924791086350975
0.7324792765636775,0.924791086350975
0.73254778379119,0.924791086350975
0.7326162910187025,0.924791086350975
0.732684798246215,0.924791086350975
0.7327533054737275,0.9253481894150418
0.73282181270124,0.9253481894150418
0.7328903199287525,0.9253481894150418
0.732958827156265,0.9259052924791087
0.7330273343837775,0.9259052924791087
0.73309584161129,0.9259052924791087
0.7331643488388025,0.9259052924791087
0.7332328560663149,0.9259052924791087
0.7333013632938274,0.9259052924791087
0.73336987052134,0.9259052924791087
0.7334383777488525,0.9264623955431754
0.733506884976365,0.9264623955431754
0.7335753922038775,0.9264623955431754
0.73364389943139,0.9264623955431754
0.7337124066589025,0.9264623955431754
0.733780913886415,0.9264623955431754
0.7338494211139275,0.9264623955431754
0.73391792834144,0.9264623955431754
0.7339864355689525,0.9264623955431754
0.734054942796465,0.9264623955431754
0.7341234500239775,0.9264623955431754
0.73419195725149,0.9264623955431754
0.7342604644790025,0.9264623955431754
0.734328971706515,0.9264623955431754
0.7343974789340275,0.9264623955431754
0.73446598616154,0.9264623955431754
0.7345344933890525,0.9264623955431754
0.734603000616565,0.9264623955431754
0.7346715078440775,0.9264623955431754
0.73474001507159,0.9264623955431754
0.7348085222991025,0.9270194986072423
0.734877029526615,0.9270194986072423
0.7349455367541275,0.9270194986072423
0.73501404398164,0.9270194986072423
0.7350825512091526,0.9270194986072423
0.7351510584366651,0.9270194986072423
0.7352195656641776,0.9270194986072423
0.7352880728916901,0.9270194986072423
0.7353565801192026,0.9270194986072423
0.7354250873467151,0.9270194986072423
0.7354935945742276,0.9270194986072423
0.7355621018017401,0.9270194986072423
0.7356306090292526,0.9270194986072423
0.7356991162567651,0.9270194986072423
0.7357676234842776,0.9270194986072423
0.7358361307117901,0.9270194986072423
0.7359046379393026,0.9270194986072423
0.7359731451668151,0.9270194986072423
0.7360416523943276,0.9270194986072423
0.7361101596218401,0.9270194986072423
0.7361786668493526,0.9275766016713092
0.7362471740768651,0.9275766016713092
0.7363156813043776,0.928133704735376
0.7363841885318901,0.928133704735376
0.7364526957594026,0.928133704735376
0.7365212029869151,0.928133704735376
0.7365897102144277,0.928133704735376
0.7366582174419402,0.928133704735376
0.7367267246694527,0.928133704735376
0.7367952318969652,0.928133704735376
0.7368637391244777,0.928133704735376
0.7369322463519902,0.928133704735376
0.7370007535795027,0.928133704735376
0.7370692608070152,0.928133704735376
0.7371377680345277,0.928133704735376
0.7372062752620402,0.928133704735376
0.7372747824895527,0.928133704735376
0.7373432897170652,0.928133704735376
0.7374117969445777,0.928133704735376
0.7374803041720902,0.928133704735376
0.7375488113996027,0.928133704735376
0.7376173186271152,0.928133704735376
0.7376858258546276,0.928133704735376
0.7377543330821401,0.928133704735376
0.7378228403096526,0.928133704735376
0.7378913475371651,0.928133704735376
0.7379598547646776,0.928133704735376
0.7380283619921901,0.928133704735376
0.7380968692197026,0.9286908077994429
0.7381653764472151,0.9286908077994429
0.7382338836747276,0.9286908077994429
0.7383023909022401,0.9286908077994429
0.7383708981297527,0.9286908077994429
0.7384394053572652,0.9286908077994429
0.7385079125847777,0.9286908077994429
0.7385764198122902,0.9286908077994429
0.7386449270398027,0.9292479108635098
0.7387134342673152,0.9292479108635098
0.7387819414948277,0.9292479108635098
0.7388504487223402,0.9298050139275766
0.7389189559498527,0.9298050139275766
0.7389874631773652,0.9298050139275766
0.7390559704048777,0.9298050139275766
0.7391244776323902,0.9298050139275766
0.7391929848599027,0.9298050139275766
0.7392614920874152,0.9298050139275766
0.7393299993149277,0.9298050139275766
0.7393985065424402,0.9298050139275766
0.7394670137699527,0.9303621169916435
0.7395355209974652,0.9303621169916435
0.7396040282249777,0.9303621169916435
0.7396725354524902,0.9303621169916435
0.7397410426800027,0.9303621169916435
0.7398095499075152,0.9303621169916435
0.7398780571350277,0.9303621169916435
0.7399465643625402,0.9303621169916435
0.7400150715900528,0.9303621169916435
0.7400835788175653,0.9303621169916435
0.7401520860450778,0.9303621169916435
0.7402205932725903,0.9303621169916435
0.7402891005001028,0.9303621169916435
0.7403576077276153,0.9303621169916435
0.7404261149551278,0.9309192200557103
0.7404946221826403,0.9309192200557103
0.7405631294101528,0.9309192200557103
0.7406316366376653,0.9309192200557103
0.7407001438651778,0.9309192200557103
0.7407686510926903,0.9309192200557103
0.7408371583202028,0.9314763231197771
0.7409056655477153,0.9314763231197771
0.7409741727752278,0.9314763231197771
0.7410426800027403,0.9314763231197771
0.7411111872302528,0.9314763231197771
0.7411796944577653,0.9314763231197771
0.7412482016852778,0.9314763231197771
0.7413167089127903,0.9314763231197771
0.7413852161403028,0.9314763231197771
0.7414537233678153,0.9314763231197771
0.7415222305953278,0.9314763231197771
0.7415907378228404,0.9314763231197771
0.7416592450503529,0.9314763231197771
0.7417277522778654,0.9314763231197771
0.7417962595053779,0.9314763231197771
0.7418647667328904,0.9314763231197771
0.7419332739604029,0.9314763231197771
0.7420017811879154,0.9314763231197771
0.7420702884154279,0.9314763231197771
0.7421387956429404,0.9314763231197771
0.7422073028704528,0.9314763231197771
0.7422758100979653,0.9314763231197771
0.7423443173254778,0.9314763231197771
0.7424128245529903,0.9314763231197771
0.7424813317805028,0.9314763231197771
0.7425498390080153,0.9314763231197771
0.7426183462355278,0.9314763231197771
0.7426868534630403,0.9314763231197771
0.7427553606905528,0.9314763231197771
0.7428238679180653,0.9314763231197771
0.7428923751455778,0.9314763231197771
0.7429608823730903,0.9314763231197771
0.7430293896006028,0.9314763231197771
0.7430978968281153,0.9314763231197771
0.7431664040556278,0.9314763231197771
0.7432349112831403,0.9314763231197771
0.7433034185106528,0.932033426183844
0.7433719257381654,0.932033426183844
0.7434404329656779,0.932033426183844
0.7435089401931904,0.932033426183844
0.7435774474207029,0.932033426183844
0.7436459546482154,0.932033426183844
0.7437144618757279,0.932033426183844
0.7437829691032404,0.932033426183844
0.7438514763307529,0.932033426183844
0.7439199835582654,0.932033426183844
0.7439884907857779,0.932033426183844
0.7440569980132904,0.932033426183844
0.7441255052408029,0.932033426183844
0.7441940124683154,0.932033426183844
0.7442625196958279,0.932033426183844
0.7443310269233404,0.932033426183844
0.7443995341508529,0.932033426183844
0.7444680413783654,0.932033426183844
0.7445365486058779,0.932033426183844
0.7446050558333904,0.9325905292479109
0.7446735630609029,0.9325905292479109
0.7447420702884154,0.9325905292479109
0.7448105775159279,0.9325905292479109
0.7448790847434404,0.9325905292479109
0.744947591970953,0.9325905292479109
0.7450160991984655,0.9325905292479109
0.745084606425978,0.9325905292479109
0.7451531136534905,0.9325905292479109
0.745221620881003,0.9325905292479109
0.7452901281085155,0.9325905292479109
0.745358635336028,0.9325905292479109
0.7454271425635405,0.9325905292479109
0.745495649791053,0.9325905292479109
0.7455641570185655,0.9325905292479109
0.745632664246078,0.9325905292479109
0.7457011714735905,0.9325905292479109
0.745769678701103,0.9325905292479109
0.7458381859286155,0.9325905292479109
0.745906693156128,0.9325905292479109
0.7459752003836405,0.9325905292479109
0.746043707611153,0.9325905292479109
0.7461122148386655,0.9325905292479109
0.746180722066178,0.9325905292479109
0.7462492292936905,0.9325905292479109
0.746317736521203,0.9325905292479109
0.7463862437487155,0.9325905292479109
0.746454750976228,0.9325905292479109
0.7465232582037405,0.9325905292479109
0.746591765431253,0.9325905292479109
0.7466602726587654,0.9325905292479109
0.746728779886278,0.9325905292479109
0.7467972871137905,0.9325905292479109
0.746865794341303,0.9325905292479109
0.7469343015688155,0.9325905292479109
0.747002808796328,0.9325905292479109
0.7470713160238405,0.9325905292479109
0.747139823251353,0.9325905292479109
0.7472083304788655,0.9325905292479109
0.747276837706378,0.9325905292479109
0.7473453449338905,0.9325905292479109
0.747413852161403,0.9325905292479109
0.7474823593889155,0.9325905292479109
0.747550866616428,0.9325905292479109
0.7476193738439405,0.9325905292479109
0.747687881071453,0.9325905292479109
0.7477563882989655,0.9325905292479109
0.747824895526478,0.9325905292479109
0.7478934027539905,0.9325905292479109
0.747961909981503,0.9325905292479109
0.7480304172090155,0.9325905292479109
0.748098924436528,0.9325905292479109
0.7481674316640405,0.9325905292479109
0.748235938891553,0.9325905292479109
0.7483044461190655,0.9325905292479109
0.748372953346578,0.9325905292479109
0.7484414605740906,0.9325905292479109
0.7485099678016031,0.9325905292479109
0.7485784750291156,0.9325905292479109
0.7486469822566281,0.9325905292479109
0.7487154894841406,0.9325905292479109
0.7487839967116531,0.9325905292479109
0.7488525039391656,0.9325905292479109
0.7489210111666781,0.9325905292479109
0.7489895183941906,0.9325905292479109
0.7490580256217031,0.9325905292479109
0.7491265328492156,0.9331476323119777
0.7491950400767281,0.9331476323119777
0.7492635473042406,0.9337047353760446
0.7493320545317531,0.9337047353760446
0.7494005617592656,0.9337047353760446
0.7494690689867781,0.9337047353760446
0.7495375762142906,0.9337047353760446
0.7496060834418031,0.9337047353760446
0.7496745906693156,0.9337047353760446
0.7497430978968281,0.9337047353760446
0.7498116051243406,0.9337047353760446
0.7498801123518531,0.9337047353760446
0.7499486195793656,0.9337047353760446
0.7500171268068782,0.9337047353760446
0.7500856340343907,0.9337047353760446
0.7501541412619032,0.9337047353760446
0.7502226484894157,0.9337047353760446
0.7502911557169282,0.9337047353760446
0.7503596629444407,0.9337047353760446
0.7504281701719532,0.9337047353760446
0.7504966773994657,0.9337047353760446
0.7505651846269782,0.9337047353760446
0.7506336918544907,0.9337047353760446
0.7507021990820032,0.9337047353760446
0.7507707063095157,0.9337047353760446
0.7508392135370282,0.9337047353760446
0.7509077207645407,0.9337047353760446
0.7509762279920532,0.9337047353760446
0.7510447352195657,0.9342618384401115
0.7511132424470782,0.9348189415041783
0.7511817496745906,0.9348189415041783
0.7512502569021031,0.9348189415041783
0.7513187641296156,0.9348189415041783
0.7513872713571281,0.9348189415041783
0.7514557785846406,0.9348189415041783
0.7515242858121531,0.9348189415041783
0.7515927930396656,0.9348189415041783
0.7516613002671781,0.9348189415041783
0.7517298074946906,0.9348189415041783
0.7517983147222032,0.9348189415041783
0.7518668219497157,0.9348189415041783
0.7519353291772282,0.9348189415041783
0.7520038364047407,0.9348189415041783
0.7520723436322532,0.9348189415041783
0.7521408508597657,0.9348189415041783
0.7522093580872782,0.9348189415041783
0.7522778653147907,0.9348189415041783
0.7523463725423032,0.9348189415041783
0.7524148797698157,0.9348189415041783
0.7524833869973282,0.9348189415041783
0.7525518942248407,0.9348189415041783
0.7526204014523532,0.9348189415041783
0.7526889086798657,0.9348189415041783
0.7527574159073782,0.9348189415041783
0.7528259231348907,0.9348189415041783
0.7528944303624032,0.9348189415041783
0.7529629375899157,0.9348189415041783
0.7530314448174282,0.9348189415041783
0.7530999520449407,0.9348189415041783
0.7531684592724532,0.9348189415041783
0.7532369664999657,0.9348189415041783
0.7533054737274782,0.9348189415041783
0.7533739809549908,0.9348189415041783
0.7534424881825033,0.9348189415041783
0.7535109954100158,0.9348189415041783
0.7535795026375283,0.9348189415041783
0.7536480098650408,0.9348189415041783
0.7537165170925533,0.9348189415041783
0.7537850243200658,0.9348189415041783
0.7538535315475783,0.9348189415041783
0.7539220387750908,0.9348189415041783
0.7539905460026033,0.9348189415041783
0.7540590532301158,0.9348189415041783
0.7541275604576283,0.9348189415041783
0.7541960676851408,0.9348189415041783
0.7542645749126533,0.9348189415041783
0.7543330821401658,0.9348189415041783
0.7544015893676783,0.9348189415041783
0.7544700965951908,0.9348189415041783
0.7545386038227033,0.9348189415041783
0.7546071110502158,0.9348189415041783
0.7546756182777283,0.9348189415041783
0.7547441255052408,0.9348189415041783
0.7548126327327533,0.9348189415041783
0.7548811399602658,0.9348189415041783
0.7549496471877783,0.9348189415041783
0.7550181544152909,0.9348189415041783
0.7550866616428034,0.9348189415041783
0.7551551688703159,0.9348189415041783
0.7552236760978284,0.9348189415041783
0.7552921833253409,0.9348189415041783
0.7553606905528534,0.9348189415041783
0.7554291977803659,0.9348189415041783
0.7554977050078784,0.9348189415041783
0.7555662122353909,0.9348189415041783
0.7556347194629033,0.9348189415041783
0.7557032266904158,0.9348189415041783
0.7557717339179283,0.9348189415041783
0.7558402411454408,0.9348189415041783
0.7559087483729533,0.9348189415041783
0.7559772556004658,0.9348189415041783
0.7560457628279783,0.9348189415041783
0.7561142700554908,0.9348189415041783
0.7561827772830033,0.9348189415041783
0.7562512845105158,0.9348189415041783
0.7563197917380283,0.9348189415041783
0.7563882989655408,0.9348189415041783
0.7564568061930533,0.9348189415041783
0.7565253134205658,0.9348189415041783
0.7565938206480783,0.9348189415041783
0.7566623278755908,0.9348189415041783
0.7567308351031033,0.9348189415041783
0.7567993423306159,0.9348189415041783
0.7568678495581284,0.9348189415041783
0.7569363567856409,0.9348189415041783
0.7570048640131534,0.9348189415041783
0.7570733712406659,0.9353760445682451
0.7571418784681784,0.9353760445682451
0.7572103856956909,0.9353760445682451
0.7572788929232034,0.9353760445682451
0.7573474001507159,0.9353760445682451
0.7574159073782284,0.9353760445682451
0.7574844146057409,0.9353760445682451
0.7575529218332534,0.9353760445682451
0.7576214290607659,0.9353760445682451
0.7576899362882784,0.9353760445682451
0.7577584435157909,0.9353760445682451
0.7578269507433034,0.9353760445682451
0.7578954579708159,0.9353760445682451
0.7579639651983284,0.9353760445682451
0.7580324724258409,0.9353760445682451
0.7581009796533534,0.9353760445682451
0.7581694868808659,0.9353760445682451
0.7582379941083784,0.935933147632312
0.758306501335891,0.935933147632312
0.7583750085634035,0.935933147632312
0.758443515790916,0.935933147632312
0.7585120230184285,0.935933147632312
0.758580530245941,0.935933147632312
0.7586490374734535,0.935933147632312
0.758717544700966,0.935933147632312
0.7587860519284785,0.935933147632312
0.758854559155991,0.935933147632312
0.7589230663835035,0.935933147632312
0.758991573611016,0.935933147632312
0.7590600808385285,0.935933147632312
0.759128588066041,0.935933147632312
0.7591970952935535,0.935933147632312
0.759265602521066,0.935933147632312
0.7593341097485785,0.935933147632312
0.759402616976091,0.935933147632312
0.7594711242036035,0.935933147632312
0.759539631431116,0.935933147632312
0.7596081386586285,0.935933147632312
0.759676645886141,0.935933147632312
0.7597451531136535,0.935933147632312
0.759813660341166,0.935933147632312
0.7598821675686785,0.935933147632312
0.759950674796191,0.935933147632312
0.7600191820237036,0.935933147632312
0.7600876892512161,0.935933147632312
0.7601561964787285,0.935933147632312
0.760224703706241,0.935933147632312
0.7602932109337535,0.935933147632312
0.760361718161266,0.935933147632312
0.7604302253887785,0.935933147632312
0.760498732616291,0.935933147632312
0.7605672398438035,0.935933147632312
0.760635747071316,0.935933147632312
0.7607042542988285,0.935933147632312
0.760772761526341,0.935933147632312
0.7608412687538535,0.935933147632312
0.760909775981366,0.935933147632312
0.7609782832088785,0.935933147632312
0.761046790436391,0.935933147632312
0.7611152976639035,0.935933147632312
0.761183804891416,0.935933147632312
0.7612523121189285,0.935933147632312
0.761320819346441,0.935933147632312
0.7613893265739535,0.935933147632312
0.761457833801466,0.935933147632312
0.7615263410289785,0.935933147632312
0.761594848256491,0.9364902506963788
0.7616633554840035,0.9364902506963788
0.761731862711516,0.9364902506963788
0.7618003699390286,0.9364902506963788
0.7618688771665411,0.9364902506963788
0.7619373843940536,0.9364902506963788
0.7620058916215661,0.9364902506963788
0.7620743988490786,0.9364902506963788
0.7621429060765911,0.9364902506963788
0.7622114133041036,0.9364902506963788
0.7622799205316161,0.9364902506963788
0.7623484277591286,0.9364902506963788
0.7624169349866411,0.9364902506963788
0.7624854422141536,0.9364902506963788
0.7625539494416661,0.9364902506963788
0.7626224566691786,0.9370473537604457
0.7626909638966911,0.9370473537604457
0.7627594711242036,0.9370473537604457
0.7628279783517161,0.9370473537604457
0.7628964855792286,0.9370473537604457
0.7629649928067411,0.9370473537604457
0.7630335000342536,0.9370473537604457
0.7631020072617661,0.9370473537604457
0.7631705144892786,0.9370473537604457
0.7632390217167911,0.9370473537604457
0.7633075289443036,0.9370473537604457
0.7633760361718162,0.9370473537604457
0.7634445433993287,0.9370473537604457
0.7635130506268412,0.9370473537604457
0.7635815578543537,0.9370473537604457
0.7636500650818662,0.9370473537604457
0.7637185723093787,0.9370473537604457
0.7637870795368912,0.9370473537604457
0.7638555867644037,0.9370473537604457
0.7639240939919162,0.9370473537604457
0.7639926012194287,0.9370473537604457
0.7640611084469412,0.9370473537604457
0.7641296156744537,0.9370473537604457
0.7641981229019662,0.9370473537604457
0.7642666301294787,0.9370473537604457
0.7643351373569912,0.9370473537604457
0.7644036445845037,0.9370473537604457
0.7644721518120162,0.9370473537604457
0.7645406590395287,0.9370473537604457
0.7646091662670411,0.9370473537604457
0.7646776734945536,0.9370473537604457
0.7647461807220661,0.9370473537604457
0.7648146879495786,0.9370473537604457
0.7648831951770911,0.9370473537604457
0.7649517024046036,0.9370473537604457
0.7650202096321161,0.9370473537604457
0.7650887168596286,0.9370473537604457
0.7651572240871412,0.9370473537604457
0.7652257313146537,0.9370473537604457
0.7652942385421662,0.9370473537604457
0.7653627457696787,0.9370473537604457
0.7654312529971912,0.9370473537604457
0.7654997602247037,0.9370473537604457
0.7655682674522162,0.9370473537604457
0.7656367746797287,0.9370473537604457
0.7657052819072412,0.9370473537604457
0.7657737891347537,0.9370473537604457
0.7658422963622662,0.9370473537604457
0.7659108035897787,0.9370473537604457
0.7659793108172912,0.9370473537604457
0.7660478180448037,0.9370473537604457
0.7661163252723162,0.9370473537604457
0.7661848324998287,0.9370473537604457
0.7662533397273412,0.9370473537604457
0.7663218469548537,0.9370473537604457
0.7663903541823662,0.9370473537604457
0.7664588614098787,0.9370473537604457
0.7665273686373912,0.9370473537604457
0.7665958758649037,0.9370473537604457
0.7666643830924162,0.9370473537604457
0.7667328903199288,0.9376044568245125
0.7668013975474413,0.9376044568245125
0.7668699047749538,0.9376044568245125
0.7669384120024663,0.9376044568245125
0.7670069192299788,0.9376044568245125
0.7670754264574913,0.9376044568245125
0.7671439336850038,0.9376044568245125
0.7672124409125163,0.9376044568245125
0.7672809481400288,0.9376044568245125
0.7673494553675413,0.9376044568245125
0.7674179625950538,0.9376044568245125
0.7674864698225663,0.9376044568245125
0.7675549770500788,0.9376044568245125
0.7676234842775913,0.9376044568245125
0.7676919915051038,0.9381615598885794
0.7677604987326163,0.9381615598885794
0.7678290059601288,0.9381615598885794
0.7678975131876413,0.9381615598885794
0.7679660204151538,0.9381615598885794
0.7680345276426663,0.9387186629526463
0.7681030348701788,0.9387186629526463
0.7681715420976913,0.9387186629526463
0.7682400493252038,0.9387186629526463
0.7683085565527163,0.9387186629526463
0.7683770637802289,0.9387186629526463
0.7684455710077414,0.9387186629526463
0.7685140782352539,0.9387186629526463
0.7685825854627664,0.9387186629526463
0.7686510926902789,0.9387186629526463
0.7687195999177914,0.9387186629526463
0.7687881071453039,0.9387186629526463
0.7688566143728164,0.9387186629526463
0.7689251216003289,0.9387186629526463
0.7689936288278414,0.9387186629526463
0.7690621360553538,0.9387186629526463
0.7691306432828663,0.9387186629526463
0.7691991505103788,0.9387186629526463
0.7692676577378913,0.9387186629526463
0.7693361649654038,0.9387186629526463
0.7694046721929163,0.9387186629526463
0.7694731794204288,0.9387186629526463
0.7695416866479413,0.9387186629526463
0.7696101938754538,0.9392757660167131
0.7696787011029663,0.9392757660167131
0.7697472083304788,0.9392757660167131
0.7698157155579913,0.9392757660167131
0.7698842227855038,0.9392757660167131
0.7699527300130163,0.9392757660167131
0.7700212372405288,0.9392757660167131
0.7700897444680413,0.9392757660167131
0.7701582516955539,0.9392757660167131
0.7702267589230664,0.9392757660167131
0.7702952661505789,0.9392757660167131
0.7703637733780914,0.9392757660167131
0.7704322806056039,0.9392757660167131
0.7705007878331164,0.9392757660167131
0.7705692950606289,0.9392757660167131
0.7706378022881414,0.9392757660167131
0.7707063095156539,0.9392757660167131
0.7707748167431664,0.9392757660167131
0.7708433239706789,0.9392757660167131
0.7709118311981914,0.9392757660167131
0.7709803384257039,0.9398328690807799
0.7710488456532164,0.9398328690807799
0.7711173528807289,0.9398328690807799
0.7711858601082414,0.9398328690807799
0.7712543673357539,0.9398328690807799
0.7713228745632664,0.9398328690807799
0.7713913817907789,0.9398328690807799
0.7714598890182914,0.9398328690807799
0.7715283962458039,0.9398328690807799
0.7715969034733164,0.9398328690807799
0.771665410700829,0.9398328690807799
0.7717339179283415,0.9398328690807799
0.771802425155854,0.9398328690807799
0.7718709323833665,0.9398328690807799
0.771939439610879,0.9398328690807799
0.7720079468383915,0.9398328690807799
0.772076454065904,0.9398328690807799
0.7721449612934165,0.9398328690807799
0.772213468520929,0.9398328690807799
0.7722819757484415,0.9398328690807799
0.772350482975954,0.9398328690807799
0.7724189902034665,0.9403899721448468
0.772487497430979,0.9403899721448468
0.7725560046584915,0.9403899721448468
0.772624511886004,0.9403899721448468
0.7726930191135165,0.9403899721448468
0.772761526341029,0.9403899721448468
0.7728300335685415,0.9403899721448468
0.772898540796054,0.9403899721448468
0.7729670480235665,0.9403899721448468
0.773035555251079,0.9403899721448468
0.7731040624785915,0.9409470752089136
0.773172569706104,0.9409470752089136
0.7732410769336165,0.9409470752089136
0.773309584161129,0.9409470752089136
0.7733780913886416,0.9409470752089136
0.7734465986161541,0.9409470752089136
0.7735151058436666,0.9409470752089136
0.773583613071179,0.9409470752089136
0.7736521202986915,0.9409470752089136
0.773720627526204,0.9409470752089136
0.7737891347537165,0.9409470752089136
0.773857641981229,0.9409470752089136
0.7739261492087415,0.9409470752089136
0.773994656436254,0.9409470752089136
0.7740631636637665,0.9409470752089136
0.774131670891279,0.9409470752089136
0.7742001781187915,0.9409470752089136
0.774268685346304,0.9409470752089136
0.7743371925738165,0.9409470752089136
0.774405699801329,0.9409470752089136
0.7744742070288415,0.9409470752089136
0.774542714256354,0.9409470752089136
0.7746112214838665,0.9409470752089136
0.774679728711379,0.9415041782729805
0.7747482359388915,0.9415041782729805
0.774816743166404,0.9415041782729805
0.7748852503939165,0.9415041782729805
0.774953757621429,0.9415041782729805
0.7750222648489415,0.9415041782729805
0.775090772076454,0.9415041782729805
0.7751592793039666,0.9415041782729805
0.7752277865314791,0.9415041782729805
0.7752962937589916,0.9415041782729805
0.7753648009865041,0.9415041782729805
0.7754333082140166,0.9415041782729805
0.7755018154415291,0.9415041782729805
0.7755703226690416,0.9415041782729805
0.7756388298965541,0.9415041782729805
0.7757073371240666,0.9415041782729805
0.7757758443515791,0.9415041782729805
0.7758443515790916,0.9415041782729805
0.7759128588066041,0.9415041782729805
0.7759813660341166,0.9415041782729805
0.7760498732616291,0.9415041782729805
0.7761183804891416,0.9415041782729805
0.7761868877166541,0.9415041782729805
0.7762553949441666,0.9420612813370474
0.7763239021716791,0.9420612813370474
0.7763924093991916,0.9420612813370474
0.7764609166267041,0.9420612813370474
0.7765294238542166,0.9420612813370474
0.7765979310817291,0.9420612813370474
0.7766664383092416,0.9420612813370474
0.7767349455367542,0.9420612813370474
0.7768034527642667,0.9420612813370474
0.7768719599917792,0.9420612813370474
0.7769404672192917,0.9420612813370474
0.7770089744468042,0.9420612813370474
0.7770774816743167,0.9420612813370474
0.7771459889018292,0.9420612813370474
0.7772144961293417,0.9420612813370474
0.7772830033568542,0.9420612813370474
0.7773515105843667,0.9420612813370474
0.7774200178118792,0.9420612813370474
0.7774885250393917,0.9420612813370474
0.7775570322669042,0.9420612813370474
0.7776255394944167,0.9420612813370474
0.7776940467219292,0.9420612813370474
0.7777625539494417,0.9420612813370474
0.7778310611769542,0.9420612813370474
0.7778995684044667,0.9420612813370474
0.7779680756319792,0.9426183844011142
0.7780365828594916,0.9426183844011142
0.7781050900870041,0.9426183844011142
0.7781735973145166,0.9426183844011142
0.7782421045420291,0.9426183844011142
0.7783106117695416,0.9426183844011142
0.7783791189970541,0.9426183844011142
0.7784476262245666,0.9426183844011142
0.7785161334520792,0.9426183844011142
0.7785846406795917,0.9426183844011142
0.7786531479071042,0.9426183844011142
0.7787216551346167,0.9426183844011142
0.7787901623621292,0.9426183844011142
0.7788586695896417,0.9426183844011142
0.7789271768171542,0.9426183844011142
0.7789956840446667,0.9426183844011142
0.7790641912721792,0.9426183844011142
0.7791326984996917,0.9426183844011142
0.7792012057272042,0.9426183844011142
0.7792697129547167,0.9426183844011142
0.7793382201822292,0.9426183844011142
0.7794067274097417,0.9426183844011142
0.7794752346372542,0.9426183844011142
0.7795437418647667,0.9426183844011142
0.7796122490922792,0.9426183844011142
0.7796807563197917,0.9426183844011142
0.7797492635473042,0.9431754874651811
0.7798177707748167,0.9431754874651811
0.7798862780023292,0.9431754874651811
0.7799547852298417,0.9431754874651811
0.7800232924573542,0.9431754874651811
0.7800917996848667,0.9431754874651811
0.7801603069123793,0.9431754874651811
0.7802288141398918,0.9431754874651811
0.7802973213674043,0.943732590529248
0.7803658285949168,0.943732590529248
0.7804343358224293,0.943732590529248
0.7805028430499418,0.943732590529248
0.7805713502774543,0.943732590529248
0.7806398575049668,0.943732590529248
0.7807083647324793,0.943732590529248
0.7807768719599918,0.9442896935933147
0.7808453791875043,0.9442896935933147
0.7809138864150168,0.9442896935933147
0.7809823936425293,0.9442896935933147
0.7810509008700418,0.9442896935933147
0.7811194080975543,0.9442896935933147
0.7811879153250668,0.9442896935933147
0.7812564225525793,0.9448467966573816
0.7813249297800918,0.9454038997214484
0.7813934370076043,0.9454038997214484
0.7814619442351168,0.9459610027855153
0.7815304514626293,0.9459610027855153
0.7815989586901418,0.9459610027855153
0.7816674659176543,0.9459610027855153
0.7817359731451669,0.9459610027855153
0.7818044803726794,0.9459610027855153
0.7818729876001919,0.9459610027855153
0.7819414948277044,0.9459610027855153
0.7820100020552169,0.9459610027855153
0.7820785092827294,0.9459610027855153
0.7821470165102419,0.9459610027855153
0.7822155237377544,0.9459610027855153
0.7822840309652669,0.9459610027855153
0.7823525381927794,0.9459610027855153
0.7824210454202919,0.9459610027855153
0.7824895526478044,0.9459610027855153
0.7825580598753168,0.9459610027855153
0.7826265671028293,0.9459610027855153
0.7826950743303418,0.9465181058495822
0.7827635815578543,0.9465181058495822
0.7828320887853668,0.9465181058495822
0.7829005960128793,0.9465181058495822
0.7829691032403918,0.9465181058495822
0.7830376104679043,0.9465181058495822
0.7831061176954168,0.9465181058495822
0.7831746249229293,0.9465181058495822
0.7832431321504418,0.947075208913649
0.7833116393779543,0.947075208913649
0.7833801466054668,0.947075208913649
0.7834486538329793,0.947075208913649
0.7835171610604919,0.947075208913649
0.7835856682880044,0.947075208913649
0.7836541755155169,0.947075208913649
0.7837226827430294,0.947075208913649
0.7837911899705419,0.947075208913649
0.7838596971980544,0.947075208913649
0.7839282044255669,0.947075208913649
0.7839967116530794,0.947075208913649
0.7840652188805919,0.947075208913649
0.7841337261081044,0.947075208913649
0.7842022333356169,0.947075208913649
0.7842707405631294,0.947075208913649
0.7843392477906419,0.947075208913649
0.7844077550181544,0.947075208913649
0.7844762622456669,0.947075208913649
0.7845447694731794,0.947075208913649
0.7846132767006919,0.947075208913649
0.7846817839282044,0.947075208913649
0.7847502911557169,0.947075208913649
0.7848187983832294,0.9476323119777159
0.7848873056107419,0.9476323119777159
0.7849558128382544,0.9476323119777159
0.785024320065767,0.9476323119777159
0.7850928272932794,0.9476323119777159
0.785161334520792,0.9481894150417828
0.7852298417483045,0.9481894150417828
0.785298348975817,0.9481894150417828
0.7853668562033295,0.9481894150417828
0.785435363430842,0.9481894150417828
0.7855038706583545,0.9481894150417828
0.785572377885867,0.9481894150417828
0.7856408851133795,0.9481894150417828
0.785709392340892,0.9481894150417828
0.7857778995684045,0.9481894150417828
0.785846406795917,0.9481894150417828
0.7859149140234295,0.9481894150417828
0.785983421250942,0.9481894150417828
0.7860519284784545,0.9481894150417828
0.786120435705967,0.9481894150417828
0.7861889429334795,0.9481894150417828
0.786257450160992,0.9481894150417828
0.7863259573885045,0.9481894150417828
0.786394464616017,0.9481894150417828
0.7864629718435295,0.9481894150417828
0.786531479071042,0.9481894150417828
0.7865999862985545,0.9481894150417828
0.786668493526067,0.9481894150417828
0.7867370007535796,0.9481894150417828
0.7868055079810921,0.9481894150417828
0.7868740152086046,0.9481894150417828
0.7869425224361171,0.9481894150417828
0.7870110296636295,0.9481894150417828
0.787079536891142,0.9481894150417828
0.7871480441186545,0.9481894150417828
0.787216551346167,0.9481894150417828
0.7872850585736795,0.9481894150417828
0.787353565801192,0.9481894150417828
0.7874220730287045,0.9481894150417828
0.787490580256217,0.9481894150417828
0.7875590874837295,0.9481894150417828
0.787627594711242,0.9481894150417828
0.7876961019387545,0.9481894150417828
0.787764609166267,0.9481894150417828
0.7878331163937795,0.9481894150417828
0.787901623621292,0.9481894150417828
0.7879701308488045,0.9481894150417828
0.788038638076317,0.9481894150417828
0.7881071453038295,0.9481894150417828
0.788175652531342,0.9481894150417828
0.7882441597588545,0.9481894150417828
0.788312666986367,0.9481894150417828
0.7883811742138795,0.9481894150417828
0.788449681441392,0.9481894150417828
0.7885181886689046,0.9481894150417828
0.7885866958964171,0.9481894150417828
0.7886552031239296,0.9481894150417828
0.7887237103514421,0.9481894150417828
0.7887922175789546,0.9481894150417828
0.7888607248064671,0.9481894150417828
0.7889292320339796,0.9481894150417828
0.7889977392614921,0.9481894150417828
0.7890662464890046,0.9481894150417828
0.7891347537165171,0.9487465181058495
0.7892032609440296,0.9487465181058495
0.7892717681715421,0.9487465181058495
0.7893402753990546,0.9487465181058495
0.7894087826265671,0.9487465181058495
0.7894772898540796,0.9487465181058495
0.7895457970815921,0.9487465181058495
0.7896143043091046,0.9487465181058495
0.7896828115366171,0.9487465181058495
0.7897513187641296,0.9487465181058495
0.7898198259916421,0.9487465181058495
0.7898883332191546,0.9487465181058495
0.7899568404466671,0.9487465181058495
0.7900253476741796,0.9487465181058495
0.7900938549016921,0.9487465181058495
0.7901623621292047,0.9487465181058495
0.7902308693567172,0.9487465181058495
0.7902993765842297,0.9487465181058495
0.7903678838117422,0.9487465181058495
0.7904363910392547,0.9487465181058495
0.7905048982667672,0.9487465181058495
0.7905734054942797,0.9487465181058495
0.7906419127217922,0.9493036211699164
0.7907104199493047,0.9493036211699164
0.7907789271768172,0.9493036211699164
0.7908474344043297,0.9493036211699164
0.7909159416318422,0.9493036211699164
0.7909844488593547,0.9493036211699164
0.7910529560868672,0.9493036211699164
0.7911214633143797,0.9493036211699164
0.7911899705418922,0.9493036211699164
0.7912584777694047,0.9493036211699164
0.7913269849969172,0.9493036211699164
0.7913954922244297,0.9493036211699164
0.7914639994519422,0.9493036211699164
0.7915325066794546,0.9493036211699164
0.7916010139069671,0.9493036211699164
0.7916695211344796,0.9493036211699164
0.7917380283619921,0.9493036211699164
0.7918065355895046,0.9493036211699164
0.7918750428170171,0.9493036211699164
0.7919435500445297,0.9493036211699164
0.7920120572720422,0.9493036211699164
0.7920805644995547,0.9493036211699164
0.7921490717270672,0.9493036211699164
0.7922175789545797,0.9493036211699164
0.7922860861820922,0.9498607242339833
0.7923545934096047,0.9498607242339833
0.7924231006371172,0.9498607242339833
0.7924916078646297,0.9498607242339833
0.7925601150921422,0.9498607242339833
0.7926286223196547,0.9498607242339833
0.7926971295471672,0.9498607242339833
0.7927656367746797,0.9498607242339833
0.7928341440021922,0.9498607242339833
0.7929026512297047,0.9498607242339833
0.7929711584572172,0.9498607242339833
0.7930396656847297,0.9498607242339833
0.7931081729122422,0.9498607242339833
0.7931766801397547,0.9498607242339833
0.7932451873672672,0.9498607242339833
0.7933136945947797,0.9498607242339833
0.7933822018222922,0.9498607242339833
0.7934507090498047,0.9498607242339833
0.7935192162773173,0.9498607242339833
0.7935877235048298,0.9498607242339833
0.7936562307323423,0.9498607242339833
0.7937247379598548,0.9498607242339833
0.7937932451873673,0.9498607242339833
0.7938617524148798,0.9498607242339833
0.7939302596423923,0.9498607242339833
0.7939987668699048,0.9498607242339833
0.7940672740974173,0.9498607242339833
0.7941357813249298,0.9498607242339833
0.7942042885524423,0.9498607242339833
0.7942727957799548,0.9498607242339833
0.7943413030074673,0.9498607242339833
0.7944098102349798,0.9498607242339833
0.7944783174624923,0.9498607242339833
0.7945468246900048,0.9498607242339833
0.7946153319175173,0.9498607242339833
0.7946838391450298,0.9498607242339833
0.7947523463725423,0.9498607242339833
0.7948208536000548,0.9498607242339833
0.7948893608275673,0.9498607242339833
0.7949578680550798,0.9498607242339833
0.7950263752825923,0.9498607242339833
0.7950948825101049,0.9504178272980501
0.7951633897376174,0.9504178272980501
0.7952318969651299,0.9504178272980501
0.7953004041926424,0.9504178272980501
0.7953689114201549,0.9504178272980501
0.7954374186476674,0.9504178272980501
0.7955059258751799,0.9504178272980501
0.7955744331026924,0.9504178272980501
0.7956429403302049,0.9504178272980501
0.7957114475577174,0.9504178272980501
0.7957799547852299,0.9504178272980501
0.7958484620127424,0.9504178272980501
0.7959169692402549,0.9504178272980501
0.7959854764677673,0.9504178272980501
0.7960539836952798,0.9504178272980501
0.7961224909227923,0.950974930362117
0.7961909981503048,0.950974930362117
0.7962595053778173,0.950974930362117
0.7963280126053298,0.950974930362117
0.7963965198328423,0.950974930362117
0.7964650270603548,0.950974930362117
0.7965335342878673,0.950974930362117
0.7966020415153798,0.950974930362117
0.7966705487428923,0.950974930362117
0.7967390559704048,0.950974930362117
0.7968075631979173,0.950974930362117
0.7968760704254298,0.950974930362117
0.7969445776529424,0.950974930362117
0.7970130848804549,0.950974930362117
0.7970815921079674,0.950974930362117
0.7971500993354799,0.950974930362117
0.7972186065629924,0.950974930362117
0.7972871137905049,0.950974930362117
0.7973556210180174,0.950974930362117
0.7974241282455299,0.950974930362117
0.7974926354730424,0.950974930362117
0.7975611427005549,0.950974930362117
0.7976296499280674,0.950974930362117
0.7976981571555799,0.950974930362117
0.7977666643830924,0.950974930362117
0.7978351716106049,0.950974930362117
0.7979036788381174,0.950974930362117
0.7979721860656299,0.950974930362117
0.7980406932931424,0.950974930362117
0.7981092005206549,0.950974930362117
0.7981777077481674,0.950974930362117
0.7982462149756799,0.950974930362117
0.7983147222031924,0.950974930362117
0.7983832294307049,0.950974930362117
0.7984517366582174,0.950974930362117
0.79852024388573,0.950974930362117
0.7985887511132425,0.950974930362117
0.798657258340755,0.950974930362117
0.7987257655682675,0.950974930362117
0.79879427279578,0.950974930362117
0.7988627800232925,0.950974930362117
0.798931287250805,0.950974930362117
0.7989997944783175,0.950974930362117
0.79906830170583,0.950974930362117
0.7991368089333425,0.950974930362117
0.799205316160855,0.950974930362117
0.7992738233883675,0.950974930362117
0.79934233061588,0.950974930362117
0.7994108378433925,0.950974930362117
0.799479345070905,0.950974930362117
0.7995478522984175,0.950974930362117
0.79961635952593,0.950974930362117
0.7996848667534425,0.950974930362117
0.799753373980955,0.950974930362117
0.7998218812084675,0.950974930362117
0.79989038843598,0.950974930362117
0.7999588956634925,0.950974930362117
0.800027402891005,0.950974930362117
0.8000959101185176,0.950974930362117
0.80016441734603,0.950974930362117
0.8002329245735426,0.950974930362117
0.8003014318010551,0.9515320334261839
0.8003699390285676,0.9515320334261839
0.8004384462560801,0.9515320334261839
0.8005069534835925,0.9515320334261839
0.800575460711105,0.9515320334261839
0.8006439679386175,0.9520891364902507
0.80071247516613,0.9520891364902507
0.8007809823936425,0.9520891364902507
0.800849489621155,0.9520891364902507
0.8009179968486675,0.9520891364902507
0.80098650407618,0.9520891364902507
0.8010550113036925,0.9520891364902507
0.801123518531205,0.9520891364902507
0.8011920257587175,0.9520891364902507
0.80126053298623,0.9520891364902507
0.8013290402137425,0.9520891364902507
0.801397547441255,0.9520891364902507
0.8014660546687675,0.9520891364902507
0.80153456189628,0.9520891364902507
0.8016030691237925,0.9520891364902507
0.801671576351305,0.9520891364902507
0.8017400835788175,0.9520891364902507
0.80180859080633,0.9520891364902507
0.8018770980338426,0.9520891364902507
0.801945605261355,0.9520891364902507
0.8020141124888676,0.9520891364902507
0.8020826197163801,0.9520891364902507
0.8021511269438926,0.9520891364902507
0.8022196341714051,0.9520891364902507
0.8022881413989176,0.9520891364902507
0.8023566486264301,0.9520891364902507
0.8024251558539426,0.9520891364902507
0.8024936630814551,0.9520891364902507
0.8025621703089676,0.9520891364902507
0.8026306775364801,0.9520891364902507
0.8026991847639926,0.9520891364902507
0.8027676919915051,0.9520891364902507
0.8028361992190176,0.9520891364902507
0.8029047064465301,0.9520891364902507
0.8029732136740426,0.9520891364902507
0.8030417209015551,0.9520891364902507
0.8031102281290676,0.9520891364902507
0.8031787353565801,0.9520891364902507
0.8032472425840926,0.9520891364902507
0.8033157498116051,0.9520891364902507
0.8033842570391176,0.9520891364902507
0.8034527642666301,0.9520891364902507
0.8035212714941427,0.9520891364902507
0.8035897787216552,0.9520891364902507
0.8036582859491677,0.9520891364902507
0.8037267931766802,0.9520891364902507
0.8037953004041927,0.9520891364902507
0.8038638076317052,0.9520891364902507
0.8039323148592177,0.9520891364902507
0.8040008220867302,0.9520891364902507
0.8040693293142427,0.9526462395543176
0.8041378365417552,0.9526462395543176
0.8042063437692677,0.9526462395543176
0.8042748509967802,0.9526462395543176
0.8043433582242927,0.9526462395543176
0.8044118654518052,0.9526462395543176
0.8044803726793177,0.9526462395543176
0.8045488799068302,0.9526462395543176
0.8046173871343427,0.9526462395543176
0.8046858943618552,0.9526462395543176
0.8047544015893677,0.9526462395543176
0.8048229088168802,0.9526462395543176
0.8048914160443927,0.9526462395543176
0.8049599232719051,0.9532033426183844
0.8050284304994176,0.9537604456824512
0.8050969377269301,0.9537604456824512
0.8051654449544426,0.9537604456824512
0.8052339521819551,0.9537604456824512
0.8053024594094677,0.9537604456824512
0.8053709666369802,0.9543175487465181
0.8054394738644927,0.9543175487465181
0.8055079810920052,0.9543175487465181
0.8055764883195177,0.9543175487465181
0.8056449955470302,0.9543175487465181
0.8057135027745427,0.9543175487465181
0.8057820100020552,0.9543175487465181
0.8058505172295677,0.9543175487465181
0.8059190244570802,0.9543175487465181
0.8059875316845927,0.9543175487465181
0.8060560389121052,0.9543175487465181
0.8061245461396177,0.9543175487465181
0.8061930533671302,0.9543175487465181
0.8062615605946427,0.9543175487465181
0.8063300678221552,0.9543175487465181
0.8063985750496677,0.9543175487465181
0.8064670822771802,0.9543175487465181
0.8065355895046927,0.9543175487465181
0.8066040967322052,0.9543175487465181
0.8066726039597177,0.9543175487465181
0.8067411111872302,0.9543175487465181
0.8068096184147427,0.9543175487465181
0.8068781256422553,0.9543175487465181
0.8069466328697678,0.9543175487465181
0.8070151400972803,0.9543175487465181
0.8070836473247928,0.9543175487465181
0.8071521545523053,0.9543175487465181
0.8072206617798178,0.9543175487465181
0.8072891690073303,0.9543175487465181
0.8073576762348428,0.954874651810585
0.8074261834623553,0.954874651810585
0.8074946906898678,0.954874651810585
0.8075631979173803,0.954874651810585
0.8076317051448928,0.954874651810585
0.8077002123724053,0.954874651810585
0.8077687195999178,0.954874651810585
0.8078372268274303,0.954874651810585
0.8079057340549428,0.954874651810585
0.8079742412824553,0.954874651810585
0.8080427485099678,0.954874651810585
0.8081112557374803,0.954874651810585
0.8081797629649928,0.954874651810585
0.8082482701925053,0.954874651810585
0.8083167774200178,0.9554317548746518
0.8083852846475303,0.9554317548746518
0.8084537918750428,0.9559888579387187
0.8085222991025554,0.9559888579387187
0.8085908063300679,0.9559888579387187
0.8086593135575804,0.9565459610027855
0.8087278207850929,0.9565459610027855
0.8087963280126054,0.9571030640668524
0.8088648352401179,0.9571030640668524
0.8089333424676304,0.9571030640668524
0.8090018496951429,0.9571030640668524
0.8090703569226554,0.9571030640668524
0.8091388641501679,0.9571030640668524
0.8092073713776804,0.9571030640668524
0.8092758786051929,0.9571030640668524
0.8093443858327054,0.9571030640668524
0.8094128930602179,0.9571030640668524
0.8094814002877303,0.9571030640668524
0.8095499075152428,0.9571030640668524
0.8096184147427553,0.9571030640668524
0.8096869219702678,0.9571030640668524
0.8097554291977803,0.9571030640668524
0.8098239364252928,0.9571030640668524
0.8098924436528053,0.9571030640668524
0.8099609508803178,0.9571030640668524
0.8100294581078303,0.9571030640668524
0.8100979653353428,0.9571030640668524
0.8101664725628553,0.9571030640668524
0.8102349797903678,0.9571030640668524
0.8103034870178804,0.9571030640668524
0.8103719942453929,0.9571030640668524
0.8104405014729054,0.9571030640668524
0.8105090087004179,0.9571030640668524
0.8105775159279304,0.9571030640668524
0.8106460231554429,0.9576601671309192
0.8107145303829554,0.9576601671309192
0.8107830376104679,0.9576601671309192
0.8108515448379804,0.9576601671309192
0.8109200520654929,0.9576601671309192
0.8109885592930054,0.9576601671309192
0.8110570665205179,0.9576601671309192
0.8111255737480304,0.9576601671309192
0.8111940809755429,0.9576601671309192
0.8112625882030554,0.9576601671309192
0.8113310954305679,0.9576601671309192
0.8113996026580804,0.9576601671309192
0.8114681098855929,0.9576601671309192
0.8115366171131054,0.9576601671309192
0.8116051243406179,0.9576601671309192
0.8116736315681304,0.9576601671309192
0.8117421387956429,0.9576601671309192
0.8118106460231554,0.9576601671309192
0.811879153250668,0.9576601671309192
0.8119476604781805,0.9576601671309192
0.812016167705693,0.9576601671309192
0.8120846749332055,0.9576601671309192
0.812153182160718,0.9576601671309192
0.8122216893882305,0.9576601671309192
0.812290196615743,0.9576601671309192
0.8123587038432555,0.9576601671309192
0.812427211070768,0.9576601671309192
0.8124957182982805,0.9576601671309192
0.812564225525793,0.9576601671309192
0.8126327327533055,0.9576601671309192
0.812701239980818,0.9576601671309192
0.8127697472083305,0.958217270194986
0.812838254435843,0.958217270194986
0.8129067616633555,0.958217270194986
0.812975268890868,0.958217270194986
0.8130437761183805,0.958217270194986
0.813112283345893,0.958217270194986
0.8131807905734055,0.958217270194986
0.813249297800918,0.958217270194986
0.8133178050284305,0.958217270194986
0.813386312255943,0.958217270194986
0.8134548194834555,0.958217270194986
0.813523326710968,0.958217270194986
0.8135918339384806,0.958217270194986
0.8136603411659931,0.958217270194986
0.8137288483935056,0.958217270194986
0.8137973556210181,0.958217270194986
0.8138658628485306,0.958217270194986
0.813934370076043,0.958217270194986
0.8140028773035555,0.958217270194986
0.814071384531068,0.958217270194986
0.8141398917585805,0.958217270194986
0.814208398986093,0.958217270194986
0.8142769062136055,0.958217270194986
0.814345413441118,0.958217270194986
0.8144139206686305,0.958217270194986
0.814482427896143,0.9587743732590529
0.8145509351236555,0.9587743732590529
0.814619442351168,0.9587743732590529
0.8146879495786805,0.9587743732590529
0.814756456806193,0.9587743732590529
0.8148249640337055,0.9593314763231198
0.814893471261218,0.9593314763231198
0.8149619784887305,0.9593314763231198
0.815030485716243,0.9593314763231198
0.8150989929437555,0.9593314763231198
0.815167500171268,0.9593314763231198
0.8152360073987805,0.9593314763231198
0.815304514626293,0.9593314763231198
0.8153730218538056,0.9593314763231198
0.8154415290813181,0.9593314763231198
0.8155100363088306,0.9593314763231198
0.8155785435363431,0.9593314763231198
0.8156470507638556,0.9593314763231198
0.8157155579913681,0.9593314763231198
0.8157840652188806,0.9593314763231198
0.8158525724463931,0.9593314763231198
0.8159210796739056,0.9593314763231198
0.8159895869014181,0.9593314763231198
0.8160580941289306,0.9593314763231198
0.8161266013564431,0.9593314763231198
0.8161951085839556,0.9593314763231198
0.8162636158114681,0.9593314763231198
0.8163321230389806,0.9593314763231198
0.8164006302664931,0.9593314763231198
0.8164691374940056,0.9593314763231198
0.8165376447215181,0.9593314763231198
0.8166061519490306,0.9593314763231198
0.8166746591765431,0.9593314763231198
0.8167431664040556,0.9593314763231198
0.8168116736315681,0.9593314763231198
0.8168801808590807,0.9593314763231198
0.8169486880865932,0.9593314763231198
0.8170171953141057,0.9593314763231198
0.8170857025416182,0.9593314763231198
0.8171542097691307,0.9593314763231198
0.8172227169966432,0.9593314763231198
0.8172912242241557,0.9593314763231198
0.8173597314516682,0.9593314763231198
0.8174282386791807,0.9593314763231198
0.8174967459066932,0.9593314763231198
0.8175652531342057,0.9593314763231198
0.8176337603617182,0.9593314763231198
0.8177022675892307,0.9593314763231198
0.8177707748167432,0.9593314763231198
0.8178392820442557,0.9593314763231198
0.8179077892717682,0.9593314763231198
0.8179762964992807,0.9593314763231198
0.8180448037267932,0.9593314763231198
0.8181133109543057,0.9593314763231198
0.8181818181818182,0.9593314763231198
0.8182503254093307,0.9593314763231198
0.8183188326368432,0.9593314763231198
0.8183873398643556,0.9593314763231198
0.8184558470918681,0.9593314763231198
0.8185243543193806,0.9598885793871866
0.8185928615468931,0.9598885793871866
0.8186613687744057,0.9604456824512535
0.8187298760019182,0.9604456824512535
0.8187983832294307,0.9604456824512535
0.8188668904569432,0.9604456824512535
0.8189353976844557,0.9604456824512535
0.8190039049119682,0.9604456824512535
0.8190724121394807,0.9604456824512535
0.8191409193669932,0.9604456824512535
0.8192094265945057,0.9604456824512535
0.8192779338220182,0.9604456824512535
0.8193464410495307,0.9604456824512535
0.8194149482770432,0.9604456824512535
0.8194834555045557,0.9604456824512535
0.8195519627320682,0.9604456824512535
0.8196204699595807,0.9604456824512535
0.8196889771870932,0.9604456824512535
0.8197574844146057,0.9604456824512535
0.8198259916421182,0.9604456824512535
0.8198944988696307,0.9604456824512535
0.8199630060971432,0.9604456824512535
0.8200315133246557,0.9604456824512535
0.8201000205521682,0.9604456824512535
0.8201685277796807,0.9604456824512535
0.8202370350071932,0.9604456824512535
0.8203055422347058,0.9604456824512535
0.8203740494622183,0.9604456824512535
0.8204425566897308,0.9604456824512535
0.8205110639172433,0.9604456824512535
0.8205795711447558,0.9604456824512535
0.8206480783722683,0.9604456824512535
0.8207165855997808,0.9604456824512535
0.8207850928272933,0.9604456824512535
0.8208536000548058,0.9604456824512535
0.8209221072823183,0.9604456824512535
0.8209906145098308,0.9604456824512535
0.8210591217373433,0.9604456824512535
0.8211276289648558,0.9604456824512535
0.8211961361923683,0.9604456824512535
0.8212646434198808,0.9604456824512535
0.8213331506473933,0.9604456824512535
0.8214016578749058,0.9604456824512535
0.8214701651024183,0.9604456824512535
0.8215386723299308,0.9604456824512535
0.8216071795574433,0.9604456824512535
0.8216756867849558,0.9604456824512535
0.8217441940124683,0.9604456824512535
0.8218127012399808,0.9604456824512535
0.8218812084674934,0.9604456824512535
0.8219497156950059,0.9610027855153204
0.8220182229225184,0.9610027855153204
0.8220867301500309,0.9610027855153204
0.8221552373775434,0.9610027855153204
0.8222237446050559,0.9610027855153204
0.8222922518325684,0.9610027855153204
0.8223607590600809,0.9610027855153204
0.8224292662875934,0.9610027855153204
0.8224977735151059,0.9610027855153204
0.8225662807426184,0.9610027855153204
0.8226347879701309,0.9610027855153204
0.8227032951976434,0.9610027855153204
0.8227718024251559,0.9610027855153204
0.8228403096526684,0.9610027855153204
0.8229088168801808,0.9610027855153204
0.8229773241076933,0.9610027855153204
0.8230458313352058,0.9610027855153204
0.8231143385627183,0.9610027855153204
0.8231828457902308,0.9610027855153204
0.8232513530177433,0.9610027855153204
0.8233198602452558,0.9610027855153204
0.8233883674727683,0.9610027855153204
0.8234568747002808,0.9610027855153204
0.8235253819277933,0.9610027855153204
0.8235938891553058,0.9610027855153204
0.8236623963828184,0.9610027855153204
0.8237309036103309,0.9610027855153204
0.8237994108378434,0.9610027855153204
0.8238679180653559,0.9610027855153204
0.8239364252928684,0.9610027855153204
0.8240049325203809,0.9610027855153204
0.8240734397478934,0.9610027855153204
0.8241419469754059,0.9610027855153204
0.8242104542029184,0.9610027855153204
0.8242789614304309,0.9610027855153204
0.8243474686579434,0.9610027855153204
0.8244159758854559,0.9610027855153204
0.8244844831129684,0.9610027855153204
0.8245529903404809,0.9610027855153204
0.8246214975679934,0.9610027855153204
0.8246900047955059,0.9610027855153204
0.8247585120230184,0.9610027855153204
0.8248270192505309,0.9610027855153204
0.8248955264780434,0.9615598885793872
0.8249640337055559,0.9615598885793872
0.8250325409330684,0.9615598885793872
0.8251010481605809,0.9615598885793872
0.8251695553880934,0.9615598885793872
0.825238062615606,0.962116991643454
0.8253065698431185,0.962116991643454
0.825375077070631,0.962116991643454
0.8254435842981435,0.962116991643454
0.825512091525656,0.962116991643454
0.8255805987531685,0.962116991643454
0.825649105980681,0.962116991643454
0.8257176132081935,0.962116991643454
0.825786120435706,0.962116991643454
0.8258546276632185,0.962116991643454
0.825923134890731,0.962116991643454
0.8259916421182435,0.962116991643454
0.826060149345756,0.962116991643454
0.8261286565732685,0.962116991643454
0.826197163800781,0.962116991643454
0.8262656710282935,0.962116991643454
0.826334178255806,0.962116991643454
0.8264026854833185,0.962116991643454
0.826471192710831,0.962116991643454
0.8265396999383435,0.9626740947075209
0.826608207165856,0.9626740947075209
0.8266767143933685,0.9626740947075209
0.826745221620881,0.9626740947075209
0.8268137288483935,0.9626740947075209
0.826882236075906,0.9626740947075209
0.8269507433034186,0.9626740947075209
0.8270192505309311,0.9626740947075209
0.8270877577584436,0.9626740947075209
0.8271562649859561,0.9626740947075209
0.8272247722134686,0.9626740947075209
0.8272932794409811,0.9626740947075209
0.8273617866684935,0.9626740947075209
0.827430293896006,0.9626740947075209
0.8274988011235185,0.9626740947075209
0.827567308351031,0.9626740947075209
0.8276358155785435,0.9626740947075209
0.827704322806056,0.9626740947075209
0.8277728300335685,0.9626740947075209
0.827841337261081,0.9626740947075209
0.8279098444885935,0.9626740947075209
0.827978351716106,0.9626740947075209
0.8280468589436185,0.9626740947075209
0.828115366171131,0.9626740947075209
0.8281838733986435,0.9626740947075209
0.828252380626156,0.9626740947075209
0.8283208878536685,0.9626740947075209
0.828389395081181,0.9626740947075209
0.8284579023086935,0.9626740947075209
0.828526409536206,0.9632311977715877
0.8285949167637185,0.9632311977715877
0.828663423991231,0.9632311977715877
0.8287319312187436,0.9632311977715877
0.8288004384462561,0.9632311977715877
0.8288689456737686,0.9632311977715877
0.8289374529012811,0.9632311977715877
0.8290059601287936,0.9632311977715877
0.8290744673563061,0.9632311977715877
0.8291429745838186,0.9632311977715877
0.8292114818113311,0.9632311977715877
0.8292799890388436,0.9632311977715877
0.8293484962663561,0.9632311977715877
0.8294170034938686,0.9632311977715877
0.8294855107213811,0.9632311977715877
0.8295540179488936,0.9632311977715877
0.8296225251764061,0.9632311977715877
0.8296910324039186,0.9632311977715877
0.8297595396314311,0.9632311977715877
0.8298280468589436,0.9632311977715877
0.8298965540864561,0.9632311977715877
0.8299650613139686,0.9632311977715877
0.8300335685414811,0.9637883008356546
0.8301020757689936,0.9637883008356546
0.8301705829965061,0.9637883008356546
0.8302390902240186,0.9637883008356546
0.8303075974515312,0.9637883008356546
0.8303761046790437,0.9637883008356546
0.8304446119065562,0.9637883008356546
0.8305131191340687,0.9637883008356546
0.8305816263615812,0.9637883008356546
0.8306501335890937,0.9637883008356546
0.8307186408166062,0.9637883008356546
0.8307871480441187,0.9637883008356546
0.8308556552716312,0.9637883008356546
0.8309241624991437,0.9637883008356546
0.8309926697266562,0.9637883008356546
0.8310611769541687,0.9637883008356546
0.8311296841816812,0.9637883008356546
0.8311981914091937,0.9637883008356546
0.8312666986367062,0.9637883008356546
0.8313352058642187,0.9637883008356546
0.8314037130917312,0.9637883008356546
0.8314722203192437,0.9637883008356546
0.8315407275467562,0.9643454038997215
0.8316092347742687,0.9643454038997215
0.8316777420017812,0.9643454038997215
0.8317462492292937,0.9643454038997215
0.8318147564568062,0.9643454038997215
0.8318832636843186,0.9643454038997215
0.8319517709118311,0.9643454038997215
0.8320202781393436,0.9643454038997215
0.8320887853668562,0.9643454038997215
0.8321572925943687,0.9643454038997215
0.8322257998218812,0.9643454038997215
0.8322943070493937,0.9643454038997215
0.8323628142769062,0.9643454038997215
0.8324313215044187,0.9643454038997215
0.8324998287319312,0.9643454038997215
0.8325683359594437,0.9643454038997215
0.8326368431869562,0.9643454038997215
0.8327053504144687,0.9643454038997215
0.8327738576419812,0.9643454038997215
0.8328423648694937,0.9643454038997215
0.8329108720970062,0.9643454038997215
0.8329793793245187,0.9643454038997215
0.8330478865520312,0.9643454038997215
0.8331163937795437,0.9643454038997215
0.8331849010070562,0.9643454038997215
0.8332534082345687,0.9643454038997215
0.8333219154620812,0.9643454038997215
0.8333904226895937,0.9643454038997215
0.8334589299171062,0.9643454038997215
0.8335274371446187,0.9643454038997215
0.8335959443721312,0.9643454038997215
0.8336644515996438,0.9643454038997215
0.8337329588271563,0.9643454038997215
0.8338014660546688,0.9643454038997215
0.8338699732821813,0.9643454038997215
0.8339384805096938,0.9643454038997215
0.8340069877372063,0.9643454038997215
0.8340754949647188,0.9643454038997215
0.8341440021922313,0.9643454038997215
0.8342125094197438,0.9643454038997215
0.8342810166472563,0.9643454038997215
0.8343495238747688,0.9643454038997215
0.8344180311022813,0.9643454038997215
0.8344865383297938,0.9643454038997215
0.8345550455573063,0.9643454038997215
0.8346235527848188,0.9643454038997215
0.8346920600123313,0.9643454038997215
0.8347605672398438,0.9643454038997215
0.8348290744673563,0.9643454038997215
0.8348975816948688,0.9643454038997215
0.8349660889223813,0.9643454038997215
0.8350345961498938,0.9643454038997215
0.8351031033774063,0.9643454038997215
0.8351716106049188,0.9643454038997215
0.8352401178324314,0.9643454038997215
0.8353086250599439,0.9643454038997215
0.8353771322874564,0.9643454038997215
0.8354456395149689,0.9643454038997215
0.8355141467424814,0.9643454038997215
0.8355826539699939,0.9649025069637883
0.8356511611975064,0.9649025069637883
0.8357196684250189,0.9649025069637883
0.8357881756525314,0.9649025069637883
0.8358566828800439,0.9649025069637883
0.8359251901075564,0.9649025069637883
0.8359936973350689,0.9649025069637883
0.8360622045625814,0.9649025069637883
0.8361307117900939,0.9649025069637883
0.8361992190176064,0.9649025069637883
0.8362677262451189,0.9649025069637883
0.8363362334726313,0.9649025069637883
0.8364047407001438,0.9649025069637883
0.8364732479276563,0.9649025069637883
0.8365417551551688,0.9649025069637883
0.8366102623826813,0.9649025069637883
0.8366787696101938,0.9649025069637883
0.8367472768377063,0.9649025069637883
0.8368157840652188,0.9649025069637883
0.8368842912927313,0.9649025069637883
0.8369527985202438,0.9649025069637883
0.8370213057477564,0.9649025069637883
0.8370898129752689,0.9649025069637883
0.8371583202027814,0.9649025069637883
0.8372268274302939,0.9649025069637883
0.8372953346578064,0.9649025069637883
0.8373638418853189,0.9649025069637883
0.8374323491128314,0.9649025069637883
0.8375008563403439,0.9649025069637883
0.8375693635678564,0.9649025069637883
0.8376378707953689,0.9649025069637883
0.8377063780228814,0.9649025069637883
0.8377748852503939,0.9649025069637883
0.8378433924779064,0.9649025069637883
0.8379118997054189,0.9649025069637883
0.8379804069329314,0.9654596100278552
0.8380489141604439,0.9654596100278552
0.8381174213879564,0.9654596100278552
0.8381859286154689,0.9654596100278552
0.8382544358429814,0.9654596100278552
0.8383229430704939,0.9654596100278552
0.8383914502980064,0.9654596100278552
0.8384599575255189,0.9654596100278552
0.8385284647530314,0.966016713091922
0.838596971980544,0.966016713091922
0.8386654792080565,0.9665738161559888
0.838733986435569,0.9665738161559888
0.8388024936630815,0.9665738161559888
0.838871000890594,0.9665738161559888
0.8389395081181065,0.9665738161559888
0.839008015345619,0.9665738161559888
0.8390765225731315,0.9671309192200557
0.839145029800644,0.9671309192200557
0.8392135370281565,0.9671309192200557
0.839282044255669,0.9671309192200557
0.8393505514831815,0.9671309192200557
0.839419058710694,0.9671309192200557
0.8394875659382065,0.9671309192200557
0.839556073165719,0.9671309192200557
0.8396245803932315,0.9671309192200557
0.839693087620744,0.9671309192200557
0.8397615948482565,0.9671309192200557
0.839830102075769,0.9671309192200557
0.8398986093032815,0.9671309192200557
0.839967116530794,0.9671309192200557
0.8400356237583065,0.9671309192200557
0.840104130985819,0.9671309192200557
0.8401726382133315,0.9671309192200557
0.840241145440844,0.9671309192200557
0.8403096526683566,0.9671309192200557
0.8403781598958691,0.9671309192200557
0.8404466671233816,0.9671309192200557
0.8405151743508941,0.9671309192200557
0.8405836815784066,0.9676880222841225
0.8406521888059191,0.9676880222841225
0.8407206960334316,0.9676880222841225
0.8407892032609441,0.9676880222841225
0.8408577104884565,0.9676880222841225
0.840926217715969,0.9676880222841225
0.8409947249434815,0.9676880222841225
0.841063232170994,0.9676880222841225
0.8411317393985065,0.9676880222841225
0.841200246626019,0.9676880222841225
0.8412687538535315,0.9676880222841225
0.841337261081044,0.9676880222841225
0.8414057683085565,0.9676880222841225
0.841474275536069,0.9676880222841225
0.8415427827635815,0.9676880222841225
0.841611289991094,0.9676880222841225
0.8416797972186065,0.9676880222841225
0.841748304446119,0.9676880222841225
0.8418168116736315,0.9676880222841225
0.841885318901144,0.9676880222841225
0.8419538261286565,0.9676880222841225
0.842022333356169,0.9676880222841225
0.8420908405836816,0.9676880222841225
0.8421593478111941,0.9676880222841225
0.8422278550387066,0.9676880222841225
0.8422963622662191,0.9676880222841225
0.8423648694937316,0.9676880222841225
0.8424333767212441,0.9676880222841225
0.8425018839487566,0.9676880222841225
0.8425703911762691,0.9676880222841225
0.8426388984037816,0.9676880222841225
0.8427074056312941,0.9676880222841225
0.8427759128588066,0.9676880222841225
0.8428444200863191,0.9676880222841225
0.8429129273138316,0.9676880222841225
0.8429814345413441,0.9676880222841225
0.8430499417688566,0.9676880222841225
0.8431184489963691,0.9676880222841225
0.8431869562238816,0.9676880222841225
0.8432554634513941,0.9676880222841225
0.8433239706789066,0.9676880222841225
0.8433924779064191,0.9682451253481894
0.8434609851339316,0.9682451253481894
0.8435294923614441,0.9682451253481894
0.8435979995889566,0.9682451253481894
0.8436665068164692,0.9682451253481894
0.8437350140439817,0.9682451253481894
0.8438035212714942,0.9682451253481894
0.8438720284990067,0.9688022284122563
0.8439405357265192,0.9688022284122563
0.8440090429540317,0.9688022284122563
0.8440775501815442,0.9688022284122563
0.8441460574090567,0.9688022284122563
0.8442145646365692,0.9688022284122563
0.8442830718640817,0.9688022284122563
0.8443515790915942,0.9688022284122563
0.8444200863191067,0.9688022284122563
0.8444885935466192,0.9688022284122563
0.8445571007741317,0.9688022284122563
0.8446256080016442,0.9688022284122563
0.8446941152291567,0.9688022284122563
0.8447626224566692,0.9688022284122563
0.8448311296841817,0.9688022284122563
0.8448996369116942,0.9688022284122563
0.8449681441392067,0.9688022284122563
0.8450366513667192,0.9688022284122563
0.8451051585942317,0.9688022284122563
0.8451736658217442,0.9688022284122563
0.8452421730492568,0.9688022284122563
0.8453106802767691,0.9688022284122563
0.8453791875042816,0.9688022284122563
0.8454476947317942,0.9688022284122563
0.8455162019593067,0.9688022284122563
0.8455847091868192,0.9688022284122563
0.8456532164143317,0.9688022284122563
0.8457217236418442,0.9688022284122563
0.8457902308693567,0.9688022284122563
0.8458587380968692,0.9688022284122563
0.8459272453243817,0.9688022284122563
0.8459957525518942,0.9688022284122563
0.8460642597794067,0.9688022284122563
0.8461327670069192,0.9688022284122563
0.8462012742344317,0.9693593314763231
0.8462697814619442,0.9693593314763231
0.8463382886894567,0.9693593314763231
0.8464067959169692,0.9693593314763231
0.8464753031444817,0.9693593314763231
0.8465438103719942,0.9693593314763231
0.8466123175995067,0.9693593314763231
0.8466808248270192,0.9693593314763231
0.8467493320545317,0.9693593314763231
0.8468178392820442,0.9693593314763231
0.8468863465095567,0.9693593314763231
0.8469548537370692,0.9693593314763231
0.8470233609645818,0.9693593314763231
0.8470918681920943,0.9693593314763231
0.8471603754196068,0.9693593314763231
0.8472288826471193,0.9693593314763231
0.8472973898746318,0.9693593314763231
0.8473658971021443,0.9693593314763231
0.8474344043296568,0.9693593314763231
0.8475029115571693,0.9693593314763231
0.8475714187846818,0.9693593314763231
0.8476399260121943,0.96991643454039
0.8477084332397068,0.96991643454039
0.8477769404672193,0.96991643454039
0.8478454476947318,0.96991643454039
0.8479139549222443,0.96991643454039
0.8479824621497568,0.96991643454039
0.8480509693772693,0.9704735376044569
0.8481194766047818,0.9704735376044569
0.8481879838322943,0.9704735376044569
0.8482564910598068,0.9704735376044569
0.8483249982873193,0.9704735376044569
0.8483935055148318,0.9704735376044569
0.8484620127423443,0.9704735376044569
0.8485305199698568,0.9704735376044569
0.8485990271973693,0.9704735376044569
0.8486675344248819,0.9710306406685236
0.8487360416523944,0.9710306406685236
0.8488045488799069,0.9710306406685236
0.8488730561074194,0.9710306406685236
0.8489415633349319,0.9710306406685236
0.8490100705624444,0.9710306406685236
0.8490785777899569,0.9710306406685236
0.8491470850174694,0.9710306406685236
0.8492155922449819,0.9710306406685236
0.8492840994724944,0.9710306406685236
0.8493526067000069,0.9710306406685236
0.8494211139275194,0.9710306406685236
0.8494896211550319,0.9710306406685236
0.8495581283825444,0.9710306406685236
0.8496266356100569,0.9710306406685236
0.8496951428375694,0.9710306406685236
0.8497636500650819,0.9710306406685236
0.8498321572925943,0.9710306406685236
0.8499006645201068,0.9710306406685236
0.8499691717476193,0.9710306406685236
0.8500376789751318,0.9710306406685236
0.8501061862026443,0.9710306406685236
0.8501746934301568,0.9710306406685236
0.8502432006576693,0.9710306406685236
0.8503117078851818,0.9710306406685236
0.8503802151126943,0.9710306406685236
0.8504487223402069,0.9710306406685236
0.8505172295677194,0.9710306406685236
0.8505857367952319,0.9710306406685236
0.8506542440227444,0.9710306406685236
0.8507227512502569,0.9710306406685236
0.8507912584777694,0.9710306406685236
0.8508597657052819,0.9710306406685236
0.8509282729327944,0.9710306406685236
0.8509967801603069,0.9710306406685236
0.8510652873878194,0.9710306406685236
0.8511337946153319,0.9710306406685236
0.8512023018428444,0.9710306406685236
0.8512708090703569,0.9710306406685236
0.8513393162978694,0.9710306406685236
0.8514078235253819,0.9710306406685236
0.8514763307528944,0.9710306406685236
0.8515448379804069,0.9710306406685236
0.8516133452079194,0.9710306406685236
0.8516818524354319,0.9710306406685236
0.8517503596629444,0.9710306406685236
0.8518188668904569,0.9710306406685236
0.8518873741179694,0.9710306406685236
0.851955881345482,0.9710306406685236
0.8520243885729945,0.9710306406685236
0.852092895800507,0.9710306406685236
0.8521614030280195,0.9710306406685236
0.852229910255532,0.9710306406685236
0.8522984174830445,0.9710306406685236
0.852366924710557,0.9710306406685236
0.8524354319380695,0.9710306406685236
0.852503939165582,0.9710306406685236
0.8525724463930945,0.9710306406685236
0.852640953620607,0.9710306406685236
0.8527094608481195,0.9710306406685236
0.852777968075632,0.9710306406685236
0.8528464753031445,0.9710306406685236
0.852914982530657,0.9710306406685236
0.8529834897581695,0.9710306406685236
0.853051996985682,0.9710306406685236
0.8531205042131945,0.9710306406685236
0.853189011440707,0.9710306406685236
0.8532575186682195,0.9710306406685236
0.853326025895732,0.9710306406685236
0.8533945331232445,0.9710306406685236
0.853463040350757,0.9710306406685236
0.8535315475782695,0.9710306406685236
0.853600054805782,0.9710306406685236
0.8536685620332946,0.9710306406685236
0.8537370692608071,0.9710306406685236
0.8538055764883196,0.9710306406685236
0.8538740837158321,0.9710306406685236
0.8539425909433446,0.9710306406685236
0.8540110981708571,0.9710306406685236
0.8540796053983696,0.9710306406685236
0.8541481126258821,0.9710306406685236
0.8542166198533946,0.9715877437325905
0.854285127080907,0.9715877437325905
0.8543536343084195,0.9715877437325905
0.854422141535932,0.9715877437325905
0.8544906487634445,0.9715877437325905
0.854559155990957,0.9715877437325905
0.8546276632184695,0.9715877437325905
0.854696170445982,0.9715877437325905
0.8547646776734945,0.9715877437325905
0.854833184901007,0.9715877437325905
0.8549016921285195,0.9715877437325905
0.854970199356032,0.9715877437325905
0.8550387065835445,0.9715877437325905
0.855107213811057,0.9715877437325905
0.8551757210385695,0.9715877437325905
0.855244228266082,0.9715877437325905
0.8553127354935945,0.9715877437325905
0.855381242721107,0.9715877437325905
0.8554497499486196,0.9715877437325905
0.8555182571761321,0.9715877437325905
0.8555867644036446,0.9715877437325905
0.8556552716311571,0.9715877437325905
0.8557237788586696,0.9715877437325905
0.8557922860861821,0.9715877437325905
0.8558607933136946,0.9715877437325905
0.8559293005412071,0.9715877437325905
0.8559978077687196,0.9715877437325905
0.8560663149962321,0.9715877437325905
0.8561348222237446,0.9715877437325905
0.8562033294512571,0.9715877437325905
0.8562718366787696,0.9715877437325905
0.8563403439062821,0.9715877437325905
0.8564088511337946,0.9715877437325905
0.8564773583613071,0.9715877437325905
0.8565458655888196,0.9715877437325905
0.8566143728163321,0.9715877437325905
0.8566828800438446,0.9715877437325905
0.8567513872713571,0.9715877437325905
0.8568198944988696,0.9715877437325905
0.8568884017263821,0.9715877437325905
0.8569569089538946,0.9715877437325905
0.8570254161814072,0.9715877437325905
0.8570939234089197,0.9715877437325905
0.8571624306364322,0.9715877437325905
0.8572309378639447,0.9715877437325905
0.8572994450914572,0.9715877437325905
0.8573679523189697,0.9715877437325905
0.8574364595464822,0.9715877437325905
0.8575049667739947,0.9715877437325905
0.8575734740015072,0.9715877437325905
0.8576419812290197,0.9715877437325905
0.8577104884565322,0.9715877437325905
0.8577789956840447,0.9715877437325905
0.8578475029115572,0.9715877437325905
0.8579160101390697,0.9715877437325905
0.8579845173665822,0.9715877437325905
0.8580530245940947,0.9715877437325905
0.8581215318216072,0.9715877437325905
0.8581900390491197,0.9715877437325905
0.8582585462766322,0.9715877437325905
0.8583270535041447,0.9715877437325905
0.8583955607316572,0.9715877437325905
0.8584640679591697,0.9715877437325905
0.8585325751866822,0.9715877437325905
0.8586010824141947,0.9715877437325905
0.8586695896417073,0.9715877437325905
0.8587380968692198,0.9715877437325905
0.8588066040967322,0.9715877437325905
0.8588751113242447,0.9715877437325905
0.8589436185517572,0.9715877437325905
0.8590121257792697,0.9715877437325905
0.8590806330067822,0.9715877437325905
0.8591491402342947,0.9715877437325905
0.8592176474618072,0.9715877437325905
0.8592861546893197,0.9715877437325905
0.8593546619168322,0.9715877437325905
0.8594231691443447,0.9715877437325905
0.8594916763718572,0.9715877437325905
0.8595601835993697,0.9715877437325905
0.8596286908268822,0.9715877437325905
0.8596971980543947,0.9715877437325905
0.8597657052819072,0.9715877437325905
0.8598342125094197,0.9715877437325905
0.8599027197369322,0.9715877437325905
0.8599712269644447,0.9715877437325905
0.8600397341919572,0.9715877437325905
0.8601082414194697,0.9715877437325905
0.8601767486469822,0.9715877437325905
0.8602452558744947,0.9715877437325905
0.8603137631020072,0.9715877437325905
0.8603822703295197,0.9715877437325905
0.8604507775570323,0.9715877437325905
0.8605192847845448,0.9721448467966574
0.8605877920120573,0.9721448467966574
0.8606562992395698,0.9721448467966574
0.8607248064670823,0.9721448467966574
0.8607933136945948,0.9721448467966574
0.8608618209221073,0.9721448467966574
0.8609303281496198,0.9721448467966574
0.8609988353771323,0.9721448467966574
0.8610673426046448,0.9721448467966574
0.8611358498321573,0.9721448467966574
0.8612043570596698,0.9721448467966574
0.8612728642871823,0.9721448467966574
0.8613413715146948,0.9721448467966574
0.8614098787422073,0.9721448467966574
0.8614783859697198,0.9721448467966574
0.8615468931972323,0.9721448467966574
0.8616154004247448,0.9721448467966574
0.8616839076522573,0.9721448467966574
0.8617524148797698,0.9721448467966574
0.8618209221072823,0.9721448467966574
0.8618894293347948,0.9721448467966574
0.8619579365623073,0.9721448467966574
0.8620264437898199,0.9721448467966574
0.8620949510173324,0.9721448467966574
0.8621634582448449,0.9721448467966574
0.8622319654723574,0.9727019498607242
0.8623004726998699,0.9727019498607242
0.8623689799273824,0.9727019498607242
0.8624374871548949,0.9727019498607242
0.8625059943824074,0.9727019498607242
0.8625745016099199,0.9727019498607242
0.8626430088374324,0.9727019498607242
0.8627115160649449,0.9727019498607242
0.8627800232924574,0.9727019498607242
0.8628485305199699,0.9727019498607242
0.8629170377474824,0.9727019498607242
0.8629855449749949,0.9727019498607242
0.8630540522025074,0.9727019498607242
0.8631225594300199,0.9727019498607242
0.8631910666575324,0.9727019498607242
0.8632595738850448,0.9727019498607242
0.8633280811125573,0.9727019498607242
0.8633965883400698,0.9727019498607242
0.8634650955675823,0.9727019498607242
0.8635336027950948,0.9727019498607242
0.8636021100226073,0.9727019498607242
0.8636706172501198,0.9727019498607242
0.8637391244776323,0.9727019498607242
0.8638076317051449,0.9727019498607242
0.8638761389326574,0.9727019498607242
0.8639446461601699,0.9727019498607242
0.8640131533876824,0.9732590529247911
0.8640816606151949,0.9732590529247911
0.8641501678427074,0.9732590529247911
0.8642186750702199,0.9732590529247911
0.8642871822977324,0.9732590529247911
0.8643556895252449,0.9732590529247911
0.8644241967527574,0.9732590529247911
0.8644927039802699,0.973816155988858
0.8645612112077824,0.973816155988858
0.8646297184352949,0.973816155988858
0.8646982256628074,0.973816155988858
0.8647667328903199,0.973816155988858
0.8648352401178324,0.973816155988858
0.8649037473453449,0.973816155988858
0.8649722545728574,0.973816155988858
0.8650407618003699,0.973816155988858
0.8651092690278824,0.973816155988858
0.8651777762553949,0.973816155988858
0.8652462834829074,0.973816155988858
0.86531479071042,0.973816155988858
0.8653832979379324,0.973816155988858
0.865451805165445,0.973816155988858
0.8655203123929575,0.973816155988858
0.86558881962047,0.973816155988858
0.8656573268479825,0.973816155988858
0.865725834075495,0.973816155988858
0.8657943413030075,0.973816155988858
0.86586284853052,0.973816155988858
0.8659313557580325,0.973816155988858
0.865999862985545,0.973816155988858
0.8660683702130575,0.973816155988858
0.86613687744057,0.9743732590529248
0.8662053846680825,0.9743732590529248
0.866273891895595,0.9743732590529248
0.8663423991231075,0.9743732590529248
0.86641090635062,0.9743732590529248
0.8664794135781325,0.9743732590529248
0.866547920805645,0.9743732590529248
0.8666164280331575,0.9743732590529248
0.86668493526067,0.9743732590529248
0.8667534424881825,0.9743732590529248
0.866821949715695,0.9743732590529248
0.8668904569432075,0.9743732590529248
0.86695896417072,0.9743732590529248
0.8670274713982326,0.9743732590529248
0.8670959786257451,0.9743732590529248
0.8671644858532576,0.9743732590529248
0.8672329930807701,0.9743732590529248
0.8673015003082826,0.9743732590529248
0.8673700075357951,0.9743732590529248
0.8674385147633076,0.9743732590529248
0.8675070219908201,0.9743732590529248
0.8675755292183326,0.9743732590529248
0.8676440364458451,0.9743732590529248
0.8677125436733576,0.9743732590529248
0.86778105090087,0.9743732590529248
0.8678495581283825,0.9743732590529248
0.867918065355895,0.9749303621169917
0.8679865725834075,0.9754874651810584
0.86805507981092,0.9754874651810584
0.8681235870384325,0.9754874651810584
0.868192094265945,0.9754874651810584
0.8682606014934575,0.9754874651810584
0.86832910872097,0.9754874651810584
0.8683976159484825,0.9754874651810584
0.868466123175995,0.9754874651810584
0.8685346304035075,0.9754874651810584
0.86860313763102,0.9754874651810584
0.8686716448585325,0.9754874651810584
0.868740152086045,0.9754874651810584
0.8688086593135576,0.9754874651810584
0.8688771665410701,0.9754874651810584
0.8689456737685826,0.9754874651810584
0.8690141809960951,0.9754874651810584
0.8690826882236076,0.9754874651810584
0.8691511954511201,0.9754874651810584
0.8692197026786326,0.9754874651810584
0.8692882099061451,0.9754874651810584
0.8693567171336576,0.9754874651810584
0.8694252243611701,0.9754874651810584
0.8694937315886826,0.9754874651810584
0.8695622388161951,0.9754874651810584
0.8696307460437076,0.9754874651810584
0.8696992532712201,0.9754874651810584
0.8697677604987326,0.9754874651810584
0.8698362677262451,0.9754874651810584
0.8699047749537576,0.9754874651810584
0.8699732821812701,0.9754874651810584
0.8700417894087826,0.9760445682451253
0.8701102966362951,0.9760445682451253
0.8701788038638076,0.9760445682451253
0.8702473110913201,0.9760445682451253
0.8703158183188326,0.9760445682451253
0.8703843255463452,0.9760445682451253
0.8704528327738577,0.9760445682451253
0.8705213400013702,0.9760445682451253
0.8705898472288827,0.9760445682451253
0.8706583544563952,0.9760445682451253
0.8707268616839077,0.9766016713091922
0.8707953689114202,0.9766016713091922
0.8708638761389327,0.9766016713091922
0.8709323833664452,0.9766016713091922
0.8710008905939577,0.9766016713091922
0.8710693978214702,0.9766016713091922
0.8711379050489827,0.9766016713091922
0.8712064122764952,0.977158774373259
0.8712749195040077,0.977158774373259
0.8713434267315202,0.977158774373259
0.8714119339590327,0.977158774373259
0.8714804411865452,0.977158774373259
0.8715489484140577,0.977158774373259
0.8716174556415702,0.977158774373259
0.8716859628690827,0.977158774373259
0.8717544700965952,0.977158774373259
0.8718229773241077,0.977158774373259
0.8718914845516202,0.977158774373259
0.8719599917791327,0.977158774373259
0.8720284990066453,0.977158774373259
0.8720970062341578,0.977158774373259
0.8721655134616703,0.977158774373259
0.8722340206891827,0.977158774373259
0.8723025279166952,0.977158774373259
0.8723710351442077,0.977158774373259
0.8724395423717202,0.977158774373259
0.8725080495992327,0.977158774373259
0.8725765568267452,0.977158774373259
0.8726450640542577,0.977158774373259
0.8727135712817702,0.977158774373259
0.8727820785092827,0.977158774373259
0.8728505857367952,0.977158774373259
0.8729190929643077,0.977158774373259
0.8729876001918202,0.977158774373259
0.8730561074193327,0.977158774373259
0.8731246146468452,0.977158774373259
0.8731931218743577,0.977158774373259
0.8732616291018702,0.977158774373259
0.8733301363293827,0.977158774373259
0.8733986435568952,0.977158774373259
0.8734671507844077,0.977158774373259
0.8735356580119202,0.977158774373259
0.8736041652394327,0.977158774373259
0.8736726724669452,0.977158774373259
0.8737411796944577,0.9777158774373259
0.8738096869219703,0.9777158774373259
0.8738781941494828,0.9777158774373259
0.8739467013769953,0.9777158774373259
0.8740152086045078,0.9777158774373259
0.8740837158320203,0.9777158774373259
0.8741522230595328,0.9777158774373259
0.8742207302870453,0.9777158774373259
0.8742892375145578,0.9777158774373259
0.8743577447420703,0.9777158774373259
0.8744262519695828,0.9777158774373259
0.8744947591970953,0.9777158774373259
0.8745632664246078,0.9777158774373259
0.8746317736521203,0.9777158774373259
0.8747002808796328,0.9777158774373259
0.8747687881071453,0.9777158774373259
0.8748372953346578,0.9777158774373259
0.8749058025621703,0.9777158774373259
0.8749743097896828,0.9777158774373259
0.8750428170171953,0.9777158774373259
0.8751113242447078,0.9777158774373259
0.8751798314722203,0.9777158774373259
0.8752483386997328,0.9777158774373259
0.8753168459272453,0.9777158774373259
0.8753853531547579,0.9777158774373259
0.8754538603822704,0.9777158774373259
0.8755223676097829,0.9777158774373259
0.8755908748372954,0.9777158774373259
0.8756593820648079,0.9777158774373259
0.8757278892923204,0.9777158774373259
0.8757963965198329,0.9777158774373259
0.8758649037473454,0.9777158774373259
0.8759334109748579,0.9777158774373259
0.8760019182023704,0.9777158774373259
0.8760704254298829,0.9777158774373259
0.8761389326573954,0.9777158774373259
0.8762074398849079,0.9777158774373259
0.8762759471124204,0.9777158774373259
0.8763444543399329,0.9777158774373259
0.8764129615674454,0.9777158774373259
0.8764814687949579,0.9777158774373259
0.8765499760224704,0.9777158774373259
0.8766184832499829,0.9782729805013928
0.8766869904774953,0.9782729805013928
0.8767554977050078,0.9782729805013928
0.8768240049325203,0.9782729805013928
0.8768925121600328,0.9782729805013928
0.8769610193875453,0.9782729805013928
0.8770295266150578,0.9782729805013928
0.8770980338425703,0.9782729805013928
0.8771665410700829,0.9782729805013928
0.8772350482975954,0.9782729805013928
0.8773035555251079,0.9782729805013928
0.8773720627526204,0.9782729805013928
0.8774405699801329,0.9782729805013928
0.8775090772076454,0.9782729805013928
0.8775775844351579,0.9782729805013928
0.8776460916626704,0.9782729805013928
0.8777145988901829,0.9782729805013928
0.8777831061176954,0.9782729805013928
0.8778516133452079,0.9782729805013928
0.8779201205727204,0.9782729805013928
0.8779886278002329,0.9782729805013928
0.8780571350277454,0.9782729805013928
0.8781256422552579,0.9782729805013928
0.8781941494827704,0.9782729805013928
0.8782626567102829,0.9782729805013928
0.8783311639377954,0.9782729805013928
0.8783996711653079,0.9782729805013928
0.8784681783928204,0.9782729805013928
0.8785366856203329,0.9782729805013928
0.8786051928478454,0.9782729805013928
0.8786737000753579,0.9782729805013928
0.8787422073028704,0.9782729805013928
0.878810714530383,0.9782729805013928
0.8788792217578955,0.9782729805013928
0.878947728985408,0.9782729805013928
0.8790162362129205,0.9782729805013928
0.879084743440433,0.9782729805013928
0.8791532506679455,0.9782729805013928
0.879221757895458,0.9782729805013928
0.8792902651229705,0.9782729805013928
0.879358772350483,0.9782729805013928
0.8794272795779955,0.9782729805013928
0.879495786805508,0.9782729805013928
0.8795642940330205,0.9782729805013928
0.879632801260533,0.9782729805013928
0.8797013084880455,0.9782729805013928
0.879769815715558,0.9782729805013928
0.8798383229430705,0.9782729805013928
0.879906830170583,0.9782729805013928
0.8799753373980955,0.9782729805013928
0.880043844625608,0.9782729805013928
0.8801123518531205,0.9782729805013928
0.880180859080633,0.9782729805013928
0.8802493663081455,0.9782729805013928
0.880317873535658,0.9782729805013928
0.8803863807631706,0.9782729805013928
0.880454887990683,0.9782729805013928
0.8805233952181956,0.9782729805013928
0.8805919024457081,0.9782729805013928
0.8806604096732206,0.9788300835654596
0.8807289169007331,0.9788300835654596
0.8807974241282456,0.9793871866295265
0.8808659313557581,0.9793871866295265
0.8809344385832706,0.9793871866295265
0.8810029458107831,0.9793871866295265
0.8810714530382956,0.9793871866295265
0.8811399602658081,0.9793871866295265
0.8812084674933205,0.9793871866295265
0.881276974720833,0.9793871866295265
0.8813454819483455,0.9793871866295265
0.881413989175858,0.9793871866295265
0.8814824964033705,0.9793871866295265
0.881551003630883,0.9793871866295265
0.8816195108583955,0.9793871866295265
0.881688018085908,0.9793871866295265
0.8817565253134205,0.9793871866295265
0.881825032540933,0.9793871866295265
0.8818935397684455,0.9793871866295265
0.881962046995958,0.9793871866295265
0.8820305542234705,0.9793871866295265
0.882099061450983,0.9793871866295265
0.8821675686784956,0.9793871866295265
0.882236075906008,0.9793871866295265
0.8823045831335206,0.9793871866295265
0.8823730903610331,0.9793871866295265
0.8824415975885456,0.9793871866295265
0.8825101048160581,0.9793871866295265
0.8825786120435706,0.9793871866295265
0.8826471192710831,0.9793871866295265
0.8827156264985956,0.9793871866295265
0.8827841337261081,0.9793871866295265
0.8828526409536206,0.9793871866295265
0.8829211481811331,0.9793871866295265
0.8829896554086456,0.9793871866295265
0.8830581626361581,0.9793871866295265
0.8831266698636706,0.9793871866295265
0.8831951770911831,0.9793871866295265
0.8832636843186956,0.9793871866295265
0.8833321915462081,0.9793871866295265
0.8834006987737206,0.9793871866295265
0.8834692060012331,0.9793871866295265
0.8835377132287456,0.9793871866295265
0.8836062204562581,0.9793871866295265
0.8836747276837706,0.9793871866295265
0.8837432349112831,0.9793871866295265
0.8838117421387957,0.9793871866295265
0.8838802493663082,0.9793871866295265
0.8839487565938207,0.9793871866295265
0.8840172638213332,0.9793871866295265
0.8840857710488457,0.9793871866295265
0.8841542782763582,0.9793871866295265
0.8842227855038707,0.9793871866295265
0.8842912927313832,0.9793871866295265
0.8843597999588957,0.9793871866295265
0.8844283071864082,0.9793871866295265
0.8844968144139207,0.9793871866295265
0.8845653216414332,0.9793871866295265
0.8846338288689457,0.9793871866295265
0.8847023360964582,0.9793871866295265
0.8847708433239707,0.9793871866295265
0.8848393505514832,0.9793871866295265
0.8849078577789957,0.9793871866295265
0.8849763650065082,0.9793871866295265
0.8850448722340207,0.9799442896935933
0.8851133794615332,0.9799442896935933
0.8851818866890457,0.9799442896935933
0.8852503939165582,0.9799442896935933
0.8853189011440707,0.9799442896935933
0.8853874083715833,0.9799442896935933
0.8854559155990958,0.9799442896935933
0.8855244228266083,0.9799442896935933
0.8855929300541208,0.9799442896935933
0.8856614372816332,0.9799442896935933
0.8857299445091457,0.9799442896935933
0.8857984517366582,0.9799442896935933
0.8858669589641707,0.9799442896935933
0.8859354661916832,0.9799442896935933
0.8860039734191957,0.9799442896935933
0.8860724806467082,0.9799442896935933
0.8861409878742207,0.9799442896935933
0.8862094951017332,0.9799442896935933
0.8862780023292457,0.9799442896935933
0.8863465095567582,0.9799442896935933
0.8864150167842707,0.9799442896935933
0.8864835240117832,0.9799442896935933
0.8865520312392957,0.9799442896935933
0.8866205384668082,0.9799442896935933
0.8866890456943207,0.9799442896935933
0.8867575529218332,0.9799442896935933
0.8868260601493457,0.9799442896935933
0.8868945673768582,0.9799442896935933
0.8869630746043707,0.9799442896935933
0.8870315818318832,0.9799442896935933
0.8871000890593957,0.9799442896935933
0.8871685962869083,0.9799442896935933
0.8872371035144208,0.9799442896935933
0.8873056107419333,0.9799442896935933
0.8873741179694458,0.9799442896935933
0.8874426251969583,0.9799442896935933
0.8875111324244708,0.9799442896935933
0.8875796396519833,0.9799442896935933
0.8876481468794958,0.9799442896935933
0.8877166541070083,0.9799442896935933
0.8877851613345208,0.9799442896935933
0.8878536685620333,0.9799442896935933
0.8879221757895458,0.9799442896935933
0.8879906830170583,0.9799442896935933
0.8880591902445708,0.9799442896935933
0.8881276974720833,0.9799442896935933
0.8881962046995958,0.9799442896935933
0.8882647119271083,0.9799442896935933
0.8883332191546208,0.9799442896935933
0.8884017263821333,0.9799442896935933
0.8884702336096458,0.9799442896935933
0.8885387408371583,0.9799442896935933
0.8886072480646708,0.9799442896935933
0.8886757552921833,0.9799442896935933
0.8887442625196958,0.9799442896935933
0.8888127697472084,0.9805013927576601
0.8888812769747209,0.9805013927576601
0.8889497842022334,0.9805013927576601
0.8890182914297459,0.9805013927576601
0.8890867986572584,0.9805013927576601
0.8891553058847709,0.9805013927576601
0.8892238131122834,0.9805013927576601
0.8892923203397959,0.9805013927576601
0.8893608275673084,0.9805013927576601
0.8894293347948209,0.9805013927576601
0.8894978420223334,0.9805013927576601
0.8895663492498459,0.9805013927576601
0.8896348564773584,0.9805013927576601
0.8897033637048709,0.9805013927576601
0.8897718709323834,0.9805013927576601
0.8898403781598959,0.9805013927576601
0.8899088853874084,0.9805013927576601
0.8899773926149209,0.9805013927576601
0.8900458998424334,0.9805013927576601
0.8901144070699459,0.9805013927576601
0.8901829142974583,0.9805013927576601
0.8902514215249708,0.9805013927576601
0.8903199287524833,0.9805013927576601
0.8903884359799958,0.9805013927576601
0.8904569432075083,0.9805013927576601
0.8905254504350208,0.9805013927576601
0.8905939576625334,0.9805013927576601
0.8906624648900459,0.9805013927576601
0.8907309721175584,0.9805013927576601
0.8907994793450709,0.9805013927576601
0.8908679865725834,0.9805013927576601
0.8909364938000959,0.9805013927576601
0.8910050010276084,0.9805013927576601
0.8910735082551209,0.9805013927576601
0.8911420154826334,0.9805013927576601
0.8912105227101459,0.9805013927576601
0.8912790299376584,0.9805013927576601
0.8913475371651709,0.9805013927576601
0.8914160443926834,0.9805013927576601
0.8914845516201959,0.9805013927576601
0.8915530588477084,0.9805013927576601
0.8916215660752209,0.9805013927576601
0.8916900733027334,0.9805013927576601
0.8917585805302459,0.9805013927576601
0.8918270877577584,0.9805013927576601
0.8918955949852709,0.9805013927576601
0.8919641022127834,0.9805013927576601
0.8920326094402959,0.9805013927576601
0.8921011166678084,0.9805013927576601
0.892169623895321,0.9805013927576601
0.8922381311228335,0.9805013927576601
0.892306638350346,0.9805013927576601
0.8923751455778585,0.9805013927576601
0.892443652805371,0.9805013927576601
0.8925121600328835,0.9805013927576601
0.892580667260396,0.9805013927576601
0.8926491744879085,0.9805013927576601
0.892717681715421,0.9805013927576601
0.8927861889429335,0.9805013927576601
0.892854696170446,0.9805013927576601
0.8929232033979585,0.9805013927576601
0.892991710625471,0.9805013927576601
0.8930602178529835,0.9805013927576601
0.893128725080496,0.9805013927576601
0.8931972323080085,0.9805013927576601
0.893265739535521,0.9805013927576601
0.8933342467630335,0.9805013927576601
0.893402753990546,0.9805013927576601
0.8934712612180585,0.9805013927576601
0.893539768445571,0.9805013927576601
0.8936082756730835,0.981058495821727
0.893676782900596,0.981058495821727
0.8937452901281085,0.981058495821727
0.893813797355621,0.981058495821727
0.8938823045831336,0.981058495821727
0.8939508118106461,0.981058495821727
0.8940193190381586,0.981058495821727
0.8940878262656711,0.981058495821727
0.8941563334931836,0.981058495821727
0.8942248407206961,0.981058495821727
0.8942933479482086,0.981058495821727
0.8943618551757211,0.981058495821727
0.8944303624032336,0.981058495821727
0.8944988696307461,0.981058495821727
0.8945673768582586,0.981058495821727
0.894635884085771,0.981058495821727
0.8947043913132835,0.981058495821727
0.894772898540796,0.981058495821727
0.8948414057683085,0.981058495821727
0.894909912995821,0.981058495821727
0.8949784202233335,0.981058495821727
0.895046927450846,0.981058495821727
0.8951154346783585,0.981058495821727
0.895183941905871,0.981058495821727
0.8952524491333835,0.981058495821727
0.895320956360896,0.981058495821727
0.8953894635884085,0.981058495821727
0.895457970815921,0.981058495821727
0.8955264780434335,0.981058495821727
0.895594985270946,0.981058495821727
0.8956634924984586,0.981058495821727
0.8957319997259711,0.981058495821727
0.8958005069534836,0.981058495821727
0.8958690141809961,0.981058495821727
0.8959375214085086,0.981058495821727
0.8960060286360211,0.981058495821727
0.8960745358635336,0.981058495821727
0.8961430430910461,0.981058495821727
0.8962115503185586,0.981058495821727
0.8962800575460711,0.981058495821727
0.8963485647735836,0.981058495821727
0.8964170720010961,0.981058495821727
0.8964855792286086,0.981058495821727
0.8965540864561211,0.981058495821727
0.8966225936836336,0.981058495821727
0.8966911009111461,0.981058495821727
0.8967596081386586,0.981058495821727
0.8968281153661711,0.981058495821727
0.8968966225936836,0.981058495821727
0.8969651298211961,0.981058495821727
0.8970336370487086,0.981058495821727
0.8971021442762211,0.981058495821727
0.8971706515037337,0.981058495821727
0.8972391587312462,0.981058495821727
0.8973076659587587,0.981058495821727
0.8973761731862712,0.981058495821727
0.8974446804137837,0.981058495821727
0.8975131876412962,0.981058495821727
0.8975816948688087,0.981058495821727
0.8976502020963212,0.981058495821727
0.8977187093238337,0.981058495821727
0.8977872165513462,0.981058495821727
0.8978557237788587,0.981058495821727
0.8979242310063712,0.981058495821727
0.8979927382338837,0.981058495821727
0.8980612454613962,0.981058495821727
0.8981297526889087,0.981058495821727
0.8981982599164212,0.981058495821727
0.8982667671439337,0.981058495821727
0.8983352743714462,0.981058495821727
0.8984037815989587,0.981058495821727
0.8984722888264712,0.981058495821727
0.8985407960539837,0.981058495821727
0.8986093032814962,0.981058495821727
0.8986778105090087,0.981058495821727
0.8987463177365212,0.981058495821727
0.8988148249640338,0.981058495821727
0.8988833321915463,0.981058495821727
0.8989518394190588,0.981058495821727
0.8990203466465713,0.981058495821727
0.8990888538740838,0.981058495821727
0.8991573611015962,0.981058495821727
0.8992258683291087,0.981058495821727
0.8992943755566212,0.981058495821727
0.8993628827841337,0.981058495821727
0.8994313900116462,0.981058495821727
0.8994998972391587,0.981058495821727
0.8995684044666712,0.981058495821727
0.8996369116941837,0.981058495821727
0.8997054189216962,0.981058495821727
0.8997739261492087,0.981058495821727
0.8998424333767212,0.981058495821727
0.8999109406042337,0.981058495821727
0.8999794478317462,0.981058495821727
0.9000479550592587,0.981058495821727
0.9001164622867712,0.981058495821727
0.9001849695142837,0.981058495821727
0.9002534767417962,0.981058495821727
0.9003219839693087,0.981058495821727
0.9003904911968212,0.981058495821727
0.9004589984243337,0.981058495821727
0.9005275056518462,0.981058495821727
0.9005960128793588,0.981058495821727
0.9006645201068713,0.981058495821727
0.9007330273343838,0.981058495821727
0.9008015345618963,0.981058495821727
0.9008700417894088,0.981058495821727
0.9009385490169213,0.981058495821727
0.9010070562444338,0.981058495821727
0.9010755634719463,0.981058495821727
0.9011440706994588,0.981058495821727
0.9012125779269713,0.981058495821727
0.9012810851544838,0.981058495821727
0.9013495923819963,0.981058495821727
0.9014180996095088,0.981058495821727
0.9014866068370213,0.981058495821727
0.9015551140645338,0.981058495821727
0.9016236212920463,0.981058495821727
0.9016921285195588,0.981058495821727
0.9017606357470713,0.981058495821727
0.9018291429745838,0.981058495821727
0.9018976502020963,0.981058495821727
0.9019661574296088,0.981058495821727
0.9020346646571213,0.981058495821727
0.9021031718846338,0.981058495821727
0.9021716791121464,0.981058495821727
0.9022401863396589,0.981058495821727
0.9023086935671714,0.981058495821727
0.9023772007946839,0.981058495821727
0.9024457080221964,0.981058495821727
0.9025142152497089,0.981058495821727
0.9025827224772214,0.981058495821727
0.9026512297047339,0.981058495821727
0.9027197369322464,0.981058495821727
0.9027882441597589,0.981058495821727
0.9028567513872714,0.981058495821727
0.9029252586147839,0.981058495821727
0.9029937658422964,0.981058495821727
0.9030622730698089,0.981058495821727
0.9031307802973214,0.981058495821727
0.9031992875248339,0.9816155988857939
0.9032677947523464,0.9816155988857939
0.9033363019798589,0.9816155988857939
0.9034048092073714,0.9816155988857939
0.9034733164348839,0.9816155988857939
0.9035418236623964,0.9816155988857939
0.9036103308899088,0.9816155988857939
0.9036788381174213,0.9821727019498607
0.9037473453449338,0.9821727019498607
0.9038158525724463,0.9821727019498607
0.9038843597999588,0.9821727019498607
0.9039528670274714,0.9821727019498607
0.9040213742549839,0.9821727019498607
0.9040898814824964,0.9821727019498607
0.9041583887100089,0.9821727019498607
0.9042268959375214,0.9821727019498607
0.9042954031650339,0.9821727019498607
0.9043639103925464,0.9821727019498607
0.9044324176200589,0.9821727019498607
0.9045009248475714,0.9821727019498607
0.9045694320750839,0.9821727019498607
0.9046379393025964,0.9821727019498607
0.9047064465301089,0.9821727019498607
0.9047749537576214,0.9827298050139276
0.9048434609851339,0.9827298050139276
0.9049119682126464,0.9827298050139276
0.9049804754401589,0.9827298050139276
0.9050489826676714,0.9827298050139276
0.9051174898951839,0.9827298050139276
0.9051859971226964,0.9827298050139276
0.9052545043502089,0.9827298050139276
0.9053230115777214,0.9827298050139276
0.9053915188052339,0.9827298050139276
0.9054600260327464,0.9827298050139276
0.905528533260259,0.9827298050139276
0.9055970404877715,0.9827298050139276
0.905665547715284,0.9827298050139276
0.9057340549427965,0.9827298050139276
0.905802562170309,0.9827298050139276
0.9058710693978215,0.9827298050139276
0.905939576625334,0.9827298050139276
0.9060080838528465,0.9827298050139276
0.906076591080359,0.9827298050139276
0.9061450983078715,0.9827298050139276
0.906213605535384,0.9827298050139276
0.9062821127628965,0.9827298050139276
0.906350619990409,0.9827298050139276
0.9064191272179215,0.9827298050139276
0.906487634445434,0.9827298050139276
0.9065561416729465,0.9827298050139276
0.906624648900459,0.9827298050139276
0.9066931561279715,0.9827298050139276
0.906761663355484,0.9827298050139276
0.9068301705829965,0.9827298050139276
0.906898677810509,0.9827298050139276
0.9069671850380215,0.9827298050139276
0.907035692265534,0.9827298050139276
0.9071041994930465,0.9827298050139276
0.907172706720559,0.9827298050139276
0.9072412139480716,0.9827298050139276
0.9073097211755841,0.9827298050139276
0.9073782284030966,0.9827298050139276
0.9074467356306091,0.9827298050139276
0.9075152428581216,0.9827298050139276
0.9075837500856341,0.9827298050139276
0.9076522573131466,0.9827298050139276
0.9077207645406591,0.9827298050139276
0.9077892717681716,0.9827298050139276
0.9078577789956841,0.9827298050139276
0.9079262862231966,0.9827298050139276
0.9079947934507091,0.9827298050139276
0.9080633006782216,0.9827298050139276
0.908131807905734,0.9827298050139276
0.9082003151332465,0.9827298050139276
0.908268822360759,0.9827298050139276
0.9083373295882715,0.9827298050139276
0.908405836815784,0.9827298050139276
0.9084743440432965,0.9832869080779945
0.908542851270809,0.9832869080779945
0.9086113584983215,0.9832869080779945
0.908679865725834,0.9832869080779945
0.9087483729533465,0.9832869080779945
0.908816880180859,0.9832869080779945
0.9088853874083715,0.9832869080779945
0.908953894635884,0.9832869080779945
0.9090224018633966,0.9832869080779945
0.9090909090909091,0.9832869080779945
0.9091594163184216,0.9832869080779945
0.9092279235459341,0.9832869080779945
0.9092964307734466,0.9832869080779945
0.9093649380009591,0.9832869080779945
0.9094334452284716,0.9832869080779945
0.9095019524559841,0.9832869080779945
0.9095704596834966,0.9832869080779945
0.9096389669110091,0.9832869080779945
0.9097074741385216,0.9832869080779945
0.9097759813660341,0.9832869080779945
0.9098444885935466,0.9832869080779945
0.9099129958210591,0.9838440111420613
0.9099815030485716,0.9838440111420613
0.9100500102760841,0.9838440111420613
0.9101185175035966,0.9838440111420613
0.9101870247311091,0.9838440111420613
0.9102555319586216,0.9838440111420613
0.9103240391861341,0.9838440111420613
0.9103925464136466,0.9838440111420613
0.9104610536411591,0.9838440111420613
0.9105295608686717,0.9838440111420613
0.9105980680961842,0.9838440111420613
0.9106665753236967,0.9838440111420613
0.9107350825512092,0.9838440111420613
0.9108035897787217,0.9838440111420613
0.9108720970062342,0.9838440111420613
0.9109406042337467,0.9838440111420613
0.9110091114612592,0.9838440111420613
0.9110776186887717,0.9838440111420613
0.9111461259162842,0.9838440111420613
0.9112146331437967,0.9838440111420613
0.9112831403713092,0.9838440111420613
0.9113516475988217,0.9838440111420613
0.9114201548263342,0.9838440111420613
0.9114886620538467,0.9838440111420613
0.9115571692813592,0.9838440111420613
0.9116256765088717,0.9838440111420613
0.9116941837363842,0.9838440111420613
0.9117626909638967,0.9838440111420613
0.9118311981914092,0.9838440111420613
0.9118997054189217,0.9838440111420613
0.9119682126464342,0.9838440111420613
0.9120367198739467,0.9838440111420613
0.9121052271014592,0.9838440111420613
0.9121737343289718,0.9838440111420613
0.9122422415564843,0.9838440111420613
0.9123107487839968,0.9838440111420613
0.9123792560115093,0.9838440111420613
0.9124477632390218,0.9838440111420613
0.9125162704665343,0.9838440111420613
0.9125847776940467,0.9838440111420613
0.9126532849215592,0.9838440111420613
0.9127217921490717,0.9838440111420613
0.9127902993765842,0.9838440111420613
0.9128588066040967,0.9838440111420613
0.9129273138316092,0.9838440111420613
0.9129958210591217,0.9838440111420613
0.9130643282866342,0.9838440111420613
0.9131328355141467,0.9838440111420613
0.9132013427416592,0.9838440111420613
0.9132698499691717,0.9838440111420613
0.9133383571966842,0.9838440111420613
0.9134068644241967,0.9838440111420613
0.9134753716517092,0.9838440111420613
0.9135438788792217,0.9838440111420613
0.9136123861067342,0.9838440111420613
0.9136808933342467,0.9838440111420613
0.9137494005617592,0.9838440111420613
0.9138179077892717,0.9838440111420613
0.9138864150167842,0.9838440111420613
0.9139549222442968,0.9838440111420613
0.9140234294718093,0.9838440111420613
0.9140919366993218,0.9838440111420613
0.9141604439268343,0.9838440111420613
0.9142289511543468,0.9838440111420613
0.9142974583818593,0.9838440111420613
0.9143659656093718,0.9838440111420613
0.9144344728368843,0.9838440111420613
0.9145029800643968,0.9838440111420613
0.9145714872919093,0.9838440111420613
0.9146399945194218,0.9838440111420613
0.9147085017469343,0.9838440111420613
0.9147770089744468,0.9838440111420613
0.9148455162019593,0.9838440111420613
0.9149140234294718,0.9838440111420613
0.9149825306569843,0.9838440111420613
0.9150510378844968,0.9838440111420613
0.9151195451120093,0.9838440111420613
0.9151880523395218,0.9838440111420613
0.9152565595670343,0.9838440111420613
0.9153250667945468,0.9838440111420613
0.9153935740220593,0.9838440111420613
0.9154620812495718,0.9838440111420613
0.9155305884770844,0.9838440111420613
0.9155990957045969,0.9838440111420613
0.9156676029321094,0.9838440111420613
0.9157361101596219,0.9838440111420613
0.9158046173871344,0.9838440111420613
0.9158731246146469,0.9838440111420613
0.9159416318421594,0.9838440111420613
0.9160101390696719,0.9838440111420613
0.9160786462971844,0.9838440111420613
0.9161471535246969,0.9838440111420613
0.9162156607522094,0.9838440111420613
0.9162841679797219,0.9838440111420613
0.9163526752072344,0.9838440111420613
0.9164211824347469,0.9838440111420613
0.9164896896622594,0.9838440111420613
0.9165581968897719,0.9838440111420613
0.9166267041172844,0.9838440111420613
0.9166952113447969,0.9838440111420613
0.9167637185723094,0.9838440111420613
0.9168322257998219,0.9838440111420613
0.9169007330273344,0.9838440111420613
0.9169692402548469,0.9838440111420613
0.9170377474823594,0.9838440111420613
0.9171062547098718,0.9838440111420613
0.9171747619373843,0.9838440111420613
0.9172432691648968,0.9838440111420613
0.9173117763924094,0.9838440111420613
0.9173802836199219,0.9838440111420613
0.9174487908474344,0.9838440111420613
0.9175172980749469,0.9838440111420613
0.9175858053024594,0.9838440111420613
0.9176543125299719,0.9838440111420613
0.9177228197574844,0.9838440111420613
0.9177913269849969,0.9838440111420613
0.9178598342125094,0.9838440111420613
0.9179283414400219,0.9838440111420613
0.9179968486675344,0.9838440111420613
0.9180653558950469,0.9838440111420613
0.9181338631225594,0.9838440111420613
0.9182023703500719,0.9838440111420613
0.9182708775775844,0.9838440111420613
0.9183393848050969,0.9838440111420613
0.9184078920326094,0.9838440111420613
0.9184763992601219,0.9838440111420613
0.9185449064876344,0.9838440111420613
0.9186134137151469,0.9838440111420613
0.9186819209426594,0.9838440111420613
0.9187504281701719,0.9838440111420613
0.9188189353976844,0.9838440111420613
0.918887442625197,0.9838440111420613
0.9189559498527095,0.9838440111420613
0.919024457080222,0.9838440111420613
0.9190929643077345,0.9838440111420613
0.919161471535247,0.9838440111420613
0.9192299787627595,0.9838440111420613
0.919298485990272,0.9838440111420613
0.9193669932177845,0.9838440111420613
0.919435500445297,0.9838440111420613
0.9195040076728095,0.9838440111420613
0.919572514900322,0.9838440111420613
0.9196410221278345,0.9838440111420613
0.919709529355347,0.9838440111420613
0.9197780365828595,0.9838440111420613
0.919846543810372,0.9838440111420613
0.9199150510378845,0.9838440111420613
0.919983558265397,0.9838440111420613
0.9200520654929095,0.9838440111420613
0.920120572720422,0.9838440111420613
0.9201890799479345,0.9838440111420613
0.920257587175447,0.9838440111420613
0.9203260944029595,0.9838440111420613
0.920394601630472,0.9838440111420613
0.9204631088579845,0.9838440111420613
0.920531616085497,0.9838440111420613
0.9206001233130096,0.9838440111420613
0.9206686305405221,0.9838440111420613
0.9207371377680346,0.9838440111420613
0.9208056449955471,0.9838440111420613
0.9208741522230596,0.9838440111420613
0.9209426594505721,0.9838440111420613
0.9210111666780846,0.9838440111420613
0.9210796739055971,0.9844011142061281
0.9211481811331096,0.9844011142061281
0.9212166883606221,0.9844011142061281
0.9212851955881346,0.9844011142061281
0.9213537028156471,0.9844011142061281
0.9214222100431596,0.9844011142061281
0.9214907172706721,0.9844011142061281
0.9215592244981845,0.9844011142061281
0.921627731725697,0.9844011142061281
0.9216962389532095,0.9844011142061281
0.921764746180722,0.9844011142061281
0.9218332534082345,0.9844011142061281
0.921901760635747,0.9844011142061281
0.9219702678632595,0.9844011142061281
0.922038775090772,0.9844011142061281
0.9221072823182845,0.9844011142061281
0.922175789545797,0.9844011142061281
0.9222442967733095,0.9844011142061281
0.922312804000822,0.9844011142061281
0.9223813112283346,0.9844011142061281
0.9224498184558471,0.9844011142061281
0.9225183256833596,0.9844011142061281
0.9225868329108721,0.9844011142061281
0.9226553401383846,0.9844011142061281
0.9227238473658971,0.9844011142061281
0.9227923545934096,0.9844011142061281
0.9228608618209221,0.9844011142061281
0.9229293690484346,0.9844011142061281
0.9229978762759471,0.9844011142061281
0.9230663835034596,0.9844011142061281
0.9231348907309721,0.9844011142061281
0.9232033979584846,0.9844011142061281
0.9232719051859971,0.9844011142061281
0.9233404124135096,0.984958217270195
0.9234089196410221,0.984958217270195
0.9234774268685346,0.984958217270195
0.9235459340960471,0.984958217270195
0.9236144413235596,0.984958217270195
0.9236829485510721,0.984958217270195
0.9237514557785846,0.984958217270195
0.9238199630060971,0.984958217270195
0.9238884702336096,0.984958217270195
0.9239569774611222,0.984958217270195
0.9240254846886347,0.984958217270195
0.9240939919161472,0.984958217270195
0.9241624991436597,0.984958217270195
0.9242310063711722,0.984958217270195
0.9242995135986847,0.984958217270195
0.9243680208261972,0.984958217270195
0.9244365280537097,0.984958217270195
0.9245050352812222,0.984958217270195
0.9245735425087347,0.984958217270195
0.9246420497362472,0.984958217270195
0.9247105569637597,0.984958217270195
0.9247790641912722,0.984958217270195
0.9248475714187847,0.984958217270195
0.9249160786462972,0.984958217270195
0.9249845858738097,0.9855153203342618
0.9250530931013222,0.9855153203342618
0.9251216003288347,0.9855153203342618
0.9251901075563472,0.9855153203342618
0.9252586147838597,0.9855153203342618
0.9253271220113722,0.9855153203342618
0.9253956292388847,0.9855153203342618
0.9254641364663972,0.9855153203342618
0.9255326436939098,0.9855153203342618
0.9256011509214223,0.9855153203342618
0.9256696581489348,0.9855153203342618
0.9257381653764473,0.9855153203342618
0.9258066726039598,0.9855153203342618
0.9258751798314723,0.9855153203342618
0.9259436870589848,0.9855153203342618
0.9260121942864972,0.9855153203342618
0.9260807015140097,0.9855153203342618
0.9261492087415222,0.9855153203342618
0.9262177159690347,0.9855153203342618
0.9262862231965472,0.9855153203342618
0.9263547304240597,0.9855153203342618
0.9264232376515722,0.9855153203342618
0.9264917448790847,0.9855153203342618
0.9265602521065972,0.9855153203342618
0.9266287593341097,0.9855153203342618
0.9266972665616222,0.9855153203342618
0.9267657737891347,0.9855153203342618
0.9268342810166472,0.9855153203342618
0.9269027882441597,0.9855153203342618
0.9269712954716722,0.9855153203342618
0.9270398026991847,0.9855153203342618
0.9271083099266972,0.9860724233983287
0.9271768171542097,0.9860724233983287
0.9272453243817222,0.9860724233983287
0.9273138316092348,0.9860724233983287
0.9273823388367473,0.9860724233983287
0.9274508460642598,0.9860724233983287
0.9275193532917723,0.9860724233983287
0.9275878605192848,0.9860724233983287
0.9276563677467973,0.9860724233983287
0.9277248749743098,0.9860724233983287
0.9277933822018223,0.9860724233983287
0.9278618894293348,0.9860724233983287
0.9279303966568473,0.9860724233983287
0.9279989038843598,0.9860724233983287
0.9280674111118723,0.9860724233983287
0.9281359183393848,0.9860724233983287
0.9282044255668973,0.9860724233983287
0.9282729327944098,0.9860724233983287
0.9283414400219223,0.9860724233983287
0.9284099472494348,0.9860724233983287
0.9284784544769473,0.9860724233983287
0.9285469617044598,0.9860724233983287
0.9286154689319723,0.9860724233983287
0.9286839761594848,0.9860724233983287
0.9287524833869973,0.9860724233983287
0.9288209906145098,0.9860724233983287
0.9288894978420223,0.9860724233983287
0.9289580050695349,0.9860724233983287
0.9290265122970474,0.9860724233983287
0.9290950195245599,0.9860724233983287
0.9291635267520724,0.9860724233983287
0.9292320339795849,0.9860724233983287
0.9293005412070974,0.9860724233983287
0.9293690484346099,0.9860724233983287
0.9294375556621224,0.9860724233983287
0.9295060628896349,0.9860724233983287
0.9295745701171474,0.9860724233983287
0.9296430773446599,0.9860724233983287
0.9297115845721724,0.9860724233983287
0.9297800917996849,0.9860724233983287
0.9298485990271974,0.9866295264623955
0.9299171062547099,0.9866295264623955
0.9299856134822224,0.9866295264623955
0.9300541207097349,0.9866295264623955
0.9301226279372474,0.9866295264623955
0.9301911351647599,0.9866295264623955
0.9302596423922724,0.9866295264623955
0.9303281496197849,0.9866295264623955
0.9303966568472974,0.9866295264623955
0.93046516407481,0.9866295264623955
0.9305336713023223,0.9871866295264624
0.9306021785298348,0.9871866295264624
0.9306706857573473,0.9871866295264624
0.9307391929848599,0.9871866295264624
0.9308077002123724,0.9871866295264624
0.9308762074398849,0.9871866295264624
0.9309447146673974,0.9871866295264624
0.9310132218949099,0.9871866295264624
0.9310817291224224,0.9871866295264624
0.9311502363499349,0.9877437325905293
0.9312187435774474,0.9877437325905293
0.9312872508049599,0.9877437325905293
0.9313557580324724,0.9877437325905293
0.9314242652599849,0.9877437325905293
0.9314927724874974,0.9877437325905293
0.9315612797150099,0.9877437325905293
0.9316297869425224,0.9877437325905293
0.9316982941700349,0.9877437325905293
0.9317668013975474,0.9877437325905293
0.9318353086250599,0.9877437325905293
0.9319038158525724,0.9877437325905293
0.9319723230800849,0.9877437325905293
0.9320408303075974,0.9877437325905293
0.9321093375351099,0.9877437325905293
0.9321778447626224,0.9877437325905293
0.932246351990135,0.9877437325905293
0.9323148592176475,0.9877437325905293
0.93238336644516,0.9877437325905293
0.9324518736726725,0.9877437325905293
0.932520380900185,0.9877437325905293
0.9325888881276975,0.9877437325905293
0.93265739535521,0.9877437325905293
0.9327259025827225,0.9877437325905293
0.932794409810235,0.9877437325905293
0.9328629170377475,0.9877437325905293
0.93293142426526,0.9877437325905293
0.9329999314927725,0.9877437325905293
0.933068438720285,0.9877437325905293
0.9331369459477975,0.9877437325905293
0.93320545317531,0.9877437325905293
0.9332739604028225,0.9877437325905293
0.933342467630335,0.9877437325905293
0.9334109748578475,0.9877437325905293
0.93347948208536,0.9877437325905293
0.9335479893128725,0.9877437325905293
0.933616496540385,0.9877437325905293
0.9336850037678975,0.9877437325905293
0.93375351099541,0.9877437325905293
0.9338220182229225,0.9877437325905293
0.933890525450435,0.9877437325905293
0.9339590326779476,0.9877437325905293
0.9340275399054601,0.9877437325905293
0.9340960471329726,0.9877437325905293
0.9341645543604851,0.9877437325905293
0.9342330615879976,0.9877437325905293
0.9343015688155101,0.9877437325905293
0.9343700760430226,0.9877437325905293
0.9344385832705351,0.9877437325905293
0.9345070904980476,0.9877437325905293
0.9345755977255601,0.9877437325905293
0.9346441049530726,0.9877437325905293
0.9347126121805851,0.9877437325905293
0.9347811194080976,0.9877437325905293
0.9348496266356101,0.9877437325905293
0.9349181338631226,0.9877437325905293
0.934986641090635,0.9883008356545961
0.9350551483181475,0.9883008356545961
0.93512365554566,0.9883008356545961
0.9351921627731725,0.9883008356545961
0.935260670000685,0.9883008356545961
0.9353291772281975,0.9883008356545961
0.93539768445571,0.9883008356545961
0.9354661916832225,0.9883008356545961
0.935534698910735,0.9883008356545961
0.9356032061382475,0.9883008356545961
0.93567171336576,0.9883008356545961
0.9357402205932726,0.9883008356545961
0.9358087278207851,0.9883008356545961
0.9358772350482976,0.9883008356545961
0.9359457422758101,0.9883008356545961
0.9360142495033226,0.9883008356545961
0.9360827567308351,0.9883008356545961
0.9361512639583476,0.9883008356545961
0.9362197711858601,0.9883008356545961
0.9362882784133726,0.9883008356545961
0.9363567856408851,0.9883008356545961
0.9364252928683976,0.9883008356545961
0.9364938000959101,0.9883008356545961
0.9365623073234226,0.9883008356545961
0.9366308145509351,0.9883008356545961
0.9366993217784476,0.9883008356545961
0.9367678290059601,0.9883008356545961
0.9368363362334726,0.9883008356545961
0.9369048434609851,0.9883008356545961
0.9369733506884976,0.9883008356545961
0.9370418579160101,0.9883008356545961
0.9371103651435226,0.9883008356545961
0.9371788723710351,0.9888579387186629
0.9372473795985476,0.9888579387186629
0.9373158868260602,0.9888579387186629
0.9373843940535727,0.9888579387186629
0.9374529012810852,0.9888579387186629
0.9375214085085977,0.9888579387186629
0.9375899157361102,0.9888579387186629
0.9376584229636227,0.9888579387186629
0.9377269301911352,0.9888579387186629
0.9377954374186477,0.9888579387186629
0.9378639446461602,0.9888579387186629
0.9379324518736727,0.9888579387186629
0.9380009591011852,0.9888579387186629
0.9380694663286977,0.9888579387186629
0.9381379735562102,0.9888579387186629
0.9382064807837227,0.9888579387186629
0.9382749880112352,0.9888579387186629
0.9383434952387477,0.9888579387186629
0.9384120024662602,0.9888579387186629
0.9384805096937727,0.9888579387186629
0.9385490169212852,0.9888579387186629
0.9386175241487977,0.9888579387186629
0.9386860313763102,0.9888579387186629
0.9387545386038227,0.9888579387186629
0.9388230458313352,0.9888579387186629
0.9388915530588477,0.9888579387186629
0.9389600602863603,0.9888579387186629
0.9390285675138728,0.9888579387186629
0.9390970747413853,0.9888579387186629
0.9391655819688978,0.9888579387186629
0.9392340891964103,0.9888579387186629
0.9393025964239228,0.9888579387186629
0.9393711036514353,0.9888579387186629
0.9394396108789478,0.9888579387186629
0.9395081181064602,0.9888579387186629
0.9395766253339727,0.9888579387186629
0.9396451325614852,0.9888579387186629
0.9397136397889977,0.9888579387186629
0.9397821470165102,0.9888579387186629
0.9398506542440227,0.9888579387186629
0.9399191614715352,0.9888579387186629
0.9399876686990477,0.9888579387186629
0.9400561759265602,0.9888579387186629
0.9401246831540727,0.9888579387186629
0.9401931903815852,0.9888579387186629
0.9402616976090977,0.9888579387186629
0.9403302048366102,0.9888579387186629
0.9403987120641227,0.9888579387186629
0.9404672192916352,0.9888579387186629
0.9405357265191477,0.9888579387186629
0.9406042337466602,0.9888579387186629
0.9406727409741727,0.9888579387186629
0.9407412482016853,0.9888579387186629
0.9408097554291978,0.9888579387186629
0.9408782626567103,0.9888579387186629
0.9409467698842228,0.9888579387186629
0.9410152771117353,0.9888579387186629
0.9410837843392478,0.9888579387186629
0.9411522915667603,0.9888579387186629
0.9412207987942728,0.9888579387186629
0.9412893060217853,0.9888579387186629
0.9413578132492978,0.9888579387186629
0.9414263204768103,0.9888579387186629
0.9414948277043228,0.9888579387186629
0.9415633349318353,0.9888579387186629
0.9416318421593478,0.9888579387186629
0.9417003493868603,0.9888579387186629
0.9417688566143728,0.9888579387186629
0.9418373638418853,0.9888579387186629
0.9419058710693978,0.9888579387186629
0.9419743782969103,0.9888579387186629
0.9420428855244228,0.9888579387186629
0.9421113927519353,0.9888579387186629
0.9421798999794478,0.9894150417827298
0.9422484072069603,0.9894150417827298
0.9423169144344729,0.9894150417827298
0.9423854216619854,0.9894150417827298
0.9424539288894979,0.9894150417827298
0.9425224361170104,0.9894150417827298
0.9425909433445229,0.9894150417827298
0.9426594505720354,0.9894150417827298
0.9427279577995479,0.9894150417827298
0.9427964650270604,0.9894150417827298
0.9428649722545729,0.9894150417827298
0.9429334794820854,0.9894150417827298
0.9430019867095979,0.9894150417827298
0.9430704939371104,0.9894150417827298
0.9431390011646229,0.9894150417827298
0.9432075083921354,0.9894150417827298
0.9432760156196479,0.9894150417827298
0.9433445228471604,0.9894150417827298
0.9434130300746729,0.9894150417827298
0.9434815373021854,0.9894150417827298
0.9435500445296979,0.9894150417827298
0.9436185517572104,0.9894150417827298
0.9436870589847229,0.9894150417827298
0.9437555662122354,0.9894150417827298
0.943824073439748,0.9894150417827298
0.9438925806672605,0.9894150417827298
0.9439610878947728,0.9894150417827298
0.9440295951222853,0.9894150417827298
0.9440981023497979,0.9894150417827298
0.9441666095773104,0.9894150417827298
0.9442351168048229,0.9899721448467966
0.9443036240323354,0.9899721448467966
0.9443721312598479,0.9899721448467966
0.9444406384873604,0.9899721448467966
0.9445091457148729,0.9899721448467966
0.9445776529423854,0.9899721448467966
0.9446461601698979,0.9899721448467966
0.9447146673974104,0.9899721448467966
0.9447831746249229,0.9899721448467966
0.9448516818524354,0.9899721448467966
0.9449201890799479,0.9899721448467966
0.9449886963074604,0.9899721448467966
0.9450572035349729,0.9899721448467966
0.9451257107624854,0.9899721448467966
0.9451942179899979,0.9899721448467966
0.9452627252175104,0.9899721448467966
0.9453312324450229,0.9899721448467966
0.9453997396725354,0.9899721448467966
0.9454682469000479,0.9899721448467966
0.9455367541275604,0.9899721448467966
0.945605261355073,0.9899721448467966
0.9456737685825855,0.9899721448467966
0.945742275810098,0.9905292479108635
0.9458107830376105,0.9905292479108635
0.945879290265123,0.9905292479108635
0.9459477974926355,0.9905292479108635
0.946016304720148,0.9905292479108635
0.9460848119476605,0.9905292479108635
0.946153319175173,0.9905292479108635
0.9462218264026855,0.9905292479108635
0.946290333630198,0.9905292479108635
0.9463588408577105,0.9905292479108635
0.946427348085223,0.9905292479108635
0.9464958553127355,0.9905292479108635
0.946564362540248,0.9905292479108635
0.9466328697677605,0.9905292479108635
0.946701376995273,0.9905292479108635
0.9467698842227855,0.9905292479108635
0.946838391450298,0.9905292479108635
0.9469068986778105,0.9905292479108635
0.946975405905323,0.9905292479108635
0.9470439131328355,0.9905292479108635
0.947112420360348,0.9905292479108635
0.9471809275878605,0.9905292479108635
0.947249434815373,0.9905292479108635
0.9473179420428856,0.9905292479108635
0.9473864492703981,0.9905292479108635
0.9474549564979106,0.9905292479108635
0.9475234637254231,0.9905292479108635
0.9475919709529356,0.9905292479108635
0.9476604781804481,0.9905292479108635
0.9477289854079606,0.9905292479108635
0.9477974926354731,0.9905292479108635
0.9478659998629856,0.9905292479108635
0.9479345070904981,0.9905292479108635
0.9480030143180106,0.9905292479108635
0.9480715215455231,0.9905292479108635
0.9481400287730356,0.9905292479108635
0.9482085360005481,0.9905292479108635
0.9482770432280606,0.9905292479108635
0.9483455504555731,0.9905292479108635
0.9484140576830856,0.9905292479108635
0.948482564910598,0.9905292479108635
0.9485510721381105,0.9905292479108635
0.948619579365623,0.9905292479108635
0.9486880865931355,0.9905292479108635
0.948756593820648,0.9905292479108635
0.9488251010481605,0.9905292479108635
0.948893608275673,0.9905292479108635
0.9489621155031855,0.9905292479108635
0.949030622730698,0.9905292479108635
0.9490991299582106,0.9905292479108635
0.9491676371857231,0.9905292479108635
0.9492361444132356,0.9905292479108635
0.9493046516407481,0.9905292479108635
0.9493731588682606,0.9905292479108635
0.9494416660957731,0.9905292479108635
0.9495101733232856,0.9905292479108635
0.9495786805507981,0.9905292479108635
0.9496471877783106,0.9905292479108635
0.9497156950058231,0.9905292479108635
0.9497842022333356,0.9905292479108635
0.9498527094608481,0.9905292479108635
0.9499212166883606,0.9905292479108635
0.9499897239158731,0.9905292479108635
0.9500582311433856,0.9905292479108635
0.9501267383708981,0.9905292479108635
0.9501952455984106,0.9905292479108635
0.9502637528259231,0.9905292479108635
0.9503322600534356,0.9910863509749304
0.9504007672809481,0.9910863509749304
0.9504692745084606,0.9910863509749304
0.9505377817359731,0.9910863509749304
0.9506062889634856,0.9910863509749304
0.9506747961909982,0.9910863509749304
0.9507433034185107,0.9910863509749304
0.9508118106460232,0.9910863509749304
0.9508803178735357,0.9910863509749304
0.9509488251010482,0.9910863509749304
0.9510173323285607,0.9910863509749304
0.9510858395560732,0.9910863509749304
0.9511543467835857,0.9910863509749304
0.9512228540110982,0.9910863509749304
0.9512913612386107,0.9910863509749304
0.9513598684661232,0.9910863509749304
0.9514283756936357,0.9910863509749304
0.9514968829211482,0.9910863509749304
0.9515653901486607,0.9910863509749304
0.9516338973761732,0.9910863509749304
0.9517024046036857,0.9910863509749304
0.9517709118311982,0.9910863509749304
0.9518394190587107,0.9910863509749304
0.9519079262862232,0.9910863509749304
0.9519764335137357,0.9910863509749304
0.9520449407412482,0.9916434540389972
0.9521134479687607,0.9916434540389972
0.9521819551962732,0.9916434540389972
0.9522504624237857,0.9916434540389972
0.9523189696512983,0.9916434540389972
0.9523874768788108,0.9916434540389972
0.9524559841063233,0.9916434540389972
0.9525244913338358,0.9916434540389972
0.9525929985613483,0.9916434540389972
0.9526615057888608,0.9916434540389972
0.9527300130163733,0.9916434540389972
0.9527985202438858,0.9916434540389972
0.9528670274713983,0.9916434540389972
0.9529355346989107,0.9916434540389972
0.9530040419264232,0.9916434540389972
0.9530725491539357,0.9916434540389972
0.9531410563814482,0.9916434540389972
0.9532095636089607,0.9916434540389972
0.9532780708364732,0.9916434540389972
0.9533465780639857,0.9916434540389972
0.9534150852914982,0.9916434540389972
0.9534835925190107,0.9916434540389972
0.9535520997465232,0.9916434540389972
0.9536206069740357,0.9916434540389972
0.9536891142015482,0.9916434540389972
0.9537576214290607,0.9916434540389972
0.9538261286565732,0.9916434540389972
0.9538946358840857,0.9916434540389972
0.9539631431115982,0.9916434540389972
0.9540316503391107,0.9916434540389972
0.9541001575666233,0.9916434540389972
0.9541686647941358,0.9916434540389972
0.9542371720216483,0.9916434540389972
0.9543056792491608,0.9916434540389972
0.9543741864766733,0.9916434540389972
0.9544426937041858,0.9916434540389972
0.9545112009316983,0.9916434540389972
0.9545797081592108,0.9916434540389972
0.9546482153867233,0.9916434540389972
0.9547167226142358,0.9916434540389972
0.9547852298417483,0.9922005571030641
0.9548537370692608,0.9922005571030641
0.9549222442967733,0.9922005571030641
0.9549907515242858,0.9922005571030641
0.9550592587517983,0.9922005571030641
0.9551277659793108,0.9922005571030641
0.9551962732068233,0.9922005571030641
0.9552647804343358,0.9922005571030641
0.9553332876618483,0.9922005571030641
0.9554017948893608,0.9922005571030641
0.9554703021168733,0.9922005571030641
0.9555388093443858,0.9922005571030641
0.9556073165718983,0.9922005571030641
0.9556758237994109,0.9922005571030641
0.9557443310269234,0.9922005571030641
0.9558128382544359,0.9922005571030641
0.9558813454819484,0.9922005571030641
0.9559498527094609,0.9922005571030641
0.9560183599369734,0.9922005571030641
0.9560868671644859,0.9922005571030641
0.9561553743919984,0.9922005571030641
0.9562238816195109,0.9922005571030641
0.9562923888470234,0.9922005571030641
0.9563608960745359,0.9922005571030641
0.9564294033020484,0.9922005571030641
0.9564979105295609,0.9922005571030641
0.9565664177570734,0.992757660167131
0.9566349249845859,0.992757660167131
0.9567034322120984,0.992757660167131
0.9567719394396109,0.992757660167131
0.9568404466671234,0.992757660167131
0.9569089538946359,0.992757660167131
0.9569774611221484,0.992757660167131
0.9570459683496609,0.992757660167131
0.9571144755771734,0.992757660167131
0.957182982804686,0.992757660167131
0.9572514900321984,0.992757660167131
0.957319997259711,0.992757660167131
0.9573885044872235,0.992757660167131
0.9574570117147359,0.992757660167131
0.9575255189422484,0.992757660167131
0.9575940261697609,0.992757660167131
0.9576625333972734,0.992757660167131
0.9577310406247859,0.992757660167131
0.9577995478522984,0.992757660167131
0.9578680550798109,0.992757660167131
0.9579365623073234,0.992757660167131
0.9580050695348359,0.992757660167131
0.9580735767623484,0.992757660167131
0.9581420839898609,0.9933147632311977
0.9582105912173734,0.9933147632311977
0.9582790984448859,0.9933147632311977
0.9583476056723984,0.9933147632311977
0.9584161128999109,0.9933147632311977
0.9584846201274234,0.9938718662952646
0.9585531273549359,0.9938718662952646
0.9586216345824484,0.9944289693593314
0.9586901418099609,0.9944289693593314
0.9587586490374734,0.9944289693593314
0.9588271562649859,0.9944289693593314
0.9588956634924984,0.9944289693593314
0.9589641707200109,0.9944289693593314
0.9590326779475234,0.9944289693593314
0.959101185175036,0.9944289693593314
0.9591696924025485,0.9944289693593314
0.959238199630061,0.9944289693593314
0.9593067068575735,0.9944289693593314
0.959375214085086,0.9944289693593314
0.9594437213125985,0.9944289693593314
0.959512228540111,0.9944289693593314
0.9595807357676235,0.9944289693593314
0.959649242995136,0.9944289693593314
0.9597177502226485,0.9944289693593314
0.959786257450161,0.9944289693593314
0.9598547646776735,0.9944289693593314
0.959923271905186,0.9944289693593314
0.9599917791326985,0.9944289693593314
0.960060286360211,0.9944289693593314
0.9601287935877235,0.9944289693593314
0.960197300815236,0.9944289693593314
0.9602658080427485,0.9944289693593314
0.960334315270261,0.9944289693593314
0.9604028224977735,0.9944289693593314
0.960471329725286,0.9944289693593314
0.9605398369527985,0.9944289693593314
0.960608344180311,0.9944289693593314
0.9606768514078236,0.9944289693593314
0.960745358635336,0.9944289693593314
0.9608138658628486,0.9944289693593314
0.9608823730903611,0.9944289693593314
0.9609508803178736,0.9944289693593314
0.9610193875453861,0.9944289693593314
0.9610878947728986,0.9944289693593314
0.9611564020004111,0.9944289693593314
0.9612249092279236,0.9944289693593314
0.9612934164554361,0.9944289693593314
0.9613619236829486,0.9944289693593314
0.9614304309104611,0.9944289693593314
0.9614989381379736,0.9944289693593314
0.9615674453654861,0.9944289693593314
0.9616359525929986,0.9944289693593314
0.9617044598205111,0.9944289693593314
0.9617729670480236,0.9944289693593314
0.9618414742755361,0.9944289693593314
0.9619099815030485,0.9944289693593314
0.961978488730561,0.9944289693593314
0.9620469959580735,0.9944289693593314
0.962115503185586,0.9944289693593314
0.9621840104130985,0.9944289693593314
0.962252517640611,0.9949860724233983
0.9623210248681235,0.9949860724233983
0.962389532095636,0.9949860724233983
0.9624580393231486,0.9949860724233983
0.962526546550661,0.9949860724233983
0.9625950537781736,0.9949860724233983
0.9626635610056861,0.9949860724233983
0.9627320682331986,0.9949860724233983
0.9628005754607111,0.9949860724233983
0.9628690826882236,0.9949860724233983
0.9629375899157361,0.9949860724233983
0.9630060971432486,0.9949860724233983
0.9630746043707611,0.9949860724233983
0.9631431115982736,0.9949860724233983
0.9632116188257861,0.9949860724233983
0.9632801260532986,0.9949860724233983
0.9633486332808111,0.9949860724233983
0.9634171405083236,0.9949860724233983
0.9634856477358361,0.9949860724233983
0.9635541549633486,0.9949860724233983
0.9636226621908611,0.9949860724233983
0.9636911694183736,0.9949860724233983
0.9637596766458861,0.9949860724233983
0.9638281838733986,0.9949860724233983
0.9638966911009111,0.9949860724233983
0.9639651983284236,0.9949860724233983
0.9640337055559361,0.9949860724233983
0.9641022127834487,0.9949860724233983
0.9641707200109612,0.9949860724233983
0.9642392272384737,0.9955431754874652
0.9643077344659862,0.9955431754874652
0.9643762416934987,0.9955431754874652
0.9644447489210112,0.9955431754874652
0.9645132561485237,0.9955431754874652
0.9645817633760362,0.9955431754874652
0.9646502706035487,0.9955431754874652
0.9647187778310612,0.9955431754874652
0.9647872850585737,0.9955431754874652
0.9648557922860862,0.9955431754874652
0.9649242995135987,0.9955431754874652
0.9649928067411112,0.9955431754874652
0.9650613139686237,0.9955431754874652
0.9651298211961362,0.9955431754874652
0.9651983284236487,0.9955431754874652
0.9652668356511612,0.9955431754874652
0.9653353428786737,0.9955431754874652
0.9654038501061862,0.9955431754874652
0.9654723573336987,0.9955431754874652
0.9655408645612112,0.9955431754874652
0.9656093717887237,0.9955431754874652
0.9656778790162363,0.9955431754874652
0.9657463862437488,0.9955431754874652
0.9658148934712613,0.9955431754874652
0.9658834006987738,0.9955431754874652
0.9659519079262863,0.9955431754874652
0.9660204151537988,0.9955431754874652
0.9660889223813113,0.9955431754874652
0.9661574296088238,0.9955431754874652
0.9662259368363363,0.9955431754874652
0.9662944440638488,0.9955431754874652
0.9663629512913613,0.9955431754874652
0.9664314585188737,0.9955431754874652
0.9664999657463862,0.9955431754874652
0.9665684729738987,0.9955431754874652
0.9666369802014112,0.9955431754874652
0.9667054874289237,0.9955431754874652
0.9667739946564362,0.9955431754874652
0.9668425018839487,0.9955431754874652
0.9669110091114612,0.9955431754874652
0.9669795163389737,0.9955431754874652
0.9670480235664862,0.9955431754874652
0.9671165307939987,0.9955431754874652
0.9671850380215112,0.9955431754874652
0.9672535452490237,0.9955431754874652
0.9673220524765362,0.9955431754874652
0.9673905597040487,0.9955431754874652
0.9674590669315613,0.9955431754874652
0.9675275741590738,0.9955431754874652
0.9675960813865863,0.9955431754874652
0.9676645886140988,0.9955431754874652
0.9677330958416113,0.9955431754874652
0.9678016030691238,0.9955431754874652
0.9678701102966363,0.9955431754874652
0.9679386175241488,0.9955431754874652
0.9680071247516613,0.9955431754874652
0.9680756319791738,0.9955431754874652
0.9681441392066863,0.9955431754874652
0.9682126464341988,0.9955431754874652
0.9682811536617113,0.9955431754874652
0.9683496608892238,0.9955431754874652
0.9684181681167363,0.9955431754874652
0.9684866753442488,0.996100278551532
0.9685551825717613,0.996100278551532
0.9686236897992738,0.996100278551532
0.9686921970267863,0.996100278551532
0.9687607042542988,0.996100278551532
0.9688292114818113,0.996100278551532
0.9688977187093238,0.996100278551532
0.9689662259368363,0.996100278551532
0.9690347331643488,0.996100278551532
0.9691032403918614,0.996100278551532
0.9691717476193739,0.996100278551532
0.9692402548468864,0.996100278551532
0.9693087620743989,0.996100278551532
0.9693772693019114,0.996100278551532
0.9694457765294239,0.996100278551532
0.9695142837569364,0.996100278551532
0.9695827909844489,0.996100278551532
0.9696512982119614,0.9966573816155989
0.9697198054394739,0.9966573816155989
0.9697883126669864,0.9966573816155989
0.9698568198944989,0.9966573816155989
0.9699253271220114,0.9966573816155989
0.9699938343495239,0.9966573816155989
0.9700623415770364,0.9966573816155989
0.9701308488045489,0.9966573816155989
0.9701993560320614,0.9966573816155989
0.9702678632595739,0.9966573816155989
0.9703363704870864,0.9966573816155989
0.9704048777145989,0.9966573816155989
0.9704733849421114,0.9966573816155989
0.9705418921696239,0.9966573816155989
0.9706103993971364,0.9966573816155989
0.970678906624649,0.9966573816155989
0.9707474138521615,0.9966573816155989
0.970815921079674,0.9966573816155989
0.9708844283071864,0.9966573816155989
0.9709529355346989,0.9966573816155989
0.9710214427622114,0.9966573816155989
0.9710899499897239,0.9966573816155989
0.9711584572172364,0.9972144846796658
0.9712269644447489,0.9972144846796658
0.9712954716722614,0.9972144846796658
0.9713639788997739,0.9972144846796658
0.9714324861272864,0.9972144846796658
0.9715009933547989,0.9972144846796658
0.9715695005823114,0.9972144846796658
0.9716380078098239,0.9972144846796658
0.9717065150373364,0.9972144846796658
0.9717750222648489,0.9972144846796658
0.9718435294923614,0.9972144846796658
0.9719120367198739,0.9972144846796658
0.9719805439473864,0.9972144846796658
0.9720490511748989,0.9972144846796658
0.9721175584024114,0.9972144846796658
0.9721860656299239,0.9972144846796658
0.9722545728574364,0.9972144846796658
0.9723230800849489,0.9977715877437325
0.9723915873124614,0.9977715877437325
0.972460094539974,0.9977715877437325
0.9725286017674865,0.9977715877437325
0.972597108994999,0.9977715877437325
0.9726656162225115,0.9977715877437325
0.972734123450024,0.9977715877437325
0.9728026306775365,0.9977715877437325
0.972871137905049,0.9977715877437325
0.9729396451325615,0.9977715877437325
0.973008152360074,0.9977715877437325
0.9730766595875865,0.9977715877437325
0.973145166815099,0.9977715877437325
0.9732136740426115,0.9977715877437325
0.973282181270124,0.9977715877437325
0.9733506884976365,0.9977715877437325
0.973419195725149,0.9977715877437325
0.9734877029526615,0.9977715877437325
0.973556210180174,0.9977715877437325
0.9736247174076865,0.9977715877437325
0.973693224635199,0.9977715877437325
0.9737617318627115,0.9977715877437325
0.973830239090224,0.9977715877437325
0.9738987463177365,0.9977715877437325
0.973967253545249,0.9977715877437325
0.9740357607727615,0.9977715877437325
0.974104268000274,0.9977715877437325
0.9741727752277866,0.9977715877437325
0.9742412824552991,0.9977715877437325
0.9743097896828116,0.9977715877437325
0.9743782969103241,0.9977715877437325
0.9744468041378366,0.9977715877437325
0.9745153113653491,0.9977715877437325
0.9745838185928616,0.9977715877437325
0.9746523258203741,0.9977715877437325
0.9747208330478866,0.9977715877437325
0.9747893402753991,0.9977715877437325
0.9748578475029116,0.9977715877437325
0.9749263547304241,0.9977715877437325
0.9749948619579366,0.9977715877437325
0.9750633691854491,0.9977715877437325
0.9751318764129616,0.9977715877437325
0.9752003836404741,0.9977715877437325
0.9752688908679866,0.9977715877437325
0.975337398095499,0.9977715877437325
0.9754059053230115,0.9977715877437325
0.975474412550524,0.9977715877437325
0.9755429197780365,0.9977715877437325
0.975611427005549,0.9977715877437325
0.9756799342330615,0.9977715877437325
0.975748441460574,0.9977715877437325
0.9758169486880865,0.9977715877437325
0.975885455915599,0.9977715877437325
0.9759539631431116,0.9977715877437325
0.9760224703706241,0.9977715877437325
0.9760909775981366,0.9977715877437325
0.9761594848256491,0.9977715877437325
0.9762279920531616,0.9977715877437325
0.9762964992806741,0.9977715877437325
0.9763650065081866,0.9977715877437325
0.9764335137356991,0.9977715877437325
0.9765020209632116,0.9977715877437325
0.9765705281907241,0.9977715877437325
0.9766390354182366,0.9977715877437325
0.9767075426457491,0.9977715877437325
0.9767760498732616,0.9977715877437325
0.9768445571007741,0.9977715877437325
0.9769130643282866,0.9977715877437325
0.9769815715557991,0.9977715877437325
0.9770500787833116,0.9977715877437325
0.9771185860108241,0.9977715877437325
0.9771870932383366,0.9977715877437325
0.9772556004658491,0.9977715877437325
0.9773241076933616,0.9977715877437325
0.9773926149208741,0.9977715877437325
0.9774611221483867,0.9977715877437325
0.9775296293758992,0.9977715877437325
0.9775981366034117,0.9977715877437325
0.9776666438309242,0.9977715877437325
0.9777351510584367,0.9977715877437325
0.9778036582859492,0.9977715877437325
0.9778721655134617,0.9977715877437325
0.9779406727409742,0.9977715877437325
0.9780091799684867,0.9977715877437325
0.9780776871959992,0.9977715877437325
0.9781461944235117,0.9977715877437325
0.9782147016510242,0.9977715877437325
0.9782832088785367,0.9977715877437325
0.9783517161060492,0.9977715877437325
0.9784202233335617,0.9977715877437325
0.9784887305610742,0.9977715877437325
0.9785572377885867,0.9977715877437325
0.9786257450160992,0.9977715877437325
0.9786942522436117,0.9977715877437325
0.9787627594711242,0.9977715877437325
0.9788312666986367,0.9977715877437325
0.9788997739261492,0.9977715877437325
0.9789682811536617,0.9977715877437325
0.9790367883811742,0.9977715877437325
0.9791052956086868,0.9977715877437325
0.9791738028361993,0.9977715877437325
0.9792423100637118,0.9977715877437325
0.9793108172912243,0.9977715877437325
0.9793793245187368,0.9977715877437325
0.9794478317462493,0.9977715877437325
0.9795163389737618,0.9977715877437325
0.9795848462012743,0.9977715877437325
0.9796533534287868,0.9977715877437325
0.9797218606562993,0.9977715877437325
0.9797903678838118,0.9977715877437325
0.9798588751113242,0.9977715877437325
0.9799273823388367,0.9977715877437325
0.9799958895663492,0.9977715877437325
0.9800643967938617,0.9977715877437325
0.9801329040213742,0.9977715877437325
0.9802014112488867,0.9977715877437325
0.9802699184763992,0.9977715877437325
0.9803384257039117,0.9977715877437325
0.9804069329314242,0.9977715877437325
0.9804754401589367,0.9977715877437325
0.9805439473864492,0.9977715877437325
0.9806124546139617,0.9977715877437325
0.9806809618414742,0.9977715877437325
0.9807494690689867,0.9977715877437325
0.9808179762964992,0.9977715877437325
0.9808864835240118,0.9977715877437325
0.9809549907515243,0.9977715877437325
0.9810234979790368,0.9977715877437325
0.9810920052065493,0.9977715877437325
0.9811605124340618,0.9977715877437325
0.9812290196615743,0.9977715877437325
0.9812975268890868,0.9977715877437325
0.9813660341165993,0.9977715877437325
0.9814345413441118,0.9977715877437325
0.9815030485716243,0.9977715877437325
0.9815715557991368,0.9977715877437325
0.9816400630266493,0.9977715877437325
0.9817085702541618,0.9977715877437325
0.9817770774816743,0.9977715877437325
0.9818455847091868,0.9977715877437325
0.9819140919366993,0.9977715877437325
0.9819825991642118,0.9977715877437325
0.9820511063917243,0.9977715877437325
0.9821196136192368,0.9977715877437325
0.9821881208467493,0.9977715877437325
0.9822566280742618,0.9977715877437325
0.9823251353017743,0.9977715877437325
0.9823936425292868,0.9977715877437325
0.9824621497567994,0.9977715877437325
0.9825306569843119,0.9977715877437325
0.9825991642118244,0.9977715877437325
0.9826676714393369,0.9977715877437325
0.9827361786668494,0.9977715877437325
0.9828046858943619,0.9983286908077994
0.9828731931218744,0.9983286908077994
0.9829417003493869,0.9983286908077994
0.9830102075768994,0.9983286908077994
0.9830787148044119,0.9983286908077994
0.9831472220319244,0.9983286908077994
0.9832157292594369,0.9983286908077994
0.9832842364869494,0.9983286908077994
0.9833527437144619,0.9983286908077994
0.9834212509419744,0.9983286908077994
0.9834897581694869,0.9983286908077994
0.9835582653969994,0.9983286908077994
0.9836267726245119,0.9983286908077994
0.9836952798520244,0.9983286908077994
0.9837637870795369,0.9983286908077994
0.9838322943070494,0.9983286908077994
0.9839008015345619,0.9983286908077994
0.9839693087620744,0.9983286908077994
0.984037815989587,0.9983286908077994
0.9841063232170995,0.9983286908077994
0.984174830444612,0.9983286908077994
0.9842433376721245,0.9983286908077994
0.9843118448996369,0.9983286908077994
0.9843803521271494,0.9983286908077994
0.9844488593546619,0.9988857938718663
0.9845173665821744,0.9988857938718663
0.9845858738096869,0.9994428969359331
0.9846543810371994,0.9994428969359331
0.9847228882647119,0.9994428969359331
0.9847913954922244,0.9994428969359331
0.9848599027197369,0.9994428969359331
0.9849284099472494,0.9994428969359331
0.9849969171747619,0.9994428969359331
0.9850654244022744,0.9994428969359331
0.9851339316297869,0.9994428969359331
0.9852024388572994,0.9994428969359331
0.9852709460848119,0.9994428969359331
0.9853394533123244,0.9994428969359331
0.9854079605398369,0.9994428969359331
0.9854764677673494,0.9994428969359331
0.9855449749948619,0.9994428969359331
0.9856134822223744,0.9994428969359331
0.9856819894498869,0.9994428969359331
0.9857504966773994,0.9994428969359331
0.985819003904912,0.9994428969359331
0.9858875111324245,0.9994428969359331
0.985956018359937,0.9994428969359331
0.9860245255874495,0.9994428969359331
0.986093032814962,0.9994428969359331
0.9861615400424745,0.9994428969359331
0.986230047269987,0.9994428969359331
0.9862985544974995,0.9994428969359331
0.986367061725012,0.9994428969359331
0.9864355689525245,0.9994428969359331
0.986504076180037,0.9994428969359331
0.9865725834075495,0.9994428969359331
0.986641090635062,0.9994428969359331
0.9867095978625745,0.9994428969359331
0.986778105090087,0.9994428969359331
0.9868466123175995,0.9994428969359331
0.986915119545112,0.9994428969359331
0.9869836267726245,0.9994428969359331
0.987052134000137,0.9994428969359331
0.9871206412276495,0.9994428969359331
0.987189148455162,0.9994428969359331
0.9872576556826745,0.9994428969359331
0.987326162910187,0.9994428969359331
0.9873946701376995,0.9994428969359331
0.987463177365212,0.9994428969359331
0.9875316845927246,0.9994428969359331
0.9876001918202371,0.9994428969359331
0.9876686990477496,0.9994428969359331
0.9877372062752621,0.9994428969359331
0.9878057135027746,0.9994428969359331
0.9878742207302871,0.9994428969359331
0.9879427279577996,0.9994428969359331
0.9880112351853121,0.9994428969359331
0.9880797424128246,0.9994428969359331
0.9881482496403371,0.9994428969359331
0.9882167568678496,0.9994428969359331
0.9882852640953621,0.9994428969359331
0.9883537713228746,0.9994428969359331
0.9884222785503871,0.9994428969359331
0.9884907857778996,0.9994428969359331
0.9885592930054121,0.9994428969359331
0.9886278002329246,0.9994428969359331
0.9886963074604371,0.9994428969359331
0.9887648146879496,0.9994428969359331
0.988833321915462,0.9994428969359331
0.9889018291429745,0.9994428969359331
0.988970336370487,1.0
0.9890388435979995,1.0
0.989107350825512,1.0
0.9891758580530245,1.0
0.989244365280537,1.0
0.9893128725080496,1.0
0.9893813797355621,1.0
0.9894498869630746,1.0
0.9895183941905871,1.0
0.9895869014180996,1.0
0.9896554086456121,1.0
0.9897239158731246,1.0
0.9897924231006371,1.0
0.9898609303281496,1.0
0.9899294375556621,1.0
0.9899979447831746,1.0
0.9900664520106871,1.0
0.9901349592381996,1.0
0.9902034664657121,1.0
0.9902719736932246,1.0
0.9903404809207371,1.0
0.9904089881482496,1.0
0.9904774953757621,1.0
0.9905460026032746,1.0
0.9906145098307871,1.0
0.9906830170582996,1.0
0.9907515242858121,1.0
0.9908200315133247,1.0
0.9908885387408372,1.0
0.9909570459683497,1.0
0.9910255531958622,1.0
0.9910940604233747,1.0
0.9911625676508872,1.0
0.9912310748783997,1.0
0.9912995821059122,1.0
0.9913680893334247,1.0
0.9914365965609372,1.0
0.9915051037884497,1.0
0.9915736110159622,1.0
0.9916421182434747,1.0
0.9917106254709872,1.0
0.9917791326984997,1.0
0.9918476399260122,1.0
0.9919161471535247,1.0
0.9919846543810372,1.0
0.9920531616085497,1.0
0.9921216688360622,1.0
0.9921901760635747,1.0
0.9922586832910872,1.0
0.9923271905185997,1.0
0.9923956977461122,1.0
0.9924642049736248,1.0
0.9925327122011373,1.0
0.9926012194286498,1.0
0.9926697266561623,1.0
0.9927382338836748,1.0
0.9928067411111873,1.0
0.9928752483386998,1.0
0.9929437555662123,1.0
0.9930122627937248,1.0
0.9930807700212373,1.0
0.9931492772487498,1.0
0.9932177844762623,1.0
0.9932862917037747,1.0
0.9933547989312872,1.0
0.9934233061587997,1.0
0.9934918133863122,1.0
0.9935603206138247,1.0
0.9936288278413372,1.0
0.9936973350688497,1.0
0.9937658422963622,1.0
0.9938343495238747,1.0
0.9939028567513872,1.0
0.9939713639788997,1.0
0.9940398712064122,1.0
0.9941083784339247,1.0
0.9941768856614372,1.0
0.9942453928889498,1.0
0.9943139001164623,1.0
0.9943824073439748,1.0
0.9944509145714873,1.0
0.9945194217989998,1.0
0.9945879290265123,1.0
0.9946564362540248,1.0
0.9947249434815373,1.0
0.9947934507090498,1.0
0.9948619579365623,1.0
0.9949304651640748,1.0
0.9949989723915873,1.0
0.9950674796190998,1.0
0.9951359868466123,1.0
0.9952044940741248,1.0
0.9952730013016373,1.0
0.9953415085291498,1.0
0.9954100157566623,1.0
0.9954785229841748,1.0
0.9955470302116873,1.0
0.9956155374391998,1.0
0.9956840446667123,1.0
0.9957525518942248,1.0
0.9958210591217374,1.0
0.9958895663492499,1.0
0.9959580735767624,1.0
0.9960265808042749,1.0
0.9960950880317874,1.0
0.9961635952592999,1.0
0.9962321024868124,1.0
0.9963006097143249,1.0
0.9963691169418374,1.0
0.9964376241693499,1.0
0.9965061313968624,1.0
0.9965746386243749,1.0
0.9966431458518874,1.0
0.9967116530793999,1.0
0.9967801603069124,1.0
0.9968486675344249,1.0
0.9969171747619374,1.0
0.9969856819894499,1.0
0.9970541892169624,1.0
0.9971226964444749,1.0
0.9971912036719874,1.0
0.9972597108994999,1.0
0.9973282181270124,1.0
0.997396725354525,1.0
0.9974652325820375,1.0
0.99753373980955,1.0
0.9976022470370625,1.0
0.997670754264575,1.0
0.9977392614920875,1.0
0.9978077687195999,1.0
0.9978762759471124,1.0
0.9979447831746249,1.0
0.9980132904021374,1.0
0.9980817976296499,1.0
0.9981503048571624,1.0
0.9982188120846749,1.0
0.9982873193121874,1.0
0.9983558265396999,1.0
0.9984243337672124,1.0
0.9984928409947249,1.0
0.9985613482222374,1.0
0.9986298554497499,1.0
0.9986983626772624,1.0
0.9987668699047749,1.0
0.9988353771322874,1.0
0.9989038843597999,1.0
0.9989723915873124,1.0
0.9990408988148249,1.0
0.9991094060423374,1.0
0.99917791326985,1.0
0.9992464204973625,1.0
0.999314927724875,1.0
0.9993834349523875,1.0
0.9994519421799,1.0
0.9995204494074125,1.0
0.999588956634925,1.0
0.9996574638624375,1.0
0.99972597108995,1.0
0.9997944783174625,1.0
0.999862985544975,1.0
0.9999314927724875,1.0
1.0,1.0
