model_key,primary_metric,cv_folds,test_accuracy_mean,test_accuracy_std,test_precision_mean,test_precision_std,test_recall_mean,test_recall_std,test_f1_mean,test_f1_std,test_roc_auc_mean,test_roc_auc_std,fit_time_mean,score_time_mean
rf,f1,5,0.9886534518113466,0.00042406114150198774,0.9796249368256946,0.0009291349080129262,0.9980665950590764,0.00027201226984051974,0.988759471444296,0.0004143451295100812,0.9994374601495617,0.00014339874989585696,63.00696840286255,1.1627395153045654
dt,f1,5,0.9251342642320086,0.0017721197300303538,0.8707585876277314,0.002642707417693065,0.9984767112586661,0.00013245444747828286,0.9302523462480206,0.0015391287019000575,0.9251342642320086,0.0017721197300304007,11.45315442085266,0.36594505310058595
knn,f1,5,0.8251440289034274,0.0010378150770890483,0.7548625543277359,0.0010890169013906242,0.9630309540083977,0.0023715088206017363,0.8463320829938773,0.0009779281440852165,0.9077162557922852,0.0009124050515474324,1.322752332687378,234.48087162971495
svm,f1,5,0.4995020017576409,0.0003774269717818071,0.49974907601713847,0.0001909582686127635,0.9941216678058783,0.00377042780931184,0.6651312558840103,0.0010005841548368164,0.5600825343095284,0.06072594439105242,18.243640899658203,7.023308038711548
lr,f1,5,0.6634410702079875,0.0026036356979588487,0.6655059680143779,0.0037414397842778675,0.6573186212283957,0.007571644843992927,0.6613507438769931,0.0035010171821924408,0.7245532782011906,0.0022347449435072457,10.076349449157714,0.38431272506713865
