model_key,train_accuracy_mean,test_accuracy_mean,accuracy_gap,train_precision_mean,test_precision_mean,precision_gap,train_recall_mean,test_recall_mean,recall_gap,train_f1_mean,test_f1_mean,f1_gap,train_roc_auc_mean,test_roc_auc_mean,roc_auc_gap,f1_diagnosis
lr,0.6657015916414413,0.6634410702079875,0.002260521433453788,0.667737312449127,0.6655059680143779,0.0022313444347491496,0.6597012010545845,0.6573186212283957,0.0023825798261888353,0.6636784116888685,0.6613507438769931,0.0023276678118754335,0.7275962324291575,0.7245532782011906,0.0030429542279668542,sin brecha fuerte
dt,1.0,0.9251342642320086,0.07486573576799138,1.0,0.8707585876277314,0.1292414123722686,1.0,0.9984767112586661,0.0015232887413338947,1.0,0.9302523462480206,0.06974765375197944,1.0,0.9251342642320086,0.07486573576799138,brecha moderada
rf,1.0,0.9886534518113466,0.011346548188653438,1.0,0.9796249368256946,0.020375063174305375,1.0,0.9980665950590764,0.0019334049409236442,1.0,0.988759471444296,0.01124052855570401,1.0,0.9994374601495617,0.0005625398504383039,sin brecha fuerte
svm,0.49952641343618787,0.4995020017576409,2.4411678546942817e-05,0.4997609744247292,0.49974907601713847,1.1898407590749116e-05,0.9942095498486475,0.9941216678058783,8.788204276921618e-05,0.6651609237388847,0.6651312558840103,2.9667854874348976e-05,0.5653631868035418,0.5600825343095284,0.005280652494013438,sin brecha fuerte
